鉴瞒锅龋,包螟家内靛,包螟家疙,铰牢斥岿老矫盒,规幅矫累矫埃,立荐规幅樊,立荐老磊,厚绊
1,1017310,迫寸达,2010-07-16,2010-07-17 05:00,958,2010-07-16,檬扁规幅
2,1015310,没乞达,2010-07-16,2010-07-17 07:00,446,2010-07-16,檬扁规幅
3,1017310,迫寸达,2010-07-17,2010-07-17 05:00,958,2010-07-17,し 达惑幅 笼吝龋快肺 牢茄 规幅矫埃 函版(寸檬 7矫)
4,1015310,没乞达,2010-07-17,2010-07-17 05:00,446,2010-07-17,し 达惑幅 笼吝龋快肺 牢茄 规幅矫埃 函版(寸檬 7矫)
5,1017310,迫寸达,2010-07-17,2010-07-17 06:10,1125,2010-07-17,刘啊规幅
6,1015310,没乞达,2010-07-17,2010-07-17 06:10,418,2010-07-17,皑家规幅
7,1017310,迫寸达,2010-07-17,2010-07-17 07:20,1799,2010-07-17,674 cms 刘啊 规幅
8,1017310,迫寸达,2010-07-17,2010-07-17 11:50,2230,2010-07-17,刘啊规幅 776
9,1015310,没乞达,2010-07-17,2010-07-17 18:00,429,2010-07-17,
10,1017310,迫寸达,2010-07-17,2010-07-17 15:30,1969,2010-07-17,
11,1004310,鲍魂达,2010-07-17,2010-07-17 18:00,59,2010-07-17,
12,1017310,迫寸达,2010-07-17,2010-07-17 23:00,2844,2010-07-17,
13,1015310,没乞达,2010-07-17,2010-07-17 23:00,878,2010-07-17,
14,1004310,鲍魂达,2010-07-18,2010-07-18 03:00,62,2010-07-18,し 23cms 刘啊
15,1017310,迫寸达,2010-07-18,2010-07-18 04:00,2455,2010-07-18,-389cms 皑家
16,1015310,没乞达,2010-07-18,2010-07-18 11:00,765,2010-07-18,
17,1017310,迫寸达,2010-07-18,2010-07-18 11:00,2130,2010-07-18,
18,1017310,迫寸达,2010-07-18,2010-07-18 14:00,1625,2010-07-18,
19,1015310,没乞达,2010-07-18,2010-07-18 14:00,580,2010-07-18,
20,1004310,鲍魂达,2010-07-18,2010-07-18 17:00,38,2010-07-18,
21,1017310,迫寸达,2010-07-18,2010-07-18 19:10,1383,2010-07-18,
22,1004310,鲍魂达,2010-07-18,2010-07-18 19:10,25,2010-07-18,
23,1017310,迫寸达,2010-07-18,2010-07-18 22:00,1218,2010-07-18,-165cms
24,1004310,鲍魂达,2010-07-18,2010-07-18 01:00,39,2010-07-17,
25,1015310,没乞达,2010-07-19,2010-07-19 07:00,430,2010-07-19,し 皑家规幅(150cms)
26,1017310,迫寸达,2010-07-19,2010-07-19 07:00,1078,2010-07-19,し 皑家规幅(140cms)
27,1017310,迫寸达,2010-07-19,2010-07-19 14:30,838,2010-07-19,
28,1015310,没乞达,2010-07-19,2010-07-19 18:00,380,2010-07-19,
29,1017310,迫寸达,2010-07-19,2010-07-19 18:00,730,2010-07-19,
30,1017310,迫寸达,2010-08-07,2010-08-07 10:00,957,2010-08-07,
31,1015310,没乞达,2010-08-07,2010-08-07 18:00,485,2010-08-07,100cms 刘啊规幅
32,1017310,迫寸达,2010-08-07,2010-08-07 22:00,1112,2010-08-07,145cms 刘啊规幅
33,1015310,没乞达,2010-08-07,2010-08-07 22:00,585,2010-08-07,100cms 刘啊规幅
34,1015310,没乞达,2010-08-08,2010-08-08 07:30,435,2010-08-08,150cms 皑家规幅 铰牢
35,1004310,鲍魂达,2010-08-13,2010-08-13 07:00,64,2010-08-13,34cms 刘啊规幅
36,1004310,鲍魂达,2010-08-13,2010-08-13 20:30,154,2010-08-13,90cms刘啊 规幅
37,1004310,鲍魂达,2010-08-13,2010-08-14 00:00,105,2010-08-13,49cms 皑家 规幅
38,1004310,鲍魂达,2010-08-14,2010-08-14 19:30,138,2010-08-14,鲍魂达 刘啊 规幅  33
39,1004310,鲍魂达,2010-08-14,2010-08-14 21:00,218,2010-08-14,鲍魂达 刘啊规幅  80
40,1004310,鲍魂达,2010-08-15,2010-08-15 17:00,333,2010-08-15,皑家规幅(-333 cms)
41,1017310,迫寸达,2010-08-15,2010-08-15 15:30,3400,2010-08-15,
42,1010310,拳玫达,2010-08-15,2010-08-15 05:20,462,2010-08-15,221刘啊规幅
43,1013310,狼鞠达,2010-08-15,2010-08-15 05:20,553,2010-08-15,223 刘啊规幅
44,1015310,没乞达,2010-08-15,2010-08-15 15:30,2120,2010-08-15,
45,1010310,拳玫达,2010-08-15,2010-08-15 05:30,1256,2010-08-15,794 刘啊规幅
46,1013310,狼鞠达,2010-08-15,2010-08-15 05:30,1113,2010-08-15,560 刘啊规幅
47,1015310,没乞达,2010-08-15,2010-08-15 05:30,1585,2010-08-15,707 刘啊规幅
48,1017310,迫寸达,2010-08-15,2010-08-15 05:30,2196,2010-08-15,402 刘啊规幅
49,1010310,拳玫达,2010-08-15,2010-08-15 06:10,1555,2010-08-15,299 刘啊规幅
50,1017310,迫寸达,2010-08-15,2010-08-15 06:10,2451,2010-08-15,255 刘啊规幅
51,1004310,鲍魂达,2010-08-15,2010-08-15 06:30,185,2010-08-15,85 刘啊规幅
52,1015310,没乞达,2010-08-15,2010-08-15 06:10,1775,2010-08-15,190 刘啊规幅
53,1013310,狼鞠达,2010-08-15,2010-08-15 06:10,1446,2010-08-15,333 刘啊规幅
54,1013310,狼鞠达,2010-08-15,2010-08-15 06:30,1923,2010-08-15,477 刘啊规幅
55,1010310,拳玫达,2010-08-15,2010-08-15 06:30,2200,2010-08-15,645  吝啊规幅
56,1015310,没乞达,2010-08-15,2010-08-15 06:30,2373,2010-08-15,598 刘啊规幅
57,1017310,迫寸达,2010-08-15,2010-08-15 06:30,2895,2010-08-15,444 刘啊规幅
58,1017310,迫寸达,2010-08-15,2010-08-15 07:40,4028,2010-08-15,1133 刘啊规幅
59,1004310,鲍魂达,2010-08-15,2010-08-15 08:00,275,2010-08-15,90 刘啊规幅
60,1013310,狼鞠达,2010-08-15,2010-08-15 07:40,2558,2010-08-15,刘啊规幅 635
61,1015310,没乞达,2010-08-15,2010-08-15 07:40,2994,2010-08-15,621 刘啊规幅
62,1004310,鲍魂达,2010-08-15,2010-08-15 09:00,445,2010-08-15,170 刘啊规幅
63,1017310,迫寸达,2010-08-15,2010-08-15 10:00,5210,2010-08-15,1182 刘啊规幅
64,1010310,拳玫达,2010-08-15,2010-08-15 10:30,930,2010-08-15,-1270 皑家规幅
65,1013310,狼鞠达,2010-08-15,2010-08-15 11:00,1370,2010-08-15,-1188 皑家规幅
66,1010310,拳玫达,2010-08-15,2010-08-15 12:30,500,2010-08-15,430 皑家规幅
67,1004310,鲍魂达,2010-08-15,2010-08-15 12:30,610,2010-08-15,165 刘啊规幅
68,1013310,狼鞠达,2010-08-15,2010-08-15 12:30,980,2010-08-15,390 皑家规幅
69,1013310,狼鞠达,2010-08-15,2010-08-15 14:00,550,2010-08-15,
70,1015310,没乞达,2010-08-15,2010-08-15 19:30,1458,2010-08-15,没乞达  : -662
71,1013310,狼鞠达,2010-08-15,2010-08-15 23:00,386,2010-08-15,-164cms
72,1004310,鲍魂达,2010-08-15,2010-08-15 23:00,138,2010-08-15,-183cms
73,1017310,迫寸达,2010-08-15,2010-08-15 23:00,3795,2010-08-15,395
74,1015310,没乞达,2010-08-15,2010-08-15 23:30,1059,2010-08-15,-399cms
75,1017310,迫寸达,2010-08-16,2010-08-16 06:30,2722,2010-08-16,-1073cms
76,1015310,没乞达,2010-08-16,2010-08-16 06:30,766,2010-08-16,-293cms
77,1013310,狼鞠达,2010-08-16,2010-08-16 06:30,0,2010-08-16,荐巩傈企
78,1017310,迫寸达,2010-08-16,2010-08-16 11:00,2101,2010-08-16,621 沛/檬 皑家规幅
79,1015310,没乞达,2010-08-16,2010-08-16 14:30,663,2010-08-16,103 З/s 皑家规幅
80,1017310,迫寸达,2010-08-16,2010-08-16 14:30,1798,2010-08-16,303 З/s 皑家规幅
81,1004310,鲍魂达,2010-08-16,2010-08-16 16:00,100,2010-08-16,100 cms 皑家规幅
82,1017310,迫寸达,2010-08-16,2010-08-16 23:00,1400,2010-08-16,398 З/s 皑家规幅
83,1015310,没乞达,2010-08-16,2010-08-16 22:00,480,2010-08-16,183 З/s 皑家规幅
84,1004310,鲍魂达,2010-08-16,2010-08-16 21:30,59,2010-08-16,41 З/s 皑家规幅
85,1017310,迫寸达,2010-08-17,2010-08-17 01:30,1100,2010-08-17,300 З/s 皑家规幅
86,1015310,没乞达,2010-08-17,2010-08-17 10:00,422,2010-08-17,皑家规幅 -58 cms
87,1004310,鲍魂达,2010-08-17,2010-08-17 10:30,38,2010-08-17,
88,1017310,迫寸达,2010-08-17,2010-08-17 12:30,1003,2010-08-17,
89,1017310,迫寸达,2010-08-17,2010-08-17 15:00,871,2010-08-17,
90,1015310,没乞达,2010-08-17,2010-08-17 16:30,375,2010-08-17,荐巩傈企 惯傈规幅
91,1017310,迫寸达,2010-08-17,2010-08-17 16:30,741,2010-08-17,荐巩傈企 惯傈规幅
92,1004310,鲍魂达,2010-08-18,2010-08-18 03:30,110,2010-08-18,51 刘啊规幅
93,1004310,鲍魂达,2010-08-18,2010-08-18 08:00,195,2010-08-18,85 刘啊规幅
94,1017310,迫寸达,2010-08-18,2010-08-18 13:00,990,2010-08-18,刘啊规幅   265 cms
95,1015310,没乞达,2010-08-18,2010-08-18 13:00,476,2010-08-18,刘啊规幅 100 cms
96,1004310,鲍魂达,2010-08-18,2010-08-18 15:00,100,2010-08-18,64 З/s 皑家 规幅
97,1017310,迫寸达,2010-08-18,2010-08-18 19:00,1128,2010-08-18,刘啊规幅 138 cms
98,1017310,迫寸达,2010-08-18,2010-08-18 20:30,1338,2010-08-18,210 З/s 刘啊规幅
99,1004310,鲍魂达,2010-08-19,2010-08-19 00:30,185,2010-08-21,
100,1015310,没乞达,2010-08-19,2010-08-19 07:00,422,2010-08-19,54 З/s 皑家规幅
101,1004310,鲍魂达,2010-08-19,2010-08-19 10:00,105,2010-08-19,
102,1015310,没乞达,2010-08-19,2010-08-19 10:00,380,2010-08-19,荐巩傈企
103,1004310,鲍魂达,2010-08-19,2010-08-19 19:00,61,2010-08-19,44 皑家规幅
104,1017310,迫寸达,2010-08-19,2010-08-19 22:00,988,2010-08-21,396 皑家规幅
105,1004310,鲍魂达,2010-08-20,2010-08-20 07:00,39,2010-08-20,22 皑家规幅
106,1017310,迫寸达,2010-08-20,2010-08-20 07:00,832,2010-08-20,156 皑家规幅
107,1017310,迫寸达,2010-08-20,2010-08-20 20:00,732,2010-08-19,-100 皑家规幅  20:00 荐巩傈企
108,1004310,鲍魂达,2010-08-21,2010-08-21 07:00,25,2010-08-21,-14 皑家规幅
109,1004310,鲍魂达,2010-08-23,2010-08-23 21:00,25,2010-08-23,10 З/s 刘啊(檬扁规幅)
110,1004310,鲍魂达,2010-08-24,2010-08-24 04:00,65,2010-08-24,40 З/s 刘啊规幅
111,1004310,鲍魂达,2010-08-24,2010-08-24 04:30,110,2010-08-24,鲍魂达 刘啊规幅( 45)
112,1004310,鲍魂达,2010-08-24,2010-08-24 06:00,195,2010-08-24,刘啊规幅  85
113,1004310,鲍魂达,2010-08-24,2010-08-24 08:50,155,2010-08-24,皑家规幅 -40
114,1015310,没乞达,2010-08-24,2010-08-24 13:00,672,2010-08-24,296 З/s 皑家规幅
115,1017310,迫寸达,2010-08-24,2010-08-24 14:00,1000,2010-08-24,261 З/s 刘啊规幅
116,1004310,鲍魂达,2010-08-24,2010-08-24 10:00,64,2010-08-24,91 З/s 皑家规幅
117,1004310,鲍魂达,2010-08-24,2010-08-24 18:00,37,2010-08-24,37 З/s 皑家规幅
118,1004310,鲍魂达,2010-08-25,2010-08-25 17:00,40,2010-08-25,鲍魂达 檬扁规幅 (25cms 眠啊规幅)
119,1015310,没乞达,2010-08-25,2010-08-25 15:00,715,2010-08-25,145cms 刘啊规幅
120,1017310,迫寸达,2010-08-25,2010-08-25 15:00,1550,2010-08-25,240cms 刘啊规幅
121,1017310,迫寸达,2010-08-25,2010-08-25 23:20,1964,2010-08-25,
122,1015310,没乞达,2010-08-25,2010-08-25 23:20,862,2010-08-25,
123,1004310,鲍魂达,2010-08-26,2010-08-26 10:00,24,2010-08-26,刘啊规幅  -16cms
124,1017310,迫寸达,2010-08-26,2010-08-26 13:30,1514,2010-08-26,皑家规幅(-450)
125,1004310,鲍魂达,2010-08-26,2010-08-27 00:00,61,2010-08-27,し 刘啊规幅 :  37cms
126,1017310,迫寸达,2010-08-27,2010-08-27 09:30,1285,2010-08-27,皑家规幅 -229
127,1015310,没乞达,2010-08-27,2010-08-27 07:30,661,2010-08-27,皑家规幅 -201
128,1004310,鲍魂达,2010-08-27,2010-08-27 10:00,24,2010-08-27,皑家规幅 -37cms
129,1015310,没乞达,2010-08-27,2010-08-27 11:30,568,2010-08-27,皑家规幅 -93cms
130,1004310,鲍魂达,2010-08-27,2010-08-27 14:00,15,2010-08-27,9 З/s 皑家(荐巩傈企)
131,1015310,没乞达,2010-08-29,2010-08-29 15:40,430,2010-08-29,檬扁规幅( 51cms)
132,1017310,迫寸达,2010-08-29,2010-08-29 15:40,866,2010-08-29,檬扁规幅( 109cms)
133,1013310,狼鞠达,2010-08-29,2010-08-29 17:00,400,2010-08-29,狼鞠 檬扁规幅( 54cms)
134,1010310,拳玫达,2010-08-29,2010-08-29 17:00,291,2010-08-29,冕玫达 檬扁规幅( 54cms)
135,1017310,迫寸达,2010-08-29,2010-08-29 15:50,1392,2010-08-29,526cms 刘啊规幅
136,1015310,没乞达,2010-08-29,2010-08-29 15:50,666,2010-08-29,236cms 刘啊规幅
137,1015310,没乞达,2010-08-29,2010-08-29 16:10,862,2010-08-29,513cms 刘啊规幅
138,1017310,迫寸达,2010-08-29,2010-08-29 16:00,1905,2010-08-29,513cms 眠啊规幅
139,1013310,狼鞠达,2010-08-29,2010-08-29 16:20,544,2010-08-29,144cms 刘啊规幅
140,1017310,迫寸达,2010-08-29,2010-08-29 17:20,2766,2010-08-29,861cms 刘啊规幅
141,1015310,没乞达,2010-08-29,2010-08-29 17:20,1767,2010-08-29,905cms 刘啊规幅
142,1015310,没乞达,2010-08-29,2010-08-29 20:00,1801,2010-08-29,569cms 皑家规幅
143,1015310,没乞达,2010-08-29,2010-08-29 22:00,1427,2010-08-29,374CMS 皑家规幅
144,1017310,迫寸达,2010-08-29,2010-08-29 22:00,3481,2010-08-29,550 皑家规幅
145,1015310,没乞达,2010-08-29,2010-08-29 23:40,1056,2010-08-29,371cms皑家规幅
146,1017310,迫寸达,2010-08-29,2010-08-29 23:40,3093,2010-08-29,388cms皑家规幅
147,1017310,迫寸达,2010-08-30,2010-08-30 02:00,2578,2010-08-30,515cms皑家规幅
148,1013310,狼鞠达,2010-08-30,2010-08-30 02:00,615,2010-08-30,300cms皑家规幅
149,1013310,狼鞠达,2010-08-30,2010-08-30 04:20,476,2010-08-30,139cms皑家规幅
150,1017310,迫寸达,2010-08-30,2010-08-30 04:20,2050,2010-08-30,528cms皑家规幅
151,1015310,没乞达,2010-08-30,2010-08-30 09:00,759,2010-08-30,297cms皑家规幅
152,1010310,拳玫达,2010-08-30,2010-08-30 09:00,446,2010-08-30,165cms皑家规幅
153,1004310,鲍魂达,2010-08-30,2010-08-30 09:00,38,2010-08-30,28cms皑家规幅
154,1004310,鲍魂达,2010-08-30,2010-08-30 12:00,24,2010-08-30,皑家规幅 -14cms
155,1010310,拳玫达,2010-08-30,2010-08-30 18:00,287,2010-08-30,皑家规幅 -53沛/檬
156,1013310,狼鞠达,2010-08-30,2010-08-30 18:50,107,2010-08-30,-107cms 皑家
157,1015310,没乞达,2010-08-30,2010-08-30 18:50,668,2010-08-30,-91cms 皑家
158,1017310,迫寸达,2010-08-30,2010-08-30 18:50,1287,2010-08-30,-263cms 皑家
159,1010310,拳玫达,2010-08-30,2010-08-30 18:50,268,2010-08-30,-19cms 皑家
160,1017310,迫寸达,2010-08-30,2010-08-30 23:00,1675,2010-08-30, 388cms
161,1010310,拳玫达,2010-08-30,2010-08-30 23:00,320,2010-08-30, 52cms
162,1015310,没乞达,2010-08-31,2010-08-31 07:00,522,2010-08-31,-146cms
163,1004310,鲍魂达,2010-08-31,2010-08-31 07:00,41,2010-08-31, 17cms
164,1010310,拳玫达,2010-08-31,2010-08-31 07:00,374,2010-08-31, 54cms
165,1004310,鲍魂达,2010-08-31,2010-08-31 10:00,66,2010-08-31,刘啊规幅  25cms
166,1017310,迫寸达,2010-08-31,2010-08-31 15:00,1420,2010-08-31,皑家规幅 -255CMS
167,1017310,迫寸达,2010-08-31,2010-08-31 23:00,1668,2010-08-31,刘啊规幅  248cms
168,1004310,鲍魂达,2010-08-31,2010-08-31 23:00,88,2010-08-31,刘啊规幅 22cms
169,1017310,迫寸达,2010-09-01,2010-09-01 07:00,2326,2010-09-01,刘啊规幅 658cms
170,1010320,冕玫达,2010-09-01,2010-09-01 16:00,313,2010-09-01,规幅樊 124 З/s 刘啊
171,1017310,迫寸达,2010-09-01,2010-09-01 10:00,2720,2010-09-01,刘啊规幅 394 cms
172,1015310,没乞达,2010-09-01,2010-09-01 10:00,783,2010-09-01,刘啊规幅 261 З/s
173,1004310,鲍魂达,2010-09-01,2010-09-01 11:00,59,2010-09-01,规幅樊 29 З/s 皑家
174,1010320,冕玫达,2010-09-01,2010-09-01 19:00,225,2010-09-01,规幅樊 30 З/s 刘啊
175,1015310,没乞达,2010-09-01,2010-09-02 00:00,525,2010-09-01,规幅樊 144 З/s 皑家
176,1017310,迫寸达,2010-09-01,2010-09-02 00:00,2040,2010-09-01,规幅樊 271 З/s 皑家
177,1010310,拳玫达,2010-09-02,2010-09-02 01:30,290,2010-09-02,规幅樊 84 З/s 皑家
178,1017310,迫寸达,2010-09-02,2010-09-02 02:30,1760,2010-09-02,(280З/s 皑家规幅)
179,1015310,没乞达,2010-09-02,2010-09-02 02:30,420,2010-09-02,(105З/s 皑家规幅)
180,1010310,拳玫达,2010-09-02,2010-09-02 10:20,495,2010-09-02,205cms 刘啊规幅
181,1010320,冕玫达,2010-09-02,2010-09-02 10:20,195,2010-09-02,30cms 皑家规幅  荐巩傈企
182,1015310,没乞达,2010-09-02,2010-09-02 10:20,743,2010-09-02,323cms 刘啊规幅
183,1013310,狼鞠达,2010-09-02,2010-09-02 11:00,548,2010-09-02,179cms 刘啊规幅
184,1017310,迫寸达,2010-09-02,2010-09-02 10:20,2167,2010-09-02,2167cms 刘啊规幅
185,1010310,拳玫达,2010-09-02,2010-09-02 11:10,601,2010-09-02,刘啊规幅 106 cms
186,1004310,鲍魂达,2010-09-02,2010-09-02 11:00,138,2010-09-02,刘啊规幅 38cms
187,1015310,没乞达,2010-09-02,2010-09-02 12:00,1242,2010-09-02,499cms 刘啊规幅
188,1013310,狼鞠达,2010-09-02,2010-09-02 12:00,690,2010-09-02,142cms 刘啊规幅
189,1010310,拳玫达,2010-09-02,2010-09-02 12:00,707,2010-09-02,106cms 刘啊规幅
190,1017310,迫寸达,2010-09-02,2010-09-02 13:00,2694,2010-09-02,527cms 刘啊规幅
191,1013310,狼鞠达,2010-09-02,2010-09-02 18:00,550,2010-09-02,140cms 皑家规幅
192,1015310,没乞达,2010-09-02,2010-09-02 18:00,1045,2010-09-02,197cms 皑家规幅
193,1017310,迫寸达,2010-09-02,2010-09-02 18:00,2447,2010-09-02,247cms 皑家规幅
194,1010310,拳玫达,2010-09-02,2010-09-02 18:00,557,2010-09-02,150cms 皑家规幅
195,1010310,拳玫达,2010-09-02,2010-09-02 20:00,399,2010-09-02,158cms 皑家规幅
196,1015310,没乞达,2010-09-02,2010-09-03 00:00,845,2010-09-02,200cms 皑家规幅
197,1013310,狼鞠达,2010-09-02,2010-09-03 00:00,469,2010-09-02,81cms 皑家规幅
198,1004310,鲍魂达,2010-09-02,2010-09-03 00:00,79,2010-09-02,59cms 皑家规幅
199,1015310,没乞达,2010-09-03,2010-09-03 07:10,748,2010-09-03,97cms 皑家规幅
200,1013310,狼鞠达,2010-09-03,2010-09-03 07:10,404,2010-09-03,65cms 皑家规幅
201,1013310,狼鞠达,2010-09-03,2010-09-03 09:00,366,2010-09-03,38cms 皑家规幅
202,1010310,拳玫达,2010-09-03,2010-09-03 08:00,348,2010-09-03,51cms 皑家规幅
203,1004310,鲍魂达,2010-09-03,2010-09-03 09:00,51,2010-09-03,28cms 皑家规幅
204,1015310,没乞达,2010-09-03,2010-09-03 09:00,649,2010-09-03,99cms 皑家规幅
205,1010310,拳玫达,2010-09-03,2010-09-03 11:00,293,2010-09-03,皑家规幅 -55cms
206,1017310,迫寸达,2010-09-03,2010-09-03 14:00,1646,2010-09-03,皑家规幅 -801cms
207,1017310,迫寸达,2010-09-03,2010-09-03 19:00,1542,2010-09-03,皑家规幅 : -104
208,1015310,没乞达,2010-09-03,2010-09-03 21:00,557,2010-09-03,皑家规幅:-92
209,1013310,狼鞠达,2010-09-03,2010-09-03 21:50,320,2010-09-03,皑家规幅: -46(荐巩傈企)
210,1017310,迫寸达,2010-09-03,2010-09-03 23:00,1787,2010-09-03,刘啊规幅: 245
211,1017310,迫寸达,2010-09-04,2010-09-04 06:30,1512,2010-09-04,碍家规幅: -275
212,1015310,没乞达,2010-09-04,2010-09-04 06:30,516,2010-09-04,皑家规幅: -41
213,1017310,迫寸达,2010-09-04,2010-09-04 22:00,993,2010-09-04,皑家规幅 -167沛/檬
214,1004310,鲍魂达,2010-09-05,2010-09-05 11:00,24,2010-09-05,14cms 皑家规幅
215,1010310,拳玫达,2010-09-05,2010-09-05 12:00,236,2010-09-05,57cms 皑家规幅  荐巩傈企
216,1017310,迫寸达,2010-09-05,2010-09-05 16:10,1795,2010-09-05,802cms 刘啊规幅
217,1015310,没乞达,2010-09-05,2010-09-05 16:10,774,2010-09-05,34cms 刘啊规幅
218,1004310,鲍魂达,2010-09-05,2010-09-05 18:30,64,2010-09-05,刘啊规幅 40 cms
219,1017310,迫寸达,2010-09-05,2010-09-05 18:30,2080,2010-09-05,刘啊规幅 285cms
220,1015310,没乞达,2010-09-05,2010-09-05 19:30,565,2010-09-05,皑家规幅 -209cms
221,1004310,鲍魂达,2010-09-05,2010-09-05 19:30,154,2010-09-05,刘啊规幅  90cms
222,1017310,迫寸达,2010-09-05,2010-09-05 22:30,1420,2010-09-05,皑家规幅 -660cms
223,1015310,没乞达,2010-09-06,2010-09-06 07:00,420,2010-09-06,皑家规幅 145 cms
224,1017310,迫寸达,2010-09-06,2010-09-06 09:40,1771,2010-09-06,刘啊规幅 351 З/s
225,1017310,迫寸达,2010-09-06,2010-09-06 12:00,1905,2010-09-06,刘啊规幅 134 З/s
226,1015310,没乞达,2010-09-06,2010-09-06 14:30,468,2010-09-06,刘啊规幅 48 З/s
227,1010310,拳玫达,2010-09-06,2010-09-06 20:00,272,2010-09-06,刘啊规幅 32 З/s
228,1015310,没乞达,2010-09-06,2010-09-07 00:00,576,2010-09-06,刘啊规幅 108 З/s
229,1004310,鲍魂达,2010-09-06,2010-09-07 00:00,95,2010-09-06,皑家规幅 59 З/s
230,1017310,迫寸达,2010-09-06,2010-09-07 00:00,2311,2010-09-06,刘啊规幅 406 З/s
231,1010320,冕玫达,2010-09-07,2010-09-07 07:00,188,2010-09-07,荐巩傈企
232,1010310,拳玫达,2010-09-07,2010-09-07 07:00,236,2010-09-07,荐巩傈企
233,1004310,鲍魂达,2010-09-07,2010-09-07 09:00,53,2010-09-07,皑家规幅 42 З/s
234,1015310,没乞达,2010-09-07,2010-09-07 10:30,470,2010-09-07,  106З/s 皑家规幅
235,1017310,迫寸达,2010-09-07,2010-09-07 10:30,1650,2010-09-07,  661З/s 皑家规幅(沥沥)
236,1004310,鲍魂达,2010-09-07,2010-09-07 11:00,34,2010-09-07,  19З/s 皑家规幅
237,1017310,迫寸达,2010-09-08,2010-09-08 07:40,1388,2010-09-08,  皑家规幅 262З/s
238,1015310,没乞达,2010-09-08,2010-09-08 07:40,370,2010-09-08,皑家规幅 52З/s
239,1017310,迫寸达,2010-09-09,2010-09-09 23:30,1680,2010-09-09,刘啊规幅 520 З/s
240,1004310,鲍魂达,2010-09-09,2010-09-09 23:30,40,2010-09-09,刘啊规幅 17 З/s
241,1015310,没乞达,2010-09-10,2010-09-10 04:00,580,2010-09-10,刘啊规幅 200 З/s
242,1013310,狼鞠达,2010-09-10,2010-09-10 05:00,470,2010-09-10,刘啊规幅 150 З/s
243,1017310,迫寸达,2010-09-10,2010-09-10 02:30,2200,2010-09-10,刘啊规幅 520 З/s
244,1017310,迫寸达,2010-09-10,2010-09-10 03:30,2720,2010-09-10,刘啊规幅: 520
245,1015310,没乞达,2010-09-10,2010-09-10 05:00,2150,2010-09-10,刘啊规幅 450 З/s
246,1013310,狼鞠达,2010-09-10,2010-09-10 05:30,700,2010-09-10,刘啊规幅 230 З/s
247,1010310,拳玫达,2010-09-10,2010-09-10 09:00,400,2010-09-10,刘啊规幅 160 З/s
248,1013310,狼鞠达,2010-09-10,2010-09-10 07:10,910,2010-09-10,刘啊规幅 210 З/s
249,1010310,拳玫达,2010-09-10,2010-09-10 09:10,721,2010-09-10,刘啊规幅 321 З/s
250,1010320,冕玫达,2010-09-10,2010-09-10 12:00,211,2010-09-10,刘啊规幅 24 З/s
251,1010310,拳玫达,2010-09-10,2010-09-10 09:20,1035,2010-09-10,刘啊规幅 314 З/s
252,1010310,拳玫达,2010-09-10,2010-09-10 10:10,1200,2010-09-10,刘啊规幅 165 З/s
253,1013310,狼鞠达,2010-09-10,2010-09-10 10:10,1675,2010-09-10,刘啊规幅 765 З/s
254,1010310,拳玫达,2010-09-10,2010-09-10 10:40,1605,2010-09-10,405cms 刘啊规幅
255,1017310,迫寸达,2010-09-10,2010-09-10 10:10,4121,2010-09-10,391m3/s 刘啊规幅
256,1017310,迫寸达,2010-09-10,2010-09-10 12:00,4397,2010-09-10,275cms 刘啊规幅
257,1015310,没乞达,2010-09-10,2010-09-10 12:30,2549,2010-09-10,399cms 刘啊规幅
258,1013310,狼鞠达,2010-09-10,2010-09-10 12:00,1885,2010-09-10,210cms 刘啊规幅
259,1013310,狼鞠达,2010-09-10,2010-09-10 13:00,2171,2010-09-10,286cms 刘啊规幅
260,1017310,迫寸达,2010-09-10,2010-09-10 13:30,3915,2010-09-10,482cms 皑家规幅
261,1004310,鲍魂达,2010-09-10,2010-09-10 14:00,56,2010-09-10,16cms 刘啊规幅
262,1017310,迫寸达,2010-09-10,2010-09-10 14:30,4497,2010-09-10,582cms 刘啊规幅
263,1017310,迫寸达,2010-09-10,2010-09-10 16:00,3576,2010-09-10,921cms 皑家规幅
264,1017310,迫寸达,2010-09-10,2010-09-10 16:20,2104,2010-09-10,1472cms 皑家规幅
265,1015310,没乞达,2010-09-10,2010-09-10 17:40,3323,2010-09-10,774cms 刘啊规幅
266,1017310,迫寸达,2010-09-10,2010-09-10 17:40,4177,2010-09-10,2073cms 刘啊规幅
267,1010310,拳玫达,2010-09-10,2010-09-10 18:30,2343,2010-09-10,738cms 刘啊规幅
268,1010320,冕玫达,2010-09-10,2010-09-10 18:30,861,2010-09-10,650cms 刘啊规幅
269,1013310,狼鞠达,2010-09-10,2010-09-10 18:30,3093,2010-09-10,799cms 刘啊规幅
270,1015310,没乞达,2010-09-10,2010-09-10 20:00,4286,2010-09-10,963cms 刘啊规幅
271,1017310,迫寸达,2010-09-10,2010-09-10 20:00,5662,2010-09-10,1485cms 刘啊规幅
272,1010310,拳玫达,2010-09-10,2010-09-10 20:30,3208,2010-09-10,865cms 刘啊规幅
273,1013310,狼鞠达,2010-09-10,2010-09-10 20:30,4125,2010-09-10,1032cms 刘啊规幅
274,1010320,冕玫达,2010-09-10,2010-09-10 20:30,1843,2010-09-10,982cms 刘啊规幅
275,1017310,迫寸达,2010-09-10,2010-09-10 21:30,6615,2010-09-10,957cms 刘啊规幅
276,1010320,冕玫达,2010-09-10,2010-09-10 22:00,2154,2010-09-10,311cms 吝啊规幅
277,1013310,狼鞠达,2010-09-10,2010-09-10 23:30,3497,2010-09-10,628cms 皑家规幅
278,1010310,拳玫达,2010-09-10,2010-09-10 23:30,2730,2010-09-10,478cms 皑家规幅
279,1006110,染己,2010-09-10,2010-09-10 17:00,100,2010-09-10,9.11 16:00 荐巩规幅辆丰
280,1017310,迫寸达,2010-09-11,2010-09-11 00:30,7586,2010-09-11,967cms 刘啊规幅
281,1015310,没乞达,2010-09-11,2010-09-11 00:30,4835,2010-09-11,549cms 刘啊规幅
282,1013310,狼鞠达,2010-09-11,2010-09-11 00:30,2997,2010-09-11,500cms 皑家规幅
283,1010310,拳玫达,2010-09-11,2010-09-11 00:30,2264,2010-09-11,466cms 皑家规幅
284,1017310,迫寸达,2010-09-11,2010-09-11 06:30,7053,2010-09-11,533cms 皑家规幅
285,1015310,没乞达,2010-09-11,2010-09-11 06:30,4296,2010-09-11,539cms 皑家规幅
286,1013310,狼鞠达,2010-09-11,2010-09-11 06:30,2623,2010-09-11,374cms 皑家规幅
287,1013310,狼鞠达,2010-09-11,2010-09-11 07:40,3071,2010-09-11,448cms 刘啊规幅
288,1015310,没乞达,2010-09-11,2010-09-11 07:40,4815,2010-09-11,519cms 刘啊规幅
289,1017310,迫寸达,2010-09-11,2010-09-11 07:40,8548,2010-09-11,1495cms 刘啊规幅
290,1004310,鲍魂达,2010-09-11,2010-09-11 09:30,100,2010-09-11,刘啊规幅  44cms
291,1017310,迫寸达,2010-09-11,2010-09-11 09:30,9807,2010-09-11,刘啊规幅  1256cms
292,1015310,没乞达,2010-09-11,2010-09-11 09:30,5556,2010-09-11,刘啊规幅   741cms
293,1004310,鲍魂达,2010-09-11,2010-09-11 10:30,175,2010-09-11,刘啊规幅75cms
294,1004310,鲍魂达,2010-09-11,2010-09-11 12:00,333,2010-09-11,刘啊 158cms
295,1017310,迫寸达,2010-09-11,2010-09-11 12:30,8528,2010-09-11,皑家规幅 1279cms
296,1004310,鲍魂达,2010-09-11,2010-09-11 13:30,572,2010-09-11,刘啊 239cms
297,1015310,没乞达,2010-09-11,2010-09-11 15:30,4937,2010-09-11,皑家规幅619cms
298,1017310,迫寸达,2010-09-11,2010-09-11 16:00,7815,2010-09-11,皑家713cms
299,1010310,拳玫达,2010-09-11,2010-09-11 17:20,1967,2010-09-11,皑家规幅297cms
300,1010320,冕玫达,2010-09-11,2010-09-11 17:20,1394,2010-09-11,皑家规幅760cms
301,1004310,鲍魂达,2010-09-11,2010-09-11 18:30,418,2010-09-11,皑家规幅154cms
302,1015310,没乞达,2010-09-11,2010-09-11 18:30,4616,2010-09-11,皑家规幅321cms
303,1013310,狼鞠达,2010-09-11,2010-09-11 18:30,2707,2010-09-11,皑家规幅-364cms
304,1010310,拳玫达,2010-09-11,2010-09-11 18:30,1679,2010-09-11,皑家规幅-288cms
305,1010320,冕玫达,2010-09-11,2010-09-11 18:30,802,2010-09-11,皑家规幅592cms
306,1010320,冕玫达,2010-09-11,2010-09-11 19:40,228,2010-09-11,皑家规幅574
307,1017310,迫寸达,2010-09-11,2010-09-11 20:00,8594,2010-09-11,刘啊规幅779cms
308,1015310,没乞达,2010-09-11,2010-09-11 20:00,4310,2010-09-11,皑家规幅306cms
309,1013310,狼鞠达,2010-09-11,2010-09-11 20:00,2273,2010-09-11,皑家规幅434cms
310,1015310,没乞达,2010-09-11,2010-09-11 21:00,3819,2010-09-11,皑家规幅491cms
311,1013310,狼鞠达,2010-09-11,2010-09-11 21:00,1859,2010-09-11,皑家规幅414cms
312,1010310,拳玫达,2010-09-11,2010-09-11 21:00,1192,2010-09-11,皑家规幅487cms
313,1004310,鲍魂达,2010-09-11,2010-09-11 22:00,218,2010-09-11,皑家规幅200cms
314,1013310,狼鞠达,2010-09-11,2010-09-11 22:00,1525,2010-09-11,皑家规幅-334cms
315,1010310,拳玫达,2010-09-11,2010-09-11 22:00,876,2010-09-11,皑家规幅316cms
316,1010320,冕玫达,2010-09-11,2010-09-11 23:50,930,2010-09-11,刘啊规幅(702cms)
317,1017310,迫寸达,2010-09-11,2010-09-11 23:50,7440,2010-09-11,皑家规幅(1154cms)
318,1015310,没乞达,2010-09-11,2010-09-11 23:50,3131,2010-09-11,皑家规幅(688cms)
319,1010310,拳玫达,2010-09-11,2010-09-11 23:50,1184,2010-09-11,刘啊规幅(308cms)
320,1015310,没乞达,2010-09-12,2010-09-12 00:30,2530,2010-09-12,皑家规幅(601cms)
321,1013310,狼鞠达,2010-09-12,2010-09-12 00:30,1213,2010-09-12,皑家规幅(312cms)
322,1017310,迫寸达,2010-09-12,2010-09-12 02:30,6441,2010-09-12,皑家规幅(999cms)
323,1015310,没乞达,2010-09-12,2010-09-12 02:30,1992,2010-09-12,皑家规幅(538cms)
324,1015310,没乞达,2010-09-12,2010-09-12 06:20,2427,2010-09-12,刘啊规幅(435cms)
325,1013310,狼鞠达,2010-09-12,2010-09-12 06:20,1522,2010-09-12,刘啊规幅(309cms)
326,1015310,没乞达,2010-09-12,2010-09-12 08:00,2669,2010-09-12,刘啊规幅(242cms)
327,1017310,迫寸达,2010-09-12,2010-09-12 08:00,7355,2010-09-12,刘啊规幅(914cms)
328,1017310,迫寸达,2010-09-12,2010-09-12 09:30,8350,2010-09-12,刘啊规幅 995 З/s
329,1010320,冕玫达,2010-09-12,2010-09-12 10:30,430,2010-09-12,皑家规幅 500 З/s
330,1013310,狼鞠达,2010-09-12,2010-09-12 12:00,1080,2010-09-12,皑家规幅 442 З/s
331,1010310,拳玫达,2010-09-12,2010-09-12 11:00,720,2010-09-12,皑家规幅 464 З/s
332,1015310,没乞达,2010-09-12,2010-09-12 12:30,3050,2010-09-12,刘啊规幅 381 З/s
333,1017310,迫寸达,2010-09-12,2010-09-12 13:00,8730,2010-09-12,刘啊规幅 380 З/s
334,1015310,没乞达,2010-09-12,2010-09-12 15:30,2370,2010-09-12,皑家规幅  -680З/s
335,1013310,狼鞠达,2010-09-12,2010-09-12 15:30,810,2010-09-12,皑家规幅 -270З/s
336,1017310,迫寸达,2010-09-12,2010-09-12 18:10,6950,2010-09-12,皑家规幅 -1780З/s
337,1010320,冕玫达,2010-09-12,2010-09-12 22:00,320,2010-09-12,刘啊规幅  95З/s
338,1015310,没乞达,2010-09-12,2010-09-12 21:30,1800,2010-09-12,皑家规幅 -570З/s
339,1004310,鲍魂达,2010-09-12,2010-09-12 23:00,105,2010-09-12,皑家规幅 -122 З/s
340,1013310,狼鞠达,2010-09-12,2010-09-12 23:30,750,2010-09-12,皑家规幅 60 З/s
341,1017310,迫寸达,2010-09-12,2010-09-12 23:30,5830,2010-09-12,皑家规幅 1120 З/s
342,1017310,迫寸达,2010-09-12,2010-09-13 00:30,5130,2010-09-12,皑家规幅 -700 З/s
343,1015310,没乞达,2010-09-12,2010-09-13 00:30,1630,2010-09-12,皑家规幅 -170З/s
344,1017310,迫寸达,2010-09-13,2010-09-13 06:30,4074,2010-09-13,皑家规幅 1056 З/s
345,1015310,没乞达,2010-09-13,2010-09-13 06:30,1338,2010-09-13,皑家规幅 292 З/s
346,1017310,迫寸达,2010-09-13,2010-09-13 13:10,3587,2010-09-13,皑家规幅-487З/s
347,1004310,鲍魂达,2010-09-13,2010-09-13 15:00,66,2010-09-13, 皑家规幅-39З/s
348,1015310,没乞达,2010-09-13,2010-09-13 15:30,1049,2010-09-13, 皑家规幅-289З/s
349,1015310,没乞达,2010-09-13,2010-09-13 20:30,770,2010-09-13,皑家规幅 279З/s
350,1013310,狼鞠达,2010-09-13,2010-09-13 20:30,530,2010-09-13,皑家规幅 220З/s
351,1017310,迫寸达,2010-09-13,2010-09-13 20:30,3070,2010-09-13,皑家规幅 517З/s
352,1010310,拳玫达,2010-09-13,2010-09-13 20:30,400,2010-09-13,皑家规幅 160З/s
353,1010320,冕玫达,2010-09-13,2010-09-13 20:30,220,2010-09-13,皑家规幅 100З/s
354,1013310,狼鞠达,2010-09-13,2010-09-13 23:00,470,2010-09-13,皑家规幅 60З/s
355,1010310,拳玫达,2010-09-13,2010-09-13 23:00,350,2010-09-13,皑家规幅 50З/s
356,1017310,迫寸达,2010-09-14,2010-09-14 06:30,2450,2010-09-14,皑家规幅 620З/s
357,1015310,没乞达,2010-09-14,2010-09-14 06:30,560,2010-09-14,皑家规幅 210З/s
358,1013310,狼鞠达,2010-09-14,2010-09-14 06:30,390,2010-09-14,皑家规幅 80З/s
359,1010310,拳玫达,2010-09-14,2010-09-14 06:30,275,2010-09-14,皑家规幅 75З/s
360,1010310,拳玫达,2010-09-14,2010-09-14 10:00,240,2010-09-14,荐巩傈企(惯傈规幅父矫青)
361,1010320,冕玫达,2010-09-14,2010-09-14 10:00,180,2010-09-14,荐巩傈企(惯傈规幅父矫青)
362,1004310,鲍魂达,2010-09-14,2010-09-14 12:00,41,2010-09-14,皑家规幅 25 З/s
363,1013310,狼鞠达,2010-09-14,2010-09-14 17:30,465,2010-09-14,刘啊规幅 75З/s
364,1010320,冕玫达,2010-09-14,2010-09-14 19:10,321,2010-09-14,102cms 刘啊规幅
365,1010310,拳玫达,2010-09-14,2010-09-14 20:30,399,2010-09-14,刘啊规幅 125cms
366,1013310,狼鞠达,2010-09-14,2010-09-14 20:30,620,2010-09-14,刘啊规幅 155cms
367,1015310,没乞达,2010-09-14,2010-09-14 21:00,770,2010-09-14,刘啊规幅 210cms
368,1017310,迫寸达,2010-09-14,2010-09-14 21:00,2439,2010-09-14,刘啊规幅 308cms
369,1013310,狼鞠达,2010-09-15,2010-09-15 06:00,550,2010-09-15,皑家规幅 -70cms
370,1017310,迫寸达,2010-09-15,2010-09-15 07:00,2170,2010-09-15,皑家规幅 -269cms
371,1015310,没乞达,2010-09-15,2010-09-15 06:00,670,2010-09-15,皑家规幅 -100cms
372,1004310,鲍魂达,2010-09-15,2010-09-15 07:00,25,2010-09-15,皑家规幅 -16cms
373,1013310,狼鞠达,2010-09-15,2010-09-15 11:00,395,2010-09-15, 皑家规幅 -155З/s
374,1015310,没乞达,2010-09-15,2010-09-15 11:30,465,2010-09-15, 皑家规幅 -205З/s
375,1017310,迫寸达,2010-09-15,2010-09-15 12:00,1903,2010-09-15, 皑家规幅 -267З/s
376,1013310,狼鞠达,2010-09-16,2010-09-16 09:30,365,2010-09-16, 皑家规幅 -30З/s
377,1004310,鲍魂达,2010-09-16,2010-09-16 19:00,21,2010-09-16,皑家规幅 -4cms
378,1010320,冕玫达,2010-09-18,2010-09-19 00:00,648,2010-09-18,
379,1010310,拳玫达,2010-09-19,2010-09-19 11:00,821,2010-09-19,刘啊规幅 106
380,1015310,没乞达,2010-09-19,2010-09-19 11:00,963,2010-09-19,皑家规幅
381,1017310,迫寸达,2010-09-19,2010-09-19 05:00,1336,2010-09-19,刘啊规幅
382,1013310,狼鞠达,2010-09-19,2010-09-19 11:00,892,2010-09-19,刘啊规幅 52
383,1015310,没乞达,2010-09-20,2010-09-20 11:30,770,2010-09-20,皑家规幅193cms
384,1013310,狼鞠达,2010-09-20,2010-09-20 10:00,760,2010-09-20,皑家规幅203cms
385,1004310,鲍魂达,2010-09-20,2010-09-20 14:00,21,2010-09-20,檬扁规幅 刘啊 6cms
386,1013310,狼鞠达,2010-09-20,2010-09-20 14:30,830,2010-09-20,刘啊规幅70cms
387,1017310,迫寸达,2010-09-20,2010-09-20 14:30,2060,2010-09-20,刘啊规幅285cms
388,1017310,迫寸达,2010-09-20,2010-09-20 20:00,1785,2010-09-20,-275cms
389,1015310,没乞达,2010-09-20,2010-09-20 20:00,670,2010-09-20,-100cms
390,1013310,狼鞠达,2010-09-20,2010-09-20 22:00,386,2010-09-20,444cms 皑家
391,1010310,拳玫达,2010-09-20,2010-09-20 21:10,399,2010-09-20,422cms 皑家
392,1017310,迫寸达,2010-09-20,2010-09-21 00:00,1518,2010-09-20,迫寸 267cms皑家  扁鸥 达 : 0cms
393,1010320,冕玫达,2010-09-20,2010-09-20 21:00,251,2010-09-20,397cms 皑家
394,1006110,染己,2010-09-20,2010-09-20 17:50,40,2010-09-20,10cms 刘
395,1017310,迫寸达,2010-09-21,2010-09-21 06:30,1238,2010-09-21,280cms皑家
396,1017310,迫寸达,2010-09-21,2010-09-21 16:10,2718,2010-09-21,迫寸达 刘啊规幅:  528cms
397,1017310,迫寸达,2010-09-21,2010-09-21 17:00,3740,2010-09-21,刘啊规幅 :  1022
398,1015310,没乞达,2010-09-21,2010-09-21 20:00,680,2010-09-21,刘啊规幅 :  300cms
399,1017310,迫寸达,2010-09-21,2010-09-21 17:30,4720,2010-09-21,刘啊规幅 :  980cms
400,1017310,迫寸达,2010-09-21,2010-09-21 18:30,5670,2010-09-21, 刘啊规幅 950З/s
401,1004310,鲍魂达,2010-09-21,2010-09-21 18:30,43,2010-09-21, 刘啊规幅 22З/s
402,1017310,迫寸达,2010-09-21,2010-09-21 19:00,6650,2010-09-21,刘啊规幅 980З/s
403,1017310,迫寸达,2010-09-21,2010-09-21 19:30,8430,2010-09-21,刘啊规幅 1780З/s
404,1015310,没乞达,2010-09-21,2010-09-21 21:30,890,2010-09-21,210cms 刘啊规幅
405,1015310,没乞达,2010-09-21,2010-09-21 23:30,1110,2010-09-21,刘啊规幅 220З/s
406,1004310,鲍魂达,2010-09-22,2010-09-22 02:00,20,2010-09-22,皑家规幅 23З/s
407,1017310,迫寸达,2010-09-22,2010-09-22 01:30,7550,2010-09-22,刘啊规幅 1000З/s
408,1017310,迫寸达,2010-09-22,2010-09-22 03:00,9050,2010-09-22,刘啊规幅 1500З/s
409,1017310,迫寸达,2010-09-22,2010-09-22 06:30,7550,2010-09-22,皑家规幅 1500З/s
410,1015310,没乞达,2010-09-22,2010-09-22 06:30,780,2010-09-22,皑家规幅 330З/s
411,1017310,迫寸达,2010-09-22,2010-09-22 09:20,6576,2010-09-22,皑家规幅 974З/s
412,1017310,迫寸达,2010-09-22,2010-09-22 12:00,5576,2010-09-22,1000З/s 皑家规幅
413,1017310,迫寸达,2010-09-22,2010-09-22 13:00,4954,2010-09-22,982З/s 皑家规幅
414,1017310,迫寸达,2010-09-22,2010-09-22 15:30,3826,2010-09-22,皑家规幅(768З/s)
415,1015310,没乞达,2010-09-22,2010-09-22 15:30,683,2010-09-22,皑家规幅(97З/s)
416,1015310,没乞达,2010-09-22,2010-09-22 23:30,583,2010-09-22,皑家规幅(100З/s)
417,1017310,迫寸达,2010-09-22,2010-09-22 23:30,3422,2010-09-22,皑家规幅(404З/s)
418,1003110,面林,2010-09-22,2010-09-22 15:00,2000,2010-09-22,
419,1015310,没乞达,2010-09-23,2010-09-23 06:00,476,2010-09-23,皑家规幅(107З/s)
420,1017310,迫寸达,2010-09-23,2010-09-23 06:00,2932,2010-09-23,皑家规幅(490З/s)
421,1017310,迫寸达,2010-09-23,2010-09-23 22:30,2782,2010-09-23,皑家规幅 150З/s
422,1015310,没乞达,2010-09-23,2010-09-23 22:30,417,2010-09-23,皑家规幅 59 З/s
423,1004310,鲍魂达,2010-09-24,2010-09-24 01:00,15,2010-09-24,荐巩傈企
424,1015310,没乞达,2010-09-24,2010-09-24 07:30,366,2010-09-24,荐巩傈企
425,1017310,迫寸达,2010-09-24,2010-09-24 07:30,2420,2010-09-24,皑家规幅 362 З/s
426,1017310,迫寸达,2010-09-25,2010-09-25 07:30,2160,2010-09-25,260cms 皑家规幅
427,1017310,迫寸达,2010-09-26,2010-09-26 16:00,1783,2010-09-26,皑家规幅(377З/s)
428,1017310,迫寸达,2010-09-26,2010-09-27 00:00,1394,2010-09-26,皑家规幅(389З/s)
429,1017310,迫寸达,2010-09-27,2010-09-27 11:30,1125,2010-09-27,皑家规幅-269З/s
430,1017310,迫寸达,2010-09-27,2010-09-27 15:00,855,2010-09-27, 皑家规幅 270З/s
431,1017310,迫寸达,2010-09-27,2010-09-27 22:00,720,2010-09-27,皑家规幅 135З/s(荐巩傈企)
432,1017310,迫寸达,2011-05-01,2011-05-01 17:30,1703,2011-05-01,皑家规幅(-)907cms
433,1015310,没乞达,2011-05-01,2011-05-01 17:30,431,2011-05-01,皑家规幅(-)159cms
434,1003611,面林炼沥瘤,2011-05-01,2011-05-01 05:20,500,2011-05-01,
435,1015310,没乞达,2011-05-01,2011-05-01 14:30,590,2011-05-01,皑家规幅(-)120cms
436,1017310,迫寸达,2011-05-01,2011-05-01 15:00,2610,2011-05-01,皑家规幅(-)661cms
437,1017310,迫寸达,2011-05-02,2011-05-02 19:30,850,2011-05-02,(271 З/s 皑家规幅)
438,1004310,鲍魂达,2011-05-03,2011-05-03 08:00,15,2011-05-03,荐巩傈企(27 З/s 皑家规幅)
439,1004310,鲍魂达,2011-05-04,2011-05-04 20:00,19,2011-05-04,( 5 З/s 刘啊规幅)
440,1004310,鲍魂达,2011-05-06,2011-05-06 11:00,14,2011-05-06,5.5沛/檬 皑家规幅(荐巩傈企)
441,1004310,鲍魂达,2011-05-03,2011-05-03 08:00,15,2011-05-03,荐巩傈企
442,1017310,迫寸达,2011-05-02,2011-05-02 20:30,720,2011-05-02,荐巩傈企
443,1017310,迫寸达,2011-05-02,2011-05-02 11:00,1121,2011-05-07,300沛/檬 皑家规幅
444,1003611,面林炼沥瘤,2011-05-08,2011-05-09 18:00,1100,2011-05-08,(5.9老 200 З/s 荐巩规幅 矫累窍咯 5.11老 弥措 1 100 З/s鳖瘤 刘啊抗沥)
445,1004310,鲍魂达,2011-05-10,2011-05-10 17:00,138,2011-05-10,刘啊规幅( )77cms
446,1004310,鲍魂达,2011-05-10,2011-05-10 09:00,61,2011-05-10,檬扁规幅
447,1004310,鲍魂达,2011-05-10,2011-05-10 09:00,61,2011-05-10,檬扁规幅
448,1003611,面林炼沥瘤,2011-05-11,2011-05-11 08:00,1600,2011-05-11,(500 З/s 刘啊 规幅)
449,1017310,迫寸达,2011-05-11,2011-05-11 13:40,1359,2011-05-11,迫寸达 刘啊规幅 : 524cms
450,1017310,迫寸达,2011-05-11,2011-05-11 15:30,1768,2011-05-11,刘啊规幅(409cms)
451,1017310,迫寸达,2011-05-11,2011-05-11 18:30,2534,2011-05-11,刘啊规幅 : 766沛/檬
452,1004310,鲍魂达,2011-05-11,2011-05-11 21:00,305,2011-05-11,皑家规幅 : 80.1cms
453,1004310,鲍魂达,2011-05-11,2011-05-11 23:00,154,2011-05-11,皑家规幅 : 151cms
454,1017310,迫寸达,2011-05-11,2011-05-11 23:00,2137,2011-05-11,皑家规幅 : 397
455,1017310,迫寸达,2011-05-12,2011-05-12 07:00,1772,2011-05-12,皑家规幅 : 365 沛/檬
456,1004310,鲍魂达,2011-05-12,2011-05-12 07:00,115,2011-05-12,皑家规幅 : 39 沛/檬
457,1004310,鲍魂达,2011-05-12,2011-05-12 14:00,66,2011-05-12,(49 З/s 皑家规幅)
458,1004310,鲍魂达,2011-05-12,2011-05-12 22:00,42,2011-05-12,皑家规幅 : 24cms
459,1017310,迫寸达,2011-05-13,2011-05-13 10:30,1180,2011-05-13,皑家规幅592cms
460,1017310,迫寸达,2011-05-13,2011-05-13 13:00,910,2011-05-13,(270 З/s 皑家规幅)
461,1017310,迫寸达,2011-05-13,2011-05-13 15:30,780,2011-05-13,荐巩傈企
462,1017310,迫寸达,2011-05-16,2011-05-16 23:00,895,2011-05-16,(131 З/s 刘啊规幅)
463,1017310,迫寸达,2011-05-18,2011-05-18 12:00,764,2011-05-18,(荐巩傈企)
464,1003611,面林炼沥瘤,2011-05-24,2011-05-24 15:00,700,2011-05-24,700З/s捞郴 痢柳规幅
465,1017310,迫寸达,2011-05-24,2011-05-25 00:00,1008,2011-05-24,132cms 刘啊
466,1003611,面林炼沥瘤,2011-05-27,2011-05-28 06:00,800,2011-05-27,(800 З/s 捞郴 规幅)
467,1017310,迫寸达,2011-06-02,2011-06-03 00:00,891,2011-06-02,117 cms 皑家规幅
468,1004310,鲍魂达,2011-06-24,2011-06-24 09:00,51,2011-06-24,规幅矫累矫埃沥沥(09矫何磐)
469,1004310,鲍魂达,2011-06-24,2011-06-24 10:00,186,2011-06-24,
470,1004310,鲍魂达,2011-06-24,2011-06-24 11:00,307,2011-06-24,(121 З/s 刘啊规幅)
471,1004310,鲍魂达,2011-06-24,2011-06-24 12:00,455,2011-06-24,刘啊规幅( 148cms)
472,1004310,鲍魂达,2011-06-24,2011-06-24 15:00,384,2011-06-24,皑家规幅(-71cms)
473,1006110,染己,2011-06-24,2011-06-24 18:00,100,2011-06-24,荐巩规幅 铰牢
474,1004310,鲍魂达,2011-06-24,2011-06-24 19:00,453,2011-06-24,刘啊规幅(69.0)
475,1017310,迫寸达,2011-06-24,2011-06-24 22:00,1036,2011-06-24,檬扁规幅
476,1004310,鲍魂达,2011-06-24,2011-06-24 21:00,573,2011-06-24,刘啊规幅(120cms)
477,1004310,鲍魂达,2011-06-24,2011-06-24 21:30,644,2011-06-24,刘啊规幅(71cms)
478,1004310,鲍魂达,2011-06-24,2011-06-24 22:30,792,2011-06-24,刘啊规幅(149.0)
479,1017310,迫寸达,2011-06-24,2011-06-24 22:30,2095,2011-06-24,刘啊规幅(1059cms)
480,1003611,面林炼沥瘤,2011-06-24,2011-06-24 22:00,3000,2011-06-24,(1 300З/s 刘啊规幅)
481,1017310,迫寸达,2011-06-24,2011-06-25 00:00,2555,2011-06-24,刘啊规幅(460cms)
482,1004310,鲍魂达,2011-06-25,2011-06-25 02:00,644,2011-06-25,皑家规幅(-149cms)
483,1017310,迫寸达,2011-06-25,2011-06-25 06:30,3216,2011-06-25,刘啊规幅(661cms)
484,1004310,鲍魂达,2011-06-25,2011-06-25 07:30,483,2011-06-25,皑家规幅(-161cms)
485,1004310,鲍魂达,2011-06-25,2011-06-25 12:30,388,2011-06-25,皑家规幅(-95.4cms)
486,1004310,鲍魂达,2011-06-26,2011-06-26 06:00,254,2011-06-26,134.5З/s 皑家规幅
487,1017310,迫寸达,2011-06-26,2011-06-26 10:00,3523,2011-06-26,刘啊规幅 307
488,1015310,没乞达,2011-06-26,2011-06-26 13:00,488,2011-06-26,檬扁规幅 96
489,1004310,鲍魂达,2011-06-26,2011-06-26 13:00,148,2011-06-26,皑家规幅 106
490,1017310,迫寸达,2011-06-26,2011-06-26 14:30,3768,2011-06-26,刘啊规幅 244
491,1015310,没乞达,2011-06-26,2011-06-26 14:30,767,2011-06-26,刘啊规幅 279
492,1015310,没乞达,2011-06-26,2011-06-26 16:30,1277,2011-06-26,刘啊规幅 510
493,1017310,迫寸达,2011-06-26,2011-06-26 18:30,4259,2011-06-26,刘啊规幅 491
494,1017310,迫寸达,2011-06-26,2011-06-26 21:00,3639,2011-06-26,皑家规幅 620
495,1015310,没乞达,2011-06-26,2011-06-26 21:00,977,2011-06-26,皑家规幅 300
496,1004310,鲍魂达,2011-06-26,2011-06-26 21:00,94,2011-06-26,皑家规幅 53.5
497,1017310,迫寸达,2011-06-26,2011-06-27 01:00,3144,2011-06-26,皑家规幅 495
498,1015310,没乞达,2011-06-26,2011-06-27 00:00,872,2011-06-26,皑家规幅 105
499,1004310,鲍魂达,2011-06-26,2011-06-27 00:00,58,2011-06-26,皑家规幅 36
500,1017310,迫寸达,2011-06-27,2011-06-27 03:00,3144,2011-06-27,茄碍(荐惯)72205-63 包访烙.困龋肺 扁 夸没茄 荐巩炼累矫埃(01矫)阑 03矫肺 函版 铰牢
501,1017310,迫寸达,2011-06-27,2011-06-27 07:00,2850,2011-06-27,皑家规幅 294
502,1015310,没乞达,2011-06-27,2011-06-27 07:00,778,2011-06-27,皑家规幅 94
503,1004310,鲍魂达,2011-06-27,2011-06-27 07:00,87,2011-06-27,刘啊规幅 29
504,1003110,面林,2011-06-27,2011-06-27 18:00,2000,2011-06-27,(角力规幅绰 20矫何磐)
505,1017310,迫寸达,2011-06-28,2011-06-28 06:00,2490,2011-06-28,皑家规幅 (-360)
506,1015310,没乞达,2011-06-28,2011-06-28 06:00,480,2011-06-28,皑家规幅(-298)
507,1004310,鲍魂达,2011-06-28,2011-06-28 09:00,36,2011-06-28,51З/s 皑家规幅
508,1017310,迫寸达,2011-06-28,2011-06-28 22:00,2924,2011-06-28,刘啊规幅( 434)
509,1015310,没乞达,2011-06-28,2011-06-28 22:00,586,2011-06-28,刘啊规幅( 106)
510,1017310,迫寸达,2011-06-29,2011-06-29 06:30,4360,2011-06-29,刘啊规幅(1436cms)
511,1015310,没乞达,2011-06-29,2011-06-29 06:30,1195,2011-06-29,刘啊规幅(609cms)
512,1013310,狼鞠达,2011-06-29,2011-06-29 10:00,476,2011-06-29,檬扁规幅
513,1017310,迫寸达,2011-06-29,2011-06-29 08:00,6266,2011-06-29,刘啊规幅(1906cms)
514,1015310,没乞达,2011-06-29,2011-06-29 08:00,2366,2011-06-29,刘啊规幅(1171cms)
515,1013310,狼鞠达,2011-06-29,2011-06-29 10:10,780,2011-06-29,刘啊规幅( 304cms)
516,1010320,冕玫达,2011-06-29,2011-06-29 13:00,333,2011-06-29,檬扁规幅(106cms)
517,1013310,狼鞠达,2011-06-29,2011-06-29 11:10,1050,2011-06-29,刘啊规幅(270cms)
518,1013310,狼鞠达,2011-06-29,2011-06-29 12:20,1340,2011-06-29,刘啊规幅(290cms)
519,1017310,迫寸达,2011-06-29,2011-06-29 13:00,7230,2011-06-29,刘啊规幅 964
520,1015310,没乞达,2011-06-29,2011-06-29 13:00,3290,2011-06-29,刘啊规幅 924
521,1010320,冕玫达,2011-06-29,2011-06-29 14:30,710,2011-06-29,刘啊规幅 377
522,1017310,迫寸达,2011-06-29,2011-06-29 15:30,8510,2011-06-29,刘啊规幅 1300
523,1015310,没乞达,2011-06-29,2011-06-29 15:30,3790,2011-06-29,刘啊规幅 500
524,1013310,狼鞠达,2011-06-29,2011-06-29 16:00,1920,2011-06-29,刘啊规幅 580
525,1010320,冕玫达,2011-06-29,2011-06-29 15:30,1380,2011-06-29,刘啊规幅 670
526,1017310,迫寸达,2011-06-29,2011-06-29 18:00,7515,2011-06-29,皑家规幅(-995)
527,1015310,没乞达,2011-06-29,2011-06-29 18:00,3337,2011-06-29,皑家规幅(-453)
528,1013310,狼鞠达,2011-06-29,2011-06-29 18:00,1548,2011-06-29,皑家规幅(-372)
529,1010320,冕玫达,2011-06-29,2011-06-29 18:00,1083,2011-06-29,皑家规幅(-297)
530,1004310,鲍魂达,2011-06-29,2011-06-29 18:00,55,2011-06-29,刘啊规幅(19)
531,1010320,冕玫达,2011-06-29,2011-06-29 19:30,817,2011-06-29,皑家规幅(-266)
532,1017310,迫寸达,2011-06-29,2011-06-29 20:30,6632,2011-06-29,皑家规幅(-885)
533,1017310,迫寸达,2011-06-29,2011-06-29 22:20,5691,2011-06-29,皑家规幅(-941)
534,1013310,狼鞠达,2011-06-29,2011-06-29 22:20,1289,2011-06-29,皑家规幅(-259)
535,1013310,狼鞠达,2011-06-30,2011-06-30 01:00,1049,2011-06-30,皑家规幅(-240)
536,1015310,没乞达,2011-06-30,2011-06-30 01:40,2961,2011-06-30,皑家规幅(-376)
537,1013310,狼鞠达,2011-06-30,2011-06-30 02:00,779,2011-06-30,皑家规幅(-270)
538,1010320,冕玫达,2011-06-30,2011-06-30 02:00,603,2011-06-30,皑家规幅(-214)
539,1004310,鲍魂达,2011-06-30,2011-06-30 02:30,130,2011-06-30,刘啊规幅 75
540,1015310,没乞达,2011-06-30,2011-06-30 03:30,2540,2011-06-30,皑家规幅(-421)
541,1015310,没乞达,2011-06-30,2011-06-30 05:00,2068,2011-06-30,(皑家规幅 -472 З/s)
542,1013310,狼鞠达,2011-06-30,2011-06-30 05:00,608,2011-06-30,(皑家规幅 -171 З/s)
543,1017310,迫寸达,2011-06-30,2011-06-30 06:50,5258,2011-06-30,(皑家规幅 -433 З/s)
544,1015310,没乞达,2011-06-30,2011-06-30 06:50,1668,2011-06-30,(皑家规幅 -400 З/s)
545,1017310,迫寸达,2011-06-30,2011-06-30 10:50,6870,2011-06-30,1 512 З/s 刘啊规幅
546,1004310,鲍魂达,2011-06-30,2011-06-30 11:00,55,2011-06-30,(75 З/s 皑家规幅)
547,1017310,迫寸达,2011-06-30,2011-06-30 12:50,8360,2011-06-30,(1490cms 刘啊规幅)
548,1017310,迫寸达,2011-06-30,2011-06-30 16:00,9540,2011-06-30,(1180 cms 刘啊规幅)
549,1015310,没乞达,2011-06-30,2011-06-30 16:00,2400,2011-06-30,(732 cms 刘啊规幅)
550,1013310,狼鞠达,2011-06-30,2011-06-30 16:00,1180,2011-06-30,(572 cms 刘啊规幅)
551,1010320,冕玫达,2011-06-30,2011-06-30 16:00,1030,2011-06-30,(427 cms 刘啊规幅)
552,1017310,迫寸达,2011-06-30,2011-06-30 17:30,7495,2011-06-30,(2045 cms 皑家规幅)
553,1004310,鲍魂达,2011-06-30,2011-06-30 18:00,36,2011-06-30,(19 cms 皑家规幅)
554,1015310,没乞达,2011-06-30,2011-06-30 18:30,2839,2011-06-30,刘啊规幅( 439cms)
555,1013310,狼鞠达,2011-06-30,2011-06-30 18:30,1697,2011-06-30,刘啊规幅( 517cms)
556,1015310,没乞达,2011-06-30,2011-06-30 20:30,3258,2011-06-30,刘啊规幅(419cms)
557,1017310,迫寸达,2011-06-30,2011-06-30 21:40,6796,2011-06-30,皑家规幅(699cms)
558,1015310,没乞达,2011-06-30,2011-06-30 21:40,3695,2011-06-30,刘啊规幅(437cms)
559,1017310,迫寸达,2011-06-30,2011-06-30 23:30,5047,2011-06-30,皑家规幅(1749cms)
560,1015310,没乞达,2011-06-30,2011-06-30 23:30,1952,2011-06-30,皑家规幅(1743cms)
561,1013310,狼鞠达,2011-06-30,2011-06-30 23:30,711,2011-06-30,皑家规幅(986cms)
562,1010320,冕玫达,2011-06-30,2011-06-30 23:30,553,2011-06-30,皑家规幅(477cms)
563,1010320,冕玫达,2011-07-01,2011-07-01 01:00,286,2011-07-01,皑家规幅(267cms)
564,1013310,狼鞠达,2011-07-01,2011-07-01 02:00,447,2011-07-01,(264З/s 皑家规幅)
565,1017310,迫寸达,2011-07-01,2011-07-01 03:00,4066,2011-07-01,皑家规幅(981cms)
566,1015310,没乞达,2011-07-01,2011-07-01 03:00,1314,2011-07-01,皑家规幅(638cms)
567,1013310,狼鞠达,2011-07-01,2011-07-01 03:00,373,2011-07-01,皑家规幅(74cms)
568,1015310,没乞达,2011-07-01,2011-07-01 06:30,1046,2011-07-01,(268З/s 皑家规幅)
569,1004310,鲍魂达,2011-07-01,2011-07-01 14:00,25,2011-07-01,(皑家规幅 - 11 З/s)
570,1017310,迫寸达,2011-07-01,2011-07-01 11:30,3454,2011-07-01,皑家规幅 -612cms
571,1017310,迫寸达,2011-07-01,2011-07-01 15:00,2958,2011-07-01,皑家规幅(-496З/s)
572,1015310,没乞达,2011-07-01,2011-07-01 11:30,850,2011-07-01,皑家规幅(-196З/s)
573,1015310,没乞达,2011-07-01,2011-07-01 15:00,754,2011-07-01,皑家规幅(-96З/s)
574,1003110,面林,2011-07-01,2011-07-01 18:00,2000,2011-07-01,(角力 规幅绰 19矫何磐) 
575,1013310,狼鞠达,2011-07-01,2011-07-01 20:00,540,2011-07-01,167cms 刘啊规幅
576,1015310,没乞达,2011-07-01,2011-07-01 22:00,630,2011-07-01,124З/s 皑家规幅
577,1017310,迫寸达,2011-07-02,2011-07-02 01:10,2450,2011-07-02,508 З/s 皑家规幅
578,1017310,迫寸达,2011-07-02,2011-07-02 11:00,2926,2011-07-02,刘啊规幅476
579,1017310,迫寸达,2011-07-03,2011-07-03 06:30,3884,2011-07-03,刘啊规幅 958
580,1004310,鲍魂达,2011-07-03,2011-07-03 07:00,64,2011-07-03,刘啊规幅 39
581,1017310,迫寸达,2011-07-03,2011-07-03 07:30,4957,2011-07-03,刘啊规幅 1073
582,1015310,没乞达,2011-07-03,2011-07-03 07:30,883,2011-07-03,刘啊规幅 253
583,1004310,鲍魂达,2011-07-03,2011-07-03 08:30,161,2011-07-03,刘啊规幅 97
584,1013310,狼鞠达,2011-07-03,2011-07-03 09:30,670,2011-07-03,刘啊规幅(369)
585,1004310,鲍魂达,2011-07-03,2011-07-03 09:30,266,2011-07-03,刘啊规幅(105)
586,1017310,迫寸达,2011-07-03,2011-07-03 11:30,5406,2011-07-03,刘啊规幅( 449cms)
587,1017310,迫寸达,2011-07-03,2011-07-03 12:30,6396,2011-07-03,(刘啊规幅 990З/s)
588,1017310,迫寸达,2011-07-03,2011-07-03 15:30,7064,2011-07-03,(刘啊规幅 668З/s)
589,1015310,没乞达,2011-07-03,2011-07-03 15:30,1158,2011-07-03,(刘啊规幅 275З/s)
590,1017310,迫寸达,2011-07-03,2011-07-03 17:50,10499,2011-07-03,刘啊规幅 936cms
591,1015310,没乞达,2011-07-03,2011-07-03 17:50,2381,2011-07-03,刘啊规幅 545cms
592,1013310,狼鞠达,2011-07-03,2011-07-03 17:50,1275,2011-07-03,刘啊规幅 345cms
593,1010320,冕玫达,2011-07-03,2011-07-03 17:50,721,2011-07-03,刘啊规幅 212cms
594,1017310,迫寸达,2011-07-03,2011-07-03 19:30,11352,2011-07-03,(刘啊规幅 853З/s)
595,1017310,迫寸达,2011-07-03,2011-07-03 21:00,12186,2011-07-03,刘啊规幅(834)
596,1017310,迫寸达,2011-07-03,2011-07-03 22:50,10233,2011-07-03,皑家规幅 1953cms
597,1003110,面林,2011-07-03,2011-07-04 06:00,3000,2011-07-03,捞郴 刘啊规幅
598,1003611,面林炼沥瘤,2011-07-03,2011-07-04 06:00,3500,2011-07-03,捞郴 刘啊规幅
599,1004310,鲍魂达,2011-07-03,2011-07-04 00:00,241,2011-07-03,皑家规幅 91cms
600,1004310,鲍魂达,2011-07-04,2011-07-04 04:00,148,2011-07-04,(皑家规幅-93З/s)
601,1013310,狼鞠达,2011-07-04,2011-07-04 03:30,1055,2011-07-04,(皑家规幅-220З/s)
602,1010320,冕玫达,2011-07-04,2011-07-04 03:30,557,2011-07-04,(皑家规幅-164З/s)
603,1017310,迫寸达,2011-07-04,2011-07-04 06:00,9357,2011-07-04,(皑家规幅-876З/s)
604,1013310,狼鞠达,2011-07-04,2011-07-04 06:00,792,2011-07-04,(皑家规幅-263З/s)
605,1017310,迫寸达,2011-07-04,2011-07-04 07:10,8364,2011-07-04,(皑家规幅-993З/s)
606,1013310,狼鞠达,2011-07-04,2011-07-04 07:10,583,2011-07-04,(皑家规幅-291З/s)
607,1017310,迫寸达,2011-07-04,2011-07-04 09:10,6890,2011-07-04,(皑家规幅-1474З/s)
608,1015310,没乞达,2011-07-04,2011-07-04 09:10,1860,2011-07-04,(皑家规幅-521З/s)
609,1004310,鲍魂达,2011-07-04,2011-07-04 10:00,94,2011-07-04,53.6З/s 皑家规幅
610,1017310,迫寸达,2011-07-04,2011-07-04 10:20,6350,2011-07-04,540З/s 皑家规幅
611,1015310,没乞达,2011-07-04,2011-07-04 10:20,1340,2011-07-04,520З/s 皑家规幅
612,1006110,染己,2011-07-04,2011-07-04 10:00,100,2011-07-04,荐巩炼累俊 狼茄 规幅
613,1015310,没乞达,2011-07-04,2011-07-04 12:10,1150,2011-07-04,(190З/s 皑家规幅)
614,1010320,冕玫达,2011-07-04,2011-07-04 12:10,455,2011-07-04,(102З/s 皑家规幅)
615,1017310,迫寸达,2011-07-04,2011-07-04 13:00,5210,2011-07-04,(1 140 З/s 皑家规幅)
616,1010320,冕玫达,2011-07-04,2011-07-04 15:00,345,2011-07-04,(110З/s 皑家规幅)
617,1004310,鲍魂达,2011-07-04,2011-07-04 15:00,55,2011-07-04,(39З/s 皑家规幅)
618,1017310,迫寸达,2011-07-04,2011-07-04 17:30,5629,2011-07-04,419З/s 刘啊规幅
619,1015310,没乞达,2011-07-04,2011-07-04 19:00,1010,2011-07-04,140З/s 皑家规幅
620,1010320,冕玫达,2011-07-04,2011-07-04 19:00,297,2011-07-04,48З/s 皑家规幅
621,1017310,迫寸达,2011-07-04,2011-07-04 23:00,4697,2011-07-04,(932 З/s 皑家规幅)
622,1017310,迫寸达,2011-07-05,2011-07-05 07:00,4453,2011-07-05,(244 З/s 皑家规幅)
623,1015310,没乞达,2011-07-05,2011-07-05 07:00,808,2011-07-05,(202 З/s 皑家规幅)
624,1015310,没乞达,2011-07-05,2011-07-05 12:00,661,2011-07-05,(皑家规幅 - 147 З/s)
625,1013310,狼鞠达,2011-07-05,2011-07-05 15:00,545,2011-07-05,(皑家规幅 -73 З/s)
626,1003110,面林,2011-07-05,2011-07-05 17:00,4000,2011-07-05,(刘啊规幅 1 000 З/s)
627,1003611,面林炼沥瘤,2011-07-05,2011-07-05 17:00,4200,2011-07-05,
628,1015310,没乞达,2011-07-05,2011-07-05 18:00,580,2011-07-05,皑家规幅 81cms
629,1013310,狼鞠达,2011-07-05,2011-07-05 18:00,480,2011-07-05,皑家规幅 65cms
630,1015310,没乞达,2011-07-05,2011-07-05 21:00,480,2011-07-05,没乞达 100cms 皑家 规幅
631,1015310,没乞达,2011-07-06,2011-07-06 06:00,680,2011-07-06,没乞达 200cms 刘啊 规幅
632,1004310,鲍魂达,2011-07-06,2011-07-06 07:00,36,2011-07-06,鲍魂达 19cms 皑家 规幅
633,1017310,迫寸达,2011-07-06,2011-07-06 09:40,5244,2011-07-06,(791З/s 刘啊规幅)
634,1015310,没乞达,2011-07-06,2011-07-06 09:40,884,2011-07-06,(204З/s 刘啊规幅)
635,1013310,狼鞠达,2011-07-06,2011-07-06 09:40,617,2011-07-06,(137З/s 刘啊规幅)
636,1010320,冕玫达,2011-07-06,2011-07-06 12:50,300,2011-07-06,冕玫达 达 规幅铰牢 蒲胶 葛碘 抛胶吝涝聪促.
637,1017310,迫寸达,2011-07-06,2011-07-06 18:00,4727,2011-07-06,皑家规幅 517cms
638,1015310,没乞达,2011-07-06,2011-07-06 18:00,772,2011-07-06,皑家规幅 112cms
639,1004310,鲍魂达,2011-07-06,2011-07-06 18:00,23,2011-07-06,皑家规幅(13)
640,1017310,迫寸达,2011-07-07,2011-07-07 12:00,4445,2011-07-07,(皑家规幅 -282 З/s)
641,1015310,没乞达,2011-07-07,2011-07-07 10:00,664,2011-07-07,(皑家规幅 -108 З/s)
642,1013310,狼鞠达,2011-07-07,2011-07-07 10:00,537,2011-07-07,(皑家规幅 -80 З/s)
643,1004310,鲍魂达,2011-07-07,2011-07-07 13:30,58,2011-07-07,(刘啊规幅 35 З/s)
644,1004310,鲍魂达,2011-07-08,2011-07-08 04:00,137,2011-07-08,刘啊规幅( 79)
645,1004310,鲍魂达,2011-07-08,2011-07-08 05:30,217,2011-07-08,刘啊规幅(80cms)
646,1017310,迫寸达,2011-07-08,2011-07-08 06:40,3931,2011-07-08,(皑家规幅 -514 З/s)
647,1004310,鲍魂达,2011-07-08,2011-07-08 07:30,296,2011-07-08,(刘啊规幅  79 З/s)
648,1017310,迫寸达,2011-07-08,2011-07-08 14:00,4580,2011-07-08,(刘啊规幅 659З/s)
649,1015310,没乞达,2011-07-08,2011-07-08 13:30,880,2011-07-08,刘啊规幅 216З/s
650,1017310,迫寸达,2011-07-08,2011-07-08 19:30,4212,2011-07-08,皑家规幅(368)
651,1004310,鲍魂达,2011-07-08,2011-07-08 21:00,153,2011-07-08,皑家规幅(143)
652,1017310,迫寸达,2011-07-08,2011-07-08 23:00,4737,2011-07-08,刘啊规幅(525)
653,1015310,没乞达,2011-07-08,2011-07-08 23:00,989,2011-07-08,刘啊规幅(109)
654,1015310,没乞达,2011-07-09,2011-07-09 04:00,1408,2011-07-09,(419 cms 刘啊规幅)
655,1004310,鲍魂达,2011-07-09,2011-07-09 04:00,296,2011-07-09,(143 cms 刘啊规幅)
656,1013310,狼鞠达,2011-07-09,2011-07-09 06:00,621,2011-07-09,(84 cms 刘啊规幅)
657,1015310,没乞达,2011-07-09,2011-07-09 06:00,1670,2011-07-09,(262 cms 刘啊规幅)
658,1017310,迫寸达,2011-07-09,2011-07-09 06:00,5646,2011-07-09,(909 cms 刘啊规幅)
659,1017310,迫寸达,2011-07-09,2011-07-09 08:00,6246,2011-07-09,(600 cms 刘啊规幅)
660,1017310,迫寸达,2011-07-09,2011-07-09 09:30,7005,2011-07-09,刘啊规幅 759
661,1004310,鲍魂达,2011-07-09,2011-07-09 09:30,571,2011-07-09,刘啊规幅 154
662,1015310,没乞达,2011-07-09,2011-07-09 10:00,1847,2011-07-09,(177З/s刘啊规幅)
663,1004310,鲍魂达,2011-07-09,2011-07-09 10:00,735,2011-07-09,(164З/s刘啊规幅)
664,1017310,迫寸达,2011-07-09,2011-07-09 11:30,7995,2011-07-09,刘啊规幅 900
665,1015310,没乞达,2011-07-09,2011-07-09 11:30,2267,2011-07-09,刘啊规幅 420
666,1017310,迫寸达,2011-07-09,2011-07-09 12:00,8894,2011-07-09,刘啊规幅 989
667,1004310,鲍魂达,2011-07-09,2011-07-09 14:00,556,2011-07-09,皑家规幅 179
668,1004310,鲍魂达,2011-07-09,2011-07-09 15:30,456,2011-07-09,皑家规幅 100
669,1015310,没乞达,2011-07-09,2011-07-09 18:00,1830,2011-07-09,皑家规幅 437
670,1013310,狼鞠达,2011-07-09,2011-07-09 18:00,550,2011-07-09,皑家规幅 71
671,1004310,鲍魂达,2011-07-09,2011-07-09 18:30,254,2011-07-09,皑家规幅 202
672,1017310,迫寸达,2011-07-09,2011-07-09 21:00,6570,2011-07-09,皑家规幅 2324cms
673,1015310,没乞达,2011-07-09,2011-07-09 21:00,1550,2011-07-09,皑家规幅 280cms
674,1004310,鲍魂达,2011-07-09,2011-07-09 22:30,161,2011-07-09,皑家规幅 93
675,1015310,没乞达,2011-07-09,2011-07-09 23:30,1280,2011-07-09,皑家规幅 270
676,1017310,迫寸达,2011-07-10,2011-07-10 03:30,5330,2011-07-10,皑家规幅 1240
677,1004310,鲍魂达,2011-07-10,2011-07-10 20:00,529,2011-07-10,(刘啊规幅 141З/s)
678,1017310,迫寸达,2011-07-10,2011-07-10 22:00,5197,2011-07-10,(1062 З/s 刘啊规幅)
679,1004310,鲍魂达,2011-07-10,2011-07-10 22:00,638,2011-07-10,(109 З/s 刘啊规幅)
680,1004310,鲍魂达,2011-07-10,2011-07-10 23:00,720,2011-07-10,(82 З/s 刘啊规幅)
681,1004310,鲍魂达,2011-07-11,2011-07-11 01:00,638,2011-07-11,鲍魂达 -82cms 皑家规幅
682,1004310,鲍魂达,2011-07-11,2011-07-11 05:00,388,2011-07-11,鲍魂达 250cms 皑家规幅
683,1017310,迫寸达,2011-07-11,2011-07-11 07:00,4407,2011-07-11,迫寸达 -758cms 皑家规幅
684,1015310,没乞达,2011-07-11,2011-07-11 07:00,853,2011-07-11,没乞达 -196cms 皑家规幅
685,1004310,鲍魂达,2011-07-11,2011-07-11 08:00,241,2011-07-11,鲍魂达 -147cms 皑家规幅
686,1017310,迫寸达,2011-07-11,2011-07-11 13:30,4997,2011-07-11,刘啊规幅(590)
687,1004310,鲍魂达,2011-07-11,2011-07-11 20:00,129,2011-07-11,(皑家规幅 -112 З/s)
688,1004310,鲍魂达,2011-07-11,2011-07-12 00:00,258,2011-07-11,刘啊规幅 129cms
689,1017310,迫寸达,2011-07-12,2011-07-12 08:00,4607,2011-07-12,皑家规幅 -390cms
690,1004310,鲍魂达,2011-07-12,2011-07-12 08:00,148,2011-07-12,皑家规幅 -110cms
691,1017310,迫寸达,2011-07-12,2011-07-12 11:30,5750,2011-07-12,(1143З/s 刘啊规幅)
692,1015310,没乞达,2011-07-12,2011-07-12 14:00,1060,2011-07-12,(207 З/s 刘啊规幅)
693,1015310,没乞达,2011-07-12,2011-07-12 18:00,1265,2011-07-12,(205З/s 刘啊规幅)
694,1004310,鲍魂达,2011-07-12,2011-07-12 19:00,203,2011-07-12,(55 З/s 刘啊规幅)
695,1015310,没乞达,2011-07-12,2011-07-12 19:00,1544,2011-07-12,(279З/s 刘啊规幅)
696,1017310,迫寸达,2011-07-12,2011-07-12 19:00,6156,2011-07-12,(406З/s 刘啊规幅)
697,1017310,迫寸达,2011-07-12,2011-07-12 22:30,5497,2011-07-12,(沥沥 659З/s 皑家规幅)
698,1004310,鲍魂达,2011-07-13,2011-07-13 01:00,155,2011-07-13,(62 З/s 皑家规幅)
699,1013310,狼鞠达,2011-07-10,2011-07-10 10:40,620,2011-07-10,(70 З/s 刘啊规幅)
700,1013310,狼鞠达,2011-07-13,2011-07-13 09:00,811,2011-07-13,(191 З/s 刘啊规幅)
701,1010320,冕玫达,2011-07-13,2011-07-13 08:00,553,2011-07-13,(256 З/s 刘啊规幅)
702,1004310,鲍魂达,2011-07-13,2011-07-13 13:00,99,2011-07-13,(皑家规幅 56cms)
703,1017310,迫寸达,2011-07-13,2011-07-13 17:10,4530,2011-07-13,(皑家规幅 967cms)
704,1015310,没乞达,2011-07-13,2011-07-13 18:30,1180,2011-07-13,(皑家规幅 364cms)
705,1017310,迫寸达,2011-07-14,2011-07-14 06:00,5240,2011-07-14,刘啊规幅(710cms)
706,1015310,没乞达,2011-07-14,2011-07-14 06:00,1480,2011-07-14,刘啊规幅(300cms)
707,1013310,狼鞠达,2011-07-14,2011-07-14 06:00,900,2011-07-14,刘啊规幅(89cms)
708,1004310,鲍魂达,2011-07-14,2011-07-14 09:00,58,2011-07-14,(41З/s 皑家规幅)
709,1017310,迫寸达,2011-07-14,2011-07-14 13:00,5876,2011-07-14,刘啊规幅 636
710,1015310,没乞达,2011-07-14,2011-07-14 13:00,1750,2011-07-14,刘啊规幅 270
711,1013310,狼鞠达,2011-07-14,2011-07-14 13:00,942,2011-07-14,刘啊规幅 42
712,1017310,迫寸达,2011-07-14,2011-07-14 16:30,6476,2011-07-14,刘啊规幅 600cms
713,1015310,没乞达,2011-07-14,2011-07-14 16:30,1916,2011-07-14,刘啊规幅 166cms
714,1004310,鲍魂达,2011-07-14,2011-07-14 18:00,99,2011-07-14,刘啊规幅 41cms
715,1017310,迫寸达,2011-07-14,2011-07-14 20:30,7695,2011-07-14,迫寸达 1 219cms 刘啊规幅
716,1015310,没乞达,2011-07-14,2011-07-14 20:30,2337,2011-07-14,没乞达 421cms 刘啊规幅
717,1013310,狼鞠达,2011-07-14,2011-07-14 20:30,1555,2011-07-14,狼鞠达 613cms 刘啊规幅
718,1010320,冕玫达,2011-07-14,2011-07-14 20:30,982,2011-07-14,冕玫达 429cms 刘啊规幅
719,1017310,迫寸达,2011-07-14,2011-07-14 23:00,8495,2011-07-14,迫寸达 800cms 刘啊规幅
720,1015310,没乞达,2011-07-14,2011-07-14 23:00,3057,2011-07-14,没乞达 720cms 刘啊规幅
721,1017310,迫寸达,2011-07-15,2011-07-15 02:30,7425,2011-07-15,1 070cms 皑家规幅
722,1015310,没乞达,2011-07-15,2011-07-15 02:30,2515,2011-07-15,542cms 皑家规幅
723,1013310,狼鞠达,2011-07-15,2011-07-15 02:30,1205,2011-07-15,350cms 皑家规幅
724,1010320,冕玫达,2011-07-15,2011-07-15 02:30,765,2011-07-15,217cms 皑家规幅
725,1017310,迫寸达,2011-07-15,2011-07-15 05:30,6756,2011-07-15,(皑家规幅 -669З/s)
726,1015310,没乞达,2011-07-15,2011-07-15 05:30,1956,2011-07-15,(皑家规幅-559З/s)
727,1013310,狼鞠达,2011-07-15,2011-07-15 05:30,936,2011-07-15,(皑家规幅-269З/s)
728,1010320,冕玫达,2011-07-15,2011-07-15 05:30,611,2011-07-15,(皑家规幅-154З/s)
729,1017310,迫寸达,2011-07-15,2011-07-15 11:00,6276,2011-07-15,(480З/s 皑家规幅)
730,1013310,狼鞠达,2011-07-15,2011-07-15 11:00,876,2011-07-15,(60З/s 皑家规幅)
731,1017310,迫寸达,2011-07-15,2011-07-15 16:00,5786,2011-07-15,(490З/s 皑家规幅)
732,1010310,拳玫达,2011-07-15,2011-07-15 20:00,275,2011-07-15,(80З/s 荐巩炼累 刘啊规幅)
733,1017310,迫寸达,2011-07-15,2011-07-15 19:50,4790,2011-07-15,皑家规幅 (-996cms)
734,1017310,迫寸达,2011-07-15,2011-07-15 21:00,4970,2011-07-15,皑家规幅 (-996cms)
735,1015310,没乞达,2011-07-15,2011-07-15 21:00,1640,2011-07-15,皑家规幅 (-316cms)
736,1015310,没乞达,2011-07-16,2011-07-16 07:30,1080,2011-07-16,皑家规幅(280cms)
737,1004310,鲍魂达,2011-07-16,2011-07-16 10:00,58,2011-07-16,(41З/s 皑家规幅)
738,1015310,没乞达,2011-07-16,2011-07-16 10:00,1577,2011-07-16,(497З/s 刘啊规幅)
739,1017310,迫寸达,2011-07-16,2011-07-16 10:00,4935,2011-07-16,(505З/s 刘啊规幅)
740,1017310,迫寸达,2011-07-16,2011-07-17 07:00,4055,2011-07-17,(462 З/s 皑家规幅)
741,1015310,没乞达,2011-07-16,2011-07-16 19:00,1654,2011-07-16,(77 З/s 刘啊规幅)
742,1013310,狼鞠达,2011-07-16,2011-07-16 19:00,941,2011-07-16,(65 З/s 刘啊规幅)
743,1004310,鲍魂达,2011-07-16,2011-07-16 19:00,37,2011-07-16,(21 З/s 皑家规幅)
744,1015310,没乞达,2011-07-17,2011-07-17 14:00,1462,2011-07-17,180皑家规幅
745,1013310,狼鞠达,2011-07-17,2011-07-17 14:00,735,2011-07-17,194皑家规幅
746,1010320,冕玫达,2011-07-17,2011-07-17 14:00,505,2011-07-17,104皑家规幅
747,1010310,拳玫达,2011-07-17,2011-07-17 14:00,249,2011-07-17,54皑家规幅
748,1015310,没乞达,2011-07-17,2011-07-17 17:30,1280,2011-07-17,182皑家规幅
749,1015310,没乞达,2011-07-17,2011-07-17 19:30,1070,2011-07-17,皑家规幅(210cms)
750,1013310,狼鞠达,2011-07-17,2011-07-17 19:30,630,2011-07-17,皑家规幅(105cms)
751,1017310,迫寸达,2011-07-17,2011-07-17 21:30,3390,2011-07-17,皑家规幅(665cms)
752,1010320,冕玫达,2011-07-17,2011-07-17 23:00,400,2011-07-17,皑家规幅(105cms)
753,1004310,鲍魂达,2011-07-17,2011-07-17 22:00,24,2011-07-17,皑家规幅(13cms)
754,1017310,迫寸达,2011-07-18,2011-07-18 05:30,2620,2011-07-18,皑家规幅(770cms)
755,1015310,没乞达,2011-07-18,2011-07-18 05:30,670,2011-07-18,皑家规幅(400cms)
756,1013310,狼鞠达,2011-07-18,2011-07-18 05:30,470,2011-07-18,皑家规幅(160cms)
757,1010320,冕玫达,2011-07-18,2011-07-18 05:30,275,2011-07-18,皑家规幅(125cms)
758,1004310,鲍魂达,2011-07-18,2011-07-18 10:00,15,2011-07-18,(惯傈规幅父 角矫)
759,1015310,没乞达,2011-07-18,2011-07-16 03:30,1360,2011-07-18,(皑家规幅 -280 З/s)
760,1017310,迫寸达,2011-07-18,2011-07-16 03:30,4430,2011-07-18,(皑家规幅 -360 З/s)
761,1017310,迫寸达,2011-07-19,2011-07-19 06:30,2350,2011-07-19,皑家规幅 270cms
762,1017310,迫寸达,2011-07-19,2011-07-19 21:10,1842,2011-07-19,(508З/s 皑家规幅)
763,1017310,迫寸达,2011-07-20,2011-07-20 06:00,1434,2011-07-20,(408З/s) 皑家规幅
764,1015310,没乞达,2011-07-20,2011-07-20 06:00,584,2011-07-20,(86З/s 皑家规幅)
765,1010320,冕玫达,2011-07-20,2011-07-20 12:00,240,2011-07-20,(荐巩傈企)
766,1017310,迫寸达,2011-07-20,2011-07-20 20:00,1831,2011-07-20,(405 З/s 刘啊规幅)
767,1017310,迫寸达,2011-07-21,2011-07-21 06:30,1448,2011-07-21,(383 З/s 皑家规幅)
768,1017310,迫寸达,2011-07-21,2011-07-21 09:30,1179,2011-07-21,(-269З/s皑家规幅)
769,1015310,没乞达,2011-07-21,2011-07-21 09:30,482,2011-07-21,(-102З/s皑家规幅)
770,1017310,迫寸达,2011-07-21,2011-07-21 12:00,918,2011-07-21,(皑家规幅 -261 З/s)
771,1015310,没乞达,2011-07-22,2011-07-22 07:00,430,2011-07-22,皑家规幅 52cms
772,1013310,狼鞠达,2011-07-22,2011-07-22 07:00,405,2011-07-22,皑家规幅 65cms
773,1004310,鲍魂达,2011-07-22,2011-07-22 12:00,26,2011-07-22,( 11 З/s刘啊规幅)
774,1004310,鲍魂达,2011-07-23,2011-07-23 22:00,20,2011-07-23,(-6 З/s 皑家规幅)
775,1004310,鲍魂达,2011-07-25,2011-07-25 01:30,29,2011-07-25,刘啊规幅(9.5cms)
776,1004310,鲍魂达,2011-07-25,2011-07-25 07:00,63,2011-07-25,刘啊规幅(34cms)
777,1004310,鲍魂达,2011-07-25,2011-07-25 10:00,153,2011-07-25,(刘啊规幅  90 З/s)
778,1004310,鲍魂达,2011-07-26,2011-07-26 06:00,52,2011-07-26,皑家规幅 101cms
779,1004310,鲍魂达,2011-07-26,2011-07-26 10:00,34,2011-07-26,(皑家规幅 -18 З/s)
780,1017310,迫寸达,2011-07-26,2011-07-26 19:00,1964,2011-07-26,刘啊规幅 1046 cms
781,1015310,没乞达,2011-07-26,2011-07-26 19:00,884,2011-07-26,刘啊规幅 454cms
782,1013310,狼鞠达,2011-07-26,2011-07-26 19:00,617,2011-07-26,刘啊规幅 212 cms
783,1010320,冕玫达,2011-07-26,2011-07-26 21:30,346,2011-07-26,檬扁规幅 
784,1017310,迫寸达,2011-07-26,2011-07-26 20:00,3274,2011-07-26,(1310З/s 刘啊规幅)
785,1015310,没乞达,2011-07-26,2011-07-26 20:00,1398,2011-07-26,(514З/s 刘啊规幅)
786,1013310,狼鞠达,2011-07-26,2011-07-26 20:00,765,2011-07-26,(148З/s 刘啊规幅)
787,1017310,迫寸达,2011-07-26,2011-07-26 20:40,4477,2011-07-26,刘啊规幅 1203 cms
788,1017310,迫寸达,2011-07-26,2011-07-26 22:00,5766,2011-07-26,刘啊规幅 1289 cms
789,1015310,没乞达,2011-07-26,2011-07-26 22:00,2008,2011-07-26,刘啊规幅 610 cms
790,1013310,狼鞠达,2011-07-26,2011-07-26 22:00,1106,2011-07-26,刘啊规幅 341 cms
791,1013310,狼鞠达,2011-07-26,2011-07-26 22:30,2090,2011-07-26,刘啊规幅 984 cms
792,1010320,冕玫达,2011-07-26,2011-07-26 22:30,929,2011-07-26,刘啊规幅 583 cms
793,1017310,迫寸达,2011-07-27,2011-07-27 01:00,6396,2011-07-26,刘啊规幅 630 cms
794,1015310,没乞达,2011-07-27,2011-07-27 00:30,3343,2011-07-26,刘啊规幅 1335 cms
795,1013310,狼鞠达,2011-07-27,2011-07-27 01:00,3124,2011-07-26,刘啊规幅 1034 cms
796,1010320,冕玫达,2011-07-27,2011-07-27 00:30,1705,2011-07-26,刘啊规幅 776 cms
797,1015310,没乞达,2011-07-27,2011-07-27 01:30,4048,2011-07-27,刘啊规幅 705 cms
798,1015310,没乞达,2011-07-27,2011-07-27 04:30,4728,2011-07-27,刘啊规幅 680 cms
799,1017310,迫寸达,2011-07-27,2011-07-27 05:00,7615,2011-07-27,(1219З/s 刘啊规幅)
800,1010310,拳玫达,2011-07-27,2011-07-27 08:00,284,2011-07-27,(94З/s 刘啊规幅)
801,1017310,迫寸达,2011-07-27,2011-07-27 05:30,10894,2011-07-27,刘啊规幅3279З/s
802,1015310,没乞达,2011-07-27,2011-07-27 05:30,6695,2011-07-27,刘啊规幅1967З/s
803,1013310,狼鞠达,2011-07-27,2011-07-27 06:00,4692,2011-07-27,刘啊规幅1568З/s
804,1010320,冕玫达,2011-07-27,2011-07-27 06:00,2880,2011-07-27,刘啊规幅1175 З/s
805,1017310,迫寸达,2011-07-27,2011-07-27 06:30,13392,2011-07-27,刘啊规幅2498 З/s
806,1015310,没乞达,2011-07-27,2011-07-27 06:30,7907,2011-07-27,刘啊规幅1212З/s
807,1013310,狼鞠达,2011-07-27,2011-07-27 08:00,3740,2011-07-27,皑家规幅 952 cms
808,1010320,冕玫达,2011-07-27,2011-07-27 08:00,1880,2011-07-27,皑家规幅 1000 cms
809,1017310,迫寸达,2011-07-27,2011-07-27 08:10,15991,2011-07-27,刘啊规幅2599З/s
810,1013310,狼鞠达,2011-07-27,2011-07-27 09:00,2942,2011-07-27,(798З/s 皑家规幅)
811,1010320,冕玫达,2011-07-27,2011-07-27 09:00,1566,2011-07-27,(314З/s 皑家规幅)
812,1015310,没乞达,2011-07-27,2011-07-27 10:00,6514,2011-07-27,没乞达 -1393 皑家规幅
813,1012110,家剧碍,2011-07-27,2011-07-27 10:00,1500,2011-07-27,
814,1006110,染己,2011-07-27,2011-07-27 14:00,100,2011-07-27,
815,1017310,迫寸达,2011-07-27,2011-07-27 11:00,14492,2011-07-27,皑家规幅(-1499cms)
816,1010310,拳玫达,2011-07-27,2011-07-27 11:00,950,2011-07-27,刘啊规幅(666cms)
817,1004310,鲍魂达,2011-07-27,2011-07-27 11:00,55,2011-07-27,刘啊规幅(21cms)
818,1013310,狼鞠达,2011-07-27,2011-07-27 11:30,1810,2011-07-27,狼鞠达 -518cms 皑家规幅
819,1017310,迫寸达,2011-07-27,2011-07-27 12:00,13492,2011-07-27,迫寸达 1000cms 皑家规幅
820,1015310,没乞达,2011-07-27,2011-07-27 12:00,5697,2011-07-27,没乞达 5697cms 皑家规幅
821,1013310,狼鞠达,2011-07-27,2011-07-27 12:00,1472,2011-07-27,狼鞠达 338cms 皑家规幅
822,1004310,鲍魂达,2011-07-27,2011-07-27 12:00,114,2011-07-27,鲍魂达 114cms 刘啊规幅
823,1015310,没乞达,2011-07-27,2011-07-27 14:00,4521,2011-07-27,皑家规幅(-1176cms)
824,1010320,冕玫达,2011-07-27,2011-07-27 14:00,1462,2011-07-27,刘啊规幅(316cms)
825,1017310,迫寸达,2011-07-27,2011-07-27 14:30,14392,2011-07-27,刘啊规幅(900cms)
826,1003611,面林炼沥瘤,2011-07-27,2011-07-27 17:00,2200,2011-07-27,(铰牢樊郴 藕仿利 炼沥)
827,1017310,迫寸达,2011-07-27,2011-07-27 14:40,16391,2011-07-27,迫寸达  1999 刘啊规幅
828,1013310,狼鞠达,2011-07-27,2011-07-27 15:30,1927,2011-07-27,狼鞠达  455cms 刘啊规幅
829,1004310,鲍魂达,2011-07-27,2011-07-27 16:30,241,2011-07-27,鲍魂达  127cms 刘啊规幅
830,1013310,狼鞠达,2011-07-27,2011-07-27 17:00,3216,2011-07-27,狼鞠达  1 289 刘啊规幅
831,1017310,迫寸达,2011-07-27,2011-07-27 18:10,13392,2011-07-27,迫寸达 1 999cms  皑家规幅
832,1015310,没乞达,2011-07-27,2011-07-27 18:10,5095,2011-07-27,没乞达 574cms 刘啊规幅
833,1017310,迫寸达,2011-07-27,2011-07-27 19:20,15992,2011-07-27,迫寸达 2 600cms 刘啊规幅
834,1015310,没乞达,2011-07-27,2011-07-27 19:20,6512,2011-07-27,没乞达 1 417cms 刘啊规幅
835,1013310,狼鞠达,2011-07-27,2011-07-27 19:20,4021,2011-07-27,狼鞠达 805cms 刘啊规幅
836,1015310,没乞达,2011-07-27,2011-07-27 20:10,7715,2011-07-27,1 203cms 刘啊规幅
837,1004310,鲍魂达,2011-07-27,2011-07-27 21:00,120,2011-07-27,121cms 皑家规幅
838,1015310,没乞达,2011-07-27,2011-07-27 20:50,8810,2011-07-27,1095cms 刘啊规幅
839,1013310,狼鞠达,2011-07-27,2011-07-27 21:20,4998,2011-07-27,977cms 刘啊规幅
840,1010320,冕玫达,2011-07-27,2011-07-27 21:20,2276,2011-07-27,814cms 刘啊规幅
841,1010310,拳玫达,2011-07-27,2011-07-27 21:20,1234,2011-07-27,284cms 刘啊规幅
842,1006110,染己,2011-07-27,2011-07-28 00:00,200,2011-07-27,(铰牢樊郴俊辑 藕仿利 刘啊规幅)
843,1010320,冕玫达,2011-07-27,2011-07-27 22:10,3234,2011-07-27,958cms 刘啊规幅
844,1010320,冕玫达,2011-07-27,2011-07-27 22:40,4231,2011-07-27,997cms 刘啊规幅
845,1010310,拳玫达,2011-07-27,2011-07-27 22:40,1603,2011-07-27,369cms 刘啊规幅
846,1015310,没乞达,2011-07-27,2011-07-27 23:10,10534,2011-07-27,没乞达 1724cms 刘啊规幅
847,1013310,狼鞠达,2011-07-27,2011-07-27 23:30,5505,2011-07-27,狼鞠达 507cms 刘啊规幅
848,1010320,冕玫达,2011-07-27,2011-07-27 23:30,5136,2011-07-27,冕玫达 905cms 刘啊规幅
849,1004310,鲍魂达,2011-07-27,2011-07-28 00:00,94,2011-07-27,鲍魂达 26 皑家规幅
850,1015310,没乞达,2011-07-27,2011-07-27 23:50,12167,2011-07-27,没乞达 1633cms 刘啊规幅
851,1013310,狼鞠达,2011-07-27,2011-07-28 00:00,6512,2011-07-27,狼鞠达 1007cms 刘啊规幅
852,1013310,狼鞠达,2011-07-28,2011-07-28 00:10,7765,2011-07-28,狼鞠达 1253cms 刘啊规幅
853,1017310,迫寸达,2011-07-28,2011-07-28 00:30,16992,2011-07-28,迫寸达 1 000cms 刘啊规幅
854,1015310,没乞达,2011-07-28,2011-07-28 00:30,13646,2011-07-28,没乞达 1 479cms 刘啊规幅
855,1013310,狼鞠达,2011-07-28,2011-07-28 00:30,8774,2011-07-28,狼鞠达 1 009cms 刘啊规幅
856,1010320,冕玫达,2011-07-28,2011-07-28 01:30,4879,2011-07-28,冕玫达 257cms 皑家规幅
857,1017310,迫寸达,2011-07-28,2011-07-28 02:00,17992,2011-07-28,迫寸达 1 000cms 刘啊规幅
858,1013310,狼鞠达,2011-07-28,2011-07-28 02:20,8259,2011-07-28,狼鞠达 515cms 皑家规幅
859,1010320,冕玫达,2011-07-28,2011-07-28 02:20,4112,2011-07-28,冕玫达 767cms 皑家规幅
860,1017310,迫寸达,2011-07-28,2011-07-28 04:00,16492,2011-07-28,迫寸达 1500cms 皑家规幅
861,1015310,没乞达,2011-07-28,2011-07-28 04:00,12024,2011-07-28,没乞达 1622cms 皑家规幅
862,1013310,狼鞠达,2011-07-28,2011-07-28 04:00,7686,2011-07-28,狼鞠达 573cms 皑家规幅
863,1010320,冕玫达,2011-07-28,2011-07-28 04:00,3274,2011-07-28,冕玫达 838cms 皑家规幅
864,1015310,没乞达,2011-07-28,2011-07-28 05:10,11038,2011-07-28,986cms 皑家规幅
865,1013310,狼鞠达,2011-07-28,2011-07-28 05:10,6936,2011-07-28,750cms 皑家规幅
866,1010320,冕玫达,2011-07-28,2011-07-28 05:10,2785,2011-07-28,489cms 皑家规幅
867,1010310,拳玫达,2011-07-28,2011-07-28 05:10,1985,2011-07-28,382cms 皑家规幅
868,1015310,没乞达,2011-07-28,2011-07-28 07:00,9426,2011-07-28,1612cms 皑家规幅
869,1013310,狼鞠达,2011-07-28,2011-07-28 07:00,6417,2011-07-28,519cms 皑家规幅
870,1010320,冕玫达,2011-07-28,2011-07-28 07:00,3001,2011-07-28,216cms 刘啊规幅
871,1017310,迫寸达,2011-07-28,2011-07-28 07:10,13993,2011-07-28,迫寸达 2499cms 皑家规幅
872,1013310,狼鞠达,2011-07-28,2011-07-28 07:30,5477,2011-07-28,狼鞠达 940cms 皑家规幅
873,1017310,迫寸达,2011-07-28,2011-07-28 08:00,11993,2011-07-28,迫寸达 2000cms 皑家规幅
874,1015310,没乞达,2011-07-28,2011-07-28 09:00,7500,2011-07-28,(1926 З/s 皑家规幅)
875,1013310,狼鞠达,2011-07-28,2011-07-28 10:00,6030,2011-07-28,刘啊规幅(553cms)
876,1010320,冕玫达,2011-07-28,2011-07-28 10:00,3930,2011-07-28,刘啊规幅(929cms)
877,1017310,迫寸达,2011-07-28,2011-07-28 10:20,10490,2011-07-28,皑家规幅(1503cms)
878,1004310,鲍魂达,2011-07-28,2011-07-28 12:00,55,2011-07-28,皑家规幅(-39cms)
879,1017310,迫寸达,2011-07-28,2011-07-28 13:00,12990,2011-07-28,刘啊规幅(997cms)
880,1015310,没乞达,2011-07-28,2011-07-28 12:30,8460,2011-07-28,刘啊规幅(960cms)
881,1017310,迫寸达,2011-07-28,2011-07-28 16:30,11990,2011-07-28,迫寸达 皑家规幅(-1000cms)
882,1017310,迫寸达,2011-07-28,2011-07-28 18:30,11414,2011-07-28,皑家规幅(-576cms)
883,1013310,狼鞠达,2011-07-28,2011-07-28 18:30,6204,2011-07-28,皑家规幅(-20cms)
884,1004310,鲍魂达,2011-07-28,2011-07-28 19:00,35,2011-07-28,皑家规幅(-20cms)
885,1013310,狼鞠达,2011-07-28,2011-07-28 18:30,6204,2011-07-28,[荐沥]刘啊规幅(672cms)
886,1017310,迫寸达,2011-07-28,2011-07-28 19:30,10051,2011-07-28,皑家规幅(-1363cms)
887,1015310,没乞达,2011-07-28,2011-07-28 19:30,6464,2011-07-28,皑家规幅(-1439cms)
888,1017310,迫寸达,2011-07-28,2011-07-28 22:00,9595,2011-07-28,皑家规幅(-456cms)
889,1015310,没乞达,2011-07-28,2011-07-28 22:00,7482,2011-07-28,刘啊规幅(1018cms)
890,1013310,狼鞠达,2011-07-28,2011-07-28 22:00,5927,2011-07-28,皑家规幅(-277cms)
891,1010320,冕玫达,2011-07-28,2011-07-28 22:00,3755,2011-07-28,皑家规幅(-175cms)
892,1017310,迫寸达,2011-07-28,2011-07-29 00:00,8705,2011-07-28,皑家规幅(-890)
893,1015310,没乞达,2011-07-28,2011-07-29 00:00,7216,2011-07-28,皑家规幅(-266)
894,1013310,狼鞠达,2011-07-28,2011-07-29 00:00,5759,2011-07-28,皑家规幅(-166)
895,1010320,冕玫达,2011-07-28,2011-07-29 00:00,3557,2011-07-28,皑家规幅(-198)
896,1017310,迫寸达,2011-07-29,2011-07-29 03:00,9982,2011-07-29,刘啊规幅(1277)
897,1015310,没乞达,2011-07-29,2011-07-29 03:00,7759,2011-07-29,刘啊规幅(543)
898,1010320,冕玫达,2011-07-29,2011-07-29 03:00,3379,2011-07-29,皑家规幅(-178)
899,1017310,迫寸达,2011-07-29,2011-07-29 07:00,9435,2011-07-29,皑家规幅(-547)
900,1015310,没乞达,2011-07-29,2011-07-29 07:00,7169,2011-07-29,皑家规幅(-590)
901,1013310,狼鞠达,2011-07-29,2011-07-29 07:00,5088,2011-07-29,皑家规幅(-671)
902,1010320,冕玫达,2011-07-29,2011-07-29 07:00,2980,2011-07-29,皑家规幅(-399)
903,1017310,迫寸达,2011-07-29,2011-07-29 10:30,8165,2011-07-29,(1270 З/s 皑家规幅)
904,1015310,没乞达,2011-07-29,2011-07-29 10:00,6189,2011-07-29,(980 З/s 皑家规幅)
905,1010320,冕玫达,2011-07-29,2011-07-29 10:00,2706,2011-07-29,(274 З/s 皑家规幅)
906,1013310,狼鞠达,2011-07-29,2011-07-29 10:30,4548,2011-07-29,(540 З/s 皑家规幅)
907,1004310,鲍魂达,2011-07-29,2011-07-29 11:30,104,2011-07-29,(69 З/s 刘啊规幅)
908,1017310,迫寸达,2011-07-29,2011-07-29 14:00,7315,2011-07-29,(850 З/s 皑家规幅)
909,1015310,没乞达,2011-07-29,2011-07-29 13:30,5458,2011-07-29,(731 З/s 皑家规幅)
910,1013310,狼鞠达,2011-07-29,2011-07-29 14:00,4415,2011-07-29,(498 З/s 皑家规幅)
911,1010320,冕玫达,2011-07-29,2011-07-29 13:30,2450,2011-07-29,(256 З/s 皑家规幅)
912,1004310,鲍魂达,2011-07-29,2011-07-29 15:00,35,2011-07-29,(69 З/s 皑家规幅)
913,1013310,狼鞠达,2011-07-29,2011-07-29 17:00,4000,2011-07-29,(415 З/s 皑家规幅)
914,1017310,迫寸达,2011-07-29,2011-07-29 21:00,6810,2011-07-29,(505 З/s 皑家规幅)
915,1015310,没乞达,2011-07-29,2011-07-29 21:00,4840,2011-07-29,(618 З/s 皑家规幅)
916,1010320,冕玫达,2011-07-29,2011-07-29 21:00,2220,2011-07-29,(230 З/s 皑家规幅)
917,1004310,鲍魂达,2011-07-29,2011-07-29 22:00,51,2011-07-29,(16  З/s 刘啊规幅)
918,1013310,狼鞠达,2011-07-30,2011-07-30 04:00,3650,2011-07-30,(350З/s 皑家规幅)
919,1017310,迫寸达,2011-07-30,2011-07-30 04:00,5810,2011-07-30,(710З/s 皑家规幅)
920,1017310,迫寸达,2011-07-30,2011-07-30 07:00,5510,2011-07-30,(300 З/s 皑家规幅)
921,1015310,没乞达,2011-07-30,2011-07-30 07:00,4060,2011-07-30,(650  З/s 皑家规幅)
922,1010320,冕玫达,2011-07-30,2011-07-30 07:00,1920,2011-07-30,(300  З/s 皑家规幅)
923,1004310,鲍魂达,2011-07-30,2011-07-30 10:00,88,2011-07-30,(刘啊规幅 37З/s)
924,1013310,狼鞠达,2011-07-30,2011-07-30 12:00,3401,2011-07-30,(249 З/s皑家)
925,1010310,拳玫达,2011-07-30,2011-07-30 12:00,1860,2011-07-30,(670З/s皑家)
926,1004310,鲍魂达,2011-07-30,2011-07-30 13:00,64,2011-07-30,(24З/s皑家)
927,1015310,没乞达,2011-07-30,2011-07-30 15:00,3618,2011-07-30,(442З/s皑家)
928,1017310,迫寸达,2011-07-30,2011-07-30 17:00,5427,2011-07-30,(154З/s皑家)
929,1015310,没乞达,2011-07-30,2011-07-30 17:00,3560,2011-07-30,(106З/s皑家)
930,1010320,冕玫达,2011-07-30,2011-07-30 17:00,1802,2011-07-30,(118З/s皑家)
931,1017310,迫寸达,2011-07-30,2011-07-30 22:00,5207,2011-07-30,迫寸达 220cms 皑家规幅
932,1015310,没乞达,2011-07-30,2011-07-30 21:30,3370,2011-07-30,没乞达 190cms 皑家规幅
933,1013310,狼鞠达,2011-07-30,2011-07-30 22:00,3315,2011-07-30,狼鞠达 86cms 皑家规幅
934,1010320,冕玫达,2011-07-30,2011-07-30 21:30,1697,2011-07-30,冕玫达 105cms 皑家规幅
935,1017310,迫寸达,2011-07-31,2011-07-31 07:30,4797,2011-07-31,迫寸达 410 皑家规幅
936,1015310,没乞达,2011-07-31,2011-07-31 07:00,3084,2011-07-31,没乞达 -286 皑家规幅
937,1013310,狼鞠达,2011-07-31,2011-07-31 07:30,3074,2011-07-31,狼鞠达 -241 皑家规幅
938,1010320,冕玫达,2011-07-31,2011-07-31 07:00,1490,2011-07-31,冕玫达 -207皑家规幅
939,1013310,狼鞠达,2011-07-31,2011-07-31 09:30,2790,2011-07-31,狼鞠达 284cms 皑家规幅
940,1013310,狼鞠达,2011-07-31,2011-07-31 13:30,2490,2011-07-31,(300З/s皑家规幅)
941,1017310,迫寸达,2011-07-31,2011-07-31 16:00,4270,2011-07-31,(527З/s 皑家规幅)
942,1013310,狼鞠达,2011-07-31,2011-07-31 16:30,3140,2011-07-31,(650З/s 刘啊规幅)
943,1010320,冕玫达,2011-07-31,2011-07-31 16:30,1390,2011-07-31,(300З/s 刘啊规幅)
944,1017310,迫寸达,2011-07-31,2011-07-31 18:40,5245,2011-07-31,(刘啊规幅 975 cms)
945,1015310,没乞达,2011-07-31,2011-07-31 18:40,3574,2011-07-31,(刘啊规幅 490 cms)
946,1013310,狼鞠达,2011-07-31,2011-07-31 18:40,3557,2011-07-31,(刘啊规幅 417 cms)
947,1010320,冕玫达,2011-07-31,2011-07-31 18:40,1612,2011-07-31,(刘啊规幅 222 cms)
948,1015310,没乞达,2011-07-31,2011-07-31 20:30,3215,2011-07-31,(皑家规幅 359 cms)
949,1013310,狼鞠达,2011-07-31,2011-07-31 20:30,3103,2011-07-31,(皑家规幅 454 cms)
950,1017310,迫寸达,2011-07-31,2011-07-31 22:10,5712,2011-07-31,(刘啊规幅 467 cms)
951,1013310,狼鞠达,2011-07-31,2011-07-31 22:10,2574,2011-07-31,(皑家规幅 529 cms)
952,1010320,冕玫达,2011-07-31,2011-07-31 22:10,1399,2011-07-31,(皑家规幅 213 cms)
953,1015310,没乞达,2011-08-01,2011-08-01 00:50,2713,2011-08-01,(皑家规幅 502 cms)
954,1013310,狼鞠达,2011-08-01,2011-08-01 00:50,2466,2011-08-01,(皑家规幅 108 cms)
955,1017310,迫寸达,2011-08-01,2011-08-01 06:00,4531,2011-08-01,(皑家规幅 1181 cms)
956,1015310,没乞达,2011-08-01,2011-08-01 06:00,2296,2011-08-01,(皑家规幅 417 cms)
957,1013310,狼鞠达,2011-08-01,2011-08-01 06:00,2252,2011-08-01,(皑家规幅 214 cms)
958,1010310,拳玫达,2011-08-01,2011-08-01 07:00,1080,2011-08-01,(皑家规幅 780 cms)
959,1015310,没乞达,2011-08-01,2011-08-01 09:30,2090,2011-08-01,(皑家规幅 206 cms)
960,1010320,冕玫达,2011-08-01,2011-08-01 10:00,1260,2011-08-01,(皑家规幅 -139 З/s)
961,1004310,鲍魂达,2011-08-01,2011-08-01 10:00,34,2011-08-01,(皑家规幅 -30 З/s)
962,1015310,没乞达,2011-08-01,2011-08-01 14:30,2470,2011-08-01,(380З/s 刘啊规幅)
963,1013310,狼鞠达,2011-08-01,2011-08-01 17:30,2385,2011-08-01,(133 З/s 刘啊规幅)
964,1010320,冕玫达,2011-08-01,2011-08-01 17:30,1409,2011-08-01,(149 З/s 刘啊规幅)
965,1004310,鲍魂达,2011-08-01,2011-08-01 17:30,58,2011-08-01,(24 З/s 刘啊规幅)
966,1015310,没乞达,2011-08-01,2011-08-01 21:00,2703,2011-08-01,刘啊规幅(233cms)
967,1013310,狼鞠达,2011-08-01,2011-08-01 21:00,2476,2011-08-01,刘啊规幅(112cms)
968,1017310,迫寸达,2011-08-02,2011-08-02 05:00,4162,2011-08-02,皑家规幅(429cms)
969,1015310,没乞达,2011-08-02,2011-08-02 07:00,2404,2011-08-02,皑家规幅(299cms)
970,1013310,狼鞠达,2011-08-02,2011-08-02 07:00,2277,2011-08-02,皑家规幅(220cms)
971,1010320,冕玫达,2011-08-02,2011-08-02 07:00,1212,2011-08-02,皑家规幅(197cms)
972,1015310,没乞达,2011-08-02,2011-08-02 10:00,2568,2011-08-02,(164 З/s 刘啊规幅)
973,1015310,没乞达,2011-08-02,2011-08-02 14:20,2296,2011-08-02,(皑家规幅 -272 З/s)
974,1004310,鲍魂达,2011-08-02,2011-08-02 15:00,34,2011-08-02,(皑家规幅 -24 З/s)
975,1015310,没乞达,2011-08-02,2011-08-02 17:30,2250,2011-08-02,(皑家规幅 -46 З/s)
976,1017310,迫寸达,2011-08-02,2011-08-02 23:00,4420,2011-08-02,(刘啊规幅 318 cms)
977,1015310,没乞达,2011-08-02,2011-08-02 23:00,2590,2011-08-02,(刘啊规幅 420 cms)
978,1013310,狼鞠达,2011-08-02,2011-08-02 21:00,2390,2011-08-02,(刘啊规幅 113 cms)
979,1010320,冕玫达,2011-08-02,2011-08-02 21:00,1320,2011-08-02,(刘啊规幅 108 cms)
980,1017310,迫寸达,2011-08-03,2011-08-03 06:00,3530,2011-08-03,(皑家规幅 890 cms)
981,1015310,没乞达,2011-08-03,2011-08-03 06:00,2310,2011-08-03,(皑家规幅 200 cms)
982,1013310,狼鞠达,2011-08-03,2011-08-03 06:00,2160,2011-08-03,(皑家规幅 230 cms)
983,1010320,冕玫达,2011-08-03,2011-08-03 06:00,1260,2011-08-03,(皑家规幅 60 cms)
984,1004310,鲍魂达,2011-08-03,2011-08-03 06:00,22,2011-08-03,(皑家规幅 12 cms)
985,1015310,没乞达,2011-08-03,2011-08-03 10:30,2080,2011-08-03,(皑家规幅 -230 З/s)
986,1013310,狼鞠达,2011-08-03,2011-08-03 18:00,1640,2011-08-03,(520З/s皑家)
987,1017310,迫寸达,2011-08-03,2011-08-03 22:30,4342,2011-08-03,刘啊规幅(812cms)
988,1015310,没乞达,2011-08-03,2011-08-03 22:00,2219,2011-08-03,刘啊规幅(139cms)
989,1013310,狼鞠达,2011-08-03,2011-08-03 22:30,1871,2011-08-03,刘啊规幅(231cms)
990,1010320,冕玫达,2011-08-03,2011-08-03 22:00,1401,2011-08-03,刘啊规幅(141cms)
991,1004310,鲍魂达,2011-08-03,2011-08-03 22:00,56,2011-08-03,刘啊规幅(34cms)
992,1004310,鲍魂达,2011-08-03,2011-08-03 23:00,100,2011-08-03,刘啊规幅(44cms)
993,1013310,狼鞠达,2011-08-04,2011-08-04 07:30,1733,2011-08-04,皑家规幅(138cms)
994,1017310,迫寸达,2011-08-04,2011-08-04 13:00,4078,2011-08-04,(264З/s 皑家规幅)
995,1015310,没乞达,2011-08-04,2011-08-04 13:00,2010,2011-08-04,
996,1010320,冕玫达,2011-08-04,2011-08-04 13:00,1518,2011-08-04,
997,1017310,迫寸达,2011-08-04,2011-08-04 19:00,3721,2011-08-04,皑家规幅 -357З/s
998,1015310,没乞达,2011-08-04,2011-08-04 19:00,1942,2011-08-04,皑家规幅 -72З/s
999,1004310,鲍魂达,2011-08-04,2011-08-04 19:00,58,2011-08-04,皑家规幅 -42З/s
1000,1017310,迫寸达,2011-08-04,2011-08-04 22:00,3471,2011-08-04,皑家规幅 250З/s
1001,1017310,迫寸达,2011-08-05,2011-08-05 07:00,3212,2011-08-05,(皑家规幅 -259 З/s)
1002,1010320,冕玫达,2011-08-05,2011-08-05 07:00,1402,2011-08-05,(皑家规幅 -116 З/s)
1003,1004310,鲍魂达,2011-08-05,2011-08-05 12:00,37,2011-08-05,(皑家规幅 -21 З/s)
1004,1013310,狼鞠达,2011-08-05,2011-08-05 15:00,1430,2011-08-05,(290З/s皑家)
1005,1010320,冕玫达,2011-08-05,2011-08-05 14:00,1110,2011-08-05,(292З/s皑家)
1006,1010310,拳玫达,2011-08-05,2011-08-05 13:00,790,2011-08-05,(290З/s皑家)
1007,1015310,没乞达,2011-08-05,2011-08-05 15:00,1590,2011-08-05,(352З/s 皑家规幅)
1008,1017310,迫寸达,2011-08-05,2011-08-05 15:00,2570,2011-08-05,(642З/s 皑家规幅)
1009,1013310,狼鞠达,2011-08-05,2011-08-05 16:30,1090,2011-08-05,(340З/s皑家)
1010,1010320,冕玫达,2011-08-05,2011-08-05 16:00,790,2011-08-05,(320З/s皑家)
1011,1010310,拳玫达,2011-08-05,2011-08-05 15:30,470,2011-08-05,(320З/s皑家)
1012,1017310,迫寸达,2011-08-05,2011-08-05 17:30,2320,2011-08-05,皑家规幅 250З/s
1013,1015310,没乞达,2011-08-05,2011-08-05 17:30,1327,2011-08-05,皑家规幅 263З/s
1014,1010310,拳玫达,2011-08-05,2011-08-05 19:30,356,2011-08-05,(114З/s 皑家)
1015,1010320,冕玫达,2011-08-05,2011-08-05 19:30,582,2011-08-05,(208З/s 皑家)
1016,1013310,狼鞠达,2011-08-05,2011-08-05 19:30,769,2011-08-05,(321З/s 皑家)
1017,1015310,没乞达,2011-08-05,2011-08-05 19:30,929,2011-08-05,(398З/s 皑家)
1018,1017310,迫寸达,2011-08-05,2011-08-05 20:00,1953,2011-08-05,(367З/s 皑家)
1019,1004310,鲍魂达,2011-08-05,2011-08-05 20:00,24,2011-08-05,(13З/s 皑家)
1020,1010320,冕玫达,2011-08-05,2011-08-05 23:00,476,2011-08-05,(106З/s皑家)
1021,1013310,狼鞠达,2011-08-05,2011-08-05 23:00,614,2011-08-05,(155З/s皑家)
1022,1015310,没乞达,2011-08-05,2011-08-05 23:00,742,2011-08-05,(187З/s皑家)
1023,1017310,迫寸达,2011-08-05,2011-08-05 23:00,1569,2011-08-05,(384З/s皑家)
1024,1017310,迫寸达,2011-08-06,2011-08-06 07:30,1432,2011-08-06,(137З/s皑家)
1025,1017310,迫寸达,2011-08-06,2011-08-06 15:00,1304,2011-08-06,128cms 皑家规幅
1026,1017310,迫寸达,2011-08-06,2011-08-06 15:00,1304,2011-08-06,128cms 皑家规幅
1027,1013310,狼鞠达,2011-08-06,2011-08-06 23:00,780,2011-08-06,刘啊规幅 166З/s
1028,1010320,冕玫达,2011-08-07,2011-08-07 06:30,580,2011-08-07,刘啊规幅 104З/s
1029,1013310,狼鞠达,2011-08-07,2011-08-07 19:30,761,2011-08-07,(皑家规幅 -134 З/s)
1030,1017310,迫寸达,2011-08-07,2011-08-07 21:30,1697,2011-08-07,(130 З/s 皑家规幅)
1031,1015310,没乞达,2011-08-07,2011-08-07 21:30,871,2011-08-07,(180 З/s 皑家规幅)
1032,1004310,鲍魂达,2011-08-08,2011-08-08 05:00,105,2011-08-08,(81 З/s 刘啊规幅)
1033,1017310,迫寸达,2011-08-08,2011-08-08 06:30,2221,2011-08-08,(刘啊规幅  524 З/s)
1034,1004310,鲍魂达,2011-08-08,2011-08-08 06:30,230,2011-08-08,(刘啊规幅  125 З/s)
1035,1004310,鲍魂达,2011-08-08,2011-08-08 10:00,146,2011-08-08,(84З/s 皑家规幅)
1036,1017310,迫寸达,2011-08-08,2011-08-08 12:00,1825,2011-08-08,(396З/s 皑家规幅)
1037,1015310,没乞达,2011-08-08,2011-08-08 12:00,772,2011-08-08,(99З/s 皑家规幅)
1038,1013310,狼鞠达,2011-08-08,2011-08-08 12:00,683,2011-08-08,(78З/s 皑家规幅)
1039,1004310,鲍魂达,2011-08-08,2011-08-08 12:00,105,2011-08-08,(41З/s 皑家规幅)
1040,1013310,狼鞠达,2011-08-08,2011-08-08 15:30,530,2011-08-08,(153З/s 皑家规幅)
1041,1004310,鲍魂达,2011-08-08,2011-08-09 00:00,61,2011-08-08,44cms 皑家规幅
1042,1015310,没乞达,2011-08-09,2011-08-09 06:40,814,2011-08-09,42cms 刘啊规幅
1043,1017310,迫寸达,2011-08-09,2011-08-09 07:30,2253,2011-08-09,428cms 刘啊规幅
1044,1010310,拳玫达,2011-08-09,2011-08-09 09:30,295,2011-08-09,(61З/s 皑家规幅)
1045,1013310,狼鞠达,2011-08-09,2011-08-09 09:30,700,2011-08-09,(170З/s 刘啊规幅)
1046,1004310,鲍魂达,2011-08-09,2011-08-09 11:30,105,2011-08-09,(刘啊规幅  44 З/s)
1047,1004310,鲍魂达,2011-08-09,2011-08-09 12:30,231,2011-08-09,(126З/s 刘啊)
1048,1017310,迫寸达,2011-08-09,2011-08-09 12:30,2590,2011-08-09,(337З/s 刘啊)
1049,1010310,拳玫达,2011-08-09,2011-08-09 15:30,245,2011-08-09,拳玫达 50cms 皑家规幅鲍魂达 85cms 刘啊规幅
1050,1004310,鲍魂达,2011-08-09,2011-08-09 15:30,316,2011-08-09,鲍魂达 85cms 刘啊规幅
1051,1004310,鲍魂达,2011-08-09,2011-08-09 16:30,424,2011-08-09,鲍魂达 108cms 刘啊规幅
1052,1004310,鲍魂达,2011-08-09,2011-08-09 20:30,355,2011-08-09,(160 З/s 皑家规幅)
1053,1017310,迫寸达,2011-08-09,2011-08-09 23:00,1842,2011-08-09,(259 З/s 皑家规幅) 
1054,1015310,没乞达,2011-08-09,2011-08-09 21:00,862,2011-08-09,(48 З/s 刘啊规幅)
1055,1010320,冕玫达,2011-08-09,2011-08-09 21:00,429,2011-08-09,(40 З/s 皑家规幅)
1056,1015310,没乞达,2011-08-09,2011-08-09 21:30,887,2011-08-09,(25 З/s刘啊规幅)
1057,1004310,鲍魂达,2011-08-10,2011-08-10 01:00,386,2011-08-10,(182 З/s 皑家规幅)
1058,1017310,迫寸达,2011-08-10,2011-08-10 06:40,2347,2011-08-10,(505 З/s 刘啊规幅)
1059,1015310,没乞达,2011-08-10,2011-08-10 06:40,910,2011-08-10,(23 З/s 刘啊规幅)
1060,1004310,鲍魂达,2011-08-10,2011-08-10 14:00,146,2011-08-10,(27З/s皑家)
1061,1010320,冕玫达,2011-08-10,2011-08-10 14:00,313,2011-08-10,(116З/s皑家)
1062,1015310,没乞达,2011-08-10,2011-08-10 18:00,750,2011-08-10,(皑家规幅 -160 З/s)
1063,1013310,狼鞠达,2011-08-10,2011-08-10 18:00,550,2011-08-10,(皑家规幅 -150 З/s)
1064,1004310,鲍魂达,2011-08-10,2011-08-10 18:00,81,2011-08-10,(皑家规幅 -65 З/s)
1065,1010310,拳玫达,2011-08-10,2011-08-10 18:30,190,2011-08-10,(荐巩傈企)
1066,1015310,没乞达,2011-08-10,2011-08-10 21:30,600,2011-08-10,(皑家规幅 150 cms)
1067,1017310,迫寸达,2011-08-10,2011-08-10 22:30,1950,2011-08-10,(皑家规幅 397 cms)
1068,1010320,冕玫达,2011-08-11,2011-08-11 07:00,260,2011-08-11,(皑家规幅 53 cms)
1069,1017310,迫寸达,2011-08-11,2011-08-11 12:30,1697,2011-08-11,(皑家规幅 - 253 З/s)
1070,1004310,鲍魂达,2011-08-11,2011-08-11 19:00,61,2011-08-11,皑家规幅 20 cms
1071,1017310,迫寸达,2011-08-12,2011-08-12 11:00,1444,2011-08-12,(皑家规幅 - 253 З/s)
1072,1015310,没乞达,2011-08-12,2011-08-12 14:30,560,2011-08-12,40 З/s 皑家规幅
1073,1013310,狼鞠达,2011-08-12,2011-08-12 14:30,475,2011-08-12,75З/s 皑家规幅
1074,1004310,鲍魂达,2011-08-12,2011-08-12 17:00,110,2011-08-12,(刘啊规幅 49 З/s)
1075,1017310,迫寸达,2011-08-12,2011-08-12 20:00,1903,2011-08-12,459З/s 刘啊规幅
1076,1017310,迫寸达,2011-08-12,2011-08-12 22:10,2360,2011-08-12,刘啊规幅 457З/s
1077,1017310,迫寸达,2011-08-13,2011-08-13 10:30,1930,2011-08-13,430cms皑家规幅
1078,1015310,没乞达,2011-08-13,2011-08-13 10:30,490,2011-08-13,160cms皑家规幅
1079,1013310,狼鞠达,2011-08-13,2011-08-13 10:30,400,2011-08-13,75cms皑家规幅
1080,1010310,拳玫达,2011-08-13,2011-08-13 10:30,190,2011-08-13,26cms皑家规幅
1081,1015310,没乞达,2011-08-13,2011-08-13 13:00,520,2011-08-13,(30З/s刘啊)
1082,1015310,没乞达,2011-08-13,2011-08-13 18:30,509,2011-08-13,刘啊规幅  13cms
1083,1004310,鲍魂达,2011-08-13,2011-08-13 18:30,59,2011-08-13,皑家规幅 -51cms
1084,1021701,焙巢,2011-08-13,2011-08-13 19:30,1500,2011-08-13,达 荐困俊 蝶弗 痢柳利 荐巩俺档 臭捞 炼沥
1085,1017310,迫寸达,2011-08-13,2011-08-13 22:30,1707,2011-08-13,皑家规幅 223 cms
1086,1017310,迫寸达,2011-08-14,2011-08-14 12:00,1432,2011-08-14,
1087,1017310,迫寸达,2011-08-15,2011-08-15 18:00,1702,2011-08-15,
1088,1013310,狼鞠达,2011-08-15,2011-08-15 18:00,471,2011-08-15,
1089,1004310,鲍魂达,2011-08-15,2011-08-16 00:00,38,2011-08-15,皑家规幅(-21cms)
1090,1015310,没乞达,2011-08-16,2011-08-16 07:00,611,2011-08-16,刘啊规幅(102cms)
1091,1017310,迫寸达,2011-08-16,2011-08-16 18:00,1957,2011-08-16,255 З/s 刘啊规幅
1092,1015310,没乞达,2011-08-16,2011-08-16 18:00,728,2011-08-16,117З/s 刘啊规幅
1093,1013310,狼鞠达,2011-08-16,2011-08-16 18:00,548,2011-08-16,77З/s 刘啊规幅
1094,1004310,鲍魂达,2011-08-16,2011-08-16 19:00,85,2011-08-16,刘啊规幅(47cms)
1095,1004310,鲍魂达,2011-08-16,2011-08-16 20:00,154,2011-08-16,69З/s 刘啊规幅
1096,1015310,没乞达,2011-08-17,2011-08-17 01:30,580,2011-08-17,皑家规幅 148З/s
1097,1017310,迫寸达,2011-08-17,2011-08-17 04:30,3224,2011-08-17,刘啊规幅(742cms)
1098,1017310,迫寸达,2011-08-17,2011-08-17 05:10,4217,2011-08-17,刘啊规幅(993cms)
1099,1017310,迫寸达,2011-08-17,2011-08-17 05:50,5257,2011-08-17,(1040З/s刘啊)
1100,1017310,迫寸达,2011-08-17,2011-08-17 06:30,6205,2011-08-17,刘啊规幅(948cms)
1101,1017310,迫寸达,2011-08-17,2011-08-17 14:30,5980,2011-08-17,(770З/s 皑家规幅)
1102,1006110,染己,2011-08-17,2011-08-17 17:00,50,2011-08-17,捞郴 规幅
1103,1003110,面林,2011-08-17,2011-08-17 18:00,1300,2011-08-17,捞郴 痢刘规幅
1104,1003611,面林炼沥瘤,2011-08-17,2011-08-17 18:00,2000,2011-08-17,捞郴 痢刘规幅(夯达 惑炔 绊妨)
1105,1017310,迫寸达,2011-08-17,2011-08-17 18:30,5493,2011-08-17,(487З/s皑家)
1106,1017310,迫寸达,2011-08-17,2011-08-17 21:00,4924,2011-08-17,(569З/s皑家)
1107,1013310,狼鞠达,2011-08-17,2011-08-17 21:00,476,2011-08-17,(73З/s皑家)
1108,1017310,迫寸达,2011-08-17,2011-08-17 22:30,4248,2011-08-17,(676 З/s 皑家规幅)
1109,1017310,迫寸达,2011-08-17,2011-08-18 00:00,3922,2011-08-17,(326З/s皑家)
1110,1004310,鲍魂达,2011-08-17,2011-08-18 00:00,77,2011-08-17,(28З/s皑家)
1111,1017310,迫寸达,2011-08-18,2011-08-18 06:30,4626,2011-08-18,(704З/s刘啊)
1112,1015310,没乞达,2011-08-18,2011-08-18 06:30,841,2011-08-18,(261З/s刘啊)
1113,1004310,鲍魂达,2011-08-18,2011-08-18 07:30,128,2011-08-18,(51З/s刘啊)
1114,1003110,面林,2011-08-18,2011-08-18 17:00,1500,2011-08-18,(刘啊规幅 200 З/s)
1115,1003611,面林炼沥瘤,2011-08-18,2011-08-18 17:00,2200,2011-08-18,(刘啊规幅 200 З/s)
1116,1017310,迫寸达,2011-08-18,2011-08-18 23:00,3780,2011-08-18,382cms 皑家规幅
1117,1015310,没乞达,2011-08-18,2011-08-18 23:00,510,2011-08-18,150cms 皑家规幅
1118,1013310,狼鞠达,2011-08-19,2011-08-19 07:00,400,2011-08-19,(76З/s皑家)
1119,1017310,迫寸达,2011-08-19,2011-08-19 05:00,3150,2011-08-19,(630З/s皑家)
1120,1004310,鲍魂达,2011-08-19,2011-08-19 14:00,61,2011-08-19,(23 З/s皑家)
1121,1017310,迫寸达,2011-08-19,2011-08-19 19:00,2860,2011-08-19,(290 З/s 皑家规幅)
1122,1013310,狼鞠达,2011-08-19,2011-08-19 19:00,476,2011-08-19,(76 З/s 刘啊规幅)
1123,1017310,迫寸达,2011-08-20,2011-08-20 07:00,2689,2011-08-20,(171 З/s 皑家规幅)
1124,1015310,没乞达,2011-08-20,2011-08-20 07:00,428,2011-08-20,(72 З/s 皑家规幅)
1125,1013310,狼鞠达,2011-08-20,2011-08-20 07:00,368,2011-08-20,(110 З/s 皑家规幅)
1126,1004310,鲍魂达,2011-08-20,2011-08-20 07:00,37,2011-08-20,(24 З/s 皑家规幅)
1127,1013310,狼鞠达,2011-08-20,2011-08-20 14:00,340,2011-08-20,(39З/s皑家 荐巩傈企)
1128,1017310,迫寸达,2011-08-21,2011-08-21 06:30,2225,2011-08-21,皑家 规幅 464cms
1129,1015310,没乞达,2011-08-21,2011-08-21 06:30,372,2011-08-21,荐巩 傈企
1130,1017310,迫寸达,2011-08-22,2011-08-22 21:30,1840,2011-08-22,(皑家规幅 -385 З/s)
1131,1017310,迫寸达,2011-08-23,2011-08-23 06:30,1440,2011-08-23,(皑家规幅 -400 З/s)
1132,1017310,迫寸达,2011-08-23,2011-08-23 09:00,1049,2011-08-23,(皑家规幅 -391 З/s)
1133,1004310,鲍魂达,2011-08-23,2011-08-23 14:00,24,2011-08-23,(13З/s皑家)
1134,1004310,鲍魂达,2011-08-23,2011-08-23 00:00,15,2011-08-23,荐巩傈企  皑家规幅 9cms
1135,1017310,迫寸达,2011-08-24,2011-08-24 08:30,913,2011-08-24,皑家规幅 136cms
1136,1017310,迫寸达,2011-08-24,2011-08-24 21:00,775,2011-08-24,(138З/s皑家 荐巩傈企)
1137,1004310,鲍魂达,2011-09-11,2011-09-11 08:00,34,2011-09-11,檬扁规幅
1138,1004310,鲍魂达,2011-09-11,2011-09-11 08:30,100,2011-09-11,(66З/s刘啊)
1139,1004310,鲍魂达,2011-09-11,2011-09-11 10:00,138,2011-09-11,(38З/s刘啊)
1140,1004310,鲍魂达,2011-09-11,2011-09-11 18:00,80,2011-09-11,皑家规幅 -58cms
1141,1004310,鲍魂达,2011-09-11,2011-09-11 22:30,61,2011-09-11,皑家规幅 -19cms
1142,1004310,鲍魂达,2011-09-12,2011-09-12 22:00,38,2011-09-12,皑家规幅 -23cms
1143,1004310,鲍魂达,2011-09-13,2011-09-14 00:00,25,2011-09-13,皑家规幅(-13cms)
1144,1004310,鲍魂达,2011-09-15,2011-09-15 09:00,15,2011-09-15,(鲍魂达 荐巩 傈企)
1145,1004310,鲍魂达,2011-12-01,2011-12-01 16:00,32,2011-12-01,檬扁规幅( 17 З/s)
1146,1004310,鲍魂达,2011-12-01,2011-12-01 21:00,26,2011-12-01,(6З/s 皑家规幅)
1147,1004310,鲍魂达,2012-03-30,2012-03-30 15:00,53,2012-03-30,(35 З/s 刘啊规幅)
1148,1004310,鲍魂达,2012-03-25,2012-03-25 10:00,18,2012-03-30,(6.6 З/s 刘啊规幅)
1149,1004310,鲍魂达,2012-03-26,2012-03-26 17:00,11,2012-03-30,(6.6 З/s 皑家规幅)
1150,1004310,鲍魂达,2012-03-30,2012-03-30 10:00,18,2012-03-30,(7.0 З/s 刘啊规幅)
1151,1004310,鲍魂达,2012-03-30,2012-03-30 18:00,35,2012-03-30,(18 З/s 皑家规幅)
1152,1003611,面林炼沥瘤,2012-04-02,2012-04-02 20:00,400,2012-04-02,(碍玫焊 咯林焊 捞器焊 荐巩炼累)
1153,1004310,鲍魂达,2012-04-01,2012-04-01 18:00,18,2012-04-01,(-17З/s)
1154,1004310,鲍魂达,2012-04-02,2012-04-02 22:00,18,2012-04-02,( 7З/s)
1155,1004310,鲍魂达,2012-04-03,2012-04-03 09:00,35,2012-04-03,(17З/s 刘啊规幅)
1156,1017310,迫寸达,2012-04-03,2012-04-03 14:00,862,2012-04-03,(檬扁规幅)
1157,1004310,鲍魂达,2012-04-03,2012-04-03 13:30,52,2012-04-03,(17З/s 刘啊规幅)
1158,1017310,迫寸达,2012-04-03,2012-04-03 15:10,1406,2012-04-03,(刘啊规幅541З/s)
1159,1017310,迫寸达,2012-04-03,2012-04-03 16:00,1946,2012-04-03,(540З/s刘啊)
1160,1004310,鲍魂达,2012-04-03,2012-04-03 18:00,67,2012-04-03,(15З/s刘啊)
1161,1004310,鲍魂达,2012-04-04,2012-04-04 18:00,30,2012-04-04,(37З/s 皑家规幅)
1162,1004310,鲍魂达,2012-04-06,2012-04-06 10:00,16,2012-04-06,(14З/s皑家规幅)
1163,1003611,面林炼沥瘤,2012-04-06,2012-04-06 10:50,500,2012-04-06,捞郴 函版铰牢
1164,1004310,鲍魂达,2012-04-09,2012-04-09 10:00,11,2012-04-09,(5.0 З/s 皑家规幅)
1165,1013310,狼鞠达,2012-04-09,2012-04-09 13:00,315,2012-04-09,(檬扁规幅 角矫)
1166,1013310,狼鞠达,2012-04-09,2012-04-09 13:00,160,2012-04-09,(刘啊规幅拌裙秒家)
1167,1003611,面林炼沥瘤,2012-04-10,2012-04-10 16:00,650,2012-04-10,捞郴 函版铰牢
1168,1013310,狼鞠达,2012-04-23,2012-04-23 18:00,233,2012-04-23,狼鞠 檬扁规幅(76З/s刘啊)
1169,1004310,鲍魂达,2012-04-23,2012-04-23 19:30,35,2012-04-23,(22З/s刘啊规幅)
1170,1004310,鲍魂达,2012-04-24,2012-04-24 14:00,19,2012-04-24,(16 З/s 皑家规幅)
1171,1013310,狼鞠达,2012-04-25,2012-04-25 14:00,285,2012-04-25,(52З/s刘啊规幅)
1172,1013310,狼鞠达,2012-04-27,2012-04-27 17:00,238,2012-04-27,(47З/s皑家规幅)
1173,1003611,面林炼沥瘤,2012-06-29,2012-06-30 10:00,300,2012-06-29,(碍荐 棺 荐巩 惑炔俊 蝶扼 函悼 啊瓷)
1174,1007801,碍玫焊,2012-06-29,2012-06-30 18:00,482,2012-06-29,
1175,1007802,咯林焊,2012-06-29,2012-06-30 20:00,493,2012-06-29,
1176,1007803,捞器焊,2012-06-29,2012-06-30 22:00,530,2012-06-29,
1177,1004310,鲍魂达,2012-07-05,2012-07-05 13:00,23,2012-07-05,(8З/s刘啊)
1178,1003611,面林炼沥瘤,2012-07-05,2012-07-05 18:00,600,2012-07-05,
1179,1007801,碍玫焊,2012-07-05,2012-07-05 18:00,1939,2012-07-05,(抗惑 弥措规幅樊)
1180,1007802,咯林焊,2012-07-05,2012-07-05 18:00,2057,2012-07-05,(抗惑 弥措规幅樊)
1181,1007803,捞器焊,2012-07-05,2012-07-05 18:00,2435,2012-07-05,(抗惑 弥措规幅樊)
1182,1017310,迫寸达,2012-07-06,2012-07-06 04:30,989,2012-07-06,檬扁规幅( 261cms)
1183,1017310,迫寸达,2012-07-06,2012-07-06 04:50,1978,2012-07-06,刘啊规幅(989cms)
1184,1017310,迫寸达,2012-07-06,2012-07-06 05:00,2879,2012-07-06,刘啊规幅(901cms)
1185,1017310,迫寸达,2012-07-06,2012-07-06 05:30,4974,2012-07-06,刘啊规幅(2 095cms)
1186,1017310,迫寸达,2012-07-06,2012-07-06 05:50,6810,2012-07-06,刘啊规幅(1 836cms)
1187,1017310,迫寸达,2012-07-06,2012-07-06 06:30,7812,2012-07-06,刘啊规幅(1 002cms)
1188,1017310,迫寸达,2012-07-06,2012-07-06 07:50,5212,2012-07-06,皑家规幅(2 600cms)
1189,1004310,鲍魂达,2012-07-06,2012-07-06 09:00,61,2012-07-06,刘啊规幅(38cms)
1190,1004310,鲍魂达,2012-07-06,2012-07-06 10:00,160,2012-07-06,刘啊规幅 99
1191,1017310,迫寸达,2012-07-06,2012-07-06 10:10,6131,2012-07-06,刘啊规幅
1192,1003611,面林炼沥瘤,2012-07-06,2012-07-06 13:00,1100,2012-07-06,7.5 铰牢荤亲俊 措茄 函版铰牢
1193,1017310,迫寸达,2012-07-06,2012-07-06 23:00,3215,2012-07-06,皑家规幅 -1 441cms
1194,1017310,迫寸达,2012-07-06,2012-07-06 13:00,5590,2012-07-06,皑家规幅 -541cms
1195,1004310,鲍魂达,2012-07-06,2012-07-06 19:00,203,2012-07-06,刘啊规幅 43cms
1196,1004310,鲍魂达,2012-07-06,2012-07-06 19:30,123,2012-07-06,皑家80
1197,1017310,迫寸达,2012-07-07,2012-07-07 14:00,2322,2012-07-07,皑家 规幅 -893cms
1198,1004310,鲍魂达,2012-07-07,2012-07-07 14:00,123,2012-07-07,皑家 规幅 -101.9cms
1199,1017310,迫寸达,2012-07-07,2012-07-07 21:00,1677,2012-07-07,皑家规幅 -645
1200,1017310,迫寸达,2012-07-07,2012-07-07 23:10,999,2012-07-07,-678 皑家 规幅
1201,1004310,鲍魂达,2012-07-07,2012-07-07 23:30,41,2012-07-07,-82 皑家规幅
1202,1017310,迫寸达,2012-07-07,2012-07-08 00:00,860,2012-07-07,-139 皑家规幅
1203,1017310,迫寸达,2012-07-08,2012-07-08 06:10,1297,2012-07-08,刘啊规幅(437)
1204,1017310,迫寸达,2012-07-08,2012-07-08 18:00,1034,2012-07-08,迫寸达 皑家规幅(263З/s)
1205,1004310,鲍魂达,2012-07-09,2012-07-09 13:00,9,2012-07-09,(12.9 З/s 皑家规幅)
1206,1017310,迫寸达,2012-07-09,2012-07-09 21:30,1129,2012-07-09,迫寸达 刘啊规幅(95З/s)
1207,1004310,鲍魂达,2012-07-10,2012-07-10 10:00,23,2012-07-10,(14 З/s 刘碍规幅)
1208,1017310,迫寸达,2012-07-10,2012-07-10 20:00,1439,2012-07-10,迫寸达 刘啊规幅( 310)
1209,1003611,面林炼沥瘤,2012-07-10,2012-07-11 08:00,1500,2012-07-10,(7.14 弥措 1800 З/s)
1210,1004310,鲍魂达,2012-07-11,2012-07-11 09:00,9,2012-07-11,皑家 规幅 (-14cms)
1211,1017310,迫寸达,2012-07-11,2012-07-11 11:00,871,2012-07-11,(568 З/s 皑家规幅)
1212,1017310,迫寸达,2012-07-11,2012-07-11 19:30,740,2012-07-11,皑家规幅(-131cms)
1213,1017310,迫寸达,2012-07-15,2012-07-15 08:40,1823,2012-07-15,刘啊规幅(909 З/s)
1214,1017310,迫寸达,2012-07-15,2012-07-15 09:00,2755,2012-07-15,刘啊规幅(932  З/s)
1215,1017310,迫寸达,2012-07-15,2012-07-15 09:40,4316,2012-07-15,刘啊规幅(1561cms)
1216,1004310,鲍魂达,2012-07-15,2012-07-15 11:00,170,2012-07-15,(39 З/s 刘啊规幅)
1217,1017310,迫寸达,2012-07-15,2012-07-15 12:30,2978,2012-07-15,皑家规幅(-1 338cms)
1218,1017310,迫寸达,2012-07-15,2012-07-15 15:30,3485,2012-07-15,刘啊规幅(507З/s)
1219,1015310,没乞达,2012-07-15,2012-07-15 21:00,750,2012-07-15,没乞达 檬扁 规幅
1220,1015310,没乞达,2012-07-15,2012-07-15 22:20,1099,2012-07-15,(304 З/s 刘啊规幅)
1221,1015310,没乞达,2012-07-15,2012-07-16 00:00,1184,2012-07-15,(101 З/s 刘啊规幅)
1222,1004310,鲍魂达,2012-07-15,2012-07-16 00:00,85,2012-07-15,(85 З/s 皑家规幅)
1223,1015310,没乞达,2012-07-16,2012-07-16 02:30,908,2012-07-16,(255 З/s 皑家规幅)
1224,1017310,迫寸达,2012-07-16,2012-07-16 02:30,2979,2012-07-16,(506З/s皑家规幅)
1225,1015310,没乞达,2012-07-16,2012-07-16 05:00,724,2012-07-16,(200 З/s 皑家规幅)
1226,1015310,没乞达,2012-07-16,2012-07-16 07:00,674,2012-07-16,(荐巩规幅 辆丰)
1227,1017310,迫寸达,2012-07-16,2012-07-16 07:00,2464,2012-07-16,(515 З/s 皑家规幅)
1228,1004310,鲍魂达,2012-07-16,2012-07-16 07:30,44,2012-07-16,(41 З/s 皑家规幅)
1229,1017310,迫寸达,2012-07-16,2012-07-16 11:30,1696,2012-07-16,(768 З/s 皑家规幅)
1230,1004310,鲍魂达,2012-07-16,2012-07-16 11:30,14,2012-07-16,(30 З/s 皑家规幅)
1231,1004310,鲍魂达,2012-07-16,2012-07-16 12:30,0,2012-07-16,(荐巩 傈企)
1232,1004310,鲍魂达,2012-07-16,2012-07-16 19:00,24,2012-07-16,檬扁规幅(24cms)
1233,1004310,鲍魂达,2012-07-16,2012-07-16 22:30,49,2012-07-16,鲍魂达 刘啊规幅(49cms)
1234,1017310,迫寸达,2012-07-17,2012-07-17 08:50,1172,2012-07-17,(524 З/s 皑家规幅)
1235,1017310,迫寸达,2012-07-17,2012-07-17 19:00,1440,2012-07-17,268З/s 刘啊规幅
1236,1004310,鲍魂达,2012-07-17,2012-07-17 19:00,23,2012-07-17,28З/s 皑家规幅
1237,1004310,鲍魂达,2012-07-19,2012-07-19 06:00,90,2012-07-19,刘啊规幅 67cms
1238,1017310,迫寸达,2012-07-19,2012-07-19 11:30,3019,2012-07-19,(1579 З/s 刘啊规幅)
1239,1004310,鲍魂达,2012-07-19,2012-07-19 14:00,46,2012-07-19,44З/s 皑家规幅
1240,1015310,没乞达,2012-07-19,2012-07-19 17:00,805,2012-07-19,100З/s 刘啊规幅
1241,1004310,鲍魂达,2012-07-19,2012-07-19 18:30,97,2012-07-19,(51 З/s 刘啊规幅)
1242,1015310,没乞达,2012-07-19,2012-07-19 19:30,1126,2012-07-19,(304 З/s 刘啊规幅)
1243,1015310,没乞达,2012-07-19,2012-07-20 00:00,873,2012-07-19,(202 З/s 皑家规幅)
1244,1017310,迫寸达,2012-07-19,2012-07-20 00:00,2737,2012-07-19,(519 З/s 皑家规幅)
1245,1017310,迫寸达,2012-07-20,2012-07-20 02:00,2208,2012-07-20,(527 З/s 皑家规幅)
1246,1015310,没乞达,2012-07-20,2012-07-20 02:00,721,2012-07-20,(152 З/s 皑家规幅)
1247,1004310,鲍魂达,2012-07-20,2012-07-20 07:00,54,2012-07-20,(43 З/s 皑家规幅)
1248,1017310,迫寸达,2012-07-20,2012-07-20 10:10,1716,2012-07-20,(492 З/s 皑家规幅)
1249,1004310,鲍魂达,2012-07-20,2012-07-20 10:10,30,2012-07-20,(24 З/s 皑家规幅)
1250,1004310,鲍魂达,2012-07-20,2012-07-20 13:40,56,2012-07-20,(26 З/s 刘啊规幅)
1251,1015310,没乞达,2012-07-20,2012-07-20 17:00,0,2012-07-20,荐巩傈企
1252,1017310,迫寸达,2012-07-20,2012-07-20 20:30,1175,2012-07-20,皑家规幅(541 З/s)
1253,1004310,鲍魂达,2012-07-20,2012-07-21 00:00,31,2012-07-20,皑家 规幅(25  З/s)
1254,1017310,迫寸达,2012-07-21,2012-07-21 07:00,892,2012-07-21,皑家规幅(283  З/s)
1255,1017310,迫寸达,2012-07-21,2012-07-21 10:30,760,2012-07-21,荐巩傈企
1256,1004310,鲍魂达,2012-07-21,2012-07-21 20:00,13,2012-07-21,鲍魂达 皑家规幅(-18cms)
1257,1004310,鲍魂达,2012-07-22,2012-07-22 07:00,31,2012-07-22,鲍魂达 刘啊规幅 18cms
1258,1004310,鲍魂达,2012-07-22,2012-07-22 08:30,83,2012-07-22,鲍魂达 刘啊规幅( 52cms)
1259,1004310,鲍魂达,2012-07-22,2012-07-22 13:00,125,2012-07-22,刘啊规幅42cms
1260,1004310,鲍魂达,2012-07-22,2012-07-23 00:30,59,2012-07-22,皑家规幅 -66cms
1261,1004310,鲍魂达,2012-07-23,2012-07-23 22:30,32,2012-07-23,皑家规幅(-27cms)
1262,1004310,鲍魂达,2012-07-24,2012-07-24 11:00,23,2012-07-24,(9 З/s 皑家规幅)
1263,1004310,鲍魂达,2012-07-25,2012-07-25 11:30,0,2012-07-25,(荐巩 傈企)
1264,1003611,面林炼沥瘤,2012-08-12,2012-08-12 19:00,1000,2012-08-12,捞郴 藕仿利 规幅
1265,1004310,鲍魂达,2012-08-12,2012-08-13 00:00,28,2012-08-12,(檬扁规幅角矫)
1266,1017310,迫寸达,2012-08-12,2012-08-13 03:00,996,2012-08-12,(刘262З/s 荐巩炼累俺矫)
1267,1004310,鲍魂达,2012-08-13,2012-08-13 02:00,61,2012-08-13,(33З/s 刘啊规幅)
1268,1004310,鲍魂达,2012-08-13,2012-08-13 02:40,146,2012-08-13,(85З/s 刘啊规幅)
1269,1017310,迫寸达,2012-08-13,2012-08-13 03:00,846,2012-08-13,(檬扁规幅樊 炼沥)
1270,1004310,鲍魂达,2012-08-13,2012-08-13 03:30,351,2012-08-13,(刘啊规幅205З/s)
1271,1017310,迫寸达,2012-08-13,2012-08-13 10:00,1140,2012-08-13,刘啊规幅( 294cms)
1272,1004310,鲍魂达,2012-08-13,2012-08-13 16:00,100,2012-08-13,(74 З/s 皑家规幅)
1273,1004310,鲍魂达,2012-08-14,2012-08-14 10:00,37,2012-08-14,(皑家规幅63З/s)
1274,1017310,迫寸达,2012-08-14,2012-08-14 15:00,1543,2012-08-14,刘啊规幅( 403)
1275,1003611,面林炼沥瘤,2012-08-14,2012-08-15 00:00,3000,2012-08-14,捞郴(8.12 函版铰牢)
1276,1017310,迫寸达,2012-08-15,2012-08-15 14:00,2106,2012-08-15,刘啊规幅( 563)
1277,1017310,迫寸达,2012-08-15,2012-08-15 14:30,2742,2012-08-15,刘啊规幅( 636)
1278,1017310,迫寸达,2012-08-15,2012-08-15 15:30,5304,2012-08-15,(1534З/s刘啊规幅)
1279,1017310,迫寸达,2012-08-15,2012-08-15 17:30,3897,2012-08-15,(1407З/s皑家规幅)
1280,1004310,鲍魂达,2012-08-15,2012-08-15 18:00,81,2012-08-15,刘啊规幅( 44)
1281,1015310,没乞达,2012-08-15,2012-08-15 19:00,980,2012-08-15,檬扁规幅(980)
1282,1004310,鲍魂达,2012-08-15,2012-08-15 19:00,174,2012-08-15,刘啊规幅(93)
1283,1015310,没乞达,2012-08-15,2012-08-15 19:30,1469,2012-08-16,刘啊规幅( 489)
1284,1004310,鲍魂达,2012-08-15,2012-08-15 19:30,297,2012-08-15,刘啊规幅(123)
1285,1004310,鲍魂达,2012-08-15,2012-08-15 20:30,525,2012-08-15,刘啊规幅(228)
1286,1017310,迫寸达,2012-08-15,2012-08-15 22:30,3157,2012-08-15,(740З/s皑家)
1287,1004310,鲍魂达,2012-08-15,2012-08-15 22:30,641,2012-08-15,(116З/s刘啊)
1288,1004310,鲍魂达,2012-08-15,2012-08-15 23:00,908,2012-08-15,(267 З/s刘啊)
1289,1004310,鲍魂达,2012-08-15,2012-08-16 02:00,1205,2012-08-15,刘啊规幅(297З/s)
1290,1017310,迫寸达,2012-08-15,2012-08-16 00:00,2509,2012-08-15,皑家规幅(-648З/s)
1291,1017310,迫寸达,2012-08-16,2012-08-16 02:00,2151,2012-08-16,皑家规幅(-358)
1292,1015310,没乞达,2012-08-16,2012-08-16 02:00,1172,2012-08-16,皑家规幅(-297)
1293,1004310,鲍魂达,2012-08-16,2012-08-16 02:00,908,2012-08-16,皑家规幅(-297)
1294,1015310,没乞达,2012-08-16,2012-08-16 06:00,876,2012-08-16,皑家规幅(-296)
1295,1015310,没乞达,2012-08-16,2012-08-16 07:00,769,2012-08-16,皑家规幅(-107)
1296,1004310,鲍魂达,2012-08-16,2012-08-16 06:40,626,2012-08-16,皑家规幅(-282)
1297,1015310,没乞达,2012-08-16,2012-08-16 08:00,670,2012-08-16,皑家规幅(-99)
1298,1004310,鲍魂达,2012-08-16,2012-08-16 11:00,445,2012-08-16,皑家规幅(-181cms)
1299,1017310,迫寸达,2012-08-16,2012-08-16 13:30,2918,2012-08-16,刘啊规幅( 767)
1300,1017310,迫寸达,2012-08-16,2012-08-16 19:30,2226,2012-08-16,皑家规幅(-692)
1301,1004310,鲍魂达,2012-08-16,2012-08-17 00:00,119,2012-08-16,鲍魂达 皑家规幅(-99cms)
1302,1017310,迫寸达,2012-08-17,2012-08-17 01:00,1824,2012-08-17,迫寸达 皑家规幅(-402)
1303,1017310,迫寸达,2012-08-17,2012-08-17 06:00,1426,2012-08-17,迫寸达 皑家规幅(-398)
1304,1017310,迫寸达,2012-08-17,2012-08-17 07:20,1032,2012-08-17,迫寸达 皑家规幅(-394cms)
1305,1004310,鲍魂达,2012-08-17,2012-08-17 11:00,61,2012-08-17,皑家规幅(-58cms)
1306,1017310,迫寸达,2012-08-17,2012-08-17 16:30,892,2012-08-17,皑家规幅(-140cms)
1307,1004310,鲍魂达,2012-08-17,2012-08-17 18:30,134,2012-08-17,刘啊规幅  73cms
1308,1004310,鲍魂达,2012-08-17,2012-08-17 22:00,195,2012-08-17,刘啊规幅(61)cms
1309,1004310,鲍魂达,2012-08-18,2012-08-18 10:40,105,2012-08-18,(90З/s皑家规幅)
1310,1004310,鲍魂达,2012-08-18,2012-08-18 22:00,61,2012-08-18,皑家规幅(44 З/s)
1311,1017310,迫寸达,2012-08-19,2012-08-19 03:00,760,2012-08-19,皑家规幅(132 З/s)
1312,1004310,鲍魂达,2012-08-19,2012-08-19 18:30,22,2012-08-19,皑家规幅 39cms
1313,1017310,迫寸达,2012-08-20,2012-08-20 17:30,872,2012-08-20,檬扁规幅( 132)
1314,1017310,迫寸达,2012-08-20,2012-08-20 18:30,1271,2012-08-20,刘啊规幅 (399 З/s)
1315,1017310,迫寸达,2012-08-20,2012-08-20 18:50,1822,2012-08-20,(531 З/s 刘啊规幅)
1316,1017310,迫寸达,2012-08-20,2012-08-20 19:20,2220,2012-08-20,(398 З/s 刘啊规幅)
1317,1015310,没乞达,2012-08-20,2012-08-20 23:00,726,2012-08-20,刘啊规幅( 49З/s)
1318,1017310,迫寸达,2012-08-20,2012-08-20 23:20,2730,2012-08-20,刘啊规幅(510 З/s)
1319,1017310,迫寸达,2012-08-20,2012-08-20 23:50,3509,2012-08-20,刘啊规幅( 770 З/s)
1320,1015310,没乞达,2012-08-20,2012-08-20 23:50,874,2012-08-20,刘啊规幅( 150 З/s)
1321,1017310,迫寸达,2012-08-21,2012-08-21 00:30,4482,2012-08-21,刘啊规幅( 973 З/s)
1322,1017310,迫寸达,2012-08-21,2012-08-21 01:00,6417,2012-08-21,刘啊规幅(1935З/s)
1323,1015310,没乞达,2012-08-21,2012-08-21 01:00,1078,2012-08-21,刘啊规幅(204 З/s)
1324,1017310,迫寸达,2012-08-21,2012-08-21 01:30,7930,2012-08-21,眠啊规幅(1513 З/s)
1325,1015310,没乞达,2012-08-21,2012-08-21 01:30,1687,2012-08-21,眠啊规幅(609 З/s)
1326,1015310,没乞达,2012-08-21,2012-08-21 03:00,2230,2012-08-21,刘啊规幅(543 З/s)
1327,1017310,迫寸达,2012-08-21,2012-08-21 03:10,6847,2012-08-21,皑家规幅(1083 З/s)
1328,1017310,迫寸达,2012-08-21,2012-08-21 04:30,5572,2012-08-21,皑家规幅(805 З/s)
1329,1015310,没乞达,2012-08-21,2012-08-21 05:30,2387,2012-08-21,刘啊规幅(157 З/s)
1330,1013310,狼鞠达,2012-08-21,2012-08-21 08:30,437,2012-08-21,刘啊规幅(88 З/s)
1331,1017310,迫寸达,2012-08-21,2012-08-21 06:40,5101,2012-08-21,皑家规幅(417 З/s)
1332,1015310,没乞达,2012-08-21,2012-08-21 06:40,2638,2012-08-21,刘啊规幅(251 З/s)
1333,1010320,冕玫达,2012-08-21,2012-08-21 12:00,360,2012-08-21,檬扁规幅(160 З/s)
1334,1013310,狼鞠达,2012-08-21,2012-08-21 09:00,793,2012-08-21,刘啊规俘(356 З/s)
1335,1015310,没乞达,2012-08-21,2012-08-21 09:30,3367,2012-08-21,刘啊规幅(729 З/s)
1336,1017310,迫寸达,2012-08-21,2012-08-21 12:00,5630,2012-08-21, 刘啊规幅(529З/s)
1337,1015310,没乞达,2012-08-21,2012-08-21 12:00,2943,2012-08-21,皑家规幅(424З/s)
1338,1017310,迫寸达,2012-08-21,2012-08-21 13:00,4426,2012-08-21,1204cms 皑家 规幅
1339,1015310,没乞达,2012-08-21,2012-08-21 13:00,2381,2012-08-21,562cms 皑家规幅
1340,1010320,冕玫达,2012-08-21,2012-08-21 13:30,626,2012-08-21,刘啊规幅(266З/s)
1341,1017310,迫寸达,2012-08-21,2012-08-21 15:00,3654,2012-08-21,(772З/s皑家)
1342,1015310,没乞达,2012-08-21,2012-08-21 15:00,2157,2012-08-21,(224З/s皑家)
1343,1010320,冕玫达,2012-08-21,2012-08-21 15:00,888,2012-08-21,(262З/s刘啊)
1344,1013310,狼鞠达,2012-08-21,2012-08-21 16:00,989,2012-08-21,(196З/s刘啊)
1345,1015310,没乞达,2012-08-21,2012-08-21 18:00,1819,2012-08-21,皑家规幅 -338cms
1346,1013310,狼鞠达,2012-08-21,2012-08-21 19:00,700,2012-08-21,皑家规幅 -289cms
1347,1010320,冕玫达,2012-08-21,2012-08-21 18:00,558,2012-08-21,皑家规幅 -330cms
1348,1010320,冕玫达,2012-08-21,2012-08-21 19:00,293,2012-08-21,皑家规幅 -265cms
1349,1017310,迫寸达,2012-08-21,2012-08-21 20:30,3093,2012-08-21,561cms 皑家 规幅
1350,1015310,没乞达,2012-08-21,2012-08-21 20:30,1457,2012-08-21,363cms 皑家 规幅
1351,1013310,狼鞠达,2012-08-21,2012-08-21 20:30,414,2012-08-21,286cms 皑家 规幅
1352,1004310,鲍魂达,2012-08-21,2012-08-21 20:30,54,2012-08-21,32cms 刘啊 规幅
1353,1017310,迫寸达,2012-08-21,2012-08-22 00:00,2882,2012-08-21,(211З/皑家)
1354,1015310,没乞达,2012-08-21,2012-08-21 23:00,1054,2012-08-21,(403З/s皑家)
1355,1004310,鲍魂达,2012-08-22,2012-08-22 11:30,88,2012-08-22,刘啊规幅(34 З/s)
1356,1013310,狼鞠达,2012-08-22,2012-08-22 12:30,340,2012-08-22,皑家规幅(74 З/s)
1357,1010320,冕玫达,2012-08-22,2012-08-22 12:30,240,2012-08-22,皑家规幅(53 З/s)
1358,1004310,鲍魂达,2012-08-22,2012-08-22 17:00,130,2012-08-22,刘啊规幅(41 З/s)
1359,1004310,鲍魂达,2012-08-22,2012-08-22 19:00,175,2012-08-22,眠啊规幅(45 З/s)
1360,1017310,迫寸达,2012-08-23,2012-08-23 06:30,2300,2012-08-23,皑家规幅(582 З/s)
1361,1015310,没乞达,2012-08-23,2012-08-23 06:00,710,2012-08-23,皑家规幅(344 З/s)
1362,1004310,鲍魂达,2012-08-23,2012-08-23 06:00,110,2012-08-23,皑家规幅(62 З/s)
1363,1015310,没乞达,2012-08-23,2012-08-23 07:00,662,2012-08-23,荐巩傈企
1364,1017310,迫寸达,2012-08-23,2012-08-23 08:00,1913,2012-08-23,皑家规幅(-387)
1365,1004310,鲍魂达,2012-08-23,2012-08-23 18:00,61,2012-08-23,(49З/s皑家)
1366,1017310,迫寸达,2012-08-23,2012-08-23 20:00,2423,2012-08-23,510cms 刘啊
1367,1017310,迫寸达,2012-08-24,2012-08-24 09:00,2051,2012-08-24,-370cms 皑家规幅
1368,1003110,面林,2012-08-24,2012-08-24 15:00,2000,2012-08-24,捞郴 藕仿利 炼沥
1369,1006110,染己,2012-08-24,2012-08-24 15:00,100,2012-08-24,规幅 矫埃 沥沥
1370,1004310,鲍魂达,2012-08-26,2012-08-26 08:00,38,2012-08-26,皑家规幅(23 З/s)
1371,1017310,迫寸达,2012-08-26,2012-08-26 23:30,2285,2012-08-26,234cms 刘啊 规幅
1372,1017310,迫寸达,2012-08-27,2012-08-27 06:30,1918,2012-08-27,367cms 皑家 规幅
1373,1017310,迫寸达,2012-08-28,2012-08-28 08:20,1086,2012-08-28,皑家规幅(832 З/s)
1374,1017310,迫寸达,2012-08-28,2012-08-28 09:30,829,2012-08-28,皑家规幅(257)
1375,1004310,鲍魂达,2012-08-28,2012-08-28 17:00,61,2012-08-28,刘啊规幅(23cms)
1376,1017310,迫寸达,2012-08-28,2012-08-28 17:30,735,2012-08-28,迫寸达 荐巩 傈企
1377,1004310,鲍魂达,2012-08-30,2012-08-30 09:00,146,2012-08-30,85 З/s 刘啊规幅
1378,1017310,迫寸达,2012-08-30,2012-08-30 13:00,852,2012-08-30,(檬扁规幅)
1379,1004310,鲍魂达,2012-08-30,2012-08-30 12:20,316,2012-08-30,170cms 刘啊规幅
1380,1017310,迫寸达,2012-08-30,2012-08-30 14:00,1369,2012-08-30,刘啊规幅(517 З/s)
1381,1017310,迫寸达,2012-08-30,2012-08-30 15:00,1897,2012-08-30,刘啊规幅(528З/s)
1382,1004310,鲍魂达,2012-08-30,2012-08-30 15:00,525,2012-08-30,刘啊规幅(209З/s)
1383,1017310,迫寸达,2012-08-30,2012-08-30 16:00,2547,2012-08-30,刘啊规幅(650З/s)
1384,1004310,鲍魂达,2012-08-30,2012-08-30 16:00,1034,2012-08-30,刘啊规幅(239З/s)
1385,1017310,迫寸达,2012-08-30,2012-08-30 16:30,3366,2012-08-30,刘啊规幅( 819cms)
1386,1004310,鲍魂达,2012-08-30,2012-08-30 16:30,1263,2012-08-30,刘啊规幅( 229cms)
1387,1017310,迫寸达,2012-08-30,2012-08-30 17:30,4134,2012-08-30,刘啊规幅( 768cms)
1388,1004310,鲍魂达,2012-08-30,2012-08-30 17:30,1349,2012-08-30,刘啊规幅( 86cms)
1389,1017310,迫寸达,2012-08-30,2012-08-30 19:00,4835,2012-08-30,701cms 刘啊规幅
1390,1004310,鲍魂达,2012-08-30,2012-08-30 19:30,1245,2012-08-30,皑家规幅(104З/s)
1391,1003611,面林炼沥瘤,2012-08-30,2012-08-30 19:30,4000,2012-08-30,捞郴(8.14 函版铰牢)
1392,1004310,鲍魂达,2012-08-30,2012-08-30 21:00,1202,2012-08-30,皑家规幅(-43cms)
1393,1004310,鲍魂达,2012-08-30,2012-08-30 22:00,921,2012-08-30,281cms 皑家规幅
1394,1017310,迫寸达,2012-08-31,2012-08-31 01:00,5914,2012-08-31,1079cms 刘啊规幅
1395,1004310,鲍魂达,2012-08-31,2012-08-31 01:00,585,2012-08-31,336cms 皑家规幅
1396,1017310,迫寸达,2012-08-31,2012-08-31 05:00,6772,2012-08-31,858cms 刘啊规幅
1397,1004310,鲍魂达,2012-08-31,2012-08-31 05:00,305,2012-08-31,280cms 皑家规幅
1398,1017310,迫寸达,2012-08-31,2012-08-31 09:00,5094,2012-08-31,皑家规幅(881 З/s)
1399,1017310,迫寸达,2012-08-31,2012-08-31 11:00,4360,2012-08-31,皑家规幅(734 З/s)
1400,1004310,鲍魂达,2012-08-31,2012-08-31 13:00,154,2012-08-31,皑家规幅(151 З/s)
1401,1017310,迫寸达,2012-08-31,2012-08-31 15:50,3656,2012-08-31,(-704З/s)规幅矫埃沥沥
1402,1017310,迫寸达,2012-08-31,2012-08-31 19:00,2641,2012-08-31,皑家规幅(2641cms)
1403,1017310,迫寸达,2012-08-31,2012-08-31 01:00,1758,2012-08-31,(883З/s 皑家规幅)
1404,1004310,鲍魂达,2012-09-01,2012-09-01 07:00,61,2012-09-01,皑家规幅 93cms
1405,1017310,迫寸达,2012-09-01,2012-09-01 12:30,1635,2012-09-01,皑家规幅(-641cms)
1406,1017310,迫寸达,2012-09-01,2012-09-01 17:10,1012,2012-09-01,皑家规幅(-623cms)
1407,1004310,鲍魂达,2012-09-01,2012-09-01 21:30,87,2012-09-01,刘啊规幅( 26cms)
1408,1017310,迫寸达,2012-09-01,2012-09-01 22:30,1416,2012-09-01,刘啊规幅( 404cms)
1409,1017310,迫寸达,2012-09-02,2012-09-02 07:00,1029,2012-09-02,皑家规幅(-387cms)
1410,1017310,迫寸达,2012-09-02,2012-09-02 08:40,875,2012-09-02,皑家规幅(-154cms)
1411,1004310,鲍魂达,2012-09-02,2012-09-02 15:00,38,2012-09-02,(49З/s皑家)
1412,1004310,鲍魂达,2012-09-02,2012-09-02 18:00,29,2012-09-02,(9З/s皑家)
1413,1017310,迫寸达,2012-09-04,2012-09-04 12:00,743,2012-09-04,荐巩傈企(-132cms)
1414,1004310,鲍魂达,2012-09-04,2012-09-04 17:30,88,2012-09-04,(59З/s刘啊)
1415,1004310,鲍魂达,2012-09-04,2012-09-04 18:30,154,2012-09-04,(66З/s刘啊)
1416,1017310,迫寸达,2012-09-04,2012-09-05 00:00,881,2012-09-04,檬扁刘啊规幅( 131cms)
1417,1004310,鲍魂达,2012-09-04,2012-09-04 21:00,88,2012-09-04,皑家规幅(-66cms)
1418,1017310,迫寸达,2012-09-04,2012-09-05 00:20,1643,2012-09-04,刘啊规幅( 762cms)
1419,1004310,鲍魂达,2012-09-04,2012-09-05 00:00,185,2012-09-04,刘啊规幅( 97cms)
1420,1017310,迫寸达,2012-09-05,2012-09-05 01:00,2152,2012-09-05,刘啊规幅( 509cms)
1421,1017310,迫寸达,2012-09-05,2012-09-05 02:00,2693,2012-09-05,刘啊规幅( 541cms)
1422,1004310,鲍魂达,2012-09-05,2012-09-05 02:00,334,2012-09-05,刘啊规幅( 149cms)
1423,1004310,鲍魂达,2012-09-05,2012-09-05 14:00,195,2012-09-05,(139З/s皑家)
1424,1017310,迫寸达,2012-09-06,2012-09-06 20:00,1923,2012-09-06,皑家规幅(278 З/s)
1425,1004310,鲍魂达,2012-09-06,2012-09-06 23:00,39,2012-09-06,皑家规幅(44 З/s)
1426,1017310,迫寸达,2012-09-07,2012-09-07 06:00,1526,2012-09-07,皑家规幅(371 З/s)
1427,1004310,鲍魂达,2012-09-05,2012-09-05 23:30,83,2012-09-05,皑家规幅(-112cms)
1428,1017310,迫寸达,2012-09-06,2012-09-06 04:30,2201,2012-09-06,皑家规幅(-492cms)
1429,1017310,迫寸达,2012-09-07,2012-09-07 21:00,1918,2012-09-07,刘啊规幅 392cms
1430,1017310,迫寸达,2012-09-07,2012-09-07 21:30,2181,2012-09-07,刘啊规幅 263cms
1431,1004310,鲍魂达,2012-09-07,2012-09-07 23:00,86,2012-09-07,刘啊规幅  47cms
1432,1017310,迫寸达,2012-09-08,2012-09-08 05:00,1521,2012-09-08,皑家规幅 -660cms
1433,1017310,迫寸达,2012-09-08,2012-09-08 07:00,1115,2012-09-08,皑家规幅 -406cms
1434,1004310,鲍魂达,2012-09-08,2012-09-08 07:00,126,2012-09-08,刘啊规幅 40cms
1435,1017310,迫寸达,2012-09-08,2012-09-08 08:00,865,2012-09-08,皑家规幅 -250cms
1436,1004310,鲍魂达,2012-09-08,2012-09-08 14:00,154,2012-09-08,28cms刘啊规幅
1437,1017310,迫寸达,2012-09-08,2012-09-08 19:30,1380,2012-09-08,刘啊规幅(670cms)
1438,1017310,迫寸达,2012-09-08,2012-09-08 20:00,1762,2012-09-08,刘啊规幅(382 З/s)
1439,1004310,鲍魂达,2012-09-08,2012-09-08 21:20,88,2012-09-08,皑家规幅(66З/s)
1440,1017310,迫寸达,2012-09-08,2012-09-08 23:30,1393,2012-09-08,皑家规幅(369З/s)
1441,1017310,迫寸达,2012-09-09,2012-09-09 06:50,1120,2012-09-09,皑家规幅(273З/s)
1442,1017310,迫寸达,2012-09-09,2012-09-09 10:00,872,2012-09-09,皑家规幅(248cms)
1443,1004310,鲍魂达,2012-09-09,2012-09-09 15:10,38,2012-09-09,50cms 皑家规幅
1444,1004310,鲍魂达,2012-09-11,2012-09-11 15:30,25,2012-09-17,(13З/s皑家)
1445,1003110,面林,2012-09-14,2012-09-14 17:00,2000,2012-09-14,捞郴 藕仿利 规幅
1446,1006110,染己,2012-09-14,2012-09-14 17:00,150,2012-09-14,捞郴 藕仿利 规幅
1447,1017310,迫寸达,2012-09-14,2012-09-14 22:00,881,2012-09-14,迫寸达 檬扁规幅 131З/s
1448,1017310,迫寸达,2012-09-17,2012-09-17 06:00,2446,2012-09-17,(671З/s 刘啊规幅)
1449,1017310,迫寸达,2012-09-17,2012-09-17 10:10,1912,2012-09-17,皑家规幅(534 З/s)
1450,1004310,鲍魂达,2012-09-17,2012-09-17 15:00,169,2012-09-17,(41З/s刘啊)
1451,1004310,鲍魂达,2012-09-17,2012-09-17 16:00,231,2012-09-17,(刘啊规幅 62З/s)
1452,1017310,迫寸达,2012-09-17,2012-09-17 18:00,2215,2012-09-17,(303З/s刘啊)
1453,1004310,鲍魂达,2012-09-17,2012-09-17 18:00,290,2012-09-17,(59З/s刘啊)
1454,1017310,迫寸达,2012-09-17,2012-09-17 19:20,2846,2012-09-17,* 迫寸达 刘啊规幅(631З/s )
1455,1017310,迫寸达,2012-09-17,2012-09-18 00:00,2338,2012-09-17,(508 З/s皑家)
1456,1004310,鲍魂达,2012-09-18,2012-09-18 04:30,175,2012-09-18,(115З/s皑家规幅)
1457,1017310,迫寸达,2012-09-18,2012-09-18 04:40,1783,2012-09-18,(555З/s 皑家)
1458,1004310,鲍魂达,2012-09-18,2012-09-18 12:00,87,2012-09-18,(88cms 皑家规幅)
1459,1017310,迫寸达,2012-09-18,2012-09-18 20:00,1409,2012-09-18,(皑家规幅 375 З/s)
1460,1004310,鲍魂达,2012-09-18,2012-09-18 21:00,66,2012-09-18,(皑家规幅 21 З/s)
1461,1017310,迫寸达,2012-09-18,2012-09-18 23:00,1146,2012-09-18,(皑家规幅 263 З/s)
1462,1017310,迫寸达,2012-09-19,2012-09-19 06:30,882,2012-09-19,皑家规幅(264 З/s)
1463,1017310,迫寸达,2012-09-19,2012-09-19 08:30,780,2012-09-19,荐巩 傈企
1464,1004310,鲍魂达,2012-09-19,2012-09-19 14:00,40,2012-09-19,(26З/s皑家)
1465,1004310,鲍魂达,2012-09-19,2012-09-19 21:00,26,2012-09-19,皑家规幅(-14cms)
1466,1004310,鲍魂达,2012-09-23,2012-09-23 11:30,15,2012-09-23,鲍魂达 荐巩 傈企
1467,1017310,迫寸达,2012-08-21,2012-08-21 04:00,6377,2012-10-04,(470З/s皑家)
1468,1017310,迫寸达,2012-04-03,2012-04-03 21:00,1408,2012-04-03,
1469,1017310,迫寸达,2012-04-03,2012-04-04 00:00,862,2012-10-04,皑家546
1470,1017310,迫寸达,2012-04-04,2012-04-04 05:00,820,2012-04-04,
1471,1013310,狼鞠达,2012-05-06,2012-05-06 09:30,162,2012-10-04,
1472,1004310,鲍魂达,2012-07-06,2012-07-06 23:00,203,2012-10-04,80刘啊
1473,1004310,鲍魂达,2012-07-07,2012-07-07 01:30,340,2012-10-04,137刘啊
1474,1004310,鲍魂达,2012-07-07,2012-07-07 07:00,235,2012-10-04,115.1皑家
1475,1004310,鲍魂达,2012-07-08,2012-07-08 11:00,22,2012-10-04,19.1皑家
1476,1004310,鲍魂达,2012-07-14,2012-07-14 19:00,23,2012-10-04,14刘啊
1477,1004310,鲍魂达,2012-07-15,2012-07-15 07:00,69,2012-10-04,
1478,1017310,迫寸达,2012-07-15,2012-07-15 09:30,914,2012-10-04,
1479,1004310,鲍魂达,2012-07-15,2012-07-15 08:30,131,2012-10-04,62刘啊
1480,1017310,迫寸达,2012-07-15,2012-07-15 08:30,914,2012-10-04,檬扁规幅矫埃函版(9:30->8:30)
1481,1004310,鲍魂达,2012-08-13,2012-08-13 13:00,174,2012-10-04,177皑家
1482,1017310,迫寸达,2012-08-15,2012-08-15 15:00,3770,2012-10-04,1028刘啊
1483,1004310,鲍魂达,2012-08-16,2012-08-16 14:30,218,2012-10-04,227皑家
1484,1017310,迫寸达,2012-08-31,2012-08-31 07:00,5975,2012-10-04,797皑家
1485,1017310,迫寸达,2012-09-01,2012-09-01 07:30,2276,2012-10-04,518刘啊
1486,1017310,迫寸达,2012-09-08,2012-09-08 10:00,0,2012-10-04,荐巩傈企
1487,1017310,迫寸达,2012-09-09,2012-09-09 11:30,0,2012-10-04,荐巩傈企
1488,1017310,迫寸达,2012-09-15,2012-09-15 09:00,1775,2012-10-04,894刘啊
1489,1004310,鲍魂达,2012-09-17,2012-09-17 09:00,61,2012-10-05,36刘啊
1490,1004310,鲍魂达,2012-09-17,2012-09-17 13:00,128,2012-10-05,67刘啊
1491,1004310,鲍魂达,2013-02-03,2013-02-04 06:00,26,2013-02-03,鲍魂达 檬扁规幅
1492,1007801,碍玫焊,2013-06-17,2013-06-17 17:00,1190,2013-06-17,捞郴(碍快俊蝶扼 藕仿利 荐巩俺档)
1493,1007802,咯林焊,2013-06-17,2013-06-17 17:00,1300,2013-06-17,捞郴(碍快俊 蝶扼 藕仿 款康)
1494,1007803,捞器焊,2013-06-17,2013-06-17 17:00,1490,2013-06-17,捞郴(碍快俊 蝶扼 藕仿 款康)
1495,1004310,鲍魂达,2013-06-18,2013-06-18 17:00,334,2013-06-18,188cms 刘啊规幅
1496,1004310,鲍魂达,2013-06-18,2013-06-18 17:30,598,2013-06-18,264cms 刘啊规幅
1497,1004310,鲍魂达,2013-06-18,2013-06-18 18:30,752,2013-06-18,154cms 刘啊规幅
1498,1004310,鲍魂达,2013-06-18,2013-06-18 23:00,430,2013-06-18,322З/s 皑家规幅
1499,1017310,迫寸达,2013-06-19,2013-06-19 07:30,911,2013-06-19,迫寸达 檬扁规幅
1500,1017310,迫寸达,2013-06-19,2013-06-19 08:00,1692,2013-06-19,迫寸达 刘啊规幅( 781З/s)
1501,1017310,迫寸达,2013-06-19,2013-06-19 08:30,2089,2013-06-19,迫寸达 刘啊规幅( 397З/s)
1502,1017310,迫寸达,2013-06-19,2013-06-19 11:00,1626,2013-06-19,(463З/s 皑家规幅)
1503,1004310,鲍魂达,2013-06-19,2013-06-19 11:00,203,2013-06-19,(227З/s 皑家规幅)
1504,1004310,鲍魂达,2013-06-19,2013-06-19 18:20,131,2013-06-19,皑家规幅(-72)
1505,1017310,迫寸达,2013-06-19,2013-06-19 22:00,1075,2013-06-19,迫寸达皑家规幅(-551cms)
1506,1017310,迫寸达,2013-06-19,2013-06-19 23:30,913,2013-06-19,迫寸达 皑家规幅(-162cms)
1507,1004310,鲍魂达,2013-06-20,2013-06-20 22:30,69,2013-06-20,鲍魂达 皑家规幅(-69cms)
1508,1017310,迫寸达,2013-06-19,2013-06-20 00:30,761,2013-06-19,迫寸达 荐巩 傈企(-132cms)
1509,1004310,鲍魂达,2013-06-22,2013-06-22 11:00,15,2013-06-22,鲍魂达 荐巩 傈企
1510,1004310,鲍魂达,2013-06-27,2013-06-27 23:30,25,2013-06-27,10З/s刘啊规幅
1511,1004310,鲍魂达,2013-06-28,2013-06-28 23:30,15,2013-06-28,10З/s 皑家规幅(荐巩傈企)
1512,1007801,碍玫焊,2013-07-01,2013-07-01 17:00,1700,2013-07-01,捞郴 藕仿 炼沥
1513,1007802,咯林焊,2013-07-01,2013-07-01 17:00,1800,2013-07-01,捞郴 藕仿利 款康
1514,1007803,捞器焊,2013-07-01,2013-07-01 17:00,2200,2013-07-01,捞郴 藕仿款康
1515,1004310,鲍魂达,2013-07-03,2013-07-03 05:00,39,2013-07-03,
1516,1004310,鲍魂达,2013-07-04,2013-07-04 17:30,64,2013-07-04,(40З/s刘啊)
1517,1004310,鲍魂达,2013-07-05,2013-07-05 07:30,138,2013-07-05,刘啊规幅 74cms
1518,1004310,鲍魂达,2013-07-05,2013-07-05 13:30,254,2013-07-05,(116З/s刘啊)
1519,1004310,鲍魂达,2013-07-05,2013-07-05 23:30,156,2013-07-05,(98З/s 皑家规幅)
1520,1004310,鲍魂达,2013-07-06,2013-07-06 08:30,105,2013-07-06,(51З/s 皑家)
1521,1004310,鲍魂达,2013-07-06,2013-07-06 20:20,61,2013-07-06,鲍魂达 皑家规幅(44З/s)
1522,1004310,鲍魂达,2013-07-08,2013-07-08 09:00,24,2013-07-08,(37 З/s皑家)
1523,1017310,迫寸达,2013-07-08,2013-07-08 18:30,887,2013-07-08,檬扁规幅( 131)
1524,1015310,没乞达,2013-07-08,2013-07-08 18:30,583,2013-07-08,檬扁规幅( 98)
1525,1013310,狼鞠达,2013-07-08,2013-07-08 18:20,268,2013-07-08,檬扁规幅( 88)
1526,1010320,冕玫达,2013-07-08,2013-07-08 18:20,297,2013-07-08,檬扁规幅( 43)
1527,1017310,迫寸达,2013-07-08,2013-07-08 19:00,1835,2013-07-08,刘啊规幅 948cms
1528,1015310,没乞达,2013-07-08,2013-07-08 19:00,1278,2013-07-08,刘啊规幅 695cms
1529,1013310,狼鞠达,2013-07-08,2013-07-08 18:40,1074,2013-07-08,刘啊规幅 626cms
1530,1010320,冕玫达,2013-07-08,2013-07-08 18:40,896,2013-07-08,刘啊规幅 599cms
1531,1017310,迫寸达,2013-07-08,2013-07-08 20:30,2364,2013-07-08,528cms 刘啊规幅
1532,1015310,没乞达,2013-07-08,2013-07-08 20:30,1654,2013-07-08,376cms 刘啊规幅
1533,1013310,狼鞠达,2013-07-08,2013-07-08 20:30,1306,2013-07-08,232cms 刘啊规幅
1534,1010320,冕玫达,2013-07-08,2013-07-08 20:30,1213,2013-07-08,317cms 刘啊规幅
1535,1017310,迫寸达,2013-07-08,2013-07-08 23:40,3147,2013-07-08,783cms 刘啊规幅
1536,1010320,冕玫达,2013-07-08,2013-07-08 23:40,680,2013-07-08,533cms 皑家规幅
1537,1015310,没乞达,2013-07-08,2013-07-09 00:30,1361,2013-07-08,293cms 皑家规幅
1538,1013310,狼鞠达,2013-07-08,2013-07-09 00:30,1197,2013-07-08,109cms 皑家规幅
1539,1017310,迫寸达,2013-07-09,2013-07-09 09:30,1816,2013-07-09,515cms皑家规幅
1540,1015310,没乞达,2013-07-09,2013-07-09 07:00,1180,2013-07-09,181cms 皑家规幅
1541,1013310,狼鞠达,2013-07-09,2013-07-09 09:30,502,2013-07-09,148cms皑家规幅
1542,1010320,冕玫达,2013-07-09,2013-07-09 07:00,421,2013-07-09,259cms 皑家规幅
1543,1010320,冕玫达,2013-07-09,2013-07-09 08:00,312,2013-07-09,109cms 皑家规幅
1544,1013310,狼鞠达,2013-07-09,2013-07-09 10:00,427,2013-07-09,(75З/s皑家)
1545,1013310,狼鞠达,2013-07-09,2013-07-09 10:30,352,2013-07-09,(75З/s皑家)
1546,1015310,没乞达,2013-07-09,2013-07-09 10:30,987,2013-07-09,(193З/s皑家)
1547,1017310,迫寸达,2013-07-09,2013-07-09 10:30,1430,2013-07-09,(386З/s皑家)
1548,1015310,没乞达,2013-07-09,2013-07-09 14:00,892,2013-07-09,皑家规幅(-95cms)
1549,1010320,冕玫达,2013-07-09,2013-07-09 14:00,259,2013-07-09,皑家规幅(-53cms)
1550,1004310,鲍魂达,2013-07-03,2013-07-03 21:00,24,2013-07-03,(14З/s 皑家)
1551,1004310,鲍魂达,2013-07-03,2013-07-03 19:30,38,2013-07-03,(46З/s皑家)
1552,1017310,迫寸达,2013-07-09,2013-07-09 19:00,1307,2013-07-09,(127З/s皑家)
1553,1015310,没乞达,2013-07-09,2013-07-09 18:00,595,2013-07-09,(295З/s皑家)
1554,1004310,鲍魂达,2013-02-05,2013-02-05 19:30,0,2013-07-09,(荐巩傈企)
1555,1004310,鲍魂达,2013-07-09,2013-07-09 19:00,15,2013-07-09,(荐巩傈企)
1556,1015310,没乞达,2013-07-09,2013-07-09 19:30,497,2013-07-09,荐巩傈企(-98cms)
1557,1017310,迫寸达,2013-07-09,2013-07-09 21:40,913,2013-07-09,(395З/s皑家)
1558,1010320,冕玫达,2013-07-11,2013-07-11 17:00,313,2013-07-11,檬扁规幅(刘53cms)
1559,1013310,狼鞠达,2013-07-11,2013-07-11 19:30,403,2013-07-11,檬扁规幅(刘73cms)
1560,1017310,迫寸达,2013-07-11,2013-07-11 14:30,1424,2013-07-11,刘啊规幅(刘511cms)
1561,1015310,没乞达,2013-07-11,2013-07-11 14:30,887,2013-07-11,刘啊规幅(351cms)
1562,1015310,没乞达,2013-07-11,2013-07-11 21:30,1497,2013-07-11,刘啊规幅(610cms)
1563,1017310,迫寸达,2013-07-11,2013-07-11 22:00,2083,2013-07-11,刘啊规幅(659cms)
1564,1010320,冕玫达,2013-07-11,2013-07-11 22:30,572,2013-07-11,刘啊规幅(259cms)
1565,1013310,狼鞠达,2013-07-11,2013-07-11 23:00,645,2013-07-11,刘啊规幅(242cms)
1566,1015310,没乞达,2013-07-12,2013-07-12 07:30,1173,2013-07-12,皑家规幅(324cms)
1567,1017310,迫寸达,2013-07-12,2013-07-12 18:00,1515,2013-07-12,(规幅矫埃 沥沥)
1568,1015310,没乞达,2013-07-12,2013-07-12 17:30,984,2013-07-12,-189cms 皑家规幅
1569,1013310,狼鞠达,2013-07-12,2013-07-13 09:00,581,2013-07-13,(规幅樊281 皑家)
1570,1010320,冕玫达,2013-07-13,2013-07-13 09:00,472,2013-07-13,皑家规幅(371cms)
1571,1010320,冕玫达,2013-07-12,2013-07-12 20:00,843,2013-07-12,刘啊规幅(843cms)
1572,1017310,迫寸达,2013-07-12,2013-07-12 22:00,2471,2013-07-12,956cms 刘啊规幅
1573,1015310,没乞达,2013-07-12,2013-07-12 21:40,1489,2013-07-12,505cms 刘啊规幅
1574,1017310,迫寸达,2013-07-12,2013-07-12 23:30,2982,2013-07-12,550cms 刘啊规幅
1575,1015310,没乞达,2013-07-12,2013-07-12 23:30,1942,2013-07-12,450cms 刘啊规幅
1576,1017310,迫寸达,2013-07-13,2013-07-13 02:30,3960,2013-07-13,(978З/s刘啊)
1577,1017310,迫寸达,2013-07-13,2013-07-13 03:30,4556,2013-07-13,596cms 刘啊规幅
1578,1015310,没乞达,2013-07-13,2013-07-13 10:00,2650,2013-07-13,507cms刘啊规幅
1579,1017310,迫寸达,2013-07-13,2013-07-13 04:30,5921,2013-07-13,1365cms 刘啊规幅
1580,1006110,染己,2013-07-13,2013-07-13 13:00,100,2013-07-13,捞郴 藕仿利 规幅
1581,1015310,没乞达,2013-07-13,2013-07-13 13:30,3166,2013-07-13,刘啊规幅(516cms)
1582,1013310,狼鞠达,2013-07-13,2013-07-13 13:30,863,2013-07-13,刘啊规幅(282cms)
1583,1010320,冕玫达,2013-07-13,2013-07-13 13:30,684,2013-07-13,刘啊规幅(212cms)
1584,1015310,没乞达,2013-07-13,2013-07-13 17:20,2785,2013-07-13,皑家规幅(-381cms)
1585,1017310,迫寸达,2013-07-13,2013-07-13 20:30,4912,2013-07-13,皑家规幅(-1009cms) 沥沥(20:30~)
1586,1015310,没乞达,2013-07-13,2013-07-13 20:30,2381,2013-07-13,皑家规幅(-404cms)
1587,1017310,迫寸达,2013-07-13,2013-07-13 23:30,4170,2013-07-13,皑家规幅 -742cms
1588,1015310,没乞达,2013-07-13,2013-07-13 23:30,2076,2013-07-13,皑家规幅 -305cms
1589,1013310,狼鞠达,2013-07-13,2013-07-13 23:30,654,2013-07-13,皑家规幅 -209cms
1590,1013310,狼鞠达,2013-07-14,2013-07-14 06:30,1206,2013-07-14,刘啊规幅274cms
1591,1010320,冕玫达,2013-07-14,2013-07-14 06:30,1164,2013-07-14,刘啊规幅217cms
1592,1015310,没乞达,2013-07-14,2013-07-14 08:30,2366,2013-07-14,290cms 刘啊规幅
1593,1013310,狼鞠达,2013-07-14,2013-07-14 08:00,1352,2013-07-14,146cms 刘啊规幅
1594,1010320,冕玫达,2013-07-14,2013-07-14 08:00,1317,2013-07-14,153cms 刘啊规幅
1595,1010320,冕玫达,2013-07-14,2013-07-14 08:30,1717,2013-07-14,(400З/s 刘啊)
1596,1013310,狼鞠达,2013-07-14,2013-07-14 08:30,1964,2013-07-14,(612З/s 刘啊)
1597,1010320,冕玫达,2013-07-14,2013-07-14 09:10,2539,2013-07-14,822 З/s 刘啊规幅
1598,1013310,狼鞠达,2013-07-14,2013-07-14 09:10,3165,2013-07-14,1201 З/s 刘啊规幅
1599,1013310,狼鞠达,2013-07-14,2013-07-14 09:30,4461,2013-07-14,(1296 З/s 刘啊)
1600,1010320,冕玫达,2013-07-14,2013-07-14 09:30,3422,2013-07-14,(883 З/s 刘啊)
1601,1015310,没乞达,2013-07-14,2013-07-14 10:00,4512,2013-07-14,刘啊规幅  2146cms
1602,1017310,迫寸达,2013-07-14,2013-07-14 11:00,7685,2013-07-14,刘啊规幅  3515cms
1603,1015310,没乞达,2013-07-14,2013-07-14 10:30,6530,2013-07-14,刘啊规幅  2018
1604,1013310,狼鞠达,2013-07-14,2013-07-14 10:30,5485,2013-07-14,刘啊规幅  1024
1605,1010320,冕玫达,2013-07-14,2013-07-14 10:30,4093,2013-07-14,刘啊规幅  671
1606,1017310,迫寸达,2013-07-14,2013-07-14 11:30,10643,2013-07-14,(2958 З/s 刘啊)
1607,1015310,没乞达,2013-07-14,2013-07-14 11:10,9093,2013-07-14,(2563 З/s 刘啊)
1608,1010320,冕玫达,2013-07-14,2013-07-14 11:40,2336,2013-07-14,皑家规幅 -1747cms
1609,1010310,拳玫达,2013-07-14,2013-07-14 15:00,354,2013-07-14,刘啊规幅  354
1610,1013310,狼鞠达,2013-07-14,2013-07-14 13:00,3471,2013-07-14,皑家规幅 -2014cms
1611,1010320,冕玫达,2013-07-14,2013-07-14 13:00,1492,2013-07-14,皑家规幅 -844
1612,1004310,鲍魂达,2013-07-14,2013-07-14 16:00,24,2013-07-14,(檬扁规幅)
1613,1010320,冕玫达,2013-07-14,2013-07-14 14:30,1103,2013-07-14,(389З/s皑家)
1614,1013310,狼鞠达,2013-07-14,2013-07-14 14:30,2156,2013-07-14,(1315З/s皑家)
1615,1017310,迫寸达,2013-07-14,2013-07-14 15:30,9434,2013-07-14,皑家规幅 -1209cms
1616,1015310,没乞达,2013-07-14,2013-07-14 15:30,6909,2013-07-14,皑家规幅 -2184cms
1617,1013310,狼鞠达,2013-07-14,2013-07-14 15:30,1839,2013-07-14,皑家规幅 -317cms
1618,1017310,迫寸达,2013-07-14,2013-07-14 17:00,8279,2013-07-14,皑家规幅 -1155cms
1619,1010320,冕玫达,2013-07-14,2013-07-14 17:00,1928,2013-07-14,刘啊规幅  825cms
1620,1010310,拳玫达,2013-07-14,2013-07-14 17:00,764,2013-07-14,刘啊规幅  410 cms
1621,1004310,鲍魂达,2013-07-14,2013-07-14 17:30,83,2013-07-14,刘啊规幅  59cms
1622,1015310,没乞达,2013-07-14,2013-07-14 18:30,5924,2013-07-14,皑家规幅 -985cms
1623,1010310,拳玫达,2013-07-14,2013-07-14 18:30,1517,2013-07-14,刘啊规幅  753cms
1624,1013310,狼鞠达,2013-07-14,2013-07-14 19:00,2507,2013-07-14,(668З/s 刘啊)
1625,1015310,没乞达,2013-07-14,2013-07-14 20:30,4172,2013-07-14,(570З/s皑家)
1626,1017310,迫寸达,2013-07-14,2013-07-14 20:30,7035,2013-07-14,(1244З/s皑家)
1627,1010310,拳玫达,2013-07-14,2013-07-14 22:00,593,2013-07-14,(417З/s皑家)
1628,1017310,迫寸达,2013-07-14,2013-07-14 22:00,6068,2013-07-14,(417З/s)
1629,1004310,鲍魂达,2013-07-14,2013-07-14 22:30,38,2013-07-14,皑家规幅 -45cms
1630,1015310,没乞达,2013-07-14,2013-07-14 00:00,3663,2013-07-14,皑家规幅 -509cms
1631,1013310,狼鞠达,2013-07-14,2013-07-14 23:30,1810,2013-07-14,皑家规幅 -697cms
1632,1010320,冕玫达,2013-07-14,2013-07-14 23:30,1394,2013-07-14,皑家规幅 -534cms
1633,1010320,冕玫达,2013-07-15,2013-07-15 00:30,840,2013-07-15,皑家规幅 554cms
1634,1017310,迫寸达,2013-07-15,2013-07-15 01:30,7344,2013-07-15,(1276З/s刘啊)
1635,1013310,狼鞠达,2013-07-15,2013-07-15 01:30,1295,2013-07-15,(515З/s皑家)
1636,1013310,狼鞠达,2013-07-15,2013-07-15 03:00,1997,2013-07-15,702cms刘啊规幅
1637,1010320,冕玫达,2013-07-15,2013-07-15 03:00,1512,2013-07-15,672cms刘啊规幅
1638,1017310,迫寸达,2013-07-15,2013-07-15 03:30,6810,2013-07-15,皑家规幅 -534cms
1639,1015310,没乞达,2013-07-15,2013-07-15 03:30,3151,2013-07-15,皑家规幅 -512cms
1640,1010320,冕玫达,2013-07-15,2013-07-15 04:00,2255,2013-07-15,刘啊规幅  743cms
1641,1017310,迫寸达,2013-07-15,2013-07-15 05:00,6006,2013-07-15,皑家规幅 -804cms
1642,1010320,冕玫达,2013-07-15,2013-07-15 05:00,2031,2013-07-15,皑家规幅 -224cms
1643,1013310,狼鞠达,2013-07-15,2013-07-15 05:10,2707,2013-07-15,刘啊规幅  710cms
1644,1013310,狼鞠达,2013-07-15,2013-07-15 06:00,3067,2013-07-15,(360З/s 刘啊)
1645,1015310,没乞达,2013-07-15,2013-07-15 06:30,3689,2013-07-15,(538З/s 刘啊)
1646,1017310,迫寸达,2013-07-15,2013-07-15 06:30,5265,2013-07-15,(741З/s皑家)
1647,1015310,没乞达,2013-07-15,2013-07-15 07:30,4538,2013-07-15,(849З/s 刘啊)
1648,1013310,狼鞠达,2013-07-15,2013-07-15 07:30,4013,2013-07-15,(646З/s 刘啊)
1649,1013310,狼鞠达,2013-07-15,2013-07-15 08:30,3103,2013-07-15,(928З/s 皑家)
1650,1017310,迫寸达,2013-07-15,2013-07-15 08:40,5918,2013-07-15,(653 З/s 刘啊)
1651,1015310,没乞达,2013-07-15,2013-07-15 08:40,5332,2013-07-15,(794 З/s 刘啊)
1652,1013310,狼鞠达,2013-07-15,2013-07-15 09:00,2315,2013-07-15,皑家规幅(788cms)
1653,1010320,冕玫达,2013-07-15,2013-07-15 09:30,2329,2013-07-15,刘啊规幅(298cms)
1654,1010310,拳玫达,2013-07-15,2013-07-15 09:30,1518,2013-07-15,刘啊规幅(925cms)
1655,1017310,迫寸达,2013-07-15,2013-07-15 09:40,6854,2013-07-15,刘啊规幅(936cms)
1656,1015310,没乞达,2013-07-15,2013-07-15 09:40,6394,2013-07-15,刘啊规幅(1062cms)
1657,1017310,迫寸达,2013-07-15,2013-07-15 10:30,7535,2013-07-15,刘啊规幅(990cms)
1658,1015310,没乞达,2013-07-15,2013-07-15 10:30,7283,2013-07-15,刘啊规幅(889cms)
1659,1013310,狼鞠达,2013-07-15,2013-07-15 10:30,3227,2013-07-15,刘啊规幅(912cms)
1660,1013310,狼鞠达,2013-07-15,2013-07-15 11:00,4031,2013-07-15,刘啊规幅(804cms)
1661,1010320,冕玫达,2013-07-15,2013-07-15 11:00,2990,2013-07-15,刘啊规幅(661cms)
1662,1010310,拳玫达,2013-07-15,2013-07-15 11:00,2327,2013-07-15,刘啊规幅(809cms)
1663,1017310,迫寸达,2013-07-15,2013-07-15 11:20,8577,2013-07-15,刘啊规幅(1 042cms)
1664,1010320,冕玫达,2013-07-15,2013-07-15 12:00,4054,2013-07-15,刘啊规幅(1 064cms)
1665,1017310,迫寸达,2013-07-15,2013-07-15 12:20,10384,2013-07-15,刘啊规幅(1 807cms)
1666,1015310,没乞达,2013-07-15,2013-07-15 12:40,8831,2013-07-15,刘啊规幅(1 548cms)
1667,1013310,狼鞠达,2013-07-15,2013-07-15 12:40,5442,2013-07-15,刘啊规幅(1 411cms)
1668,1010320,冕玫达,2013-07-15,2013-07-15 12:40,4802,2013-07-15,刘啊规幅(748cms)
1669,1006110,染己,2013-07-15,2013-07-15 08:00,300,2013-07-15,
1670,1006110,染己,2013-07-15,2013-07-15 13:00,500,2013-07-15,
1671,1017310,迫寸达,2013-07-15,2013-07-15 13:30,11442,2013-07-15,(1 058З/s 刘啊规幅)
1672,1015310,没乞达,2013-07-15,2013-07-15 13:30,9876,2013-07-15,(1 045 З/s 刘啊规幅)
1673,1013310,狼鞠达,2013-07-15,2013-07-15 13:30,6309,2013-07-15,(867 З/s 刘啊规幅)
1674,1010320,冕玫达,2013-07-15,2013-07-15 13:30,5627,2013-07-15,(825 З/s 刘啊规幅)
1675,1015310,没乞达,2013-07-15,2013-07-15 14:30,10434,2013-07-15,(558 З/s 刘啊规幅)
1676,1013310,狼鞠达,2013-07-15,2013-07-15 14:30,6781,2013-07-15,(472 З/s 刘啊规幅)
1677,1017310,迫寸达,2013-07-15,2013-07-15 15:00,12391,2013-07-15,(949 З/s 刘啊规幅)
1678,1015310,没乞达,2013-07-15,2013-07-15 15:00,11961,2013-07-15,(1527 З/s 刘啊规幅)
1679,1013310,狼鞠达,2013-07-15,2013-07-15 14:50,7614,2013-07-15,(833 З/s 刘啊规幅)
1680,1010320,冕玫达,2013-07-15,2013-07-15 15:30,4398,2013-07-15,皑家规幅(1 229cms)
1681,1015310,没乞达,2013-07-15,2013-07-15 16:00,10123,2013-07-15,皑家规幅(1 838cms)
1682,1013310,狼鞠达,2013-07-15,2013-07-15 16:00,6599,2013-07-15,皑家规幅(1 015cms)
1683,1017310,迫寸达,2013-07-15,2013-07-15 16:50,14991,2013-07-15,刘啊规幅(2 600cms)
1684,1015310,没乞达,2013-07-15,2013-07-15 17:10,12617,2013-07-15,(2494З/s刘啊)
1685,1010320,冕玫达,2013-07-15,2013-07-15 17:10,3360,2013-07-15,(1038З/s皑家)
1686,1013310,狼鞠达,2013-07-15,2013-07-15 17:50,5022,2013-07-15,(1577 З/s皑家)
1687,1006110,染己,2013-07-15,2013-07-15 15:40,800,2013-07-15,捞郴 函版铰牢(扁粮 500 З/s)
1688,1015310,没乞达,2013-07-15,2013-07-15 18:50,11275,2013-07-15,(1342 З/s 皑家规幅)
1689,1013310,狼鞠达,2013-07-15,2013-07-15 18:50,4169,2013-07-15,(853 З/s 皑家规幅)
1690,1015310,没乞达,2013-07-15,2013-07-15 20:30,9704,2013-07-15,皑家规幅(1 541cms)
1691,1013310,狼鞠达,2013-07-15,2013-07-15 20:30,3602,2013-07-15,皑家规幅(567cms)
1692,1010320,冕玫达,2013-07-15,2013-07-15 20:30,2989,2013-07-15,皑家规幅(371cms)
1693,1017310,迫寸达,2013-07-15,2013-07-15 21:30,12993,2013-07-15,皑家规幅(1 998cms)
1694,1015310,没乞达,2013-07-15,2013-07-15 21:30,8487,2013-07-15,皑家规幅(1 217cms)
1695,1015310,没乞达,2013-07-15,2013-07-15 22:30,7150,2013-07-15,(1337  З/s 皑家规幅)
1696,1017310,迫寸达,2013-07-15,2013-07-15 23:30,11492,2013-07-15,(1501 З/s 皑家规幅)
1697,1015310,没乞达,2013-07-15,2013-07-15 23:30,6227,2013-07-15,(923 З/s 皑家规幅)
1698,1017310,迫寸达,2013-07-16,2013-07-16 01:30,9993,2013-07-16,(1499 З/S 皑家规幅)
1699,1015310,没乞达,2013-07-16,2013-07-16 01:30,5744,2013-07-16,(485 З/s 皑家规幅)
1700,1013310,狼鞠达,2013-07-16,2013-07-16 01:30,3288,2013-07-16,(314 З/s 皑家规幅)
1701,1010320,冕玫达,2013-07-16,2013-07-16 01:30,2629,2013-07-16,(360 З/s 皑家规幅)
1702,1017310,迫寸达,2013-07-16,2013-07-16 03:50,8324,2013-07-16,皑家规幅(1 669cms)
1703,1015310,没乞达,2013-07-16,2013-07-16 03:50,5050,2013-07-16,皑家规幅(694cms)
1704,1017310,迫寸达,2013-07-16,2013-07-16 04:50,7490,2013-07-16,皑家规幅(834cms)
1705,1015310,没乞达,2013-07-16,2013-07-16 04:50,4488,2013-07-16,皑家规幅(562cms)
1706,1010320,冕玫达,2013-07-16,2013-07-16 06:30,2340,2013-07-16,皑家规幅(289cms)
1707,1013310,狼鞠达,2013-07-16,2013-07-16 07:00,2916,2013-07-16,皑家规幅(372cms)
1708,1015310,没乞达,2013-07-16,2013-07-16 07:10,4195,2013-07-16,皑家规幅(293cms)
1709,1004310,鲍魂达,2013-07-16,2013-07-16 11:00,24,2013-07-16,14 З/s 皑家规幅
1710,1015310,没乞达,2013-07-16,2013-07-16 11:40,3423,2013-07-16,皑家规幅 (-772З/s)
1711,1017310,迫寸达,2013-07-16,2013-07-16 12:40,6462,2013-07-16,皑家规幅(-1028cms)
1712,1013310,狼鞠达,2013-07-16,2013-07-16 12:40,2389,2013-07-16,皑家规幅(-527cms)
1713,1010320,冕玫达,2013-07-16,2013-07-16 12:40,2144,2013-07-16,皑家规幅(-196cms)
1714,1010320,冕玫达,2013-07-16,2013-07-16 18:00,1849,2013-07-16,皑家规幅(-265cms)
1715,1017310,迫寸达,2013-07-16,2013-07-16 19:00,5394,2013-07-16,皑家规幅(-1068cms)
1716,1017310,迫寸达,2013-07-17,2013-07-17 01:00,4392,2013-07-17,皑家规幅(-1002cms)
1717,1015310,没乞达,2013-07-17,2013-07-17 01:00,2580,2013-07-17,皑家规幅(-843cms)
1718,1013310,狼鞠达,2013-07-17,2013-07-17 00:30,2063,2013-07-17,皑家规幅(-326cms)
1719,1017310,迫寸达,2013-07-17,2013-07-17 04:50,4609,2013-07-17,刘啊规幅( 217cms)
1720,1015310,没乞达,2013-07-17,2013-07-17 04:50,2442,2013-07-17,皑家规幅(-138cms)
1721,1013310,狼鞠达,2013-07-17,2013-07-17 04:50,1922,2013-07-17,皑家规幅(-141cms)
1722,1010320,冕玫达,2013-07-17,2013-07-17 04:50,1659,2013-07-17,皑家规幅(-190cms)
1723,1017310,迫寸达,2013-07-17,2013-07-17 07:00,5139,2013-07-17,刘啊规幅( 530)
1724,1015310,没乞达,2013-07-17,2013-07-17 07:00,1913,2013-07-17,皑家规幅(-529cms)
1725,1013310,狼鞠达,2013-07-17,2013-07-17 07:00,1785,2013-07-17,皑家规幅(-137cms)
1726,1010320,冕玫达,2013-07-17,2013-07-17 07:00,1370,2013-07-17,皑家规幅(-289cms)
1727,1004310,鲍魂达,2013-07-17,2013-07-17 08:30,61,2013-07-17,刘啊规幅( 37cms)
1728,1017310,迫寸达,2013-07-17,2013-07-17 09:00,4817,2013-07-17,皑家规幅(-322cms)
1729,1015310,没乞达,2013-07-17,2013-07-17 09:00,2402,2013-07-17,刘啊规幅( 489cms)
1730,1013310,狼鞠达,2013-07-17,2013-07-17 09:00,1479,2013-07-17,皑家规幅(-306cms)
1731,1015310,没乞达,2013-07-17,2013-07-17 11:00,2091,2013-07-17,皑家规幅(-311cms)
1732,1004310,鲍魂达,2013-07-17,2013-07-17 11:00,24,2013-07-17,皑家规幅(-37cms)
1733,1013310,狼鞠达,2013-07-17,2013-07-17 18:30,1644,2013-07-17,165cms 刘啊规幅
1734,1004310,鲍魂达,2013-07-17,2013-07-17 18:30,15,2013-07-17,9cms 皑家规幅(荐巩傈企)
1735,1010320,冕玫达,2013-07-18,2013-07-18 06:10,1257,2013-07-18,皑家规幅(-113cms)
1736,1017310,迫寸达,2013-07-18,2013-07-18 09:30,3982,2013-07-18,(835 З/s 皑家规幅)
1737,1015310,没乞达,2013-07-18,2013-07-18 09:30,1771,2013-07-18,(320З/s皑家规幅)
1738,1013310,狼鞠达,2013-07-18,2013-07-18 09:30,1389,2013-07-18,(255 З/s 皑家规幅)
1739,1010320,冕玫达,2013-07-18,2013-07-18 09:30,1141,2013-07-18,(116 З/s 皑家规幅)
1740,1017310,迫寸达,2013-07-18,2013-07-18 14:30,3801,2013-07-18,(181З/s 皑家规幅)
1741,1015310,没乞达,2013-07-18,2013-07-18 14:30,1690,2013-07-18,(81З/s 皑家规幅)
1742,1013310,狼鞠达,2013-07-18,2013-07-18 18:30,1797,2013-07-18,眠啊规幅  408cms
1743,1010320,冕玫达,2013-07-18,2013-07-18 18:30,1386,2013-07-18,刘啊规幅  245cms
1744,1015310,没乞达,2013-07-18,2013-07-18 19:30,2207,2013-07-18,刘啊规幅 517cms
1745,1017310,迫寸达,2013-07-18,2013-07-18 22:30,4555,2013-07-18,(754 З/s 刘啊规幅)
1746,1015310,没乞达,2013-07-18,2013-07-18 22:30,2414,2013-07-18,(207 З/s 刘啊规幅)
1747,1013310,狼鞠达,2013-07-18,2013-07-18 22:30,2085,2013-07-18,(288 З/s 刘啊规幅)
1748,1010320,冕玫达,2013-07-18,2013-07-18 22:30,1693,2013-07-18,(307 З/s 刘啊规幅)
1749,1017310,迫寸达,2013-07-19,2013-07-19 06:30,4197,2013-07-19,(358 З/s 皑家规幅)
1750,1015310,没乞达,2013-07-19,2013-07-19 06:30,2167,2013-07-19,(247  З/s 皑家规幅)
1751,1015310,没乞达,2013-07-19,2013-07-19 07:30,1846,2013-07-19,(321  З/s 皑家规幅)
1752,1013310,狼鞠达,2013-07-19,2013-07-19 09:30,2144,2013-07-19,(59З/s 刘啊)
1753,1015310,没乞达,2013-07-19,2013-07-19 10:00,2342,2013-07-19,(496З/s刘啊)
1754,1017310,迫寸达,2013-07-19,2013-07-19 09:30,3613,2013-07-19,(584З/s皑家)
1755,1015310,没乞达,2013-07-19,2013-07-19 17:00,2049,2013-07-19,皑家规幅(-293cms)
1756,1013310,狼鞠达,2013-07-19,2013-07-19 17:00,1879,2013-07-19,皑家规幅(-265cms)
1757,1010320,冕玫达,2013-07-19,2013-07-19 17:00,1485,2013-07-19,皑家规幅(-208cms)
1758,1017310,迫寸达,2013-07-20,2013-07-20 07:00,3169,2013-07-20,皑家规幅 -444cms
1759,1015310,没乞达,2013-07-20,2013-07-20 07:00,1708,2013-07-20,皑家规幅 -341cms
1760,1013310,狼鞠达,2013-07-20,2013-07-20 07:00,1589,2013-07-20,皑家规幅 -290cms
1761,1010320,冕玫达,2013-07-20,2013-07-20 07:00,1306,2013-07-20,皑家规幅 -179cms
1762,1013310,狼鞠达,2013-07-20,2013-07-20 11:00,1589,2013-07-20,(惯傈140З/s荐巩规幅肺傈券 醚樊函拳绝澜)
1763,1013310,狼鞠达,2013-07-20,2013-07-20 13:00,1589,2013-07-20,荐巩规幅皑家(140沛/檬) 醚樊阂函
1764,1017310,迫寸达,2013-07-20,2013-07-20 16:00,1095,2013-07-20,(211 З/s皑家)
1765,1010320,冕玫达,2013-07-20,2013-07-20 16:00,1095,2013-07-20,(211 З/s皑家)
1766,1013310,狼鞠达,2013-07-20,2013-07-20 19:30,1329,2013-07-20,皑家规幅 -260
1767,1015310,没乞达,2013-07-20,2013-07-20 20:30,1391,2013-07-20,皑家规幅 -317 cms
1768,1017310,迫寸达,2013-07-20,2013-07-20 21:30,2698,2013-07-20,皑家规幅 -471
1769,1010320,冕玫达,2013-07-20,2013-07-20 22:00,943,2013-07-20,皑家规幅 =152cms
1770,1013310,狼鞠达,2013-07-20,2013-07-20 22:30,1141,2013-07-20,皑家规幅 -188cms
1771,1010320,冕玫达,2013-07-21,2013-07-21 05:30,672,2013-07-21,皑家规幅 -271cms
1772,1013310,狼鞠达,2013-07-21,2013-07-21 06:30,864,2013-07-21,皑家规幅 -277cms
1773,1015310,没乞达,2013-07-21,2013-07-21 06:30,1037,2013-07-21,皑家规幅 -354 cms
1774,1017310,迫寸达,2013-07-21,2013-07-21 07:00,2238,2013-07-21,皑家规幅  -460 cms
1775,1010320,冕玫达,2013-07-21,2013-07-21 07:00,303,2013-07-21,皑家规幅 -369 cms
1776,1017310,迫寸达,2013-07-21,2013-07-21 08:30,1846,2013-07-21,皑家规幅 -392 cms
1777,1015310,没乞达,2013-07-21,2013-07-21 08:30,840,2013-07-21,皑家规幅 -197 cms
1778,1013310,狼鞠达,2013-07-21,2013-07-21 08:30,528,2013-07-21,皑家规幅 -336 cms
1779,1015310,没乞达,2013-07-21,2013-07-21 08:30,637,2013-07-21,规幅尔 荐沥(茄荐盔 拌魂馒坷)
1780,1013310,狼鞠达,2013-07-21,2013-07-21 13:00,878,2013-07-21,( 350З/s 刘啊规幅)
1781,1010320,冕玫达,2013-07-21,2013-07-21 12:00,677,2013-07-21,(374З/s 刘啊规幅)
1782,1015310,没乞达,2013-07-21,2013-07-21 15:00,987,2013-07-21,刘啊规幅350З/s
1783,1017310,迫寸达,2013-07-21,2013-07-21 17:30,2329,2013-07-21,(刘啊规幅 483З/s)
1784,1010310,拳玫达,2013-07-21,2013-07-21 17:30,374,2013-07-21,(皑家规幅 264З/s)
1785,1017310,迫寸达,2013-07-21,2013-07-21 20:30,2973,2013-07-21,刘啊规幅(644cms)
1786,1015310,没乞达,2013-07-21,2013-07-21 20:30,1336,2013-07-21,刘啊规幅(349cms)
1787,1013310,狼鞠达,2013-07-21,2013-07-21 20:30,1011,2013-07-21,刘啊规幅(133cms)
1788,1017310,迫寸达,2013-07-21,2013-07-21 23:40,2764,2013-07-21,皑家规幅(209cms)
1789,1013310,狼鞠达,2013-07-21,2013-07-21 23:40,1219,2013-07-21,刘啊规幅(208cms)
1790,1010320,冕玫达,2013-07-21,2013-07-21 23:40,782,2013-07-21,刘啊规幅(105cms)
1791,1015310,没乞达,2013-07-22,2013-07-22 06:00,1135,2013-07-22,皑家规幅(201cms)
1792,1013310,狼鞠达,2013-07-22,2013-07-22 06:00,989,2013-07-22,皑家规幅(230cms)
1793,1010320,冕玫达,2013-07-22,2013-07-22 06:00,617,2013-07-22,皑家规幅(165cms)
1794,1017310,迫寸达,2013-07-22,2013-07-22 07:10,3286,2013-07-22,刘啊规幅(522cms)
1795,1017310,迫寸达,2013-07-22,2013-07-22 07:40,4146,2013-07-22,刘啊规幅(860cms)
1796,1017310,迫寸达,2013-07-22,2013-07-22 08:00,6118,2013-07-22,刘啊规幅(1972cms)
1797,1017310,迫寸达,2013-07-22,2013-07-22 08:20,8594,2013-07-22,刘啊规幅(2476cms)
1798,1017310,迫寸达,2013-07-22,2013-07-22 08:40,11593,2013-07-22,刘啊规幅(2999cms)
1799,1017310,迫寸达,2013-07-22,2013-07-22 10:40,9394,2013-07-22,皑家规幅(-2199cms)
1800,1017310,迫寸达,2013-07-22,2013-07-22 15:40,7965,2013-07-22,(1429З/s皑家)
1801,1015310,没乞达,2013-07-22,2013-07-22 17:30,1455,2013-07-22,刘啊规幅( 320cms)
1802,1013310,狼鞠达,2013-07-22,2013-07-22 17:30,854,2013-07-22,皑家规幅(-135cms)
1803,1017310,迫寸达,2013-07-22,2013-07-22 19:30,7195,2013-07-22,皑家规幅(-773З/s)
1804,1015310,没乞达,2013-07-22,2013-07-22 19:30,1728,2013-07-22,刘啊规幅( 273З/s)
1805,1017310,迫寸达,2013-07-22,2013-07-22 21:00,6482,2013-07-22,皑家规幅(-713cms)
1806,1017310,迫寸达,2013-07-22,2013-07-22 23:00,5740,2013-07-22,(742З/s皑家)
1807,1017310,迫寸达,2013-07-23,2013-07-23 01:00,4946,2013-07-23,(794З/s皑家)
1808,1015310,没乞达,2013-07-23,2013-07-23 01:00,1527,2013-07-23,(201З/s皑家)
1809,1017310,迫寸达,2013-07-23,2013-07-23 05:00,4277,2013-07-23,皑家规幅(-669cms)
1810,1015310,没乞达,2013-07-23,2013-07-23 05:00,1240,2013-07-23,皑家规幅(-287cms)
1811,1010320,冕玫达,2013-07-23,2013-07-23 07:30,1107,2013-07-23,刘啊规幅( 490cms)
1812,1010310,拳玫达,2013-07-23,2013-07-23 07:30,884,2013-07-23,刘啊规幅( 510cms)
1813,1015310,没乞达,2013-07-23,2013-07-23 10:00,1895,2013-07-23,刘啊规幅( 655cms)
1814,1013310,狼鞠达,2013-07-23,2013-07-23 09:30,1391,2013-07-23,刘啊规幅( 537cms)
1815,1013310,狼鞠达,2013-07-23,2013-07-23 11:30,1688,2013-07-23,刘啊规幅(297cms)
1816,1010320,冕玫达,2013-07-23,2013-07-23 11:00,1401,2013-07-23,刘啊规幅(294cms)
1817,1010310,拳玫达,2013-07-23,2013-07-23 11:00,884,2013-07-23,荐巩俺档父 刘啊
1818,1017310,迫寸达,2013-07-23,2013-07-23 14:00,5177,2013-07-23,刘啊规幅(900cms)
1819,1015310,没乞达,2013-07-23,2013-07-23 14:00,2368,2013-07-23,刘啊规幅(473cms)
1820,1013310,狼鞠达,2013-07-23,2013-07-23 14:00,2023,2013-07-23,刘啊规幅(335cms)
1821,1010320,冕玫达,2013-07-23,2013-07-23 14:00,1709,2013-07-23,刘啊规幅(308cms)
1822,1017310,迫寸达,2013-07-23,2013-07-23 14:30,6709,2013-07-23,刘啊规幅(1532cms)
1823,1015310,没乞达,2013-07-23,2013-07-23 15:30,2771,2013-07-23,刘啊规幅(403cms)
1824,1013310,狼鞠达,2013-07-23,2013-07-23 15:30,2249,2013-07-23,刘啊规幅(226cms)
1825,1017310,迫寸达,2013-07-23,2013-07-23 17:00,5476,2013-07-23,皑家规幅(-1233cms)
1826,1013310,狼鞠达,2013-07-23,2013-07-23 18:30,1865,2013-07-23,皑家规幅(-384cms)
1827,1010320,冕玫达,2013-07-23,2013-07-23 18:30,1386,2013-07-23,皑家规幅(-323cms)
1828,1004310,鲍魂达,2013-07-24,2013-07-24 09:30,24,2013-07-24,刘啊规幅(9cms)
1829,1004310,鲍魂达,2013-07-24,2013-07-24 09:30,15,2013-07-24,檬扁规幅 秒家
1830,1013310,狼鞠达,2013-07-24,2013-07-24 11:30,1574,2013-07-24,皑家规幅 -291cms
1831,1010320,冕玫达,2013-07-24,2013-07-24 13:40,1253,2013-07-24,(133З/s皑家)
1832,1015310,没乞达,2013-07-24,2013-07-24 13:40,2464,2013-07-24,(307З/s皑家)
1833,1017310,迫寸达,2013-07-24,2013-07-24 13:40,4920,2013-07-24,(556З/s皑家)
1834,1017310,迫寸达,2013-07-24,2013-07-24 00:00,4235,2013-07-24,皑家规幅
1835,1015310,没乞达,2013-07-24,2013-07-24 22:30,1872,2013-07-24,皑家规幅
1836,1013310,狼鞠达,2013-07-24,2013-07-24 22:30,1256,2013-07-24,皑家规幅
1837,1010320,冕玫达,2013-07-24,2013-07-24 22:30,1040,2013-07-24,皑家规幅
1838,1017310,迫寸达,2013-07-25,2013-07-25 07:30,3597,2013-07-25,皑家规幅
1839,1015310,没乞达,2013-07-25,2013-07-25 07:00,1420,2013-07-25,皑家规幅
1840,1010320,冕玫达,2013-07-25,2013-07-25 06:30,888,2013-07-25,皑家规幅
1841,1017310,迫寸达,2013-07-25,2013-07-25 12:00,3330,2013-07-25,皑家规幅(-267З/s)
1842,1013310,狼鞠达,2013-07-25,2013-07-25 12:00,999,2013-07-25,皑家规幅(-257З/s)
1843,1010320,冕玫达,2013-07-25,2013-07-25 12:00,788,2013-07-25,皑家规幅(-100З/s)
1844,1017310,迫寸达,2013-07-25,2013-07-25 19:30,2692,2013-07-25,皑家规幅(638cms)
1845,1015310,没乞达,2013-07-25,2013-07-25 19:30,1248,2013-07-25,皑家规幅(172cms)
1846,1015310,没乞达,2013-07-26,2013-07-26 06:40,947,2013-07-26,皑家规幅(301cms)
1847,1013310,狼鞠达,2013-07-26,2013-07-26 06:40,737,2013-07-26,皑家规幅(262cms)
1848,1010320,冕玫达,2013-07-26,2013-07-26 06:40,573,2013-07-26,皑家规幅(215cms)
1849,1017310,迫寸达,2013-07-26,2013-07-26 12:00,2315,2013-07-26,(377 З/s皑家)
1850,1015310,没乞达,2013-07-26,2013-07-26 12:00,845,2013-07-26,(102 З/s皑家)
1851,1010310,拳玫达,2013-07-26,2013-07-26 12:00,200,2013-07-26,(荐巩傈企)
1852,1013310,狼鞠达,2013-07-26,2013-07-26 13:30,606,2013-07-26,(131 З/s)皑家
1853,1010320,冕玫达,2013-07-26,2013-07-26 13:30,366,2013-07-26,(207 З/s皑家)
1854,1013310,狼鞠达,2013-07-26,2013-07-26 14:30,535,2013-07-26,(131З/s皑家)
1855,1010320,冕玫达,2013-07-26,2013-07-26 14:30,260,2013-07-26,(荐巩傈企)
1856,1017310,迫寸达,2013-07-28,2013-07-28 17:00,1761,2013-07-28,皑家规幅(-288З/s)
1857,1015310,没乞达,2013-07-26,2013-07-26 15:30,659,2013-07-26,皑家规幅(-186З/s)
1858,1013310,狼鞠达,2013-07-29,2013-07-29 11:30,612,2013-07-29,刘啊规幅(77cms)
1859,1010320,冕玫达,2013-07-29,2013-07-29 11:30,415,2013-07-29,檬扁规幅(159cms)
1860,1017310,迫寸达,2013-07-30,2013-07-30 06:30,1405,2013-07-30,356 З/s 皑家
1861,1015310,没乞达,2013-07-30,2013-07-30 06:30,505,2013-07-30,154 З/s 皑家
1862,1013310,狼鞠达,2013-07-30,2013-07-30 06:30,466,2013-07-30,146 З/s 皑家
1863,1010320,冕玫达,2013-07-30,2013-07-30 06:30,361,2013-07-30,54 З/s 皑家
1864,1010310,拳玫达,2013-07-30,2013-07-30 14:00,320,2013-07-30,刘啊规幅( 130З/s)
1865,1013310,狼鞠达,2013-07-30,2013-07-30 15:30,747,2013-07-30,刘啊规幅( 281З/s)
1866,1017310,迫寸达,2013-07-30,2013-07-30 15:30,1753,2013-07-30,刘啊规幅( 348 З/s)
1867,1010310,拳玫达,2013-07-30,2013-07-30 16:30,447,2013-07-30,(127З/s刘啊)
1868,1010320,冕玫达,2013-07-30,2013-07-30 17:30,569,2013-07-30,刘啊规幅(208З/s)
1869,1013310,狼鞠达,2013-07-30,2013-07-30 17:30,814,2013-07-30,刘啊规幅(67З/s)
1870,1015310,没乞达,2013-07-30,2013-07-30 17:30,843,2013-07-30,刘啊规幅(338З/s)
1871,1017310,迫寸达,2013-07-30,2013-07-30 17:30,2229,2013-07-30,刘啊规幅(476З/s)
1872,1017310,迫寸达,2013-07-30,2013-07-30 22:30,1759,2013-07-30,皑家规幅(-470cms)
1873,1015310,没乞达,2013-07-30,2013-07-30 22:30,696,2013-07-30,皑家规幅(-147cms)
1874,1010320,冕玫达,2013-07-31,2013-07-31 06:00,679,2013-07-31,刘啊规幅( 110)
1875,1013310,狼鞠达,2013-07-31,2013-07-31 06:00,941,2013-07-31,刘啊规幅( 127)
1876,1015310,没乞达,2013-07-31,2013-07-31 06:00,954,2013-07-31,刘啊规幅( 258)
1877,1017310,迫寸达,2013-07-31,2013-07-31 06:00,2168,2013-07-31,刘啊规幅( 409)
1878,1010320,冕玫达,2013-07-31,2013-07-31 07:30,892,2013-07-31,(213З/s 刘啊)
1879,1013310,狼鞠达,2013-07-31,2013-07-31 07:30,1150,2013-07-31,(209З/s 刘啊)
1880,1017310,迫寸达,2013-07-31,2013-07-31 10:00,2439,2013-07-31,刘啊规幅(271З/s)
1881,1015310,没乞达,2013-07-31,2013-07-31 10:00,1140,2013-07-31,刘啊规幅(186З/s)
1882,1004310,鲍魂达,2013-07-31,2013-07-31 13:00,24,2013-07-31,檬扁 规幅
1883,1017310,迫寸达,2013-07-31,2013-07-31 12:00,2956,2013-07-31,刘啊规幅(517 З/s)
1884,1010320,冕玫达,2013-07-31,2013-07-31 13:30,778,2013-07-31,皑家规幅(114 З/s)
1885,1004310,鲍魂达,2013-07-31,2013-07-31 13:30,154,2013-07-31,刘啊规幅(130 З/s)
1886,1015310,没乞达,2013-07-31,2013-07-31 16:30,934,2013-07-31,(206З/s皑家)
1887,1013310,狼鞠达,2013-07-31,2013-07-31 16:30,863,2013-07-31,(287З/s皑家)
1888,1010320,冕玫达,2013-07-31,2013-07-31 16:30,615,2013-07-31,(163З/s皑家)
1889,1004310,鲍魂达,2013-07-31,2013-07-31 17:00,84,2013-07-31,皑家规幅(70 З/s)
1890,1017310,迫寸达,2013-08-01,2013-08-01 07:30,2555,2013-08-01,皑家规幅 (401 З/s)
1891,1010310,拳玫达,2013-08-01,2013-08-01 10:30,689,2013-08-01,刘啊规幅(242З/s)
1892,1010320,冕玫达,2013-08-02,2013-08-02 21:10,836,2013-08-02,(56З/s  皑家规幅)
1893,1013310,狼鞠达,2013-08-01,2013-08-01 11:20,1156,2013-08-01,刘啊规幅(293З/s)
1894,1017310,迫寸达,2013-08-01,2013-08-01 13:00,3096,2013-08-01,刘啊规幅(541cms)
1895,1015310,没乞达,2013-08-01,2013-08-01 13:00,1227,2013-08-01,刘啊规幅(293cms)
1896,1004310,鲍魂达,2013-08-01,2013-08-01 13:00,110,2013-08-01,刘啊规幅(26cms)
1897,1017310,迫寸达,2013-08-01,2013-08-01 20:00,2528,2013-08-01,皑家规幅 (568 З/s) 
1898,1015310,没乞达,2013-08-02,2013-08-02 21:10,1064,2013-08-02,(64З/s 刘啊)
1899,1004310,鲍魂达,2013-08-01,2013-08-01 21:00,37,2013-08-01,皑家规幅 (73З/s)
1900,1017310,迫寸达,2013-08-01,2013-08-01 21:40,1892,2013-08-01,皑家规幅(636 З/s)
1901,1017310,迫寸达,2013-08-02,2013-08-02 21:10,2057,2013-08-02,580З/s 刘啊
1902,1004310,鲍魂达,2013-08-02,2013-08-02 21:10,88,2013-08-02,(64З/s 刘啊规幅)
1903,1013310,狼鞠达,2013-08-02,2013-08-02 10:00,1056,2013-08-02,(100З/s皑家)
1904,1013310,狼鞠达,2013-08-04,2013-08-04 09:00,939,2013-08-04,皑家规幅(117cms)
1905,1010320,冕玫达,2013-08-04,2013-08-04 09:00,775,2013-08-04,皑家规幅(61cms)
1906,1017310,迫寸达,2013-08-04,2013-08-04 11:30,1658,2013-08-04,皑家规幅(399cms)
1907,1015310,没乞达,2013-08-04,2013-08-04 11:30,905,2013-08-04,皑家规幅(159cms)
1908,1004310,鲍魂达,2013-08-05,2013-08-05 10:30,30,2013-08-05,(58З/s皑家)
1909,1010320,冕玫达,2013-08-05,2013-08-05 13:50,627,2013-08-05,皑家规幅(148З/s)
1910,1013310,狼鞠达,2013-08-05,2013-08-05 18:00,808,2013-08-05,皑家规幅(131З/s)
1911,1017310,迫寸达,2013-08-05,2013-08-05 21:30,2045,2013-08-05,刘啊规幅(387З/s)
1912,1015310,没乞达,2013-08-05,2013-08-05 21:30,808,2013-08-05,皑家规幅(-97З/s)
1913,1017310,迫寸达,2013-08-06,2013-08-06 07:00,1641,2013-08-06,皑家规幅(-404З/s)
1914,1015310,没乞达,2013-08-06,2013-08-06 07:00,857,2013-08-06,刘啊规幅( 49З/s)
1915,1013310,狼鞠达,2013-08-06,2013-08-06 07:00,879,2013-08-06,刘啊规幅( 71З/s)
1916,1010320,冕玫达,2013-08-06,2013-08-06 07:00,674,2013-08-06,刘啊规幅( 47З/s)
1917,1017310,迫寸达,2013-08-06,2013-08-06 14:00,2268,2013-08-06,(627 З/s刘啊)
1918,1017310,迫寸达,2013-08-06,2013-08-06 16:00,2622,2013-08-06,(354 З/s刘啊)
1919,1004310,鲍魂达,2013-08-06,2013-08-06 17:00,119,2013-08-06,刘啊规幅(89cms)
1920,1013310,狼鞠达,2013-08-06,2013-08-06 17:20,509,2013-08-06,(370З/s皑家)
1921,1017310,迫寸达,2013-08-06,2013-08-06 19:00,1938,2013-08-06,皑家规幅 -684cms
1922,1013310,狼鞠达,2013-08-06,2013-08-06 19:00,701,2013-08-06,刘啊规幅  192cms
1923,1013310,狼鞠达,2013-08-06,2013-08-06 20:00,956,2013-08-06,刘啊规幅  255cms
1924,1017310,迫寸达,2013-08-06,2013-08-06 20:00,1656,2013-08-06,皑家规幅 -282cms
1925,1013310,狼鞠达,2013-08-07,2013-08-07 09:00,738,2013-08-07,皑家规幅 -218cms
1926,1010320,冕玫达,2013-08-07,2013-08-07 09:00,515,2013-08-07,皑家规幅 -159cms
1927,1010310,拳玫达,2013-08-10,2013-08-10 17:00,949,2013-08-07,刘啊规幅282cms
1928,1017310,迫寸达,2013-08-07,2013-08-07 12:00,1532,2013-08-07,(124З/s皑家)
1929,1015310,没乞达,2013-08-07,2013-08-07 12:00,709,2013-08-07,(148З/s皑家)
1930,1017310,迫寸达,2013-08-07,2013-08-07 15:00,1400,2013-08-07,皑家规幅(132 З/s)
1931,1004310,鲍魂达,2013-08-07,2013-08-07 15:00,56,2013-08-07,皑家规幅(63 З/s)
1932,1013310,狼鞠达,2013-08-07,2013-08-07 19:30,679,2013-08-07,皑家规幅 59З/s
1933,1010320,冕玫达,2013-08-07,2013-08-07 19:30,415,2013-08-07,皑家规幅 100З/s
1934,1015310,没乞达,2013-08-08,2013-08-08 15:00,598,2013-08-08,(111З/s皑家规幅)
1935,1017310,迫寸达,2013-08-08,2013-08-08 15:00,1146,2013-08-08,(254З/s皑家规幅)
1936,1004310,鲍魂达,2013-08-10,2013-08-10 18:00,25,2013-08-10,皑家规幅29cms
1937,1013310,狼鞠达,2013-08-08,2013-08-08 19:40,613,2013-08-08,狼鞠达 -66З/s 皑家规幅
1938,1017310,迫寸达,2013-08-08,2013-08-08 19:40,1014,2013-08-08,迫寸达 -132З/s 皑家规幅
1939,1013310,狼鞠达,2013-08-09,2013-08-09 07:10,681,2013-08-09,狼鞠达  68З/s 刘啊规幅
1940,1010320,冕玫达,2013-08-09,2013-08-09 07:10,462,2013-08-09,冕玫达  47З/s 刘啊规幅
1941,1017310,迫寸达,2013-08-09,2013-08-09 13:00,1271,2013-08-09,(257З/s刘啊)
1942,1015310,没乞达,2013-08-09,2013-08-09 13:00,752,2013-08-09,(154З/s刘啊)
1943,1013310,狼鞠达,2013-08-09,2013-08-09 13:00,817,2013-08-09,(136З/s刘啊)
1944,1010320,冕玫达,2013-08-09,2013-08-09 13:00,517,2013-08-09,(55З/s刘啊)
1945,1015310,没乞达,2013-08-10,2013-08-10 03:30,601,2013-08-10,皑家规幅 151cms
1946,1013310,狼鞠达,2013-08-10,2013-08-10 03:00,612,2013-08-10,皑家规幅 205cms
1947,1017310,迫寸达,2013-08-10,2013-08-10 17:00,2326,2013-08-10,刘啊规幅811cms
1948,1015310,没乞达,2013-08-10,2013-08-10 18:00,1620,2013-08-10,刘啊规幅 485cms
1949,1013310,狼鞠达,2013-08-10,2013-08-10 06:30,464,2013-08-10,皑家规幅 148cms
1950,1013310,狼鞠达,2013-08-10,2013-08-10 17:00,1569,2013-08-10,刘啊规幅 498cms
1951,1010320,冕玫达,2013-08-10,2013-08-10 17:00,1407,2013-08-10,刘啊规幅 408cms
1952,1015310,没乞达,2013-08-10,2013-08-10 22:20,1440,2013-08-10,皑家规幅 180cms
1953,1010320,冕玫达,2013-08-10,2013-08-10 22:20,1251,2013-08-10,皑家规幅 156cms
1954,1013310,狼鞠达,2013-08-10,2013-08-11 00:00,1278,2013-08-10,皑家规幅 291cms
1955,1013310,狼鞠达,2013-08-11,2013-08-11 06:30,925,2013-08-11,皑家规幅 343cms
1956,1010320,冕玫达,2013-08-11,2013-08-11 06:30,941,2013-08-11,皑家规幅 310cms
1957,1010310,拳玫达,2013-08-11,2013-08-11 06:30,732,2013-08-11,皑家规幅 217cms
1958,1015310,没乞达,2013-08-11,2013-08-11 07:20,852,2013-08-11,皑家规幅 588cms
1959,1017310,迫寸达,2013-08-11,2013-08-11 07:20,1526,2013-08-11,皑家规幅 798cms
1960,1017310,迫寸达,2013-08-11,2013-08-11 10:30,1265,2013-08-11,皑家规幅(-263З/s)
1961,1010310,拳玫达,2013-08-11,2013-08-11 10:30,421,2013-08-11,皑家规幅(-311З/s)
1962,1010320,冕玫达,2013-08-11,2013-08-11 12:00,621,2013-08-11,皑家规幅(-320З/s)
1963,1017310,迫寸达,2013-08-11,2013-08-11 14:30,1134,2013-08-11,皑家规幅(-131З/s)
1964,1015310,没乞达,2013-08-11,2013-08-11 14:30,706,2013-08-11,皑家规幅(-146З/s)
1965,1013310,狼鞠达,2013-08-11,2013-08-11 14:30,745,2013-08-11,皑家规幅(-190З/s)
1966,1013310,狼鞠达,2013-08-11,2013-08-11 20:00,679,2013-08-11,66cms 皑家规幅
1967,1010320,冕玫达,2013-08-11,2013-08-11 20:00,567,2013-08-11,54cms 皑家规幅
1968,1017310,迫寸达,2013-08-11,2013-08-11 22:30,859,2013-08-11,275cms 皑家规幅
1969,1015310,没乞达,2013-08-11,2013-08-11 22:30,556,2013-08-11,150cms 皑家规幅
1970,1013310,狼鞠达,2013-08-11,2013-08-11 22:30,540,2013-08-11,139cms 皑家规幅
1971,1010320,冕玫达,2013-08-11,2013-08-11 22:30,411,2013-08-11,156cms 皑家规幅
1972,1010310,拳玫达,2013-08-11,2013-08-11 22:30,312,2013-08-11,109cms 皑家规幅
1973,1015310,没乞达,2013-08-12,2013-08-12 07:30,502,2013-08-12,54cms 皑家规幅
1974,1013310,狼鞠达,2013-08-12,2013-08-12 07:30,436,2013-08-12,104cms 皑家规幅
1975,1010320,冕玫达,2013-08-12,2013-08-12 06:30,309,2013-08-12,102cms 皑家规幅
1976,1010310,拳玫达,2013-08-12,2013-08-12 06:30,250,2013-08-12,62cms 皑家规幅
1977,1017310,迫寸达,2013-08-12,2013-08-12 16:30,727,2013-08-12,(荐巩傈企)
1978,1015310,没乞达,2013-08-12,2013-08-12 16:30,452,2013-08-12,(荐巩傈企)
1979,1010320,冕玫达,2013-08-12,2013-08-12 17:30,256,2013-08-12,皑家规幅(53З/s)
1980,1010310,拳玫达,2013-08-12,2013-08-12 17:30,190,2013-08-12,皑家规幅(60З/s)
1981,1004310,鲍魂达,2013-08-12,2013-08-12 18:30,15,2013-08-12,荐巩傈企(皑 10З/s)
1982,1013310,狼鞠达,2013-08-12,2013-08-12 21:00,362,2013-08-12,74cms 皑家规幅
1983,1007801,碍玫焊,2013-08-22,2013-08-22 19:00,,2013-08-22,藕仿利 荐巩规幅
1984,1007802,咯林焊,2013-08-22,2013-08-22 19:00,,2013-08-22,藕仿利 荐巩规幅
1985,1007803,捞器焊,2013-08-22,2013-08-22 19:00,,2013-08-22,藕仿利 荐巩规幅
1986,1004310,鲍魂达,2013-08-22,2013-08-22 22:00,28,2013-08-22,檬扁规幅 刘啊(13З/s)
1987,1017310,迫寸达,2013-08-23,2013-08-23 11:00,914,2013-08-23,檬扁规幅
1988,1015310,没乞达,2013-08-23,2013-08-23 12:00,479,2013-08-23,檬扁规幅
1989,1015310,没乞达,2013-08-23,2013-08-23 12:00,0,2013-08-23,(479З/s 檬扁规幅 秒家)
1990,1017310,迫寸达,2013-08-24,2013-08-24 06:00,732,2013-08-24,(荐巩傈企)
1991,1004310,鲍魂达,2013-08-24,2013-08-24 18:00,15,2013-08-24,荐巩傈企
1992,1006110,染己,2013-07-22,2013-07-22 16:00,100,2013-07-22,
1993,1004310,鲍魂达,2013-06-18,2013-06-18 16:00,34,2013-06-18,
1994,1004310,鲍魂达,2013-06-18,2013-06-18 16:30,146,2013-06-18,
1995,1004310,鲍魂达,2013-06-20,2013-06-20 22:30,23,2013-06-20,
1996,1004310,鲍魂达,2013-06-21,2013-06-21 23:00,25,2013-06-21,
1997,1004310,鲍魂达,2013-07-03,2013-07-03 10:30,84,2013-07-03,
1998,1013310,狼鞠达,2013-07-09,2013-07-09 09:30,502,2013-07-09,
1999,1017310,迫寸达,2013-07-09,2013-07-09 09:30,1816,2013-07-09,
2000,1015310,没乞达,2013-07-10,2013-07-10 21:00,536,2013-07-10,(檬扁规幅)
2001,1013310,狼鞠达,2013-07-13,2013-07-13 09:00,581,2013-07-13,
2002,1010320,冕玫达,2013-07-13,2013-07-13 09:00,472,2013-07-13,
2003,1015310,没乞达,2013-07-13,2013-07-13 10:00,2650,2013-07-13,
2004,1013310,狼鞠达,2013-07-14,2013-07-14 06:30,1206,2013-07-14,
2005,1010320,冕玫达,2013-07-14,2013-07-14 06:30,1164,2013-07-14,
2006,1015310,没乞达,2013-07-14,2013-07-14 19:30,4742,2013-07-14,
2007,1010310,拳玫达,2013-07-14,2013-07-14 21:00,1010,2013-07-14,
2008,1017310,迫寸达,2013-07-28,2013-07-28 17:00,1761,2013-07-28,
2009,1017310,迫寸达,2013-08-02,2013-08-02 21:10,2057,2013-08-02,
2010,1015310,没乞达,2013-08-02,2013-08-02 21:10,1064,2013-08-02,
2011,1010320,冕玫达,2013-08-02,2013-08-02 21:10,836,2013-08-02,
2012,1004310,鲍魂达,2013-08-02,2013-08-02 21:10,88,2013-08-02,
2013,1010310,拳玫达,2013-08-06,2013-08-06 10:30,483,2013-08-06,
2014,1015310,没乞达,2013-08-10,2013-08-10 12:00,744,2013-08-10,
2015,1013310,狼鞠达,2013-08-10,2013-08-10 11:00,1071,2013-08-10,
2016,1010320,冕玫达,2013-08-10,2013-08-10 10:00,991,2013-08-10,
2017,1010310,拳玫达,2013-08-10,2013-08-10 13:00,667,2013-08-10,
2018,1004310,鲍魂达,2013-08-10,2013-08-10 13:00,54,2013-08-10,
2019,1017310,迫寸达,2013-08-10,2013-08-10 14:30,1515,2013-08-10,
2020,1015310,没乞达,2013-08-10,2013-08-10 14:30,1135,2013-08-10,
2021,1017310,迫寸达,2013-08-10,2013-08-10 17:00,2326,2013-08-10,
2022,1015310,没乞达,2013-08-10,2013-08-10 18:00,1620,2013-08-10,
2023,1013310,狼鞠达,2013-08-10,2013-08-10 17:00,1569,2013-08-10,
2024,1010320,冕玫达,2013-08-10,2013-08-10 17:00,1407,2013-08-10,
2025,1010310,拳玫达,2013-08-10,2013-08-10 17:00,949,2013-08-10,
2026,1004310,鲍魂达,2013-08-10,2013-08-10 18:00,25,2013-08-10,
2027,1013310,狼鞠达,2013-09-13,2013-09-13 17:00,242,2013-09-13,檬扁规幅(74З/s)
2028,1017310,迫寸达,2013-09-13,2013-09-13 17:00,901,2013-09-13,檬扁规幅(132З/s)
2029,1017310,迫寸达,2013-09-13,2013-09-13 17:30,1536,2013-09-13,(刘啊规幅 635З/s)
2030,1015310,没乞达,2013-09-13,2013-09-13 23:00,584,2013-09-13,檬扁规幅
2031,1015310,没乞达,2013-09-13,2013-09-13 23:00,584,2013-09-13,檬扁规幅
2032,1017310,迫寸达,2013-09-13,2013-09-13 23:00,1309,2013-09-13,
2033,1017310,迫寸达,2013-09-13,2013-09-13 22:30,1309,2013-09-13,皑227
2034,1017310,迫寸达,2013-09-13,2013-09-13 23:10,1309,2013-09-13,皑227
2035,1017310,迫寸达,2013-09-14,2013-09-14 07:30,1967,2013-09-14,刘啊规幅 658З/s
2036,1017310,迫寸达,2013-09-14,2013-09-14 08:30,2782,2013-09-14,刘啊规幅 815З/s
2037,1015310,没乞达,2013-09-14,2013-09-14 08:30,683,2013-09-14,刘啊规幅 99З/s
2038,1004310,鲍魂达,2013-09-14,2013-09-14 12:00,38,2013-09-14,檬扁规幅 23З/s
2039,1017310,迫寸达,2013-09-14,2013-09-14 10:00,3539,2013-09-14,(757З/s刘啊规幅)
2040,1015310,没乞达,2013-09-14,2013-09-14 10:00,875,2013-09-14,(192З/s 刘啊规幅)
2041,1017310,迫寸达,2013-09-14,2013-09-14 10:50,4534,2013-09-14,刘啊规幅(995cms)
2042,1017310,迫寸达,2013-09-14,2013-09-14 12:30,4956,2013-09-14,刘啊规幅(422cms)
2043,1015310,没乞达,2013-09-14,2013-09-14 12:00,1280,2013-09-14,刘啊规幅(405cms)
2044,1004310,鲍魂达,2013-09-14,2013-09-14 12:30,154,2013-09-14,刘啊规幅(116cms)
2045,1017310,迫寸达,2013-09-14,2013-09-14 15:20,3374,2013-09-14,(787З/s皑家规幅) 规幅矫埃 沥沥
2046,1015310,没乞达,2013-09-14,2013-09-14 15:20,729,2013-09-14,(150З/s皑家规幅) 规幅矫埃 沥沥
2047,1004310,鲍魂达,2013-09-14,2013-09-14 14:30,230,2013-09-14,(76З/s 刘啊规幅)
2048,1017310,迫寸达,2013-09-14,2013-09-14 19:00,2700,2013-09-14,皑家规幅 -674cms
2049,1004310,鲍魂达,2013-09-14,2013-09-14 22:30,115,2013-09-14,皑家规幅樊 沥沥(115cms)
2050,1004310,鲍魂达,2013-09-15,2013-09-15 08:00,66,2013-09-15,皑家规幅 -49cms
2051,1004310,鲍魂达,2013-09-15,2013-09-15 10:00,41,2013-09-15,皑家规幅 -25cms
2052,1015310,没乞达,2013-09-15,2013-09-15 09:20,486,2013-09-15,皑家规幅-243cms
2053,1017310,迫寸达,2013-09-15,2013-09-15 10:00,1793,2013-09-15,皑家规幅-907cms
2054,1017310,迫寸达,2013-09-15,2013-09-15 11:30,1139,2013-09-15,迫寸达 皑家规幅-654cms
2055,1017310,迫寸达,2013-09-15,2013-09-15 13:00,857,2013-09-15,皑家规幅-282cms
2056,1013310,狼鞠达,2013-09-15,2013-09-15 13:00,168,2013-09-15,皑家规幅 -74cms
2057,1004310,鲍魂达,2013-09-16,2013-09-16 12:00,26,2013-09-16,(15З/s皑家)
2058,1017310,迫寸达,2013-09-16,2013-09-16 15:00,726,2013-09-16,"皑家 ""131З/s"" 荐巩傈企"
2059,1004310,鲍魂达,2013-09-17,2013-09-17 11:30,15,2013-09-17,(荐巩傈企)
2060,1004310,鲍魂达,2014-08-10,2014-08-10 22:00,24,2014-08-10,(刘啊规幅  9З/s)
2061,1004310,鲍魂达,2014-08-10,2014-08-10 23:00,83,2014-08-10,(刘啊规幅 59 З/s)
2062,1004310,鲍魂达,2014-08-10,2014-08-11 00:00,154,2014-08-10,(刘啊规幅 71З/s)
2063,1004310,鲍魂达,2014-08-11,2014-08-11 10:00,81,2014-08-11,(皑家规幅 -73З/s) 
2064,1004310,鲍魂达,2014-08-11,2014-08-11 11:30,37,2014-08-11,(皑家规幅 -44З/s) 
2065,1007801,碍玫焊,2014-08-11,2014-08-11 09:00,500,2014-08-11,
2066,1007802,咯林焊,2014-08-11,2014-08-11 09:00,520,2014-08-11,
2067,1007803,捞器焊,2014-08-11,2014-08-11 09:00,570,2014-08-11,
2068,1007801,碍玫焊,2014-07-24,2014-07-24 16:00,700,2014-07-24,
2069,1007802,咯林焊,2014-07-24,2014-07-24 16:00,750,2014-07-24,
2070,1007803,捞器焊,2014-07-24,2014-07-24 16:00,930,2014-07-24,
2071,1004310,鲍魂达,2014-08-12,2014-08-12 11:00,25,2014-08-12,(皑家规幅 -15З/s) 
2072,1004310,鲍魂达,2014-08-17,2014-08-17 14:00,25,2014-08-17,(刘啊规幅   10З/s) 
2073,1004310,鲍魂达,2014-08-17,2014-08-17 15:00,66,2014-08-17,(刘啊规幅   41З/s) 
2074,1004310,鲍魂达,2014-08-17,2014-08-17 20:00,26,2014-08-17,(皑家规幅 -40З/s) 
2075,1004310,鲍魂达,2014-08-18,2014-08-18 13:30,39,2014-08-18,(刘啊规幅  13З/s) 
2076,1004310,鲍魂达,2014-08-18,2014-08-18 17:30,66,2014-08-18,(刘啊规幅  27З/s) 
2077,1004310,鲍魂达,2014-08-19,2014-08-19 08:00,90,2014-08-19,(刘啊规幅  24З/s) 
2078,1004310,鲍魂达,2014-08-19,2014-08-19 11:00,115,2014-08-19,(刘啊规幅25З/s) 
2079,1007801,碍玫焊,2014-08-19,2014-08-19 14:00,500,2014-08-19,捞郴 藕仿利 规幅
2080,1007802,咯林焊,2014-08-19,2014-08-19 14:00,520,2014-08-19,捞郴 藕仿利 规幅
2081,1007803,捞器焊,2014-08-19,2014-08-19 14:00,570,2014-08-19,捞郴 藕仿利 规幅
2082,1004310,鲍魂达,2014-08-19,2014-08-19 19:00,64,2014-08-19,(皑家规幅 -51З/s) 
2083,1004310,鲍魂达,2014-08-20,2014-08-20 20:00,38,2014-08-20,(皑家规幅 -26З/s) 
2084,1004310,鲍魂达,2014-08-20,2014-08-20 22:00,61,2014-08-20,(刘啊规幅 23З/s) 
2085,1004310,鲍魂达,2014-08-21,2014-08-21 18:30,150,2014-08-21,(刘啊规幅45З/s)
2086,1017310,迫寸达,2014-08-21,2014-08-21 13:00,1027,2014-08-21,(刘啊规幅  263З/s) 
2087,1017310,迫寸达,2014-08-22,2014-08-22 07:40,1675,2014-08-22,(皑家规幅 439З/s)
2088,1004310,鲍魂达,2014-08-22,2014-08-22 14:00,81,2014-08-22,(皑家规幅 -69З/s) 
2089,1017310,迫寸达,2014-08-22,2014-08-22 17:00,1290,2014-08-22,(皑家规幅 -385З/s) 
2090,1017310,迫寸达,2014-08-23,2014-08-23 08:00,1040,2014-08-23,(皑家规幅 -250З/s) 
2091,1004310,鲍魂达,2014-08-23,2014-08-23 07:50,39,2014-08-23,(皑家规幅 -42З/s) 
2092,1017310,迫寸达,2014-08-23,2014-08-23 11:00,910,2014-08-23,(皑家规幅 -130З/s) 
2093,1017310,迫寸达,2014-08-23,2014-08-23 12:30,780,2014-08-23,(皑家规幅 -130З/s) 荐巩傈企
2094,1004310,鲍魂达,2014-08-25,2014-08-25 15:00,24,2014-08-25,(皑家规幅 -15З/s) 
2095,1004310,鲍魂达,2014-08-26,2014-08-26 11:00,15,2014-08-26,(荐巩傈企)
2096,1004310,鲍魂达,2014-09-24,2014-09-24 17:00,39,2014-09-24,(檬扁规幅  24З/s) 
2097,1007801,碍玫焊,2014-09-24,2014-09-24 16:00,,2014-09-24,何磐 藕仿利 规幅
2098,1007802,咯林焊,2014-09-24,2014-09-24 16:00,550,2014-09-24,捞郴 藕仿利 规幅
2099,1007803,捞器焊,2014-09-24,2014-09-24 16:00,600,2014-09-24,捞郴 藕仿利 规幅
2100,1004310,鲍魂达,2014-09-24,2014-09-24 18:30,66,2014-09-24,(刘啊规幅 27З/s) 
2101,1004310,鲍魂达,2014-09-25,2014-09-25 11:00,31,2014-09-25,(皑家规幅 -35З/s) 
2102,1004310,鲍魂达,2014-09-25,2014-09-25 23:00,15,2014-09-25,鲍魂达 荐巩傈企
2103,1004310,鲍魂达,2014-10-21,2014-10-21 21:00,40,2014-10-21,鲍魂达 檬扁规幅
2104,1007801,碍玫焊,2014-10-21,2014-10-21 18:00,850,2014-10-21,(刘啊规幅 300З/s) 
2105,1007802,咯林焊,2014-10-21,2014-10-21 18:00,900,2014-10-21,(弥措规幅樊 900З/s ) 
2106,1007803,捞器焊,2014-10-21,2014-10-21 18:00,1000,2014-10-21,(弥措规幅樊 1 000З/s) 
2107,1017310,迫寸达,2014-10-21,2014-10-22 00:00,648,2014-10-21,迫淬大 檬扁规幅(刘啊  80З/s) 
2108,1004310,鲍魂达,2014-10-21,2014-10-21 21:30,119,2014-10-21,(刘啊规幅  79З/s) 
2109,1004310,鲍魂达,2014-10-22,2014-10-22 06:00,199,2014-10-22,(刘啊规幅  80З/s) 
2110,1004310,鲍魂达,2014-10-22,2014-10-22 12:00,119,2014-10-22,(皑家规幅 -80З/s) 
2111,1004310,鲍魂达,2014-10-22,2014-10-22 14:30,68,2014-10-22,(皑家规幅 -51З/s) 
2112,1017310,迫寸达,2014-10-22,2014-10-22 22:00,0,2014-10-22,迫寸 荐巩 傈企
2113,1004310,鲍魂达,2014-10-23,2014-10-23 10:00,43,2014-10-23,(皑家规幅 -25З/s) 
2114,1004310,鲍魂达,2014-10-23,2014-10-23 10:30,26,2014-10-23,(皑家规幅 -17З/s) 
2115,1004310,鲍魂达,2014-10-25,2014-10-25 22:00,15,2014-10-25,(皑家规幅 -11 cm/s) 荐巩傈企
2116,1004310,鲍魂达,2014-11-01,2014-11-01 21:00,26,2014-11-01,(檬扁规幅 11З/s刘啊) 
2117,1004310,鲍魂达,2014-11-04,2014-11-04 12:00,15,2014-11-04,荐巩傈企(皑家规幅 -11З/s) 
2118,1013310,狼鞠达,2015-04-09,2015-04-09 14:30,20,2015-04-09,矫汲拱痢八栏肺 牢茄 荐巩规幅(14:30~16:00拌裙)
2119,1007801,碍玫焊,2015-07-10,2015-07-12 12:00,4600,2015-07-10,
2120,1007802,咯林焊,2015-07-10,2015-07-12 12:00,4855,2015-07-10,捞郴 藕仿利 规幅
2121,1007803,捞器焊,2015-07-10,2015-07-12 12:00,5684,2015-07-10,捞郴 藕仿利 规幅
2122,1004310,鲍魂达,2015-07-22,2015-07-22 14:00,64,2015-07-22,(刘啊规幅49З/s)檬扁规幅
2123,1004310,鲍魂达,2015-07-22,2015-07-22 23:30,40,2015-07-22,(皑家规幅-24.5З/s)
2124,1007801,碍玫焊,2015-07-23,2015-07-24 07:00,1861,2015-07-23,捞郴 藕仿利 规幅
2125,1007802,咯林焊,2015-07-23,2015-07-24 07:00,1949,2015-07-23,捞郴藕仿利规幅
2126,1007803,捞器焊,2015-07-23,2015-07-24 07:00,2178,2015-07-23,捞郴 藕仿利 规幅
2127,1010320,冕玫达,2015-07-24,2015-07-24 10:00,355,2015-07-24,(檬扁规幅  97З/s) 
2128,1013310,狼鞠达,2015-07-24,2015-07-24 11:00,501,2015-07-24,(檬扁刘啊规幅  147З/s) 
2129,1013310,狼鞠达,2015-07-24,2015-07-24 11:00,501,2015-07-24,(刘啊规幅  147З/s) 
2130,1010320,冕玫达,2015-07-24,2015-07-24 10:30,826,2015-07-24,(刘啊规幅  471З/s) 
2131,1010320,冕玫达,2015-07-24,2015-07-24 11:00,1113,2015-07-24,(刘啊规幅  287З/s) 
2132,1017310,迫寸达,2015-07-24,2015-07-24 14:00,1022,2015-07-24,(刘啊规幅  262З/s) 
2133,1015310,没乞达,2015-07-24,2015-07-24 14:00,875,2015-07-24,(刘啊规幅 219З/s) 
2134,1013310,狼鞠达,2015-07-24,2015-07-24 11:30,852,2015-07-24,(刘啊规幅  351З/s) 
2135,1013310,狼鞠达,2015-07-24,2015-07-24 12:30,1181,2015-07-24,(刘啊规幅  351) 
2136,1013310,狼鞠达,2015-07-24,2015-07-24 14:30,697,2015-07-24,(皑家规幅 -484З/s) 
2137,1010320,冕玫达,2015-07-24,2015-07-24 14:30,654,2015-07-24,(皑家规幅 -459З/s) 
2138,1010320,冕玫达,2015-07-24,2015-07-24 16:10,368,2015-07-24,(皑家规幅 -286З/s) 
2139,1013310,狼鞠达,2015-07-24,2015-07-24 16:10,413,2015-07-24,(皑家规幅 -284З/s) 
2140,1015310,没乞达,2015-07-24,2015-07-24 16:30,776,2015-07-24,(皑家规幅 -99З/s) 
2141,1004310,鲍魂达,2015-07-24,2015-07-24 16:30,24,2015-07-24,(皑家规幅 -15З/s) 
2142,1017310,迫寸达,2015-07-24,2015-07-24 17:30,1716,2015-07-24,(刘啊规幅  694З/s) 
2143,1015310,没乞达,2015-07-24,2015-07-24 18:30,728,2015-07-24,(皑家规幅 -48З/s) 
2144,1010320,冕玫达,2015-07-24,2015-07-24 18:30,310,2015-07-24,(皑家规幅 -58З/s) 
2145,1015310,没乞达,2015-07-24,2015-07-24 22:00,669,2015-07-24,荐巩傈企
2146,1013310,狼鞠达,2015-07-24,2015-07-24 21:30,353,2015-07-24,荐巩傈企
2147,1010320,冕玫达,2015-07-24,2015-07-24 22:00,244,2015-07-24,荐巩傈企
2148,1004310,鲍魂达,2015-07-24,2015-07-24 23:30,15,2015-07-24,鲍魂达 荐巩傈企
2149,1017310,迫寸达,2015-07-25,2015-07-25 01:10,1435,2015-07-25,(皑家规幅 -281З/s) 
2150,1017310,迫寸达,2015-07-25,2015-07-25 04:50,2221,2015-07-25,(刘啊规幅  786З/s) 
2151,1017310,迫寸达,2015-07-25,2015-07-25 05:10,2749,2015-07-25,(刘啊规幅  528З/s) 
2152,1017310,迫寸达,2015-07-25,2015-07-25 05:30,3566,2015-07-24,(刘啊规幅  817З/s) 
2153,1017310,迫寸达,2015-07-25,2015-07-25 08:30,2528,2015-07-25,(皑家规幅 -1038З/s) 
2154,1017310,迫寸达,2015-07-25,2015-07-25 11:40,1992,2015-07-25,(皑家规幅-536З/s)
2155,1017310,迫寸达,2015-07-25,2015-07-25 20:30,1536,2015-07-25,(皑家规幅 -456З/s) 
2156,1015310,没乞达,2015-07-26,2015-07-26 13:00,854,2015-07-26,(刘啊规幅  124 З/s) 
2157,1013310,狼鞠达,2015-07-25,2015-07-26 00:00,424,2015-07-25,(檬扁规幅  74З/s) 
2158,1010320,冕玫达,2015-07-25,2015-07-26 00:00,359,2015-07-25,(檬扁规幅  114З/s) 
2159,1013310,狼鞠达,2015-07-26,2015-07-26 07:30,571,2015-07-26,(刘啊规幅  147З/s) 
2160,1010320,冕玫达,2015-07-26,2015-07-26 07:30,530,2015-07-25,(刘啊规幅  171З/s) 
2161,1013310,狼鞠达,2015-07-26,2015-07-26 15:30,356,2015-07-26,(皑家规幅-110З/s)狼鞠达 荐巩傈企
2162,1010320,冕玫达,2015-07-26,2015-07-26 15:30,258,2015-07-26,(皑家规幅-158З/s) 冕玫达 荐巩傈企
2163,1017310,迫寸达,2015-07-26,2015-07-26 19:30,1145,2015-07-26,(皑家规幅 -391З/s) 
2164,1015310,没乞达,2015-07-26,2015-07-26 19:30,739,2015-07-26,(皑家规幅 -115З/s) 
2165,1015310,没乞达,2015-07-26,2015-07-26 20:30,679,2015-07-26,(皑家规幅 -60З/s) 
2166,1017310,迫寸达,2015-07-26,2015-07-26 20:30,856,2015-07-26,(皑家规幅 -289З/s) 
2167,1017310,迫寸达,2015-07-26,2015-07-26 23:00,724,2015-07-26,(皑家规幅 -132З/s) 
2168,1007801,碍玫焊,2016-03-04,2016-03-05 13:00,267,2016-03-04,捞郴 藕仿利 规幅
2169,1007802,咯林焊,2016-03-04,2016-03-05 13:00,273,2016-03-04,捞郴 藕仿利 规幅
2170,1007803,捞器焊,2016-03-04,2016-03-05 13:00,293,2016-03-04,捞郴 藕仿利 规幅
2171,1007801,碍玫焊,2016-04-15,2016-04-15 17:00,489,2016-04-15,捞郴 藕仿利 规幅
2172,1007802,咯林焊,2016-04-15,2016-04-15 17:00,495,2016-04-15,捞郴 藕仿利 规幅
2173,1007803,捞器焊,2016-04-15,2016-04-15 17:00,515,2016-04-15,捞郴 藕仿利 规幅
2174,1004310,鲍魂达,2016-04-17,2016-04-17 18:00,25,2016-04-17,(檬扁荐巩规幅  25З/s) 
2175,1004310,鲍魂达,2016-04-18,2016-04-18 07:00,43,2016-04-18,(刘啊规幅  18З/s) 
2176,1004310,鲍魂达,2016-04-18,2016-04-18 20:00,32,2016-04-18,(皑家规幅 -11З/s) 
2177,1007801,碍玫焊,2016-04-18,2016-04-15 17:00,489,2016-04-18,捞郴 藕仿利 规幅(扁埃 楷厘)
2178,1007802,咯林焊,2016-04-18,2016-04-15 17:00,495,2016-04-18,捞郴 藕仿利 规幅(扁埃 楷厘)
2179,1007803,捞器焊,2016-04-18,2016-04-15 17:00,515,2016-04-18,捞郴 藕仿利 规幅(扁埃 楷厘)
2180,1004310,鲍魂达,2016-04-19,2016-04-19 18:30,20,2016-04-19,(皑家规幅 -12З/s) 
2181,1004310,鲍魂达,2016-04-21,2016-04-21 15:00,42,2016-04-21,(刘啊规幅  22З/s) 
2182,1004310,鲍魂达,2016-04-23,2016-04-23 08:00,26,2016-04-23,(皑家规幅 -16З/s) 
2183,1004310,鲍魂达,2016-04-24,2016-04-24 10:00,15,2016-04-24,(皑家规幅 -11З/s) 
2184,1007801,碍玫焊,2016-04-25,2016-04-15 17:00,489,2016-04-25,捞郴 藕仿利 规幅(扁埃楷厘)
2185,1007802,咯林焊,2016-04-25,2016-04-15 17:00,495,2016-04-25,捞郴 藕仿利 规幅(扁埃楷厘)
2186,1007803,捞器焊,2016-04-25,2016-04-15 17:00,515,2016-04-25,捞郴 藕仿利 规幅(扁埃楷厘)
2187,1007801,碍玫焊,2016-07-01,2016-07-01 17:00,1036,2016-07-01,
2188,1007802,咯林焊,2016-07-01,2016-07-01 17:00,1104,2016-07-01,
2189,1007803,捞器焊,2016-07-01,2016-07-01 17:00,1331,2016-07-01,
2190,1017310,迫寸达,2016-07-01,2016-07-02 00:00,1027,2016-07-01,(檬扁荐巩规幅  1 027З/s) 
2191,1017310,迫寸达,2016-07-02,2016-07-02 00:50,1547,2016-07-02,(刘啊规幅  529З/s) 
2192,1017310,迫寸达,2016-07-02,2016-07-02 01:20,2238,2016-07-02,(刘啊规幅  659З/s) 
2193,1015310,没乞达,2016-07-02,2016-07-02 07:30,755,2016-07-02,(刘啊规幅  101З/s) 
2194,1004310,鲍魂达,2016-07-02,2016-07-02 09:00,36,2016-07-02,(刘啊规幅  21З/s) 
2195,1017310,迫寸达,2016-07-02,2016-07-02 07:10,1561,2016-07-02,(皑家规幅 -677З/s) 
2196,1015310,没乞达,2016-07-02,2016-07-02 08:20,1050,2016-07-02,(刘啊规幅  295З/s) 
2197,1015310,没乞达,2016-07-02,2016-07-02 09:50,1500,2016-07-02,(刘啊规幅  450З/s) 
2198,1017310,迫寸达,2016-07-02,2016-07-02 11:50,2200,2016-07-02,(刘啊规幅  650З/s) 
2199,1017310,迫寸达,2016-07-02,2016-07-02 15:10,1677,2016-07-02,(皑家规幅 -523З/s) 
2200,1015310,没乞达,2016-07-02,2016-07-02 15:00,1002,2016-07-02,(皑家规幅 -498З/s) 
2201,1004310,鲍魂达,2016-07-02,2016-07-02 15:00,59,2016-07-02,(刘啊规幅  23З/s) 
2202,1017310,迫寸达,2016-07-02,2016-07-02 17:00,1036,2016-07-02,(皑家规幅 -641З/s) 
2203,1015310,没乞达,2016-07-02,2016-07-02 17:00,798,2016-07-02,(皑家规幅 -204З/s) 
2204,1015310,没乞达,2016-07-02,2016-07-02 18:30,688,2016-07-02,(荐巩傈企  -110З/s) 
2205,1017310,迫寸达,2016-07-02,2016-07-02 22:00,891,2016-07-02,(皑家规幅 -151З/s) 
2206,1004310,鲍魂达,2016-07-02,2016-07-02 22:00,37,2016-07-02,(皑家规幅 -22З/s) 
2207,1017310,迫寸达,2016-07-03,2016-07-03 00:30,755,2016-07-03,(荐巩傈企  -136З/s) 
2208,1004310,鲍魂达,2016-07-04,2016-07-04 07:00,95,2016-07-04,(刘啊规幅  58З/s) 
2209,1004310,鲍魂达,2016-07-04,2016-07-04 09:00,218,2016-07-04,刘 123
2210,1004310,鲍魂达,2016-07-04,2016-07-04 09:30,445,2016-07-04,(刘啊规幅 227t/s)
2211,1004310,鲍魂达,2016-07-04,2016-07-04 10:30,683,2016-07-04,(刘啊规幅  223З/s) 
2212,1004310,鲍魂达,2016-07-04,2016-07-04 12:30,1031,2016-07-04,(刘啊规幅  348З/s) 
2213,1007801,碍玫焊,2016-07-04,2016-07-01 17:00,2539,2016-07-04,(弥措规幅樊 刘啊 1504З/s) 
2214,1007802,咯林焊,2016-07-04,2016-07-01 17:00,2799,2016-07-04,(弥措规幅樊 刘啊 1696З/s) 
2215,1007803,捞器焊,2016-07-04,2016-07-01 17:00,2932,2016-07-04,(弥措规幅樊 刘啊 1601З/s) 
2216,1004310,鲍魂达,2016-07-04,2016-07-04 15:30,736,2016-07-04,(皑家规幅 -295З/s) 
2217,1017310,迫寸达,2016-07-04,2016-07-04 19:00,899,2016-07-04,(檬扁荐巩规幅   130З/s) 
2218,1001210,堡悼,2016-07-04,2016-07-04 18:00,200,2016-07-04,
2219,1001210,堡悼,2016-07-04,2016-07-04 18:40,200,2016-07-04,
2220,1001210,堡悼,2016-07-04,2016-07-04 18:00,200,2016-07-04,
2221,1015310,没乞达,2016-07-04,2016-07-04 21:30,755,2016-07-04,(檬扁荐巩规幅   99З/s) 
2222,1017310,迫寸达,2016-07-04,2016-07-04 19:20,1757,2016-07-04,(刘啊规幅  858З/s) 
2223,1004310,鲍魂达,2016-07-04,2016-07-04 20:00,418,2016-07-04,(皑家规幅 -318З/s) 
2224,1017310,迫寸达,2016-07-04,2016-07-04 20:40,2535,2016-07-04,(刘啊规幅  778З/s) 
2225,1004310,鲍魂达,2016-07-04,2016-07-04 22:30,736,2016-07-04,(刘啊规幅  318З/s) 
2226,1017310,迫寸达,2016-07-04,2016-07-05 00:00,3409,2016-07-04,(刘啊规幅  874З/s) 
2227,1015310,没乞达,2016-07-05,2016-07-05 03:40,656,2016-07-05,(荐巩傈企  -99З/s) 
2228,1004310,鲍魂达,2016-07-05,2016-07-05 06:30,492,2016-07-05,(皑家规幅 -244З/s) 
2229,1010320,冕玫达,2016-07-05,2016-07-05 10:30,290,2016-07-05,(檬扁荐巩规幅  43З/s) 
2230,1015310,没乞达,2016-07-05,2016-07-05 10:30,688,2016-07-05,(檬扁荐巩规幅  43З/s) 
2231,1013310,狼鞠达,2016-07-05,2016-07-05 10:30,375,2016-07-05,(檬扁荐巩规幅  43З/s) 
2232,1017310,迫寸达,2016-07-05,2016-07-05 09:00,3913,2016-07-05,(檬扁荐巩规幅  504З/s) 
2233,1015310,没乞达,2016-07-05,2016-07-05 09:00,945,2016-07-05,(檬扁荐巩规幅  227З/s) 
2234,1013310,狼鞠达,2016-07-05,2016-07-05 09:00,644,2016-07-05,(檬扁荐巩规幅  294З/s) 
2235,1010320,冕玫达,2016-07-05,2016-07-05 09:00,516,2016-07-05,(檬扁荐巩规幅  269З/s) 
2236,1017310,迫寸达,2016-07-05,2016-07-05 09:00,3913,2016-07-05,(刘啊规幅  504З/s) 
2237,1004310,鲍魂达,2016-07-05,2016-07-05 09:00,351,2016-07-05,(皑家规幅 -141З/s) 
2238,1017310,迫寸达,2016-07-05,2016-07-05 09:30,4289,2016-07-05,(刘啊规幅  376З/s) 
2239,1015310,没乞达,2016-07-05,2016-07-05 09:30,2175,2016-07-05,(刘啊规幅  2175З/s) 
2240,1013310,狼鞠达,2016-07-05,2016-07-05 09:30,1593,2016-07-05,(刘啊规幅  949З/s) 
2241,1013310,狼鞠达,2016-07-05,2016-07-05 09:30,1593,2016-07-05,(刘啊规幅  949З/s) 
2242,1010320,冕玫达,2016-07-05,2016-07-05 09:30,1237,2016-07-05,(刘啊规幅  721З/s) 
2243,1017310,迫寸达,2016-07-05,2016-07-05 11:30,6469,2016-07-05,迫寸达 刘啊规幅( 2180)
2244,1015310,没乞达,2016-07-05,2016-07-05 10:00,4698,2016-07-05,没乞达 刘癌规幅( 2513)
2245,1013310,狼鞠达,2016-07-05,2016-07-05 10:00,2100,2016-07-05,狼鞠达 刘啊规幅( 507)
2246,1010320,冕玫达,2016-07-05,2016-07-05 10:00,1769,2016-07-05,冕玫达 刘啊规幅( 532)
2247,1010320,冕玫达,2016-07-05,2016-07-05 10:00,1769,2016-07-05,冕玫达 刘啊规幅( 532)
2248,1017310,迫寸达,2016-07-05,2016-07-05 10:40,7451,2016-07-05,刘啊规幅( 3162)
2249,1013310,狼鞠达,2016-07-05,2016-07-05 10:40,3318,2016-07-05,刘啊规幅( 1218)
2250,1010320,冕玫达,2016-07-05,2016-07-05 10:40,3022,2016-07-05,刘啊规幅( 1253)
2251,1004310,鲍魂达,2016-07-05,2016-07-05 02:00,227,2016-07-05,皑家规幅(-124)
2252,1017310,迫寸达,2016-07-05,2016-07-05 11:40,10620,2016-07-05,刘啊规幅( 3169)
2253,1015310,没乞达,2016-07-05,2016-07-05 11:40,5728,2016-07-05,刘啊规幅( 1040)
2254,1013310,狼鞠达,2016-07-05,2016-07-05 11:40,4252,2016-07-05,刘啊规幅( 934)
2255,1010320,冕玫达,2016-07-05,2016-07-05 11:40,3555,2016-07-05,刘啊规幅( 533)
2256,1015310,没乞达,2016-07-05,2016-07-05 12:30,6674,2016-07-05,刘啊规幅( 946)
2257,1013310,狼鞠达,2016-07-05,2016-07-05 12:30,4707,2016-07-05,刘啊规幅( 455)
2258,1017310,迫寸达,2016-07-05,2016-07-05 13:00,8964,2016-07-05,皑家规幅(-1656)
2259,1010320,冕玫达,2016-07-05,2016-07-05 13:00,3180,2016-07-05,皑家规幅(-375)
2260,1010320,冕玫达,2016-07-05,2016-07-05 14:00,2269,2016-07-05,皑家规幅(-911)
2261,1017310,迫寸达,2016-07-05,2016-07-05 14:50,8964,2016-07-05,刘啊规幅( 1006)
2262,1015310,没乞达,2016-07-05,2016-07-05 14:50,7371,2016-07-05,刘啊规幅( 697)
2263,1004310,鲍魂达,2016-07-05,2016-07-05 15:00,95,2016-07-05,皑家规幅(-132)
2264,1013310,狼鞠达,2016-07-05,2016-07-05 15:30,3693,2016-07-05,皑家规幅(-1014)
2265,1010320,冕玫达,2016-07-05,2016-07-05 15:30,1733,2016-07-05,皑家规幅(-536)
2266,1017310,迫寸达,2016-07-05,2016-07-05 16:20,10659,2016-07-05,刘啊规幅( 689)
2267,1013310,狼鞠达,2016-07-05,2016-07-05 17:30,2952,2016-07-05,皑家规幅(-740)
2268,1017310,迫寸达,2016-07-05,2016-07-05 17:50,11835,2016-07-05,(刘啊规幅 1196З/s) 
2269,1015310,没乞达,2016-07-05,2016-07-05 18:30,6106,2016-07-05,皑家规幅(-1265)
2270,1013310,狼鞠达,2016-07-05,2016-07-05 18:30,2232,2016-07-05,皑家规幅(-720)
2271,1010320,冕玫达,2016-07-05,2016-07-05 18:30,1303,2016-07-05,皑家规幅(-430)
2272,1017310,迫寸达,2016-07-05,2016-07-05 19:50,9993,2016-07-05,皑家规幅(-1842)
2273,1010320,冕玫达,2016-07-05,2016-07-05 19:50,1096,2016-07-05,皑家规幅(-270)
2274,1015310,没乞达,2016-07-05,2016-07-05 20:20,5374,2016-07-05,皑家规幅(-732)
2275,1013310,狼鞠达,2016-07-05,2016-07-05 20:20,1538,2016-07-05,皑家规幅(-694)
2276,1004310,鲍魂达,2016-07-05,2016-07-05 20:30,218,2016-07-05,刘啊规幅( 123)
2277,1017310,迫寸达,2016-07-05,2016-07-05 21:00,8694,2016-07-05,皑家规幅(-1299)
2278,1013310,狼鞠达,2016-07-05,2016-07-05 21:00,1177,2016-07-05,皑家规幅(-361)
2279,1015310,没乞达,2016-07-05,2016-07-05 22:10,4830,2016-07-05,皑家规幅(-544)
2280,1013310,狼鞠达,2016-07-05,2016-07-05 22:10,713,2016-07-05,皑家规幅(-464)
2281,1004310,鲍魂达,2016-07-05,2016-07-05 22:10,316,2016-07-05,刘啊规幅( 98)
2282,1017310,迫寸达,2016-07-05,2016-07-05 23:10,7695,2016-07-05,(皑家规幅 -999З/s) 
2283,1015310,没乞达,2016-07-05,2016-07-05 23:10,4140,2016-07-05,(皑家规幅 -690З/s) 
2284,1010320,冕玫达,2016-07-05,2016-07-05 23:10,739,2016-07-05,(皑家规幅 -357З/s) 
2285,1015310,没乞达,2016-07-06,2016-07-06 00:40,3460,2016-07-05,(皑家规幅 -680З/s) 
2286,1010320,冕玫达,2016-07-06,2016-07-06 00:40,518,2016-07-05,(皑家规幅 -221З/s) 
2287,1015310,没乞达,2016-07-06,2016-07-06 01:20,2838,2016-07-06,(皑家规幅 -622З/s) 
2288,1017310,迫寸达,2016-07-06,2016-07-06 01:20,6295,2016-07-06,(皑家规幅 -1400З/s) 
2289,1017310,迫寸达,2016-07-06,2016-07-06 04:20,5568,2016-07-06,(皑家规幅 -727З/s) 
2290,1013310,狼鞠达,2016-07-06,2016-07-06 04:20,378,2016-07-05,(皑家规幅 -335З/s) 
2291,1010320,冕玫达,2016-07-06,2016-07-06 04:20,296,2016-07-06,(皑家规幅 -222З/s) 
2292,1017310,迫寸达,2016-07-06,2016-07-06 06:30,6334,2016-07-06,(刘啊规幅 766З/s) 
2293,1015310,没乞达,2016-07-06,2016-07-06 06:30,2084,2016-07-06,(皑家规幅 -754З/s) 
2294,1017310,迫寸达,2016-07-06,2016-07-06 10:00,5053,2016-07-06,(皑家规幅 -1281З/s) 
2295,1015310,没乞达,2016-07-06,2016-07-06 10:00,1770,2016-07-06,(皑家规幅 -314З/s) 
2296,1013310,狼鞠达,2016-07-06,2016-07-06 10:00,290,2016-07-06,(荐巩傈企 -88З/s) 
2297,1010320,冕玫达,2016-07-06,2016-07-06 10:00,253,2016-07-06,(荐巩傈企 -43З/s) 
2298,1004310,鲍魂达,2016-07-06,2016-07-06 12:00,174,2016-07-06,(皑家规幅 -142З/s) 
2299,1017310,迫寸达,2016-07-06,2016-07-06 14:30,3992,2016-07-06,(皑家规幅 -1051З/s) 
2300,1015310,没乞达,2016-07-06,2016-07-06 14:30,1370,2016-07-06,(皑家规幅 -400З/s) 
2301,1013310,狼鞠达,2016-07-06,2016-07-06 18:00,423,2016-07-06,(刘啊规幅 73З/s) 
2302,1013310,狼鞠达,2016-07-06,2016-07-06 18:00,350,2016-07-06,狼鞠达 规幅樊 沥沥 423℃350З/s
2303,1015310,没乞达,2016-07-06,2016-07-06 18:30,1205,2016-07-06,(皑家规幅 -165З/s) 
2304,1017310,迫寸达,2016-07-06,2016-07-06 21:00,3389,2016-07-06,(皑家规幅 -603З/s) 
2305,1017310,迫寸达,2016-07-06,2016-07-06 23:30,2998,2016-07-06,(皑家规幅 -391З/s) 
2306,1015310,没乞达,2016-07-06,2016-07-06 23:30,971,2016-07-06,(皑家规幅 -234З/s) 
2307,1004310,鲍魂达,2016-07-07,2016-07-07 06:30,471,2016-07-07,(刘啊规幅 297З/s) 
2308,1017310,迫寸达,2016-07-07,2016-07-07 07:00,2710,2016-07-07,(皑家规幅 -288З/s) 
2309,1015310,没乞达,2016-07-07,2016-07-07 07:00,705,2016-07-07,(皑家规幅 -266З/s) 
2310,1004310,鲍魂达,2016-07-07,2016-07-07 09:00,185,2016-07-07,(皑家规幅 -286З/s) 
2311,1013310,狼鞠达,2016-07-07,2016-07-07 12:00,392,2016-07-07,(檬扁荐巩规幅 43З/s) 
2312,1013310,狼鞠达,2016-07-07,2016-07-07 12:20,511,2016-07-07,(刘啊规幅  119З/s) 
2313,1017310,迫寸达,2016-07-08,2016-07-08 22:00,1872,2016-07-08,(皑家规幅 -1872З/s) 
2314,1004310,鲍魂达,2016-07-09,2016-07-09 06:30,30,2016-07-09,(皑家规幅 -31З/s) 
2315,1007801,碍玫焊,2016-07-08,2016-07-01 17:00,2539,2016-07-07,扁埃楷厘
2316,1007802,咯林焊,2016-07-08,2016-07-01 17:00,2799,2016-07-07,扁埃楷厘
2317,1007803,捞器焊,2016-07-08,2016-07-01 17:00,2932,2016-07-07,扁埃楷厘
2318,1013310,狼鞠达,2016-07-11,2016-07-11 13:40,426,2016-07-11,(皑家规幅 -41З/s) 
2319,1004310,鲍魂达,2016-07-11,2016-07-11 17:30,20,2016-07-11,(皑家规幅 -10З/s) 
2320,1017310,迫寸达,2016-07-12,2016-07-12 17:20,1732,2016-07-12,(刘啊规幅 114З/s) 
2321,1004310,鲍魂达,2016-07-13,2016-07-13 07:00,15,2016-07-13,(荐巩傈企 -5З/s) 
2322,1017310,迫寸达,2016-07-13,2016-07-13 12:00,1470,2016-07-13,(皑家规幅 -262З/s) 
2323,1013310,狼鞠达,2016-07-13,2016-07-13 13:00,353,2016-07-13,(荐巩傈企 -73З/s) 
2324,1017310,迫寸达,2016-07-14,2016-07-14 08:00,1002,2016-07-14,(皑家规幅 -394З/s) 
2325,1017310,迫寸达,2016-07-14,2016-07-14 14:00,871,2016-07-14,(皑家规幅 -131З/s) 
2326,1017310,迫寸达,2016-07-14,2016-07-14 18:00,781,2016-07-14,(皑家规幅 -90З/s) 
2327,1001210,堡悼,2016-07-15,2016-07-16 12:00,100,2016-07-15,(檬扁荐巩规幅 100З/s) 
2328,1004310,鲍魂达,2016-07-16,2016-07-16 16:00,37,2016-07-16,(檬扁荐巩规幅) 
2329,1017310,迫寸达,2016-07-16,2016-07-16 16:30,1310,2016-07-16,(刘啊规幅  529З/s) 
2330,1017310,迫寸达,2016-07-16,2016-07-16 18:00,1864,2016-07-16,(刘啊规幅  554З/s) 
2331,1017310,迫寸达,2016-07-16,2016-07-16 19:30,2247,2016-07-16,(刘啊规幅  383З/s) 
2332,1017310,迫寸达,2016-07-17,2016-07-17 07:00,1859,2016-07-17,(皑家规幅 -388З/s) 
2333,1017310,迫寸达,2016-07-17,2016-07-17 09:00,1580,2016-07-17,(皑家规幅 -279З/s) 
2334,1017310,迫寸达,2016-07-17,2016-07-17 17:10,1215,2016-07-17,(皑家规幅 -365З/s) 
2335,1004310,鲍魂达,2016-07-17,2016-07-17 21:00,24,2016-07-17,(皑家规幅 -13З/s) 
2336,1017310,迫寸达,2016-07-18,2016-07-18 17:30,1133,2016-07-18,(皑家规幅 -82З/s) 
2337,1004310,鲍魂达,2016-07-19,2016-07-19 09:40,15,2016-07-19,(荐巩傈企  -6 З/s) 
2338,1017310,迫寸达,2016-07-20,2016-07-20 07:00,1005,2016-07-19,(皑家规幅 -128З/s) 
2339,1017310,迫寸达,2016-07-20,2016-07-20 11:30,897,2016-07-20,(皑家规幅 -106З/s) 
2340,1017310,迫寸达,2016-07-20,2016-07-20 14:20,758,2016-07-20,迫寸达 荐巩 傈企
2341,1007801,碍玫焊,2016-07-22,2016-07-22 17:00,709,2016-07-22,捞郴 藕仿利 规幅
2342,1007802,咯林焊,2016-07-22,2016-07-22 17:00,798,2016-07-22,捞郴 藕仿利 规幅
2343,1007803,捞器焊,2016-07-22,2016-07-22 17:00,851,2016-07-22,捞郴 藕仿利 规幅
2344,1001210,堡悼,2016-08-28,2016-08-29 00:00,100,2016-08-28,(檬扁荐巩规幅  100З/s) 
2345,1004310,鲍魂达,2016-09-17,2016-09-17 20:00,24,2016-09-17,(刘啊规幅  9З/s) 
2346,1004310,鲍魂达,2016-09-19,2016-09-19 07:00,15,2016-09-19,(荐巩傈企  -9З/s) 
2347,1007801,碍玫焊,2016-09-30,2016-10-02 09:00,1901,2016-09-30,捞郴 藕仿利 规幅
2348,1007802,咯林焊,2016-09-30,2016-10-02 09:00,2030,2016-09-30,捞郴 藕仿利 规幅
2349,1007803,捞器焊,2016-09-30,2016-10-02 09:00,2419,2016-09-30,捞郴 藕仿利 规幅
2350,1001210,堡悼,2016-09-30,2016-10-02 17:00,200,2016-09-30,捞郴 藕仿利 规幅
2351,1007801,碍玫焊,2017-07-02,2017-07-03 01:00,800,2017-07-02,
2352,1007802,咯林焊,2017-07-02,2017-07-03 01:00,900,2017-07-02,
2353,1007803,捞器焊,2017-07-02,2017-07-03 01:00,1000,2017-07-02,
2354,1017310,迫寸达,2017-07-03,2017-07-03 04:00,1011,2017-07-03,(檬扁荐巩规幅  1011З/s) 
2355,1015310,没乞达,2017-07-03,2017-07-03 05:00,900,2017-07-03,(檬扁荐巩规幅  900З/s) 
2356,1017310,迫寸达,2017-07-03,2017-07-03 04:30,2443,2017-07-03,(刘啊规幅  2443З/s) 
2357,1015310,没乞达,2017-07-03,2017-07-03 05:30,1329,2017-07-03,(刘啊规幅  1329З/s) 
2358,1004310,鲍魂达,2017-07-03,2017-07-03 08:30,35,2017-07-03,(檬扁荐巩规幅  35З/s) 
2359,1017310,迫寸达,2017-07-03,2017-07-03 06:00,3529,2017-07-03,(刘啊规幅  3529З/s) 
2360,1015310,没乞达,2017-07-03,2017-07-03 06:30,2212,2017-07-03,(刘啊规幅 883З/s) 
2361,1004310,鲍魂达,2017-07-03,2017-07-03 09:00,146,2017-07-03,(刘啊规幅  111З/s) 
2362,1015310,没乞达,2017-07-03,2017-07-03 10:30,2542,2017-07-03,(刘啊规幅  330З/s) 
2363,1017310,迫寸达,2017-07-03,2017-07-03 14:10,2832,2017-07-03,(皑家规幅 -697З/s) 
2364,1015310,没乞达,2017-07-03,2017-07-03 14:10,1934,2017-07-03,(皑家规幅 -608З/s) 
2365,1015310,没乞达,2017-07-03,2017-07-03 18:20,1562,2017-07-03,(皑家规幅 -372З/s) 
2366,1017310,迫寸达,2017-07-03,2017-07-03 20:20,2089,2017-07-03,(皑家规幅 -743З/s) 
2367,1015310,没乞达,2017-07-03,2017-07-03 20:20,940,2017-07-03,(皑家规幅 -622З/s) 
2368,1001210,堡悼,2017-07-04,2017-07-04 06:00,100,2017-07-04,(檬扁荐巩规幅 100З/s) 
2369,1004310,鲍魂达,2017-07-04,2017-07-04 04:00,231,2017-07-04,(刘啊规幅  85З/s) 
2370,1007801,碍玫焊,2017-07-04,2017-07-04 03:00,2000,2017-07-04,(刘啊规幅 1200З/s) 
2371,1007802,咯林焊,2017-07-04,2017-07-04 03:00,2000,2017-07-04,(刘啊规幅 1100З/s) 
2372,1007803,捞器焊,2017-07-04,2017-07-04 03:00,2000,2017-07-04,(刘啊规幅 1000З/s) 
2373,1004310,鲍魂达,2017-07-04,2017-07-04 05:00,471,2017-07-04,(刘啊规幅  240З/s) 
2374,1017310,迫寸达,2017-07-04,2017-07-04 06:10,2705,2017-07-04,(刘啊规幅  616З/s) 
2375,1004310,鲍魂达,2017-07-04,2017-07-04 08:30,585,2017-07-04,(刘啊规幅  114З/s) 
2376,1015310,没乞达,2017-07-04,2017-07-04 09:40,718,2017-07-04,(皑家规幅 -218З/s) 
2377,1015310,没乞达,2017-07-04,2017-07-04 11:00,656,2017-07-04,(荐巩傈企 -54З/s) 
2378,1004310,鲍魂达,2017-07-04,2017-07-04 11:30,375,2017-07-04,(皑家规幅 -210З/s) 
2379,1017310,迫寸达,2017-07-04,2017-07-04 14:00,1984,2017-07-04,(皑家规幅 -746З/s) 
2380,1004310,鲍魂达,2017-07-04,2017-07-04 15:00,195,2017-07-04,(皑家规幅 -180З/s) 
2381,1017310,迫寸达,2017-07-05,2017-07-05 06:30,1512,2017-07-05,(皑家规幅 -472З/s) 
2382,1004310,鲍魂达,2017-07-05,2017-07-05 06:30,61,2017-07-05,(皑家规幅 -134З/s) 
2383,1017310,迫寸达,2017-07-05,2017-07-05 08:30,1045,2017-07-05,(皑家规幅 -467З/s) 
2384,1004310,鲍魂达,2017-07-05,2017-07-05 10:30,38,2017-07-05,(皑家规幅 -23З/s) 
2385,1017310,迫寸达,2017-07-05,2017-07-05 11:00,782,2017-07-05,(皑家规幅 -263З/s) 
2386,1017310,迫寸达,2017-07-06,2017-07-06 06:00,543,2017-07-06,(荐巩傈企 543З/s) 
2387,1004310,鲍魂达,2017-07-06,2017-07-06 09:00,25,2017-07-06,(皑家规幅 -13З/s) 
2388,1004310,鲍魂达,2017-07-06,2017-07-06 19:00,38,2017-07-06,(刘啊规幅 13З/s) 
2389,1004310,鲍魂达,2017-07-07,2017-07-07 10:00,24,2017-07-07,(皑家规幅 -14З/s) 
2390,1007801,碍玫焊,2017-07-07,2017-07-08 00:00,2000,2017-07-07,(檬扁荐巩规幅  2000З/s) 
2391,1007802,咯林焊,2017-07-07,2017-07-08 00:00,2100,2017-07-07,(檬扁荐巩规幅  2100З/s) 
2392,1007803,捞器焊,2017-07-07,2017-07-08 00:00,2400,2017-07-07,(檬扁荐巩规幅  2400З/s) 
2393,1017310,迫寸达,2017-07-07,2017-07-08 00:00,653,2017-07-07,(檬扁荐巩规幅 131З/s) 
2394,1004310,鲍魂达,2017-07-08,2017-07-08 09:00,61,2017-07-08,(刘啊规幅 37З/s) 
2395,1010320,冕玫达,2017-07-08,2017-07-08 16:00,359,2017-07-08,(檬扁荐巩规幅 258З/s) 
2396,1013310,狼鞠达,2017-07-08,2017-07-08 16:00,502,2017-07-08,(檬扁荐巩规幅 356З/s) 
2397,1015310,没乞达,2017-07-08,2017-07-08 17:00,439,2017-07-08,(檬扁荐巩规幅 385З/s) 
2398,1013310,狼鞠达,2017-07-08,2017-07-08 20:30,422,2017-07-08,(皑家规幅 -80З/s) 
2399,1013310,狼鞠达,2017-07-08,2017-07-08 21:40,349,2017-07-08,(荐巩傈企 -73З/s) 
2400,1010320,冕玫达,2017-07-08,2017-07-08 21:40,259,2017-07-08,(皑家规幅 -100З/s) 
2401,1010320,冕玫达,2017-07-08,2017-07-08 22:10,209,2017-07-08,(荐巩傈企 -50З/s) 
2402,1004310,鲍魂达,2017-07-09,2017-07-09 01:30,105,2017-07-09,(刘啊规幅 44З/s) 
2403,1017310,迫寸达,2017-07-10,2017-07-10 01:00,1285,2017-07-09,(刘啊规幅 632З/s) 
2404,1015310,没乞达,2017-07-09,2017-07-10 00:10,997,2017-07-09,(刘啊规幅 558З/s) 
2405,1017310,迫寸达,2017-07-10,2017-07-10 03:00,1033,2017-07-10,(皑家规幅 -252З/s) 
2406,1015310,没乞达,2017-07-10,2017-07-10 02:00,718,2017-07-10,(皑家规幅 -279З/s) 
2407,1015310,没乞达,2017-07-10,2017-07-10 05:40,661,2017-07-10,(荐巩傈企  661З/s) 
2408,1017310,迫寸达,2017-07-10,2017-07-10 06:30,783,2017-07-10,(皑家规幅 -250З/s) 
2409,1017310,迫寸达,2017-07-10,2017-07-10 06:30,1033,2017-07-10,(皑家规幅 0З/s)
2410,1017310,迫寸达,2017-07-10,2017-07-10 11:50,1673,2017-07-10,(刘啊规幅  640З/s) 
2411,1017310,迫寸达,2017-07-10,2017-07-10 13:20,2464,2017-07-10,(刘啊规幅  791З/s) 
2412,1017310,迫寸达,2017-07-10,2017-07-10 14:30,3360,2017-07-10,(刘啊规幅  896З/s) 
2413,1015310,没乞达,2017-07-10,2017-07-10 17:30,758,2017-07-10,(檬扁荐巩规幅  758З/s) 
2414,1010320,冕玫达,2017-07-10,2017-07-10 20:00,367,2017-07-10,(檬扁荐巩规幅  106З/s) 
2415,1013310,狼鞠达,2017-07-10,2017-07-10 20:00,498,2017-07-10,(檬扁荐巩规幅  147З/s) 
2416,1015310,没乞达,2017-07-10,2017-07-10 18:00,1818,2017-07-10,(刘啊规幅  1060З/s) 
2417,1017310,迫寸达,2017-07-10,2017-07-10 18:30,4651,2017-07-10,(刘啊规幅 1291З/s) 
2418,1010320,冕玫达,2017-07-10,2017-07-10 20:30,791,2017-07-10,(刘啊规幅  424З/s) 
2419,1013310,狼鞠达,2017-07-10,2017-07-10 20:30,1128,2017-07-10,(刘啊规幅  630З/s) 
2420,1015310,没乞达,2017-07-10,2017-07-10 23:00,3062,2017-07-10,(刘啊规幅  1244З/s) 
2421,1017310,迫寸达,2017-07-10,2017-07-10 23:00,6845,2017-07-10,(刘啊规幅  2194З/s) 
2422,1015310,没乞达,2017-07-11,2017-07-11 01:00,4067,2017-07-11,(刘啊规幅  1005З/s) 
2423,1017310,迫寸达,2017-07-11,2017-07-11 01:00,8344,2017-07-11,(刘啊规幅 1499З/s) 
2424,1017310,迫寸达,2017-07-11,2017-07-11 03:30,7345,2017-07-11,(皑家规幅 -999З/s) 
2425,1007801,碍玫焊,2017-07-11,2017-07-11 03:00,5300,2017-07-11,(刘啊规幅  3300З/s) 
2426,1007802,咯林焊,2017-07-11,2017-07-11 03:00,5500,2017-07-11,(刘啊规幅  3400З/s) 
2427,1007803,捞器焊,2017-07-11,2017-07-11 03:00,6400,2017-07-11,(刘啊规幅  4000З/s) 
2428,1006110,染己,2017-07-11,2017-07-11 09:00,200,2017-07-11,(檬扁荐巩规幅  200З/s) 
2429,1004310,鲍魂达,2017-07-11,2017-07-11 05:30,195,2017-07-11,(刘啊规幅  95З/s) 
2430,1010320,冕玫达,2017-07-11,2017-07-11 05:30,538,2017-07-11,(皑家规幅 -253З/s) 
2431,1013310,狼鞠达,2017-07-11,2017-07-11 05:50,721,2017-07-11,(皑家规幅 -407З/s) 
2432,1015310,没乞达,2017-07-11,2017-07-11 05:30,3304,2017-07-11,(皑家规幅 -763З/s) 
2433,1010320,冕玫达,2017-07-11,2017-07-11 07:10,315,2017-07-11,(皑家规幅 -223З/s) 
2434,1013310,狼鞠达,2017-07-11,2017-07-11 07:10,424,2017-07-11,(皑家规幅 -297З/s) 
2435,1015310,没乞达,2017-07-11,2017-07-11 09:30,2832,2017-07-11,(皑家规幅 -471З/s) 
2436,1010320,冕玫达,2017-07-11,2017-07-11 09:30,263,2017-07-11,(荐巩傈企  -52З/s) 
2437,1015310,没乞达,2017-07-11,2017-07-11 10:40,2326,2017-07-11,(皑家规幅 -506З/s) 
2438,1017310,迫寸达,2017-07-11,2017-07-11 13:10,6196,2017-07-11,(皑家规幅 -1149З/s) 
2439,1017310,迫寸达,2017-07-11,2017-07-11 14:40,5205,2017-07-11,(皑家规幅 -991З/s) 
2440,1015310,没乞达,2017-07-11,2017-07-11 14:40,1838,2017-07-11,(皑家规幅 -488З/s) 
2441,1017310,迫寸达,2017-07-11,2017-07-11 19:00,4230,2017-07-11,(皑家规幅 -975З/s) 
2442,1004310,鲍魂达,2017-07-11,2017-07-11 20:00,74,2017-07-11,(皑家规幅 -121З/s) 
2443,1013310,狼鞠达,2017-07-11,2017-07-11 20:10,350,2017-07-11,(荐巩傈企  -74З/s) 
2444,1017310,迫寸达,2017-07-11,2017-07-11 21:10,3282,2017-07-11,(皑家规幅 -948З/s) 
2445,1015310,没乞达,2017-07-11,2017-07-11 21:10,1135,2017-07-11,(皑家规幅 -703З/s) 
2446,1015310,没乞达,2017-07-12,2017-07-12 01:30,828,2017-07-12,(皑家规幅 -307З/s) 
2447,1017310,迫寸达,2017-07-12,2017-07-12 01:30,2524,2017-07-12,(皑家规幅 -758З/s) 
2448,1017310,迫寸达,2017-07-12,2017-07-12 05:40,1850,2017-07-12,(皑家规幅 -674З/s) 
2449,1015310,没乞达,2017-07-12,2017-07-12 11:10,763,2017-07-12,(皑家规幅 -65З/s) 
2450,1015310,没乞达,2017-07-12,2017-07-12 14:00,670,2017-07-12,(荐巩傈企 -93З/s) 
2451,1017310,迫寸达,2017-07-12,2017-07-12 17:30,1457,2017-07-12,(皑家规幅 -393З/s) 
2452,1017310,迫寸达,2017-07-13,2017-07-13 06:00,1059,2017-07-13,(皑家规幅 -398З/s) 
2453,1004310,鲍魂达,2017-07-13,2017-07-13 06:00,25,2017-07-13,(皑家规幅 -49З/s) 
2454,1017310,迫寸达,2017-07-13,2017-07-13 11:30,744,2017-07-13,(皑家规幅 -315З/s) 
2455,1017310,迫寸达,2017-07-13,2017-07-13 22:20,653,2017-07-13,(皑家规幅 -91З/s) 
2456,1007801,碍玫焊,2017-07-14,2017-07-14 14:00,800,2017-07-14,(皑家规幅 -4500З/s) 
2457,1007802,咯林焊,2017-07-14,2017-07-14 14:00,800,2017-07-14,(皑家规幅 -4700З/s) 
2458,1007803,捞器焊,2017-07-14,2017-07-14 14:00,800,2017-07-14,(皑家规幅 -5600З/s) 
2459,1004310,鲍魂达,2017-07-14,2017-07-14 19:00,64,2017-07-14,鲍魂达 刘促规幅( 39)
2460,1004310,鲍魂达,2017-07-14,2017-07-14 23:30,154,2017-07-14,鲍魂达 刘啊 规幅( 90)
2461,1017310,迫寸达,2017-07-15,2017-07-15 10:30,1062,2017-07-15,(刘啊规幅  409З/s) 
2462,1004310,鲍魂达,2017-07-15,2017-07-15 10:30,37,2017-07-15,(皑家规幅 -117З/s) 
2463,1017310,迫寸达,2017-07-15,2017-07-15 14:30,1329,2017-07-15,(刘啊规幅  267З/s) 
2464,1017310,迫寸达,2017-07-15,2017-07-15 16:30,1728,2017-07-15,(刘啊规幅 399З/s) 
2465,1007801,碍玫焊,2017-07-15,2017-07-08 00:00,3500,2017-07-15,(刘啊规幅 2 700З/s) 
2466,1007802,咯林焊,2017-07-15,2017-07-08 00:00,3600,2017-07-15,(刘啊规幅 2 800З/s) 
2467,1007803,捞器焊,2017-07-15,2017-07-08 00:00,4000,2017-07-15,(刘啊规幅 3200З/s) 
2468,1017310,迫寸达,2017-07-16,2017-07-16 05:40,2486,2017-07-16,(刘啊规幅  1 037З/s) 
2469,1017310,迫寸达,2017-07-16,2017-07-16 07:00,4322,2017-07-16,(刘啊规幅  1 557З/s) 
2470,1004310,鲍魂达,2017-07-16,2017-07-16 07:00,66,2017-07-16,(刘啊规幅  29З/s) 
2471,1004310,鲍魂达,2017-07-16,2017-07-16 07:30,161,2017-07-16,(刘啊规幅 95З/s) 
2472,1004310,鲍魂达,2017-07-16,2017-07-16 08:00,395,2017-07-16,(刘啊规幅 234З/s) 
2473,1004310,鲍魂达,2017-07-16,2017-07-16 08:30,798,2017-07-16,(刘啊规幅 403З/s) 
2474,1004310,鲍魂达,2017-07-16,2017-07-16 09:00,1277,2017-07-16,(刘啊规幅 479З/s) 
2475,1017310,迫寸达,2017-07-16,2017-07-16 09:40,3749,2017-07-16,(皑家规幅 -573З/s) 
2476,1004310,鲍魂达,2017-07-16,2017-07-16 09:40,1685,2017-07-16,(刘啊规幅  182З/s) 
2477,1017310,迫寸达,2017-07-16,2017-07-16 10:10,3125,2017-07-16,(皑家规幅 -624З/s) 
2478,1004310,鲍魂达,2017-07-16,2017-07-16 12:00,2479,2017-07-16,(刘啊规幅  444З/s) 
2479,1007801,碍玫焊,2017-07-16,2017-07-16 14:00,5000,2017-07-16,(刘啊规幅 1500З/s) 
2480,1007802,咯林焊,2017-07-16,2017-07-16 14:00,5000,2017-07-16,(刘啊规幅  1400З/s) 
2481,1007803,捞器焊,2017-07-16,2017-07-16 14:00,5500,2017-07-16,(刘啊规幅  1500З/s) 
2482,1004310,鲍魂达,2017-07-16,2017-07-16 19:00,1839,2017-07-16,(皑家规幅 -625З/s) 
2483,1007801,碍玫焊,2017-07-16,2017-07-16 18:00,6000,2017-07-16,(刘啊规幅 1000З/s) 
2484,1007802,咯林焊,2017-07-16,2017-07-16 18:00,6000,2017-07-16,(刘啊规幅 1000З/s) 
2485,1007803,捞器焊,2017-07-16,2017-07-16 18:00,6000,2017-07-16,(刘啊规幅 1000З/s) 
2486,1004310,鲍魂达,2017-07-16,2017-07-16 19:30,1190,2017-07-16,(皑家规幅 -649З/s) 
2487,1017310,迫寸达,2017-07-16,2017-07-16 19:30,5101,2017-07-16,(刘啊规幅 986З/s) 
2488,1004310,鲍魂达,2017-07-16,2017-07-16 20:40,721,2017-07-16,(皑家规幅 -469З/s) 
2489,1017310,迫寸达,2017-07-16,2017-07-16 21:10,5605,2017-07-16,(刘啊规幅 504З/s) 
2490,1004310,鲍魂达,2017-07-16,2017-07-16 22:00,557,2017-07-16,(皑家规幅 -164З/s) 
2491,1004310,鲍魂达,2017-07-16,2017-07-16 23:30,318,2017-07-16,(皑家规幅 -239З/s) 
2492,1007802,咯林焊,2017-07-16,2017-07-16 23:00,7000,2017-07-16,(刘啊规幅 1000З/s) 
2493,1007803,捞器焊,2017-07-16,2017-07-16 23:00,7000,2017-07-16,(刘啊规幅 1000З/s) 
2494,1017310,迫寸达,2017-07-16,2017-07-16 23:50,5814,2017-07-16,(刘啊规幅 209З/s) 
2495,1017310,迫寸达,2017-07-17,2017-07-17 02:20,5101,2017-07-17,(皑家规幅 -713 З/s) 
2496,1017310,迫寸达,2017-07-17,2017-07-17 03:50,4077,2017-07-17,(皑家规幅 -1024З/s) 
2497,1004310,鲍魂达,2017-07-17,2017-07-17 06:30,159,2017-07-17,(皑家规幅 -159З/s) 
2498,1017310,迫寸达,2017-07-17,2017-07-17 07:20,3501,2017-07-17,(皑家规幅 -576 З/s) 
2499,1017310,迫寸达,2017-07-17,2017-07-17 09:30,2774,2017-07-17,(皑家规幅 -727З/s) 
2500,1017310,迫寸达,2017-07-17,2017-07-17 11:50,2127,2017-07-17,(皑家规幅 -647З/s) 
2501,1004310,鲍魂达,2017-07-17,2017-07-17 20:10,100,2017-07-17,鲍魂达 规幅樊 沥沥(皑家规幅-74З/s) 
2502,1017310,迫寸达,2017-07-18,2017-07-18 02:30,1056,2017-07-18,(皑家规幅 -393З/s) 
2503,1004310,鲍魂达,2017-07-18,2017-07-18 18:30,61,2017-07-18,(皑家规幅 -39З/s) 
2504,1004310,鲍魂达,2017-07-18,2017-07-18 23:00,41,2017-07-18,(皑家规幅 -20З/s) 
2505,1017310,迫寸达,2017-07-19,2017-07-19 09:10,708,2017-07-19,(皑家规幅 -348З/s) 
2506,1017310,迫寸达,2017-07-19,2017-07-19 21:10,963,2017-07-19,(刘啊规幅  466З/s) 
2507,1017310,迫寸达,2017-07-20,2017-07-20 08:30,728,2017-07-20,(皑家规幅 -235З/s) 
2508,1007801,碍玫焊,2017-07-20,2017-07-21 17:00,1700,2017-07-20,(皑家规幅 -4300З/s) 
2509,1007802,咯林焊,2017-07-20,2017-07-21 17:00,1800,2017-07-20,(皑家规幅 -5200З/s) 
2510,1007803,捞器焊,2017-07-20,2017-07-21 17:00,2000,2017-07-20,(皑家规幅 -5000З/s) 
2511,1004310,鲍魂达,2017-07-20,2017-07-20 18:00,25,2017-07-20,(皑家规幅 -16З/s) 
2512,1017310,迫寸达,2017-07-20,2017-07-20 21:30,948,2017-07-20,(刘啊规幅  220З/s) 
2513,1017310,迫寸达,2017-07-21,2017-07-21 00:30,1209,2017-07-21,(刘啊规幅  261З/s) 
2514,1017310,迫寸达,2017-07-21,2017-07-21 07:30,821,2017-07-21,(皑家规幅 -388З/s) 
2515,1004310,鲍魂达,2017-07-21,2017-07-21 09:30,12,2017-07-21,(皑家规幅 -13З/s) 
2516,1006110,染己,2017-07-21,2017-07-21 19:00,100,2017-07-21,(檬扁荐巩规幅  100З/s) 
2517,1017310,迫寸达,2017-07-22,2017-07-22 23:00,1082,2017-07-22,(刘啊规幅 261З/s) 
2518,1017310,迫寸达,2017-07-23,2017-07-23 11:30,1738,2017-07-23,(刘啊规幅  656З/s) 
2519,1004310,鲍魂达,2017-07-23,2017-07-23 12:00,46,2017-07-23,(刘啊规幅  34З/s) 
2520,1017310,迫寸达,2017-07-23,2017-07-23 12:30,2408,2017-07-23,(刘啊规幅  670З/s) 
2521,1017310,迫寸达,2017-07-23,2017-07-23 13:30,2941,2017-07-23,(刘啊规幅  533З/s) 
2522,1017310,迫寸达,2017-07-23,2017-07-23 15:00,2179,2017-07-23,(皑家规幅 -762З/s) 
2523,1017310,迫寸达,2017-07-23,2017-07-23 18:00,1637,2017-07-23,(皑家规幅 -542З/s) 
2524,1004310,鲍魂达,2017-07-23,2017-07-23 23:30,13,2017-07-23,(皑家规幅 -33З/s) 
2525,1017310,迫寸达,2017-07-24,2017-07-24 05:40,1360,2017-07-24,(皑家规幅 -277З/s) 
2526,1017310,迫寸达,2017-07-24,2017-07-24 07:30,962,2017-07-24,(皑家规幅 -398З/s) 
2527,1004310,鲍魂达,2017-07-24,2017-07-24 14:00,33,2017-07-24,(刘啊规幅  20З/s) 
2528,1004310,鲍魂达,2017-07-24,2017-07-24 14:30,80,2017-07-24,(刘啊规幅  47З/s) 
2529,1004310,鲍魂达,2017-07-24,2017-07-24 15:30,159,2017-07-24,(刘啊规幅  79З/s) 
2530,1017310,迫寸达,2017-07-24,2017-07-24 18:00,1587,2017-07-24,(刘啊规幅  625З/s) 
2531,1004310,鲍魂达,2017-07-24,2017-07-24 21:00,227,2017-07-24,(刘啊规幅 68З/s) 
2532,1004310,鲍魂达,2017-07-24,2017-07-24 21:30,403,2017-07-24,(刘啊规幅 176З/s) 
2533,1017310,迫寸达,2017-07-24,2017-07-24 21:30,2129,2017-07-24,(刘啊规幅 542З/s) 
2534,1004310,鲍魂达,2017-07-24,2017-07-24 23:30,173,2017-07-24,(皑家规幅 -230З/s) 
2535,1004310,鲍魂达,2017-07-25,2017-07-25 01:10,374,2017-07-25,(刘啊规幅 201З/s) 
2536,1004310,鲍魂达,2017-07-25,2017-07-25 01:40,618,2017-07-25,(刘啊规幅 244З/s) 
2537,1004310,鲍魂达,2017-07-25,2017-07-25 06:30,542,2017-07-25,(皑家规幅 -76З/s) 
2538,1017310,迫寸达,2017-07-25,2017-07-25 06:30,1625,2017-07-25,(皑家规幅 -504З/s) 
2539,1004310,鲍魂达,2017-07-25,2017-07-25 10:00,597,2017-07-25,(刘啊规幅  55З/s)
2540,1017310,迫寸达,2017-07-25,2017-07-25 11:30,1364,2017-07-25,(皑家规幅 -261З/s) 
2541,1004310,鲍魂达,2017-07-25,2017-07-25 14:30,515,2017-07-25,(皑家规幅 -82З/s) 
2542,1004310,鲍魂达,2017-07-25,2017-07-25 17:00,342,2017-07-25,(皑家规幅 -173З/s) 
2543,1017310,迫寸达,2017-07-25,2017-07-25 17:30,2160,2017-07-25,(刘啊规幅  796З/s) 
2544,1004310,鲍魂达,2017-07-25,2017-07-25 19:30,208,2017-07-25,(皑家规幅 -134З/s) 
2545,1017310,迫寸达,2017-07-25,2017-07-25 21:30,2518,2017-07-25,(刘啊规幅  358З/s) 
2546,1004310,鲍魂达,2017-07-25,2017-07-25 23:00,147,2017-07-25,(皑家规幅 -61З/s) 
2547,1017310,迫寸达,2017-07-26,2017-07-26 05:00,1777,2017-07-26,(皑家规幅 -741З/s) 
2548,1017310,迫寸达,2017-07-26,2017-07-26 08:00,1325,2017-07-26,(皑家规幅 -452З/s) 
2549,1004310,鲍魂达,2017-07-26,2017-07-26 11:00,41,2017-07-26,(皑家规幅 -106З/s) 
2550,1017310,迫寸达,2017-07-26,2017-07-26 12:30,932,2017-07-26,(皑家规幅 -393З/s) 
2551,1010310,拳玫达,2017-07-26,2017-07-26 17:30,304,2017-07-26,(檬扁荐巩规幅  116З/s) 
2552,1010320,冕玫达,2017-07-26,2017-07-26 17:30,359,2017-07-26,(檬扁荐巩规幅  106З/s) 
2553,1017310,迫寸达,2017-07-26,2017-07-26 22:00,1337,2017-07-26,(刘啊规幅  405З/s) 
2554,1010310,拳玫达,2017-07-27,2017-07-27 10:00,522,2017-07-27,(刘啊规幅  218З/s) 
2555,1010320,冕玫达,2017-07-27,2017-07-27 10:00,627,2017-07-27,(刘啊规幅  268З/s) 
2556,1013310,狼鞠达,2017-07-27,2017-07-27 11:50,635,2017-07-27,(檬扁荐巩规幅  296З/s) 
2557,1015310,没乞达,2017-07-27,2017-07-27 20:00,688,2017-07-27,(檬扁荐巩规幅  55З/s) 
2558,1013310,狼鞠达,2017-07-27,2017-07-27 18:00,1055,2017-07-27,(刘啊规幅 420З/s) 
2559,1010320,冕玫达,2017-07-27,2017-07-27 18:00,994,2017-07-27,(刘啊规幅 367З/s) 
2560,1010310,拳玫达,2017-07-27,2017-07-27 17:30,838,2017-07-27,(刘啊规幅 316З/s) 
2561,1015310,没乞达,2017-07-27,2017-07-27 20:30,1182,2017-07-27,(刘啊规幅  494З/s) 
2562,1017310,迫寸达,2017-07-27,2017-07-27 21:30,2577,2017-07-27,(刘啊规幅 1240З/s) 
2563,1017310,迫寸达,2017-07-28,2017-07-28 01:00,1740,2017-07-28,(皑家规幅 -837З/s) 
2564,1015310,没乞达,2017-07-28,2017-07-28 01:00,797,2017-07-28,(皑家规幅 -385З/s) 
2565,1013310,狼鞠达,2017-07-28,2017-07-28 01:00,917,2017-07-28,(皑家规幅 -138З/s) 
2566,1010320,冕玫达,2017-07-28,2017-07-28 00:30,835,2017-07-28,(皑家规幅 -159З/s) 
2567,1013310,狼鞠达,2017-07-28,2017-07-28 04:30,782,2017-07-28,(皑家规幅 -135З/s) 
2568,1010320,冕玫达,2017-07-28,2017-07-28 04:30,727,2017-07-28,(皑家规幅 -108З/s) 
2569,1017310,迫寸达,2017-07-28,2017-07-28 06:30,1325,2017-07-28,(皑家规幅 -415З/s) 
2570,1015310,没乞达,2017-07-28,2017-07-28 06:30,676,2017-07-28,(皑家规幅 -121З/s) 
2571,1013310,狼鞠达,2017-07-28,2017-07-28 06:30,558,2017-07-28,(皑家规幅 -224З/s) 
2572,1010320,冕玫达,2017-07-28,2017-07-28 06:30,523,2017-07-28,(皑家规幅 -204З/s) 
2573,1010310,拳玫达,2017-07-28,2017-07-28 11:30,450,2017-07-28,(皑家规幅 -388З/s) 
2574,1010320,冕玫达,2017-07-28,2017-07-28 11:30,360,2017-07-28,(皑家规幅 -163З/s) 
2575,1013310,狼鞠达,2017-07-28,2017-07-28 11:30,393,2017-07-28,(皑家规幅 -165З/s) 
2576,1015310,没乞达,2017-07-28,2017-07-28 11:30,650,2017-07-28,(荐巩傈企 -26З/s) 
2577,1013310,狼鞠达,2017-07-28,2017-07-28 15:30,350,2017-07-28,(荐巩傈企 -43З/s) 
2578,1010320,冕玫达,2017-07-28,2017-07-28 15:30,289,2017-07-28,(皑家规幅 -71З/s) 
2579,1010310,拳玫达,2017-07-28,2017-07-28 15:30,300,2017-07-28,(皑家规幅 -150З/s) 
2580,1017310,迫寸达,2017-07-28,2017-07-28 22:30,947,2017-07-28,(皑家规幅 -378З/s) 
2581,1010310,拳玫达,2017-07-28,2017-07-28 22:30,190,2017-07-28,(荐巩傈企 -110З/s) 
2582,1004310,鲍魂达,2017-07-28,2017-07-28 22:30,294,2017-07-28,(刘啊规幅 188З/s) 
2583,1004310,鲍魂达,2017-07-28,2017-07-28 22:50,515,2017-07-28,(刘啊规幅 221З/s) 
2584,1004310,鲍魂达,2017-07-29,2017-07-29 00:50,624,2017-07-29,(刘啊规幅 109З/s) 
2585,1004310,鲍魂达,2017-07-29,2017-07-29 05:30,470,2017-07-29,(皑家规幅 -154З/s) 
2586,1004310,鲍魂达,2017-07-29,2017-07-29 07:20,342,2017-07-29,(皑家规幅 -128З/s) 
2587,1004310,鲍魂达,2017-07-29,2017-07-29 10:00,269,2017-07-29,(皑家规幅 -73З/s) 
2588,1004310,鲍魂达,2017-07-29,2017-07-29 13:00,173,2017-07-29,(皑家规幅 -96З/s) 
2589,1017310,迫寸达,2017-07-29,2017-07-29 16:30,1634,2017-07-29,(刘啊规幅 687З/s) 
2590,1004310,鲍魂达,2017-07-29,2017-07-29 23:00,74,2017-07-29,(皑家规幅 -99З/s) 
2591,1017310,迫寸达,2017-07-30,2017-07-30 08:30,1091,2017-07-30,(皑家规幅 -543З/s) 
2592,1017310,迫寸达,2017-07-30,2017-07-30 12:00,696,2017-07-30,(皑家规幅 -395З/s) 
2593,1017310,迫寸达,2017-07-30,2017-07-30 20:00,1079,2017-07-30,(刘啊规幅  383З/s) 
2594,1004310,鲍魂达,2017-07-30,2017-07-30 22:00,25,2017-07-30,(皑家规幅 -49З/s) 
2595,1017310,迫寸达,2017-07-31,2017-07-31 08:30,1214,2017-07-31,(刘啊规幅  135З/s) 
2596,1004310,鲍魂达,2017-07-31,2017-07-31 08:30,64,2017-07-31,(刘啊规幅  39З/s) 
2597,1017310,迫寸达,2017-07-31,2017-07-31 10:00,1474,2017-07-31,(刘啊规幅  260З/s) 
2598,1017310,迫寸达,2017-07-31,2017-07-31 11:00,1540,2017-07-31,(刘啊规幅  66З/s) 
2599,1004310,鲍魂达,2017-07-31,2017-07-31 11:30,159,2017-07-31,(刘啊规幅  95З/s) 
2600,1017310,迫寸达,2017-07-31,2017-07-31 13:30,1244,2017-07-31,(皑家规幅 -296З/s) 
2601,1004310,鲍魂达,2017-07-31,2017-07-31 13:30,403,2017-07-31,(刘啊规幅  244З/s) 
2602,1004310,鲍魂达,2017-07-31,2017-07-31 15:20,569,2017-07-31,(刘啊规幅  166З/s) 
2603,1004310,鲍魂达,2017-07-31,2017-07-31 16:50,403,2017-07-31,(皑家规幅 -166З/s) 
2604,1017310,迫寸达,2017-07-31,2017-07-31 17:30,2024,2017-07-31,(刘啊规幅  780З/s) 
2605,1017310,迫寸达,2017-07-31,2017-07-31 18:30,2879,2017-07-31,(刘啊规幅  855З/s) 
2606,1004310,鲍魂达,2017-07-31,2017-07-31 18:30,542,2017-07-31,(刘啊规幅  139З/s) 
2607,1004310,鲍魂达,2017-07-31,2017-07-31 20:30,375,2017-07-31,(皑家规幅 -167З/s) 
2608,1017310,迫寸达,2017-07-31,2017-07-31 22:00,2454,2017-07-31,(皑家规幅 -425З/s) 
2609,1004310,鲍魂达,2017-07-31,2017-07-31 22:00,269,2017-07-31,(皑家规幅 -106З/s) 
2610,1017310,迫寸达,2017-07-31,2017-08-01 00:30,2082,2017-07-31,(皑家规幅 -372З/s) 
2611,1004310,鲍魂达,2017-08-01,2017-08-01 03:30,147,2017-08-01,(皑家规幅 -122З/s) 
2612,1017310,迫寸达,2017-08-01,2017-08-01 06:30,1677,2017-08-01,(皑家规幅 -405З/s) 
2613,1004310,鲍魂达,2017-08-01,2017-08-01 07:00,227,2017-08-01,(刘啊规幅  80З/s) 
2614,1004310,鲍魂达,2017-08-01,2017-08-01 10:00,134,2017-08-01,(皑家规幅 -93З/s)
2615,1017310,迫寸达,2017-08-01,2017-08-01 11:00,1213,2017-08-01,(皑家规幅 -464З/s) 
2616,1004310,鲍魂达,2017-08-01,2017-08-01 17:30,74,2017-08-01,(皑家规幅 -60З/s) 
2617,1004310,鲍魂达,2017-08-01,2017-08-01 23:00,49,2017-08-01,(皑家规幅 -25З/s) 规幅樊 沥沥
2618,1017310,迫寸达,2017-08-02,2017-08-02 10:00,823,2017-08-02,(皑家规幅 -390З/s) 
2619,1004310,鲍魂达,2017-08-03,2017-08-03 08:50,27,2017-08-03,(皑家规幅 -22З/s) 
2620,1017310,迫寸达,2017-08-03,2017-08-03 23:00,1078,2017-08-03,(刘啊规幅  255З/s) 
2621,1017310,迫寸达,2017-08-04,2017-08-04 11:00,945,2017-08-04,(皑家规幅 -133З/s) 
2622,1017310,迫寸达,2017-08-04,2017-08-04 12:10,813,2017-08-04,(皑家规幅 -132З/s) 
2623,1007801,碍玫焊,2017-08-04,2017-08-04 17:00,1100,2017-08-04,(檬扁荐巩规幅  1 100З/s) 
2624,1007802,咯林焊,2017-08-04,2017-08-04 17:00,1100,2017-08-04,(檬扁荐巩规幅  1100З/s) 
2625,1007803,捞器焊,2017-08-04,2017-08-04 17:00,1200,2017-08-04,(檬扁荐巩规幅  1200З/s) 
2626,1017310,迫寸达,2017-08-04,2017-08-04 21:30,1079,2017-08-04,(刘啊规幅  266З/s) 
2627,1017310,迫寸达,2017-08-05,2017-08-05 11:00,943,2017-08-05,  (皑家规幅 -136З/s) 规幅樊 沥沥
2628,1004310,鲍魂达,2017-08-05,2017-08-05 14:00,9,2017-08-05,(皑家规幅 -18З/s) 
2629,1017310,迫寸达,2017-08-06,2017-08-06 14:30,682,2017-08-06,(皑家规幅 -261З/s) 
2630,1017310,迫寸达,2017-08-06,2017-08-06 16:00,581,2017-08-06,(皑家规幅 -101З/s) 
2631,1017310,迫寸达,2017-08-06,2017-08-06 20:00,450,2017-08-06,(荐巩傈企 -131З/s) 
2632,1004310,鲍魂达,2017-08-06,2017-08-06 21:00,19,2017-08-06,(刘啊规幅 10З/s) 
2633,1004310,鲍魂达,2017-08-06,2017-08-06 23:30,46,2017-08-06,(刘啊规幅  27З/s) 
2634,1004310,鲍魂达,2017-08-07,2017-08-07 17:30,27,2017-08-07,(皑家规幅 -19З/s) 
2635,1004310,鲍魂达,2017-08-09,2017-08-09 19:30,68,2017-08-09,(刘啊规幅 41З/s) 
2636,1004310,鲍魂达,2017-08-10,2017-08-10 05:00,111,2017-08-10,(刘啊规幅 43З/s) 
2637,1007801,碍玫焊,2017-08-10,2017-08-10 13:30,1100,2017-08-10,弥措 1100З/s 捞郴 藕仿利 规幅
2638,1007802,咯林焊,2017-08-10,2017-08-10 13:30,1200,2017-08-10,弥措 1200З/s 捞郴 藕仿利 规幅 
2639,1007803,捞器焊,2017-08-10,2017-08-10 13:30,1400,2017-08-10,弥措 1400З/s 捞郴 藕仿利 规幅 
2640,1017310,迫寸达,2017-08-10,2017-08-10 18:00,500,2017-08-10,(檬扁荐巩规幅  135З/s) 
2641,1017310,迫寸达,2017-08-10,2017-08-10 18:30,1225,2017-08-10,(刘啊规幅  725З/s) 
2642,1004310,鲍魂达,2017-08-10,2017-08-10 20:30,65,2017-08-10,(皑家规幅 -46З/s) 规幅矫埃 沥沥
2643,1017310,迫寸达,2017-08-10,2017-08-11 00:00,1113,2017-08-10,(皑家规幅 -112З/s) 
2644,1004310,鲍魂达,2017-08-11,2017-08-11 07:30,25,2017-08-11,(皑家规幅 -40З/s) 
2645,1017310,迫寸达,2017-08-11,2017-08-11 14:00,810,2017-08-11,(皑家规幅 -303З/s) 
2646,1017310,迫寸达,2017-08-11,2017-08-11 17:00,801,2017-08-11,(皑家规幅 -9З/s) 荐巩俺档函版(2巩 -> 1巩)
2647,1017310,迫寸达,2017-08-11,2017-08-11 22:00,670,2017-08-11,(皑家规幅 -131З/s) <br>迫寸达 荐巩傈企
2648,1017310,迫寸达,2017-08-15,2017-08-15 17:30,930,2017-08-15,(檬扁荐巩规幅 262З/s) 
2649,1004310,鲍魂达,2017-08-15,2017-08-15 17:00,50,2017-08-15,(刘啊规幅 25З/s) 
2650,1004310,鲍魂达,2017-08-15,2017-08-15 20:00,97,2017-08-15,(刘啊规幅  47З/s) 
2651,1017310,迫寸达,2017-08-15,2017-08-15 22:30,1330,2017-08-15,(刘啊规幅  400З/s) 
2652,1004310,鲍魂达,2017-08-15,2017-08-15 22:30,145,2017-08-15,(刘啊规幅  48З/s) 
2653,1017310,迫寸达,2017-08-16,2017-08-16 13:30,1607,2017-08-16,(刘啊规幅 277З/s) 
2654,1015310,没乞达,2017-08-16,2017-08-16 17:30,732,2017-08-16,(檬扁荐巩规幅 56З/s) 
2655,1013310,狼鞠达,2017-08-16,2017-08-16 17:30,403,2017-08-16,(檬扁荐巩规幅 74З/s) 
2656,1004310,鲍魂达,2017-08-16,2017-08-16 15:00,80,2017-08-16,(皑家规幅 -65З/s) 
2657,1001210,堡悼,2017-08-16,2017-08-16 16:00,100,2017-08-16,(檬扁荐巩规幅 100З/s) 
2658,1017310,迫寸达,2017-08-16,2017-08-16 16:30,2167,2017-08-16,(刘啊规幅 560З/s) 
2659,1015310,没乞达,2017-08-16,2017-08-16 19:30,953,2017-08-16,(刘啊规幅  221З/s) 
2660,1017310,迫寸达,2017-08-16,2017-08-16 21:30,2444,2017-08-16,(刘啊规幅  277З/s) 
2661,1017310,迫寸达,2017-08-17,2017-08-17 00:30,1939,2017-08-17,(皑家规幅 -505З/s) 
2662,1015310,没乞达,2017-08-17,2017-08-17 00:30,730,2017-08-17,(皑家规幅 -223З/s) 
2663,1017310,迫寸达,2017-08-17,2017-08-17 09:00,1524,2017-08-17,(皑家规幅 -415З/s) 
2664,1017310,迫寸达,2017-08-17,2017-08-17 10:20,1332,2017-08-17,(皑家规幅 -192З/s) 
2665,1015310,没乞达,2017-08-17,2017-08-17 10:20,670,2017-08-17,(荐巩傈企  -60З/s) 
2666,1013310,狼鞠达,2017-08-17,2017-08-17 10:20,340,2017-08-17,(荐巩傈企  -63З/s) 
2667,1017310,迫寸达,2017-08-17,2017-08-17 15:30,1091,2017-08-17,(皑家规幅 -241З/s) 
2668,1017310,迫寸达,2017-08-18,2017-08-18 11:30,941,2017-08-18,(皑家规幅 -383З/s) 
2669,1007801,碍玫焊,2017-08-18,2017-08-18 17:00,1100,2017-08-18,弥措 1 100З/s捞郴 藕仿利 规幅(扁埃楷厘)
2670,1007802,咯林焊,2017-08-18,2017-08-18 17:00,1200,2017-08-18,弥措 1 200З/s捞郴 藕仿利 规幅(扁埃楷厘)
2671,1007803,捞器焊,2017-08-18,2017-08-18 17:00,1400,2017-08-18,弥措 1 400З/s捞郴 藕仿利 规幅(扁埃楷厘)
2672,1017310,迫寸达,2017-08-18,2017-08-18 16:40,751,2017-08-18,(皑家规幅 -190З/s) 
2673,1017310,迫寸达,2017-08-19,2017-08-19 07:30,1146,2017-08-19,(刘啊规幅  395З/s) 
2674,1004310,鲍魂达,2017-08-19,2017-08-19 07:30,50,2017-08-19,(皑家规幅 -30З/s) 
2675,1004310,鲍魂达,2017-08-19,2017-08-19 21:30,31,2017-08-19,(皑家规幅 -19З/s) 
2676,1017310,迫寸达,2017-08-20,2017-08-20 07:00,1417,2017-08-20,(刘啊规幅  271З/s) 
2677,1017310,迫寸达,2017-08-20,2017-08-20 09:30,1826,2017-08-20,(刘啊规幅 409З/s) 
2678,1017310,迫寸达,2017-08-20,2017-08-20 12:00,2100,2017-08-20,(刘啊规幅 274З/s) 
2679,1015310,没乞达,2017-08-20,2017-08-20 18:30,725,2017-08-20,(檬扁荐巩规幅  725З/s) 
2680,1015310,没乞达,2017-08-20,2017-08-20 19:00,1009,2017-08-20,(刘啊规幅 284З/s) 
2681,1017310,迫寸达,2017-08-21,2017-08-21 01:30,2889,2017-08-21,(刘啊规幅  789З/s) 
2682,1013310,狼鞠达,2017-08-21,2017-08-21 09:00,491,2017-08-21,(檬扁荐巩规幅 491З/s) 
2683,1010320,冕玫达,2017-08-21,2017-08-21 08:00,364,2017-08-21,(檬扁荐巩规幅 364З/s) 
2684,1017310,迫寸达,2017-08-21,2017-08-21 07:00,3386,2017-08-21,(刘啊规幅  497З/s) 
2685,1015310,没乞达,2017-08-21,2017-08-21 07:00,1387,2017-08-21,(刘啊规幅  378З/s) 
2686,1013310,狼鞠达,2017-08-21,2017-08-21 09:30,985,2017-08-21,(刘啊规幅  494З/s) 
2687,1010320,冕玫达,2017-08-21,2017-08-21 08:30,847,2017-08-21,(刘啊规幅  483З/s) 
2688,1017310,迫寸达,2017-08-21,2017-08-21 11:00,2756,2017-08-21,(皑家规幅 -630З/s) 
2689,1017310,迫寸达,2017-08-21,2017-08-21 13:00,2446,2017-08-21,(皑家规幅 -310З/s) 
2690,1004310,鲍魂达,2017-08-21,2017-08-21 13:30,65,2017-08-21,(刘啊规幅  34З/s) 
2691,1010320,冕玫达,2017-08-21,2017-08-21 14:00,637,2017-08-21,(皑家规幅 -210З/s) 
2692,1013310,狼鞠达,2017-08-21,2017-08-21 15:00,784,2017-08-21,(皑家规幅 -201З/s) 
2693,1017310,迫寸达,2017-08-21,2017-08-21 16:50,2987,2017-08-21,(刘啊规幅  541З/s) 
2694,1017310,迫寸达,2017-08-21,2017-08-21 18:50,3494,2017-08-21,(刘啊规幅  507З/s) 
2695,1007801,碍玫焊,2017-08-22,2017-08-22 02:00,1400,2017-08-22,(刘啊规幅 300З/s) 
2696,1007802,咯林焊,2017-08-22,2017-08-22 02:00,1500,2017-08-22,(刘啊规幅 300З/s) 
2697,1007803,捞器焊,2017-08-22,2017-08-22 02:00,1600,2017-08-22,(刘啊规幅 200З/s) 
2698,1013310,狼鞠达,2017-08-22,2017-08-22 05:50,572,2017-08-22,(皑家规幅 -212З/s) 
2699,1010320,冕玫达,2017-08-22,2017-08-22 05:50,471,2017-08-22,(皑家规幅 -166З/s) 
2700,1004310,鲍魂达,2017-08-22,2017-08-22 07:00,101,2017-08-22,(刘啊规幅 36З/s)
2701,1017310,迫寸达,2017-08-22,2017-08-22 09:30,2897,2017-08-22,(皑家规幅 -597З/s) 
2702,1015310,没乞达,2017-08-22,2017-08-22 09:30,1100,2017-08-22,(皑家规幅 -287З/s) 
2703,1013310,狼鞠达,2017-08-22,2017-08-22 09:30,467,2017-08-22,(皑家规幅 -105З/s) 
2704,1010320,冕玫达,2017-08-22,2017-08-22 09:30,365,2017-08-22,(皑家规幅 -106З/s) 
2705,1017310,迫寸达,2017-08-22,2017-08-22 14:00,2371,2017-08-22,(皑家规幅 -526З/s) 
2706,1015310,没乞达,2017-08-22,2017-08-22 19:30,930,2017-08-22,(皑家规幅 -170З/s) 
2707,1004310,鲍魂达,2017-08-22,2017-08-22 19:30,50,2017-08-22,(皑家规幅 -51З/s) 
2708,1015310,没乞达,2017-08-22,2017-08-22 22:30,874,2017-08-22,(皑家规幅 -56З/s) 
2709,1010320,冕玫达,2017-08-22,2017-08-22 22:30,316,2017-08-22,(皑家规幅 -49З/s) 
2710,1013310,狼鞠达,2017-08-23,2017-08-23 10:30,711,2017-08-23,(刘啊规幅 244З/s) 
2711,1010320,冕玫达,2017-08-23,2017-08-23 10:30,523,2017-08-23,(刘啊规幅 207З/s) 
2712,1010310,拳玫达,2017-08-23,2017-08-23 14:00,346,2017-08-23,(檬扁荐巩规幅 150З/s) 
2713,1006110,染己,2017-08-23,2017-08-23 17:00,100,2017-08-23,100З/s(惯傈规幅器窃)捞郴 藕仿利 规幅
2714,1001210,堡悼,2017-08-23,2017-08-23 17:00,100,2017-08-23,弥措 100З/s(磊楷岿幅 固器窃)捞郴 藕仿利 规幅 
2715,1017310,迫寸达,2017-08-23,2017-08-23 15:00,2634,2017-08-23,(刘啊规幅 263З/s) 
2716,1015310,没乞达,2017-08-23,2017-08-23 15:00,1089,2017-08-23,(刘啊规幅 215З/s) 
2717,1007801,碍玫焊,2017-08-23,2017-08-23 18:00,5800,2017-08-23,(刘啊规幅 4400З/s)
2718,1007802,咯林焊,2017-08-23,2017-08-23 18:00,5900,2017-08-23,(刘啊规幅 4400З/s) 
2719,1007803,捞器焊,2017-08-23,2017-08-23 18:00,6600,2017-08-23,(刘啊规幅 5000З/s)
2720,1017310,迫寸达,2017-08-23,2017-08-23 21:00,3402,2017-08-23,(刘啊规幅 768З/s) 
2721,1015310,没乞达,2017-08-23,2017-08-23 22:30,1293,2017-08-23,(刘啊规幅 204З/s) 
2722,1013310,狼鞠达,2017-08-23,2017-08-23 22:30,858,2017-08-23,(刘啊规幅147З/s) 
2723,1010320,冕玫达,2017-08-23,2017-08-23 22:30,638,2017-08-23,(刘啊规幅 115З/s) 
2724,1015310,没乞达,2017-08-24,2017-08-24 07:00,1096,2017-08-24,(皑家规幅 -197З/s) 
2725,1010320,冕玫达,2017-08-24,2017-08-24 07:00,744,2017-08-24,(刘啊规幅  106З/s) 
2726,1010310,拳玫达,2017-08-24,2017-08-24 08:40,496,2017-08-24,(刘啊规幅 150З/s) 
2727,1010320,冕玫达,2017-08-24,2017-08-24 11:30,852,2017-08-24,(刘啊规幅  108З/s) 
2728,1013310,狼鞠达,2017-08-24,2017-08-24 12:00,1059,2017-08-24,(刘啊规幅  201З/s) 
2729,1015310,没乞达,2017-08-24,2017-08-24 12:30,1377,2017-08-24,(刘啊规幅  281З/s) 
2730,1010320,冕玫达,2017-08-24,2017-08-24 13:40,1062,2017-08-24,(刘啊规幅 210З/s) 
2731,1010310,拳玫达,2017-08-24,2017-08-24 14:00,573,2017-08-24,(刘啊规幅 77З/s) 
2732,1017310,迫寸达,2017-08-24,2017-08-24 14:00,3990,2017-08-24,(刘啊规幅 588З/s) 
2733,1015310,没乞达,2017-08-24,2017-08-24 14:00,1891,2017-08-24,(刘啊规幅 514З/s) 
2734,1013310,狼鞠达,2017-08-24,2017-08-24 14:00,1408,2017-08-24,(刘啊规幅 349З/s) 
2735,1013310,狼鞠达,2017-08-24,2017-08-24 14:30,1831,2017-08-24,(刘啊规幅 423З/s) 
2736,1010320,冕玫达,2017-08-24,2017-08-24 14:30,1424,2017-08-24,(刘啊规幅 362З/s) 
2737,1013310,狼鞠达,2017-08-24,2017-08-24 15:00,2337,2017-08-24,(刘啊规幅 506З/s) 
2738,1010320,冕玫达,2017-08-24,2017-08-24 15:00,1846,2017-08-24,(刘啊规幅 422З/s) 
2739,1010320,冕玫达,2017-08-24,2017-08-24 15:30,2371,2017-08-24,(刘啊规幅 525З/s) 
2740,1013310,狼鞠达,2017-08-24,2017-08-24 15:30,2844,2017-08-24,(刘啊规幅 507З/s) 
2741,1017310,迫寸达,2017-08-24,2017-08-24 17:40,7024,2017-08-24,(刘啊规幅  1499З/s) 
2742,1015310,没乞达,2017-08-24,2017-08-24 17:40,4776,2017-08-24,(刘啊规幅  1424З/s) 
2743,1017310,迫寸达,2017-08-24,2017-08-24 18:00,8024,2017-08-24,(刘啊规幅  1000З/s) 
2744,1015310,没乞达,2017-08-24,2017-08-24 18:00,5817,2017-08-24,(刘啊规幅  1041З/s) 
2745,1010320,冕玫达,2017-08-24,2017-08-24 18:20,2697,2017-08-24,(皑家规幅 -445З/s) 
2746,1010310,拳玫达,2017-08-24,2017-08-24 19:00,936,2017-08-24,(刘啊规幅 170З/s) 
2747,1013310,狼鞠达,2017-08-24,2017-08-24 19:30,3273,2017-08-24,(皑家规幅 -444З/s) 
2748,1017310,迫寸达,2017-08-24,2017-08-24 19:30,6468,2017-08-24,(皑家规幅 -1556З/s) 
2749,1015310,没乞达,2017-08-24,2017-08-24 19:30,4546,2017-08-24,(皑家规幅 -1271З/s) 
2750,1010320,冕玫达,2017-08-24,2017-08-24 19:30,1592,2017-08-24,(皑家规幅 -1105З/s) 
2751,1004310,鲍魂达,2017-08-24,2017-08-24 19:30,106,2017-08-24,(刘啊规幅 56З/s) 
2752,1013310,狼鞠达,2017-08-24,2017-08-24 20:00,2149,2017-08-24,(皑家规幅 -1 124З/s) 
2753,1015310,没乞达,2017-08-24,2017-08-24 22:10,3861,2017-08-24,(皑家规幅 -685З/s) 
2754,1012110,家剧碍,2017-08-24,2017-08-25 14:00,1500,2017-08-24,弥措 1500З/s(惯傈规幅 器窃)捞郴 藕仿利 规幅 (檬扁 1000З/s捞郴 规幅) 
2755,1003110,面林,2017-08-24,2017-08-25 14:00,2000,2017-08-24,弥措 2000З/s(惯傈规幅 器窃)捞郴 藕仿利规幅(檬扁 1500 З/s捞郴 规幅)
2756,1015310,没乞达,2017-08-25,2017-08-25 00:30,3599,2017-08-25,(皑家规幅 -262З/s) 
2757,1013310,狼鞠达,2017-08-25,2017-08-25 00:30,2434,2017-08-25,(刘啊规幅  285З/s) 
2758,1004310,鲍魂达,2017-08-25,2017-08-25 00:30,208,2017-08-25,(刘啊规幅  102З/s) 
2759,1015310,没乞达,2017-08-25,2017-08-25 02:00,3252,2017-08-25,(皑家规幅 -347З/s) 
2760,1015310,没乞达,2017-08-25,2017-08-25 03:20,2890,2017-08-25,(皑家规幅 -362З/s) 
2761,1017310,迫寸达,2017-08-25,2017-08-25 05:00,5438,2017-08-25,(皑家规幅 -1030З/s) 
2762,1013310,狼鞠达,2017-08-25,2017-08-25 05:00,2098,2017-08-25,(皑家规幅 -336З/s) 
2763,1004310,鲍魂达,2017-08-25,2017-08-25 05:00,134,2017-08-25,(皑家规幅 -74З/s) 
2764,1015310,没乞达,2017-08-25,2017-08-25 07:50,2375,2017-08-25,(皑家规幅 -515З/s) 
2765,1015310,没乞达,2017-08-25,2017-08-25 09:00,2066,2017-08-25,(皑家规幅 -309З/s) 
2766,1013310,狼鞠达,2017-08-25,2017-08-25 09:00,1997,2017-08-25,(皑家规幅 -101З/s) 
2767,1010320,冕玫达,2017-08-25,2017-08-25 09:00,1389,2017-08-25,(皑家规幅 -203З/s) 
2768,1004310,鲍魂达,2017-08-25,2017-08-25 09:00,93,2017-08-25,(皑家规幅 -41З/s) 
2769,1015310,没乞达,2017-08-25,2017-08-25 10:30,2314,2017-08-25,(刘啊规幅 248З/s) 
2770,1013310,狼鞠达,2017-08-25,2017-08-25 10:30,2594,2017-08-25,(刘啊规幅 597З/s) 
2771,1017310,迫寸达,2017-08-25,2017-08-25 11:10,4440,2017-08-25,(皑家规幅 -998З/s) 
2772,1013310,狼鞠达,2017-08-25,2017-08-25 12:00,1503,2017-08-25,(皑家规幅 -1091З/s) 
2773,1017310,迫寸达,2017-08-25,2017-08-25 14:00,5085,2017-08-25,(刘啊规幅 645З/s) 
2774,1013310,狼鞠达,2017-08-25,2017-08-25 15:00,1779,2017-08-25,(刘啊规幅 276З/s) 
2775,1010320,冕玫达,2017-08-25,2017-08-25 15:30,1100,2017-08-25,(皑家规幅 -289З/s) 
2776,1015310,没乞达,2017-08-25,2017-08-25 16:20,1862,2017-08-25,(皑家规幅 -452З/s) 
2777,1013310,狼鞠达,2017-08-25,2017-08-25 16:20,2196,2017-08-25,(刘啊规幅 417З/s) 
2778,1013310,狼鞠达,2017-08-25,2017-08-25 18:00,2574,2017-08-25,(刘啊规幅 378З/s) 
2779,1004310,鲍魂达,2017-08-25,2017-08-25 18:00,60,2017-08-25,(皑家规幅 -33З/s) 
2780,1015310,没乞达,2017-08-25,2017-08-25 19:30,2270,2017-08-25,(刘啊规幅 408З/s) 
2781,1015310,没乞达,2017-08-25,2017-08-25 21:20,2673,2017-08-25,(刘啊规幅  403З/s) 
2782,1015310,没乞达,2017-08-25,2017-08-25 23:50,2244,2017-08-25,(皑家规幅 -429З/s) 
2783,1013310,狼鞠达,2017-08-26,2017-08-26 06:30,2283,2017-08-26,(皑家规幅 -291З/s) 
2784,1010320,冕玫达,2017-08-26,2017-08-26 06:00,869,2017-08-26,(皑家规幅 -231З/s) 
2785,1017310,迫寸达,2017-08-26,2017-08-26 06:30,4451,2017-08-26,(皑家规幅 -634З/s) 
2786,1015310,没乞达,2017-08-26,2017-08-26 06:30,1916,2017-08-26,(皑家规幅 -328З/s) 
2787,1015310,没乞达,2017-08-26,2017-08-26 07:20,1828,2017-08-26,(皑家规幅 -88З/s) 
2788,1010320,冕玫达,2017-08-26,2017-08-26 07:20,659,2017-08-26,(皑家规幅 -210З/s) 
2789,1013310,狼鞠达,2017-08-26,2017-08-26 09:00,2069,2017-08-26,(皑家规幅 -214З/s) 
2790,1004310,鲍魂达,2017-08-26,2017-08-26 09:00,31,2017-08-26,(皑家规幅 -29З/s) 
2791,1017310,迫寸达,2017-08-26,2017-08-26 10:30,4006,2017-08-26,(皑家规幅 -445З/s) 
2792,1015310,没乞达,2017-08-26,2017-08-26 10:30,1489,2017-08-26,(皑家规幅 -339З/s) 
2793,1013310,狼鞠达,2017-08-26,2017-08-26 16:00,2510,2017-08-26,(刘啊规幅  441З/s) 
2794,1010310,拳玫达,2017-08-26,2017-08-26 16:30,420,2017-08-26,(皑家规幅 -516З/s) 
2795,1015310,没乞达,2017-08-26,2017-08-26 18:20,1948,2017-08-26,(刘啊规幅 459cms)
2796,1013310,狼鞠达,2017-08-26,2017-08-26 19:30,2174,2017-08-26,(皑家规幅 -335cms)
2797,1017310,迫寸达,2017-08-26,2017-08-26 23:00,4365,2017-08-26,(刘啊规幅 358)
2798,1015310,没乞达,2017-08-26,2017-08-26 23:00,1703,2017-08-26,(皑家规幅 -245cms)
2799,1010320,冕玫达,2017-08-26,2017-08-26 23:00,422,2017-08-26,(皑家规幅 -232cms)
2800,1021701,焙巢,2017-08-27,2017-08-27 04:40,700,2017-08-27,27老 4:45盒 泅犁 焙巢达 荐巩炼累 辆丰 700cms 捞郴 规幅(皑家规幅 -700cms)
2801,1015310,没乞达,2017-08-27,2017-08-27 07:00,1450,2017-08-27,(皑家规幅 -253cms)
2802,1017310,迫寸达,2017-08-27,2017-08-27 08:40,3576,2017-08-27,(皑家规幅 -789cms)
2803,1015310,没乞达,2017-08-27,2017-08-27 13:20,1758,2017-08-27,(刘啊规幅 308З/s) 
2804,1012110,家剧碍,2017-08-27,2017-08-25 14:00,1500,2017-08-27,弥措 1500З/s(惯傈规幅器窃) 捞郴 藕仿利 规幅(扁埃楷厘) 
2805,1017310,迫寸达,2017-08-27,2017-08-27 15:10,4024,2017-08-27,(刘啊规幅 448З/s) 
2806,1015310,没乞达,2017-08-27,2017-08-27 15:10,2165,2017-08-27,(刘啊规幅 407З/s) 
2807,1013310,狼鞠达,2017-08-27,2017-08-27 15:10,2339,2017-08-27,(刘啊规幅 165З/s) 
2808,1010310,拳玫达,2017-08-27,2017-08-27 16:30,234,2017-08-27,(皑家规幅 -186З/s)
2809,1013310,狼鞠达,2017-08-27,2017-08-27 17:30,2556,2017-08-27,(刘啊规幅 218З/s) 
2810,1010320,冕玫达,2017-08-27,2017-08-27 17:30,325,2017-08-27,(皑家规幅 -97З/s) 
2811,1017310,迫寸达,2017-08-27,2017-08-27 18:00,3817,2017-08-27,(皑家规幅 -207З/s) 
2812,1015310,没乞达,2017-08-27,2017-08-27 23:30,1962,2017-08-27,(皑家规幅 -203З/s) 
2813,1017310,迫寸达,2017-08-27,2017-08-27 23:30,3458,2017-08-27,(皑家规幅 -359З/s) 
2814,1015310,没乞达,2017-08-28,2017-08-28 06:30,1573,2017-08-28,(皑家规幅 -269З/s) 
2815,1013310,狼鞠达,2017-08-28,2017-08-28 06:30,1951,2017-08-28,(皑家规幅 -494З/s) 
2816,1015310,没乞达,2017-08-28,2017-08-28 11:00,1058,2017-08-28,(皑家规幅 -515З/s) 
2817,1013310,狼鞠达,2017-08-28,2017-08-28 11:00,1611,2017-08-28,(皑家规幅 -340З/s) 
2818,1013310,狼鞠达,2017-08-28,2017-08-28 12:00,1167,2017-08-28,(皑家规幅 -444З/s) 
2819,1010320,冕玫达,2017-08-28,2017-08-28 12:00,269,2017-08-28,(皑家规幅 -56З/s) 
2820,1010310,拳玫达,2017-08-28,2017-08-28 12:00,214,2017-08-28,(皑家规幅 -20З/s) 
2821,1015310,没乞达,2017-08-28,2017-08-28 12:20,1592,2017-08-28,(刘啊规幅 534З/s) 
2822,1017310,迫寸达,2017-08-28,2017-08-28 13:20,2596,2017-08-28,(皑家规幅 -862З/s) 
2823,1013310,狼鞠达,2017-08-28,2017-08-28 15:00,689,2017-08-28,(皑家规幅 -478З/s) 
2824,1013310,狼鞠达,2017-08-28,2017-08-28 15:40,478,2017-08-28,(皑家规幅 -211З/s) 
2825,1015310,没乞达,2017-08-28,2017-08-28 17:40,924,2017-08-28,(皑家规幅 -668З/s) 
2826,1013310,狼鞠达,2017-08-28,2017-08-28 17:40,361,2017-08-28,(皑家规幅 -117З/s) 
2827,1015310,没乞达,2017-08-28,2017-08-28 18:20,705,2017-08-28,(皑家规幅 -219З/s) 
2828,1017310,迫寸达,2017-08-28,2017-08-28 19:00,1970,2017-08-28,(皑家规幅 -626З/s) 
2829,1015310,没乞达,2017-08-28,2017-08-28 20:00,650,2017-08-28,(荐巩傈企  -54З/s) 
2830,1010310,拳玫达,2017-08-28,2017-08-28 20:00,196,2017-08-28,(荐巩傈企  -20З/s) 
2831,1013310,狼鞠达,2017-08-28,2017-08-28 21:00,289,2017-08-28,(荐巩傈企  -72З/s) 
2832,1010320,冕玫达,2017-08-28,2017-08-28 21:00,162,2017-08-28,(荐巩傈企  -107З/s) 
2833,1017310,迫寸达,2017-08-29,2017-08-29 00:10,1929,2017-08-29,(皑家规幅 -262З/s) 
2834,1017310,迫寸达,2017-08-29,2017-08-29 01:00,1535,2017-08-29,(皑家规幅 -394З/s) 
2835,1004310,鲍魂达,2017-08-29,2017-08-29 01:00,93,2017-08-29,(刘啊规幅  62З/s) 
2836,1004310,鲍魂达,2017-08-29,2017-08-29 05:20,60,2017-08-29,(皑家规幅 -33З/s) 
2837,1004310,鲍魂达,2017-08-29,2017-08-29 14:00,31,2017-08-29,(皑家规幅 -29З/s) 
2838,1017310,迫寸达,2017-08-29,2017-08-29 18:30,1803,2017-08-29,(刘啊规幅 268З/s) 
2839,1017310,迫寸达,2017-08-30,2017-08-30 09:30,1272,2017-08-30,(皑家规幅 -531З/s) 
2840,1007801,碍玫焊,2017-08-30,2017-08-30 18:00,900,2017-08-30,(皑家规幅 -4900З/s)
2841,1007802,咯林焊,2017-08-30,2017-08-30 18:00,1000,2017-08-30,(皑家规幅 -4900З/s) 
2842,1007803,捞器焊,2017-08-30,2017-08-30 18:00,1100,2017-08-30,(皑家规幅 -5500З/s) 
2843,1004310,鲍魂达,2017-08-31,2017-08-31 11:00,16,2017-08-31,(皑家规幅 -15З/s) 
2844,1017310,迫寸达,2017-08-31,2017-08-31 12:00,866,2017-08-31,(皑家规幅 -406З/s) 
2845,1017310,迫寸达,2017-08-31,2017-08-31 15:00,605,2017-08-31,(皑家规幅 -261З/s) 
2846,1017310,迫寸达,2017-08-31,2017-08-31 20:30,996,2017-08-31,(刘啊规幅  391З/s) 
2847,1017310,迫寸达,2017-09-03,2017-09-03 19:00,736,2017-09-03,(皑家规幅 -260З/s) 
2848,1004310,鲍魂达,2017-09-03,2017-09-03 19:00,8,2017-09-03,(皑家规幅 -8З/s) 
2849,1017310,迫寸达,2017-09-03,2017-09-03 23:00,603,2017-09-03,(皑家规幅 -133З/s) 
2850,1004310,鲍魂达,2017-09-04,2017-09-04 13:30,4,2017-09-04,(皑家规幅 -4З/s) 
2851,1017310,迫寸达,2017-09-04,2017-09-04 19:30,473,2017-09-04,(皑家规幅 -130cms)
2852,1004310,鲍魂达,2017-09-10,2017-09-10 22:00,23,2017-09-10,(刘啊规幅  19З/s) 
2853,1004310,鲍魂达,2017-09-11,2017-09-11 12:00,69,2017-09-11,(刘啊规幅 46З/s) 
2854,1004310,鲍魂达,2017-09-12,2017-09-12 09:30,35,2017-09-12,(皑家规幅 -34З/s) 
2855,1004310,鲍魂达,2017-09-12,2017-09-12 18:00,9,2017-09-12,(皑家规幅 -26З/s) 
2856,1004310,鲍魂达,2017-09-20,2017-09-20 09:30,5,2017-09-20,(皑家规幅 -4.5З/s) 
2857,1004310,鲍魂达,2017-09-20,2017-09-20 23:50,0,2017-09-20,(荐巩傈企  0З/s) 
2858,1017310,迫寸达,2017-09-21,2017-09-21 18:10,880,2017-09-21,(荐巩傈企  -131З/s) 
2859,1004310,鲍魂达,2017-09-27,2017-09-27 09:00,11,2017-09-27,(檬扁荐巩规幅 11З/s) 
2860,1004310,鲍魂达,2017-09-27,2017-09-27 10:00,43,2017-09-27,(刘啊规幅 32З/s) 
2861,1004310,鲍魂达,2017-09-28,2017-09-28 10:10,9,2017-09-28,(皑家规幅 -34З/s) 
2862,1004310,鲍魂达,2017-09-28,2017-09-28 21:00,0,2017-09-28,(荐巩傈企  -9З/s) 
2863,1007802,咯林焊,2017-07-27,2017-07-28 17:00,5500,2017-07-27,(刘啊规幅  3700З/s) 
2864,1007803,捞器焊,2017-07-27,2017-07-28 17:00,6000,2017-07-27,(刘啊规幅  4000З/s) 
2865,1007801,碍玫焊,2017-07-27,2017-07-28 17:00,5000,2017-07-27,(刘啊规幅 3300З/s) 
2866,1006110,染己,2017-08-24,2017-08-23 17:00,200,2017-08-24,(刘啊规幅  100З/s) 弥措 200З/s(惯傈规幅 器窃)捞郴 藕仿利 规幅
2867,1017310,迫寸达,2017-07-17,2017-07-17 17:00,1449,2017-07-17,(皑家规幅 -678З/s) 
2868,1017310,迫寸达,2017-07-19,2017-07-19 14:00,497,2017-07-19,(皑家规幅 -211З/s) 
2869,1017310,迫寸达,2017-08-17,2017-08-17 23:00,1324,2017-08-17,(刘啊规幅  233З/s) 
2870,1017310,迫寸达,2017-08-24,2017-08-24 16:30,5525,2017-08-24,(刘啊规幅  1535З/s) 
2871,1015310,没乞达,2017-08-24,2017-08-24 16:30,3352,2017-08-24,(刘啊规幅  1461З/s) 
2872,1013310,狼鞠达,2017-08-24,2017-08-24 16:30,3717,2017-08-24,(刘啊规幅  873З/s) 
2873,1010320,冕玫达,2017-07-28,2017-07-28 20:30,257,2017-07-28,(荐巩傈企  -32З/s) 
2874,1004310,鲍魂达,2017-07-16,2017-07-16 09:10,1503,2017-07-16,(刘啊规幅  705З/s) 
2875,1004310,鲍魂达,2017-07-16,2017-07-16 10:10,2035,2017-07-16,(刘啊规幅  350З/s) 
2876,1004310,鲍魂达,2017-07-28,2017-07-28 20:30,106,2017-07-20,(刘啊规幅  65З/s) 
2877,1004310,鲍魂达,2018-03-20,2018-03-20 17:00,26,2018-03-20,(檬扁荐巩规幅  11З/s) 
2878,1004310,鲍魂达,2018-03-21,2018-03-21 10:00,31,2018-03-21,(刘啊规幅  5З/s) 
2879,1004310,鲍魂达,2018-03-23,2018-03-23 18:00,15,2018-03-23,(荐巩傈企  -16З/s) 
2880,1004310,鲍魂达,2018-04-06,2018-04-06 18:00,22,2018-04-06,(檬扁荐巩规幅 14З/s) 
2881,1004310,鲍魂达,2018-04-07,2018-04-07 09:00,39,2018-04-07,(刘啊规幅 17З/s) 
2882,1004310,鲍魂达,2018-04-08,2018-04-08 14:00,17,2018-04-08,鲍魂达 皑家 规幅
2883,1004310,鲍魂达,2018-04-11,2018-04-11 17:00,29,2018-04-11,(刘啊规幅  11З/s) 
2884,1004310,鲍魂达,2018-04-17,2018-04-17 20:00,25,2018-04-17,(皑家规幅 -3.5З/s) 
2885,1004310,鲍魂达,2018-04-18,2018-04-18 16:00,20,2018-04-18,(皑家规幅 -5.5З/s) 
2886,1004310,鲍魂达,2018-04-20,2018-04-20 11:00,15,2018-04-20,(荐巩傈企 15З/s) 
2887,1017310,迫寸达,2018-04-23,2018-04-23 23:00,707,2018-04-23,(檬扁荐巩规幅  132З/s) 
2888,1017310,迫寸达,2018-04-23,2018-04-23 23:30,1100,2018-04-23,(刘啊规幅  393З/s) 
2889,1017310,迫寸达,2018-04-24,2018-04-24 00:30,1365,2018-04-24,(刘啊规幅  265З/s) 
2890,1017310,迫寸达,2018-04-24,2018-04-24 13:30,1096,2018-04-24,(皑家规幅 -269З/s) 
2891,1007801,碍玫焊,2018-04-24,2018-04-24 17:00,500,2018-04-24,弥措 500З/s捞郴 藕仿利 规幅 
2892,1007802,咯林焊,2018-04-24,2018-04-24 17:00,500,2018-04-24,弥措 500З/s捞郴 藕仿利 规幅 
2893,1007803,捞器焊,2018-04-24,2018-04-24 17:00,500,2018-04-24,弥措 500З/s捞郴 藕仿利 规幅 
2894,1004310,鲍魂达,2018-04-24,2018-04-24 19:00,34,2018-04-24,(檬扁荐巩规幅 19З/s) 
2895,1017310,迫寸达,2018-04-25,2018-04-25 07:00,730,2018-04-25,(皑家规幅 -366З/s) 
2896,1017310,迫寸达,2018-04-25,2018-04-25 09:30,599,2018-04-25,(荐巩傈企 -131З/s) 
2897,1004310,鲍魂达,2018-04-27,2018-04-27 10:30,24,2018-04-27,(皑家规幅 -10З/s) 
2898,1004310,鲍魂达,2018-04-28,2018-04-28 12:00,15,2018-04-28,(皑家规幅 -9З/s) 
2899,1007801,碍玫焊,2018-04-30,2018-04-30 17:00,850,2018-04-30,(寸檬) 500З/s (函版) 850З/s捞郴 藕仿利 规幅
2900,1007802,咯林焊,2018-04-30,2018-04-30 17:00,900,2018-04-30,(寸檬) 500З/s (函版) 900З/s捞郴 藕仿利 规幅
2901,1007803,捞器焊,2018-04-30,2018-04-30 17:00,1000,2018-04-30,(寸檬) 500З/s (函版) 1000З/s捞郴 藕仿利 规幅
2902,1017310,迫寸达,2018-05-09,2018-05-09 20:00,499,2018-05-09,(檬扁荐巩规幅 132З/s) 
2903,1004310,鲍魂达,2018-05-16,2018-05-16 11:00,21,2018-05-16,(檬扁荐巩规幅  21З/s) 
2904,1013310,狼鞠达,2018-05-16,2018-05-16 13:30,323,2018-05-16,(檬扁荐巩规幅 152З/s) 
2905,1017310,迫寸达,2018-05-16,2018-05-16 23:00,1370,2018-05-16,(刘啊规幅  570З/s) 
2906,1007801,碍玫焊,2018-05-17,2018-05-17 00:00,2100,2018-05-17,(寸檬) 850З/s (函版) 2100З/s 捞郴 藕仿利 规幅
2907,1007802,咯林焊,2018-05-17,2018-05-17 00:00,2300,2018-05-17,(寸檬) 900З/s (函版) 2300З/s 捞郴 藕仿利 规幅
2908,1007803,捞器焊,2018-05-17,2018-05-17 00:00,2900,2018-05-17,(寸檬) 1000З/s (函版) 2900З/s 捞郴 藕仿利 规幅
2909,1017310,迫寸达,2018-05-17,2018-05-17 07:00,1902,2018-05-17,(刘啊规幅  532З/s) 
2910,1004310,鲍魂达,2018-05-17,2018-05-17 08:00,24,2018-05-17,(皑家规幅 -12З/s) 
2911,1010320,冕玫达,2018-05-17,2018-05-17 11:50,356,2018-05-17,(檬扁荐巩规幅  109З/s) 
2912,1015310,没乞达,2018-05-17,2018-05-17 12:30,772,2018-05-17,(檬扁荐巩规幅  116З/s) 
2913,1013310,狼鞠达,2018-05-17,2018-05-17 10:00,476,2018-05-17,(刘啊规幅  154З/s) 
2914,1013310,狼鞠达,2018-05-17,2018-05-17 11:30,630,2018-05-17,(刘啊规幅  154З/s) 
2915,1004310,鲍魂达,2018-05-17,2018-05-17 11:30,20,2018-05-17,(皑家规幅 -4З/s) 
2916,1017310,迫寸达,2018-05-17,2018-05-17 13:40,2429,2018-05-17,(刘啊规幅  527З/s) 
2917,1015310,没乞达,2018-05-17,2018-05-17 13:40,1125,2018-05-17,(刘啊规幅  353З/s) 
2918,1013310,狼鞠达,2018-05-17,2018-05-17 19:20,840,2018-05-17,(刘啊规幅 210З/s) 
2919,1010320,冕玫达,2018-05-17,2018-05-17 18:20,589,2018-05-17,(刘啊规幅  233З/s) 
2920,1015310,没乞达,2018-05-17,2018-05-17 19:30,1342,2018-05-17,(刘啊规幅  217З/s) 
2921,1017310,迫寸达,2018-05-17,2018-05-17 19:30,2789,2018-05-17,(刘啊规幅  360З/s) 
2922,1010320,冕玫达,2018-05-17,2018-05-17 21:20,738,2018-05-17,(刘啊规幅  149З/s) 
2923,1013310,狼鞠达,2018-05-17,2018-05-17 21:20,1056,2018-05-17,(刘啊规幅  216З/s) 
2924,1015310,没乞达,2018-05-17,2018-05-17 21:20,1611,2018-05-17,(刘啊规幅  269З/s) 
2925,1017310,迫寸达,2018-05-17,2018-05-17 21:20,3179,2018-05-17,(刘啊规幅  390З/s) 
2926,1017310,迫寸达,2018-05-17,2018-05-17 22:20,3671,2018-05-17,(刘啊规幅  492З/s) 
2927,1010320,冕玫达,2018-05-17,2018-05-17 23:20,1018,2018-05-17,(刘啊规幅  280З/s) 
2928,1013310,狼鞠达,2018-05-17,2018-05-17 23:20,1352,2018-05-17,(刘啊规幅  296З/s) 
2929,1015310,没乞达,2018-05-17,2018-05-17 23:20,2176,2018-05-17,(刘啊规幅  565З/s) 
2930,1017310,迫寸达,2018-05-17,2018-05-17 23:20,4587,2018-05-17,(刘啊规幅  916З/s) 
2931,1017310,迫寸达,2018-05-18,2018-05-18 01:10,5507,2018-05-18,(刘啊规幅 920З/s) 
2932,1015310,没乞达,2018-05-18,2018-05-18 01:10,2690,2018-05-18,(刘啊规幅 514З/s) 
2933,1015310,没乞达,2018-05-18,2018-05-18 04:20,3371,2018-05-18,(刘啊规幅  681З/s) 
2934,1017310,迫寸达,2018-05-18,2018-05-18 04:20,5877,2018-05-18,(刘啊规幅  370З/s) 
2935,1015310,没乞达,2018-05-18,2018-05-18 05:20,3929,2018-05-18,(刘啊规幅 558З/s) 
2936,1017310,迫寸达,2018-05-18,2018-05-18 06:00,6352,2018-05-18,(刘啊规幅 475З/s) 
2937,1015310,没乞达,2018-05-18,2018-05-18 06:20,4277,2018-05-18,(刘啊规幅 348З/s) 
2938,1015310,没乞达,2018-05-18,2018-05-18 11:00,3493,2018-05-18,(皑家规幅 -784З/s) 
2939,1013310,狼鞠达,2018-05-18,2018-05-18 11:00,1127,2018-05-18,(皑家规幅 -225З/s) 
2940,1010320,冕玫达,2018-05-18,2018-05-18 11:00,825,2018-05-18,(皑家规幅 -193З/s) 
2941,1007801,碍玫焊,2018-05-18,2018-05-18 12:00,2700,2018-05-18,(寸檬) 2100З/s (函版) 2700З/s 捞郴 藕仿利 规幅
2942,1007802,咯林焊,2018-05-18,2018-05-18 12:00,2900,2018-05-18,(寸檬) 2300З/s (函版) 2900З/s 捞郴 藕仿利 规幅
2943,1007803,捞器焊,2018-05-18,2018-05-18 12:00,3100,2018-05-18,(寸檬) 2900З/s (函版) 3100З/s 捞郴 藕仿利 规幅
2944,1017310,迫寸达,2018-05-18,2018-05-18 14:00,5952,2018-05-18,(皑家规幅 -400З/s) 
2945,1015310,没乞达,2018-05-18,2018-05-18 14:00,2692,2018-05-18,(皑家规幅 -801З/s) 
2946,1013310,狼鞠达,2018-05-18,2018-05-18 14:00,769,2018-05-18,(皑家规幅 -358З/s) 
2947,1010320,冕玫达,2018-05-18,2018-05-18 14:00,600,2018-05-18,(皑家规幅 -225З/s) 
2948,1015310,没乞达,2018-05-18,2018-05-18 15:20,2103,2018-05-18,(皑家规幅 -589З/s) 
2949,1017310,迫寸达,2018-05-18,2018-05-18 16:30,4940,2018-05-18,(皑家规幅 -1012З/s) 
2950,1015310,没乞达,2018-05-18,2018-05-18 16:30,1569,2018-05-18,(皑家规幅 -534З/s) 
2951,1013310,狼鞠达,2018-05-18,2018-05-18 16:30,627,2018-05-18,(皑家规幅 -142З/s) 
2952,1017310,迫寸达,2018-05-18,2018-05-18 18:20,4025,2018-05-18,(皑家规幅 -915З/s) 
2953,1013310,狼鞠达,2018-05-18,2018-05-18 19:30,438,2018-05-18,(皑家规幅 -189З/s) 
2954,1010320,冕玫达,2018-05-18,2018-05-18 19:30,380,2018-05-18,(皑家规幅 -220З/s) 
2955,1017310,迫寸达,2018-05-18,2018-05-18 21:00,3216,2018-05-18,(皑家规幅 -809З/s) 
2956,1010320,冕玫达,2018-05-18,2018-05-18 21:00,284,2018-05-18,(皑家规幅 -94З/s) 
2957,1010320,冕玫达,2018-05-18,2018-05-18 22:20,240,2018-05-18,(荐巩傈企  -44З/s) 
2958,1013310,狼鞠达,2018-05-18,2018-05-18 22:20,240,2018-05-18,(皑家规幅 -198З/s) 
2959,1017310,迫寸达,2018-05-18,2018-05-18 23:30,2496,2018-05-18,(皑家规幅 -720З/s) 
2960,1015310,没乞达,2018-05-18,2018-05-18 23:30,1010,2018-05-18,(皑家规幅 -559З/s) 
2961,1015310,没乞达,2018-05-19,2018-05-19 05:50,785,2018-05-19,(皑家规幅 -225З/s) 
2962,1017310,迫寸达,2018-05-19,2018-05-19 13:30,1982,2018-05-19,(皑家规幅 -514З/s) 
2963,1015310,没乞达,2018-05-19,2018-05-19 13:30,670,2018-05-19,(荐巩傈企  -115З/s) 
2964,1013310,狼鞠达,2018-05-19,2018-05-19 16:10,165,2018-05-19,(荐巩傈企  -75З/s) 
2965,1017310,迫寸达,2018-05-20,2018-05-20 09:00,1326,2018-05-20,(皑家规幅 -656З/s) 
2966,1004310,鲍魂达,2018-05-23,2018-05-23 16:00,15,2018-05-23,(荐巩傈企  -5З/s) 
2967,1017310,迫寸达,2018-05-24,2018-05-24 09:30,1063,2018-05-24,(皑家规幅 -263З/s) 
2968,1017310,迫寸达,2018-05-24,2018-05-24 14:00,801,2018-05-24,(皑家规幅 -262З/s) 
2969,1017310,迫寸达,2018-05-25,2018-05-25 14:20,1467,2018-05-25,(刘啊规幅 666З/s) 
2970,1017310,迫寸达,2018-05-26,2018-05-26 13:40,1196,2018-05-26,(皑家规幅 -271З/s) 
2971,1017310,迫寸达,2018-05-26,2018-05-26 21:00,931,2018-05-26,(皑家规幅 -265З/s) 
2972,1017310,迫寸达,2018-05-27,2018-05-27 22:00,1199,2018-05-27,(刘啊规幅 268З/s) 
2973,1017310,迫寸达,2018-05-28,2018-05-28 18:00,1066,2018-05-28,(皑家规幅 -133З/s) 
2974,1017310,迫寸达,2018-05-30,2018-05-30 10:30,800,2018-05-30,(皑家规幅 -266З/s) 
2975,1017310,迫寸达,2018-06-03,2018-06-03 22:30,539,2018-06-03,(荐巩傈企 -261З/s) 
2976,1013310,狼鞠达,2018-06-04,2018-06-04 14:00,321,2018-06-04,(檬扁荐巩规幅  151З/s) 
2977,1013310,狼鞠达,2018-06-05,2018-06-05 14:30,401,2018-06-05,(刘啊规幅 80З/s)
2978,1013310,狼鞠达,2018-06-07,2018-06-07 15:30,338,2018-06-07,(皑家规幅 -63З/s) 
2979,1013310,狼鞠达,2018-06-13,2018-06-13 11:00,170,2018-06-13,狼鞠达 规幅樊 沥沥 170З/s(荐巩傈企 -168З/s)
2980,1004310,鲍魂达,2018-06-25,2018-06-25 15:00,27,2018-06-25,(檬扁荐巩规幅 12З/s) 
2981,1007801,碍玫焊,2018-06-25,2018-06-26 09:00,1500,2018-06-25,弥措 1500З/s捞郴 藕仿利 规幅 
2982,1007802,咯林焊,2018-06-25,2018-06-26 09:00,1600,2018-06-25,弥措 1600З/s捞郴 藕仿利 规幅 
2983,1007803,捞器焊,2018-06-25,2018-06-26 09:00,1900,2018-06-25,弥措 1900З/s捞郴 藕仿利 规幅 
2984,1004310,鲍魂达,2018-06-26,2018-06-26 09:00,43,2018-06-26,(刘啊规幅  16З/s) 
2985,1017310,迫寸达,2018-06-27,2018-06-27 10:40,817,2018-06-27,(檬扁荐巩规幅 263З/s) 
2986,1017310,迫寸达,2018-06-27,2018-06-27 15:00,1214,2018-06-27,(刘啊规幅 397З/s) 
2987,1017310,迫寸达,2018-06-27,2018-06-27 19:00,708,2018-06-27,(皑家规幅 -506З/s) 
2988,1004310,鲍魂达,2018-06-28,2018-06-28 16:30,0,2018-06-28,(荐巩傈企 -4З/s) 
2989,1017310,迫寸达,2018-06-28,2018-06-28 20:00,576,2018-06-28,(荐巩傈企  -132З/s) 
2990,1006110,染己,2018-06-29,2018-06-29 16:30,100,2018-06-29,100З/s捞郴 藕仿利 规幅(惯傈规幅 器窃) 
2991,1007801,碍玫焊,2018-06-29,2018-06-29 18:00,3700,2018-06-29,弥措 3 700З/s捞郴 藕仿利 规幅 
2992,1007802,咯林焊,2018-06-29,2018-06-29 18:00,4000,2018-06-29,弥措 4 000З/s捞郴 藕仿利 规幅 
2993,1007803,捞器焊,2018-06-29,2018-06-29 18:00,4900,2018-06-29,弥措 4900З/s捞郴 藕仿利 规幅 
2994,1001210,堡悼,2018-06-29,2018-06-30 12:00,100,2018-06-29,弥措 100З/s捞郴 藕仿利 规幅(咯荐肺 磊楷岿幅樊 力寇)
2995,1004310,鲍魂达,2018-06-30,2018-07-01 00:00,7,2018-06-30,(檬扁荐巩规幅  7З/s) 
2996,1017310,迫寸达,2018-07-01,2018-07-01 11:00,686,2018-07-01,(刘啊规幅  131З/s) 迫寸达 檬扁规幅
2997,1004310,鲍魂达,2018-07-01,2018-07-01 08:30,35,2018-07-01,(刘啊规幅  28З/s) 
2998,1004310,鲍魂达,2018-07-01,2018-07-01 10:00,120,2018-07-01,(刘啊规幅  85З/s) 
2999,1017310,迫寸达,2018-07-01,2018-07-01 11:30,1209,2018-07-01,(刘啊规幅  523З/s) 
3000,1015310,没乞达,2018-07-01,2018-07-01 16:00,704,2018-07-01,(刘啊规幅  54З/s) 
3001,1013310,狼鞠达,2018-07-01,2018-07-01 16:00,412,2018-07-01,(刘啊规幅  72З/s) 
3002,1010320,冕玫达,2018-07-01,2018-07-01 16:00,293,2018-07-01,(刘啊规幅  53З/s) 
3003,1017310,迫寸达,2018-07-01,2018-07-01 15:00,1739,2018-07-01,(刘啊规幅  530З/s) 
3004,1017310,迫寸达,2018-07-01,2018-07-01 21:00,2134,2018-07-01,(刘啊规幅  395З/s) 
3005,1004310,鲍魂达,2018-07-01,2018-07-01 21:00,149,2018-07-01,(刘啊规幅  29З/s) 
3006,1017310,迫寸达,2018-07-01,2018-07-01 23:20,2532,2018-07-01,(刘啊规幅  398З/s) 
3007,1017310,迫寸达,2018-07-02,2018-07-02 01:00,2997,2018-07-02,(刘啊规幅  465З/s) 
3008,1017310,迫寸达,2018-07-02,2018-07-02 04:30,3793,2018-07-02,(刘啊规幅  796З/s) 
3009,1004310,鲍魂达,2018-07-02,2018-07-02 06:30,186,2018-07-02,(刘啊规幅  37З/s) 
3010,1013310,狼鞠达,2018-07-02,2018-07-02 10:10,340,2018-07-02,(荐巩傈企 -72З/s) 沥沥舅覆 
3011,1010320,冕玫达,2018-07-02,2018-07-02 10:10,240,2018-07-02,(荐巩傈企  -53З/s) 沥沥舅覆 
3012,1017310,迫寸达,2018-07-02,2018-07-02 14:10,4241,2018-07-02,(刘啊规幅  448З/s) 
3013,1017310,迫寸达,2018-07-02,2018-07-02 16:20,4703,2018-07-02,(刘啊规幅  462З/s) 
3014,1017310,迫寸达,2018-07-02,2018-07-02 18:10,5298,2018-07-02,(刘啊规幅  595З/s) 
3015,1017310,迫寸达,2018-07-02,2018-07-02 18:30,5984,2018-07-02,(刘啊规幅  686З/s) 
3016,1015310,没乞达,2018-07-02,2018-07-02 18:30,1232,2018-07-02,(刘啊规幅  528З/s) 
3017,1015310,没乞达,2018-07-02,2018-07-02 20:00,2019,2018-07-02,(刘啊规幅  787З/s) 
3018,1007801,碍玫焊,2018-07-02,2018-07-02 20:00,4600,2018-07-02,(刘啊规幅  900З/s) 
3019,1007802,咯林焊,2018-07-02,2018-07-02 20:00,4800,2018-07-02,(刘啊规幅  800З/s) 
3020,1007803,捞器焊,2018-07-02,2018-07-02 20:10,5600,2018-07-02,(刘啊规幅  700З/s) 
3021,1017310,迫寸达,2018-07-02,2018-07-02 23:30,4648,2018-07-02,(皑家规幅 -1336З/s) 
3022,1015310,没乞达,2018-07-02,2018-07-03 00:00,1739,2018-07-02,(皑家规幅 -280З/s) 
3023,1017310,迫寸达,2018-07-03,2018-07-03 05:30,3568,2018-07-03,(皑家规幅 -1080З/s) 
3024,1017310,迫寸达,2018-07-03,2018-07-03 15:30,2564,2018-07-03,(皑家规幅 -1004З/s) 
3025,1015310,没乞达,2018-07-03,2018-07-03 13:30,841,2018-07-03,(皑家规幅 -383З/s) 
3026,1017310,迫寸达,2018-07-03,2018-07-03 16:30,2118,2018-07-03,(皑家规幅 -446З/s) 
3027,1015310,没乞达,2018-07-03,2018-07-03 19:00,677,2018-07-03,(皑家规幅 -55З/s) 没乞达 荐巩傈企
3028,1017310,迫寸达,2018-07-03,2018-07-03 23:00,1862,2018-07-03,(皑家规幅 -256З/s) 
3029,1017310,迫寸达,2018-07-04,2018-07-04 07:00,1472,2018-07-04,(皑家规幅 -390З/s) 
3030,1017310,迫寸达,2018-07-04,2018-07-04 13:30,1099,2018-07-04,(皑家规幅 -373З/s) 
3031,1004310,鲍魂达,2018-07-05,2018-07-05 06:00,45,2018-07-05,(刘啊规幅  13З/s) 
3032,1004310,鲍魂达,2018-07-05,2018-07-05 19:00,27,2018-07-05,(皑家规幅 -18З/s) 
3033,1017310,迫寸达,2018-07-06,2018-07-06 02:00,1864,2018-07-06,(刘啊规幅  765З/s) 
3034,1001210,堡悼,2018-07-06,2018-07-06 12:00,100,2018-07-06,(扁埃楷厘 铰牢) 弥措 100З/s捞郴 藕仿利 规幅(咯荐肺 磊楷岿幅樊 力寇) 
3035,1017310,迫寸达,2018-07-06,2018-07-06 16:50,1332,2018-07-06,(皑家规幅 -532З/s) 
3036,1004310,鲍魂达,2018-07-06,2018-07-06 19:00,19,2018-07-06,(皑家规幅 -8З/s) 
3037,1017310,迫寸达,2018-07-07,2018-07-07 08:00,1087,2018-07-07,(皑家规幅 -245З/s) 
3038,1017310,迫寸达,2018-07-08,2018-07-08 10:00,948,2018-07-08,(皑家规幅 -139З/s) 
3039,1004310,鲍魂达,2018-07-08,2018-07-08 10:00,15,2018-07-08,(荐巩傈企  15З/s) 
3040,1004310,鲍魂达,2018-07-09,2018-07-09 18:00,23,2018-07-09,(檬扁荐巩规幅 8З/s) 
3041,1004310,鲍魂达,2018-07-09,2018-07-09 19:00,48,2018-07-09,(刘啊规幅 25З/s) 
3042,1017310,迫寸达,2018-07-10,2018-07-10 12:00,940,2018-07-10,(皑家规幅 -261З/s) 
3043,1004310,鲍魂达,2018-07-12,2018-07-12 12:00,15,2018-07-12,(荐巩傈企  -8З/s) 
3044,1017310,迫寸达,2018-07-13,2018-07-13 17:40,811,2018-07-13,(皑家规幅 -129З/s) 
3045,1017310,迫寸达,2018-07-13,2018-07-13 21:30,672,2018-07-13,(皑家规幅 -139З/s) 
3046,1017310,迫寸达,2018-07-16,2018-07-16 10:30,541,2018-07-16,(荐巩傈企 -131З/s) 
3047,1007801,碍玫焊,2018-08-22,2018-08-23 15:00,2000,2018-08-22,弥措 2000З/s捞郴 藕仿利 规幅
3048,1007802,咯林焊,2018-08-22,2018-08-23 15:00,2200,2018-08-22,弥措 2200З/s捞郴 藕仿利 规幅
3049,1007803,捞器焊,2018-08-22,2018-08-23 15:00,2800,2018-08-22,弥措 2800З/s捞郴 藕仿利 规幅
3050,1004310,鲍魂达,2018-08-23,2018-08-23 17:00,8,2018-08-23,(檬扁荐巩规幅  8З/s) 
3051,1004310,鲍魂达,2018-08-23,2018-08-23 19:00,67,2018-08-23,(刘啊规幅  59З/s) 
3052,1001210,堡悼,2018-08-23,2018-08-23 22:00,300,2018-08-23,弥措 300З/s捞郴 藕仿利 规幅(咯荐肺 磊楷岿幅樊 力寇)
3053,1004310,鲍魂达,2018-08-24,2018-08-24 06:00,0,2018-08-24,(荐巩傈企  -15З/s) 
3054,1004310,鲍魂达,2018-08-26,2018-08-26 14:00,13,2018-08-26,(檬扁荐巩规幅  13З/s) 
3055,1004310,鲍魂达,2018-08-27,2018-08-27 10:00,65,2018-08-27,(刘啊规幅  52З/s) 
3056,1004310,鲍魂达,2018-08-27,2018-08-27 14:10,125,2018-08-27,(刘啊规幅  60З/s) 
3057,1017310,迫寸达,2018-08-28,2018-08-28 15:00,900,2018-08-28,(檬扁荐巩规幅  132З/s) 
3058,1017310,迫寸达,2018-08-28,2018-08-28 15:20,1550,2018-08-28,(刘啊规幅  650З/s) 
3059,1017310,迫寸达,2018-08-28,2018-08-28 16:00,2086,2018-08-28,(刘啊规幅  536З/s) 
3060,1004310,鲍魂达,2018-08-28,2018-08-28 16:00,137,2018-08-28,(刘啊规幅  66З/s) 
3061,1017310,迫寸达,2018-08-28,2018-08-28 16:40,2785,2018-08-28,(刘啊规幅  699З/s) 
3062,1007801,碍玫焊,2018-08-28,2018-08-28 17:00,3800,2018-08-28,(寸檬) 2000З/s (函版) 3800З/s 捞郴 藕仿利 规幅
3063,1007802,咯林焊,2018-08-28,2018-08-28 17:00,4100,2018-08-28,(寸檬) 2200З/s (函版) 4100З/s 捞郴 藕仿利 规幅
3064,1007803,捞器焊,2018-08-28,2018-08-28 17:00,5000,2018-08-28,(寸檬) 2800З/s (函版) 5000З/s 捞郴 藕仿利 规幅
3065,1004310,鲍魂达,2018-08-28,2018-08-28 17:00,268,2018-08-28,(刘啊规幅  131З/s) 
3066,1017310,迫寸达,2018-08-28,2018-08-28 17:20,3783,2018-08-28,(刘啊规幅  998З/s) 
3067,1017310,迫寸达,2018-08-28,2018-08-28 19:50,4511,2018-08-28,(刘啊规幅  728З/s) 
3068,1013310,狼鞠达,2018-08-28,2018-08-29 00:00,491,2018-08-28,(檬扁荐巩规幅  146З/s) 
3069,1015310,没乞达,2018-08-28,2018-08-29 00:00,785,2018-08-28,(檬扁荐巩规幅  111З/s) 
3070,1017310,迫寸达,2018-08-28,2018-08-28 22:00,5159,2018-08-28,
3071,1015310,没乞达,2018-08-29,2018-08-29 00:30,1232,2018-08-29,(刘啊规幅  447З/s) 
3072,1017310,迫寸达,2018-08-29,2018-08-29 05:30,4367,2018-08-29,(皑家规幅 -792З/s) 
3073,1015310,没乞达,2018-08-29,2018-08-29 06:20,1747,2018-08-29,刘啊规幅 515З/s
3074,1010320,冕玫达,2018-08-29,2018-08-29 11:30,375,2018-08-29,(檬扁荐巩规幅  106З/s) 
3075,1010320,冕玫达,2018-08-29,2018-08-29 10:30,727,2018-08-29,(檬扁荐巩规幅  727З/s) <br>蜡涝樊 刘啊肺 牢茄 檬扁荐巩规幅樊 沥沥
3076,1010320,冕玫达,2018-08-29,2018-08-29 10:40,1224,2018-08-29,(刘啊规幅  497З/s) 
3077,1013310,狼鞠达,2018-08-29,2018-08-29 11:00,837,2018-08-29,(刘啊规幅  449З/s) 
3078,1010320,冕玫达,2018-08-29,2018-08-29 10:50,1749,2018-08-29,(刘啊规幅  525З/s) 
3079,1013310,狼鞠达,2018-08-29,2018-08-29 11:30,1307,2018-08-29,(刘啊规幅  470З/s) 
3080,1010320,冕玫达,2018-08-29,2018-08-29 11:10,2512,2018-08-29,(刘啊规幅  763З/s) 
3081,1013310,狼鞠达,2018-08-29,2018-08-29 12:00,2281,2018-08-29,(刘啊规幅  974З/s) 
3082,1015310,没乞达,2018-08-29,2018-08-29 11:10,1106,2018-08-29,(皑家规幅 -641З/s) 
3083,1010320,冕玫达,2018-08-29,2018-08-29 11:40,3394,2018-08-29,(刘啊规幅  882З/s) 
3084,1013310,狼鞠达,2018-08-29,2018-08-29 12:40,3285,2018-08-29,(刘啊规幅  1004З/s) 
3085,1013310,狼鞠达,2018-08-29,2018-08-29 13:10,3708,2018-08-29,(刘啊规幅  423З/s) 
3086,1015310,没乞达,2018-08-29,2018-08-29 13:30,2396,2018-08-29,(刘啊规幅  649З/s) 
3087,1015310,没乞达,2018-08-29,2018-08-29 14:20,3025,2018-08-29,(刘啊规幅  629З/s) 
3088,1015310,没乞达,2018-08-29,2018-08-29 15:00,3639,2018-08-29,(刘啊规幅  629З/s) 
3089,1010320,冕玫达,2018-08-29,2018-08-29 15:20,2415,2018-08-29,(皑家规幅 -293З/s) 
3090,1013310,狼鞠达,2018-08-29,2018-08-29 15:40,3416,2018-08-29,(刘啊规幅  421З/s) 
3091,1001210,堡悼,2018-08-29,2018-08-23 22:00,300,2018-08-29,
3092,1013310,狼鞠达,2018-08-29,2018-08-29 16:10,3995,2018-08-29,(刘啊规幅  579З/s) 
3093,1015310,没乞达,2018-08-29,2018-08-29 16:10,4231,2018-08-29,(刘啊规幅  592З/s) 
3094,1017310,迫寸达,2018-08-29,2018-08-29 17:20,5372,2018-08-29,(刘啊规幅  1005З/s) 
3095,1015310,没乞达,2018-08-29,2018-08-29 17:20,4973,2018-08-29,(刘啊规幅  742З/s) 
3096,1010320,冕玫达,2018-08-29,2018-08-29 17:20,1374,2018-08-29,(皑家规幅 -1041З/s) 
3097,1015310,没乞达,2018-08-29,2018-08-29 18:40,5724,2018-08-29,(刘啊规幅  751З/s) 
3098,1013310,狼鞠达,2018-08-29,2018-08-29 18:40,3114,2018-08-29,(皑家规幅 -881З/s) 
3099,1013310,狼鞠达,2018-08-29,2018-08-29 19:20,1805,2018-08-29,(皑家规幅 -1309З/s) 
3100,1017310,迫寸达,2018-08-29,2018-08-29 19:20,6384,2018-08-29,(刘啊规幅  1012З/s) 
3101,1010320,冕玫达,2018-08-29,2018-08-29 20:30,941,2018-08-29,(皑家规幅 -433З/s) 
3102,1013310,狼鞠达,2018-08-29,2018-08-29 20:30,1155,2018-08-29,(皑家规幅 -650З/s) 
3103,1015310,没乞达,2018-08-29,2018-08-29 21:00,4529,2018-08-29,(皑家规幅 -1195З/s) 
3104,1017310,迫寸达,2018-08-29,2018-08-29 21:10,7136,2018-08-29,(刘啊规幅  752З/s) 
3105,1015310,没乞达,2018-08-29,2018-08-29 21:40,3602,2018-08-29,(皑家规幅 -927З/s) 
3106,1017310,迫寸达,2018-08-29,2018-08-29 22:20,5627,2018-08-29,(皑家规幅 -1509З/s) 
3107,1015310,没乞达,2018-08-29,2018-08-29 22:20,2960,2018-08-29,(皑家规幅 -642З/s) 
3108,1013310,狼鞠达,2018-08-29,2018-08-29 23:10,1614,2018-08-29,(刘啊规幅  459З/s) 
3109,1017310,迫寸达,2018-08-30,2018-08-30 00:40,4615,2018-08-30,(皑家规幅 -1012З/s) 
3110,1015310,没乞达,2018-08-30,2018-08-30 00:40,2655,2018-08-30,(皑家规幅 -305З/s) 
3111,1013310,狼鞠达,2018-08-30,2018-08-30 01:40,967,2018-08-30,(皑家规幅 -647З/s) 
3112,1010320,冕玫达,2018-08-30,2018-08-30 01:40,708,2018-08-30,(皑家规幅 -233З/s) 
3113,1015310,没乞达,2018-08-30,2018-08-30 06:40,2178,2018-08-30,(皑家规幅 -477З/s) 
3114,1013310,狼鞠达,2018-08-30,2018-08-30 06:40,737,2018-08-30,(皑家规幅 -238З/s) 
3115,1010320,冕玫达,2018-08-30,2018-08-30 06:40,603,2018-08-30,(皑家规幅 -105З/s) 
3116,1004310,鲍魂达,2018-08-30,2018-08-30 06:40,48,2018-08-30,(刘啊规幅  26З/s) 
3117,1017310,迫寸达,2018-08-30,2018-08-30 08:30,4107,2018-08-30,(皑家规幅 -508З/s) 
3118,1015310,没乞达,2018-08-30,2018-08-30 08:30,1944,2018-08-30,(皑家规幅 -234З/s) 
3119,1013310,狼鞠达,2018-08-30,2018-08-30 08:30,530,2018-08-30,(皑家规幅 -207З/s) 
3120,1010320,冕玫达,2018-08-30,2018-08-30 08:30,392,2018-08-30,(皑家规幅 -211З/s) 
3121,1017310,迫寸达,2018-08-30,2018-08-30 09:50,3481,2018-08-30,(皑家规幅 -626З/s) 
3122,1015310,没乞达,2018-08-30,2018-08-30 09:50,1534,2018-08-30,(皑家规幅 -410З/s) 
3123,1013310,狼鞠达,2018-08-30,2018-08-30 09:50,412,2018-08-30,(皑家规幅 -118З/s) 
3124,1010320,冕玫达,2018-08-30,2018-08-30 09:50,235,2018-08-30,(荐巩傈企 -157З/s) 
3125,1013310,狼鞠达,2018-08-30,2018-08-30 10:30,340,2018-08-30,(荐巩傈企 -72З/s) 
3126,1017310,迫寸达,2018-08-30,2018-08-30 11:40,2981,2018-08-30,(皑家规幅 -500З/s) 
3127,1015310,没乞达,2018-08-30,2018-08-30 11:40,1288,2018-08-30,(皑家规幅 -246З/s) 
3128,1015310,没乞达,2018-08-30,2018-08-30 13:10,1148,2018-08-30,(皑家规幅 -140З/s) 
3129,1017310,迫寸达,2018-08-30,2018-08-30 14:50,2464,2018-08-30,(皑家规幅 -517З/s) 
3130,1017310,迫寸达,2018-08-30,2018-08-30 17:00,2200,2018-08-30,(皑家规幅 -264З/s) 
3131,1015310,没乞达,2018-08-30,2018-08-30 17:00,1088,2018-08-30,(皑家规幅 -60З/s) 
3132,1004310,鲍魂达,2018-08-30,2018-08-30 17:00,62,2018-08-30,(刘啊规幅  14З/s) 
3133,1004310,鲍魂达,2018-08-30,2018-08-30 18:00,121,2018-08-30,(刘啊规幅  59З/s) 
3134,1004310,鲍魂达,2018-08-30,2018-08-30 18:40,255,2018-08-30,(刘啊规幅  134З/s) 
3135,1017310,迫寸达,2018-08-30,2018-08-30 22:30,1501,2018-08-30,(皑家规幅 -677З/s) 
3136,1015310,没乞达,2018-08-30,2018-08-30 21:30,675,2018-08-30,(皑家规幅 -413З/s) 
3137,1017310,迫寸达,2018-08-31,2018-08-31 01:00,2139,2018-08-31,(刘啊规幅  638З/s) 
3138,1004310,鲍魂达,2018-08-31,2018-08-31 05:10,298,2018-08-31,(刘啊规幅  58З/s) 
3139,1017310,迫寸达,2018-08-31,2018-08-31 06:30,3183,2018-08-31,(刘啊规幅  1044З/s) 
3140,1004310,鲍魂达,2018-08-31,2018-08-31 09:30,637,2018-08-31,(刘啊规幅  339З/s) 
3141,1004310,鲍魂达,2018-08-31,2018-08-31 15:00,308,2018-08-31,(皑家规幅 -329З/s) 
3142,1001210,堡悼,2018-08-31,2018-08-31 18:00,100,2018-08-31,(寸檬) 300З/s (函版) 100З/s捞郴 藕仿利 规幅
3143,1004310,鲍魂达,2018-08-31,2018-08-31 23:00,120,2018-08-31,(皑家规幅 -96З/s) 
3144,1017310,迫寸达,2018-08-31,2018-09-01 00:00,2446,2018-08-31,(皑家规幅 -239З/s) 
3145,1017310,迫寸达,2018-09-01,2018-09-01 00:40,2050,2018-09-01,(皑家规幅 -396З/s) 
3146,1017310,迫寸达,2018-09-01,2018-09-01 04:30,1366,2018-09-01,(皑家规幅 -684З/s) 
3147,1017310,迫寸达,2018-09-01,2018-09-01 14:30,1233,2018-09-01,(皑家规幅 -133З/s) 
3148,1017310,迫寸达,2018-09-01,2018-09-01 14:30,1233,2018-09-01,(皑家规幅 -133З/s) 
3149,1017310,迫寸达,2018-09-01,2018-09-01 22:40,962,2018-09-01,(皑家规幅 -261З/s) 
3150,1004310,鲍魂达,2018-09-02,2018-09-02 07:00,35,2018-09-02,(皑家规幅 -32З/s) 
3151,1017310,迫寸达,2018-09-03,2018-09-03 07:00,1255,2018-09-03,(刘啊规幅  263З/s) 
3152,1017310,迫寸达,2018-09-03,2018-09-03 08:50,1480,2018-09-03,(刘啊规幅  225З/s) 
3153,1004310,鲍魂达,2018-09-03,2018-09-03 10:00,67,2018-09-03,(刘啊规幅  32З/s) 
3154,1010320,冕玫达,2018-09-03,2018-09-03 13:00,307,2018-09-03,(檬扁荐巩规幅  307З/s) 
3155,1013310,狼鞠达,2018-09-03,2018-09-03 14:00,75,2018-09-03,(檬扁荐巩规幅  75З/s) 
3156,1017310,迫寸达,2018-09-03,2018-09-03 14:20,967,2018-09-03,(皑家规幅 -513З/s) 
3157,1017310,迫寸达,2018-09-03,2018-09-03 21:00,1358,2018-09-03,(刘啊规幅  391З/s) 
3158,1013310,狼鞠达,2018-09-03,2018-09-03 21:00,320,2018-09-03,(荐巩傈企  75З/s) 
3159,1010320,冕玫达,2018-09-03,2018-09-03 21:00,252,2018-09-03,(荐巩傈企  55З/s) 
3160,1004310,鲍魂达,2018-09-03,2018-09-04 00:00,113,2018-09-03,(刘啊规幅  46З/s) 
3161,1004310,鲍魂达,2018-09-03,2018-09-04 00:30,222,2018-09-03,(刘啊规幅  109З/s) 
3162,1017310,迫寸达,2018-09-04,2018-09-04 01:00,1884,2018-09-04,(刘啊规幅  526З/s) 
3163,1004310,鲍魂达,2018-09-04,2018-09-04 01:00,364,2018-09-04,(刘啊规幅  142З/s) 
3164,1004310,鲍魂达,2018-09-04,2018-09-04 01:30,710,2018-09-04,(刘啊规幅  346З/s) 
3165,1004310,鲍魂达,2018-09-04,2018-09-04 03:30,2464,2018-09-04,(刘啊规幅  1460З/s) 
3166,1004310,鲍魂达,2018-09-04,2018-09-04 03:00,1004,2018-09-04,(刘啊规幅  294З/s) 
3167,1017310,迫寸达,2018-09-04,2018-09-04 05:30,2800,2018-09-04,(刘啊规幅  916З/s) 
3168,1004310,鲍魂达,2018-09-04,2018-09-04 05:30,1176,2018-09-04,(皑家规幅 -1288З/s) 
3169,1007801,碍玫焊,2018-09-04,2018-09-04 06:00,6500,2018-09-04,碍玫焊 规幅铰牢 : 09/04 06:00何磐 6500З/s (寸檬) 3800З/s (函版) 6500З/s 捞郴 藕仿利 规幅
3170,1007802,咯林焊,2018-09-04,2018-09-04 06:00,7000,2018-09-04,咯林焊 规幅铰牢 : 09/04 06:00何磐 7000З/s (寸檬) 4100З/s (函版) 7000З/s 捞郴 藕仿利 规幅
3171,1007803,捞器焊,2018-09-04,2018-09-04 06:00,7500,2018-09-04,(寸檬) 5000З/s (函版) 7500З/s 捞郴 藕仿利 规幅
3172,1017310,迫寸达,2018-09-04,2018-09-04 06:40,3545,2018-09-04,(刘啊规幅  745З/s) 
3173,1004310,鲍魂达,2018-09-04,2018-09-04 09:10,597,2018-09-04,(皑家规幅 -579З/s) 
3174,1017310,迫寸达,2018-09-04,2018-09-04 10:00,4592,2018-09-04,(刘啊规幅  1047З/s) 
3175,1004310,鲍魂达,2018-09-04,2018-09-04 11:20,375,2018-09-04,(皑家规幅 -222З/s) 
3176,1017310,迫寸达,2018-09-04,2018-09-04 13:30,4087,2018-09-04,(皑家规幅 -505З/s) 
3177,1004310,鲍魂达,2018-09-04,2018-09-04 15:00,173,2018-09-04,(皑家规幅 -202З/s) 
3178,1003110,面林,2018-09-04,2018-09-05 14:00,1500,2018-09-04,弥措 1500З/s捞郴 藕仿利 规幅(惯傈规幅 器窃)
3179,1017310,迫寸达,2018-09-04,2018-09-04 22:00,3127,2018-09-04,(皑家规幅 -960З/s) 
3180,1017310,迫寸达,2018-09-04,2018-09-04 23:30,2330,2018-09-04,(皑家规幅 -797З/s) 
3181,1017310,迫寸达,2018-09-05,2018-09-05 07:00,1891,2018-09-05,(皑家规幅 -439З/s) 
3182,1017310,迫寸达,2018-09-05,2018-09-05 10:50,1628,2018-09-05,(皑家规幅 -263З/s) 
3183,1017310,迫寸达,2018-09-05,2018-09-05 17:00,1364,2018-09-05,(皑家规幅 -264З/s) 
3184,1017310,迫寸达,2018-09-05,2018-09-05 23:00,1894,2018-09-05,(刘啊规幅  530З/s) 
3185,1017310,迫寸达,2018-09-06,2018-09-06 19:00,2171,2018-09-06,(刘啊规幅  277З/s) 
3186,1004310,鲍魂达,2018-09-07,2018-09-07 07:00,23,2018-09-07,(皑家规幅 -17З/s) 
3187,1017310,迫寸达,2018-09-07,2018-09-07 23:00,1812,2018-09-07,(皑家规幅 -359З/s) 
3188,1017310,迫寸达,2018-09-09,2018-09-09 00:20,1456,2018-09-09,(皑家规幅 -356З/s) 
3189,1017310,迫寸达,2018-09-09,2018-09-09 06:40,975,2018-09-09,(皑家规幅 -481З/s) 
3190,1004310,鲍魂达,2018-09-09,2018-09-09 08:30,15,2018-09-09,(荐巩傈企  -8З/s) 
3191,1017310,迫寸达,2018-09-10,2018-09-10 20:00,582,2018-09-10,(皑家规幅 -393З/s) 
3192,1017310,迫寸达,2018-09-10,2018-09-10 21:00,450,2018-09-10,(荐巩傈企  -132З/s) 
3193,1007801,碍玫焊,2018-09-21,2018-09-21 15:00,500,2018-09-21,(弥措规幅樊 500З/s) 
3194,1007802,咯林焊,2018-09-21,2018-09-21 15:00,550,2018-09-21,(弥措规幅樊 550З/s) 
3195,1007803,捞器焊,2018-09-21,2018-09-21 15:00,600,2018-09-21,(弥措规幅樊 600З/s) 
3196,1001210,堡悼,2018-10-04,2018-10-05 10:00,450,2018-10-04,弥措 450З/s捞郴 藕仿利 规幅(咯荐肺 磊楷岿幅樊 力寇)
3197,1007801,碍玫焊,2018-10-05,2018-10-05 15:00,1700,2018-10-05,弥措 1700З/s捞郴 藕仿利 规幅 
3198,1007802,咯林焊,2018-10-05,2018-10-05 15:00,1900,2018-10-05,弥措 1900З/s捞郴 藕仿利 规幅 
3199,1007803,捞器焊,2018-10-05,2018-10-05 15:00,2400,2018-10-05,弥措 2400З/s捞郴 藕仿利 规幅 
3200,1017310,迫寸达,2018-10-05,2018-10-05 18:00,490,2018-10-05,(檬扁荐巩规幅 130З/s)
3201,1004310,鲍魂达,2018-10-05,2018-10-05 18:00,34,2018-10-05,(檬扁荐巩规幅 19З/s) 
3202,1004310,鲍魂达,2018-10-05,2018-10-05 18:30,106,2018-10-05,(刘啊规幅  72З/s) 
3203,1004310,鲍魂达,2018-10-06,2018-10-06 01:00,43,2018-10-06,(皑家规幅 -63З/s) 
3204,1017310,迫寸达,2018-10-06,2018-10-06 11:10,1270,2018-10-06,(刘啊规幅  388З/s) 
3205,1017310,迫寸达,2018-10-06,2018-10-06 13:30,2186,2018-10-06,(刘啊规幅  916З/s) 
3206,1004310,鲍魂达,2018-10-06,2018-10-06 17:00,96,2018-10-06,(刘啊规幅  53З/s) 
3207,1004310,鲍魂达,2018-10-06,2018-10-06 21:00,89,2018-10-06,(皑家规幅 -7З/s) 
3208,1017310,迫寸达,2018-10-06,2018-10-06 23:00,1656,2018-10-06,(皑家规幅 -530З/s) 
3209,1017310,迫寸达,2018-10-07,2018-10-07 07:00,1262,2018-10-07,(皑家规幅 -394З/s) 
3210,1017310,迫寸达,2018-10-07,2018-10-07 14:00,1004,2018-10-07,(皑家规幅 -258З/s) 
3211,1017310,迫寸达,2018-10-07,2018-10-07 19:00,745,2018-10-07,(皑家规幅 -259З/s) 
3212,1004310,鲍魂达,2018-10-10,2018-10-10 07:00,15,2018-10-10,(荐巩傈企  -9З/s) 
3213,1017310,迫寸达,2018-10-10,2018-10-10 10:00,354,2018-10-10,(荐巩傈企 -391З/s) 
3214,1013310,狼鞠达,2018-10-12,2018-10-13 12:00,73,2018-10-12,(檬扁荐巩规幅  73З/s) 惯傈汲厚痢八俊 蝶弗 惯傈规幅 阂啊荤蜡
3215,1013310,狼鞠达,2018-10-13,2018-10-13 16:00,73,2018-10-13,(荐巩傈企  73З/s) 
3216,1004310,鲍魂达,2018-11-11,2018-11-11 12:00,25,2018-11-11,(檬扁荐巩规幅  25З/s) 
3217,1004310,鲍魂达,2018-11-12,2018-11-12 10:00,15,2018-11-12,(荐巩傈企  15З/s) 
3218,1017310,迫寸达,2018-11-15,2018-11-15 21:00,132,2018-11-15,(檬扁荐巩规幅 132З/s) 惯傈汲厚 固累悼俊 蝶弗 荐巩规幅 铰牢 荤亲涝聪促.
3219,1017310,迫寸达,2018-11-16,2018-11-16 12:00,240,2018-11-16,迫寸达 刘啊规幅 108<br>(惯傈汲厚 捞惑俊 蝶弗 荐巩规幅)
3220,1017310,迫寸达,2018-11-18,2018-11-18 05:00,0,2018-11-18,(荐巩傈企  -240З/s) 
3221,1017310,迫寸达,2018-11-27,2018-11-28 09:00,131,2018-11-27,(檬扁荐巩规幅 131З/s) 惯傈汲厚 痢八俊 蝶弗 荐巩规幅 铰牢荤亲涝聪促.
3222,1017310,迫寸达,2018-11-28,2018-11-28 18:00,240,2018-11-28,(荐巩傈企 -131З/s) 惯傈汲厚 痢八 肯丰俊 蝶扼 荐巩阑 傈企窍绊 惯傈樊 240З/s 抗沥涝聪促.
3223,1004310,鲍魂达,2019-06-05,2019-06-06 10:00,400,2019-06-05,弥措 400З/s捞郴 藕仿利 规幅(惯傈规幅 器窃) 
3224,1007801,碍玫焊,2019-06-05,2019-06-06 18:00,600,2019-06-05,弥措 规幅樊 捞郴 藕仿利 规幅 矫青
3225,1007802,咯林焊,2019-06-05,2019-06-06 18:00,650,2019-06-05,弥措 规幅樊 捞郴 藕仿利 规幅 矫青
3226,1007803,捞器焊,2019-06-05,2019-06-06 18:00,700,2019-06-05,弥措 规幅樊 捞郴 藕仿利 规幅 矫青
3227,1001210,堡悼,2019-06-20,2019-06-20 18:00,10,2019-06-20,10З/s 捞郴 藕仿利 规幅(檬扁荐巩规幅) 
3228,1001210,堡悼,2019-07-19,2019-07-19 13:00,80,2019-07-19,
3229,1004310,鲍魂达,2019-07-19,2019-07-20 09:00,600,2019-07-19,(惯傈规幅 器窃)
3230,1007801,碍玫焊,2019-07-19,2019-07-20 10:00,700,2019-07-19,
3231,1007802,咯林焊,2019-07-19,2019-07-20 10:00,750,2019-07-19,
3232,1007803,捞器焊,2019-07-19,2019-07-20 10:00,850,2019-07-19,
3233,1004310,鲍魂达,2019-07-24,2019-07-24 18:30,2300,2019-07-24,(惯傈规幅器窃)
3234,1007801,碍玫焊,2019-07-24,2019-07-25 10:00,4500,2019-07-24,
3235,1007802,咯林焊,2019-07-24,2019-07-25 10:00,5000,2019-07-24,
3236,1007803,捞器焊,2019-07-24,2019-07-25 10:00,5500,2019-07-24,
3237,1017310,迫寸达,2019-07-26,2019-07-26 16:40,990,2019-07-26,(刘啊规幅  260З/s) 
3238,1017310,迫寸达,2019-07-26,2019-07-26 17:35,1514,2019-07-26,(刘啊规幅 524З/s)
3239,1017310,迫寸达,2019-07-26,2019-07-26 23:10,1000,2019-07-26,(皑家规幅 -514З/s) 
3240,1017310,迫寸达,2019-07-27,2019-07-27 09:12,1681,2019-07-27,(刘啊规幅 681З/s)
3241,1015310,没乞达,2019-07-27,2019-07-27 23:30,788,2019-07-27,(刘啊规幅 111З/s)
3242,1017310,迫寸达,2019-07-27,2019-07-27 23:10,1277,2019-07-27,(皑家规幅 -404З/s)
3243,1017310,迫寸达,2019-07-28,2019-07-28 05:30,1014,2019-07-28,(皑家规幅 -263З/s) <br>沥沥傈价
3244,1015310,没乞达,2019-07-28,2019-07-28 05:30,677,2019-07-28,(荐巩傈企  -111З/s) 
3245,1017310,迫寸达,2019-07-28,2019-07-28 08:00,870,2019-07-28,(皑家规幅 -144З/s)
3246,1017310,迫寸达,2019-07-28,2019-07-28 11:30,780,2019-07-28,(皑家规幅 -90З/s) 
3247,1017310,迫寸达,2019-07-31,2019-07-31 13:10,872,2019-07-31,(刘啊规幅 263З/s) 檬扁规幅矫埃沥沥 09:51 -&gt; 13:10
3248,1015310,没乞达,2019-07-31,2019-07-31 13:10,693,2019-07-31,(刘啊规幅 110З/s) 檬扁规幅
3249,1013310,狼鞠达,2019-07-31,2019-07-31 13:10,416,2019-07-31,(刘啊规幅 73З/s) 檬扁规幅
3250,1010320,冕玫达,2019-07-31,2019-07-31 13:10,302,2019-07-31,(刘啊规幅 53З/s) 檬扁规幅
3251,1017310,迫寸达,2019-07-31,2019-07-31 13:10,872,2019-07-31,檬扁规幅 秒家 
3252,1015310,没乞达,2019-07-31,2019-07-31 13:10,693,2019-07-31,檬扁规幅 秒家 
3253,1013310,狼鞠达,2019-07-31,2019-07-31 13:10,416,2019-07-31,檬扁规幅 秒家
3254,1010320,冕玫达,2019-07-31,2019-07-31 13:10,302,2019-07-31,檬扁规幅 秒家
3255,1017310,迫寸达,2019-07-31,2019-08-01 02:40,969,2019-07-31,(檬扁荐巩规幅 264З/s)
3256,1017310,迫寸达,2019-08-01,2019-08-01 03:20,1366,2019-08-01,(刘啊规幅 397З/s)
3257,1017310,迫寸达,2019-08-01,2019-08-01 04:40,1766,2019-08-01,(刘啊规幅 400З/s)
3258,1017310,迫寸达,2019-08-01,2019-08-01 09:40,1365,2019-08-01,(皑家规幅 -401З/s)
3259,1017310,迫寸达,2019-08-01,2019-08-01 21:30,966,2019-08-01,(皑家规幅 -399З/s)
3260,1017310,迫寸达,2019-08-02,2019-08-02 07:00,831,2019-08-02,(皑家规幅 -135З/s)
3261,1017310,迫寸达,2019-08-02,2019-08-02 12:40,700,2019-08-02,(荐巩傈企 -131З/s)
3262,1001210,堡悼,2019-08-05,2019-08-06 14:00,80,2019-08-05,
3263,1004310,鲍魂达,2019-08-05,2019-08-06 15:00,1400,2019-08-05,(惯傈规幅 器窃)
3264,1007801,碍玫焊,2019-08-06,2019-08-06 18:00,1800,2019-08-06,
3265,1007802,咯林焊,2019-08-06,2019-08-06 18:00,1900,2019-08-06,
3266,1007803,捞器焊,2019-08-06,2019-08-06 18:00,2000,2019-08-06,
3267,1004310,鲍魂达,2019-08-07,2019-08-07 09:00,0,2019-08-07,(皑家规幅 -7З/s)鲍魂达 荐巩傈企
3268,1017310,迫寸达,2019-08-12,2019-08-13 00:00,886,2019-08-12,(刘啊规幅 131З/s) 迫寸达 檬扁规幅
3269,1017310,迫寸达,2019-08-13,2019-08-13 11:40,755,2019-08-13,(荐巩傈企 -131З/s) 
3270,1001210,堡悼,2019-08-14,2019-08-14 17:00,80,2019-08-14,
3271,1001210,堡悼,2019-09-03,2019-09-03 21:00,80,2019-09-03,(弥措 80З/s 捞郴 藕仿利 规幅)
3272,1004310,鲍魂达,2019-09-03,2019-09-03 21:00,1900,2019-09-03,(惯傈规幅 器窃 弥措 1900З/s 捞郴)
3273,1017310,迫寸达,2019-09-05,2019-09-05 20:30,1038,2019-09-05,迫寸达(檬扁荐巩规幅 1 038З/s)
3274,1015310,没乞达,2019-09-05,2019-09-05 22:00,437,2019-09-05,(刘啊规幅 167З/s) 
3275,1015310,没乞达,2019-09-05,2019-09-05 22:00,270,2019-09-05,檬扁规幅 秒家
3276,1004310,鲍魂达,2019-09-05,2019-09-05 23:50,23,2019-09-05,(皑家规幅 -9З/s) 
3277,1017310,迫寸达,2019-09-06,2019-09-06 09:00,899,2019-09-06,(皑家规幅 -139З/s) 
3278,1007801,碍玫焊,2019-09-06,2019-09-06 15:00,2500,2019-09-06,
3279,1007802,咯林焊,2019-09-06,2019-09-06 15:00,3000,2019-09-06,
3280,1007803,捞器焊,2019-09-06,2019-09-06 15:00,3500,2019-09-06,
3281,1017310,迫寸达,2019-09-07,2019-09-07 15:00,452,2019-09-07,(荐巩傈企 -131З/s)
3282,1017310,迫寸达,2019-09-11,2019-09-11 09:00,855,2019-09-11,檬扁规幅(刘啊规幅  131З/s) <br>
3283,1017310,迫寸达,2019-09-11,2019-09-11 09:40,1363,2019-09-11,(刘啊规幅 508З/s)
3284,1017310,迫寸达,2019-09-11,2019-09-11 13:20,1918,2019-09-11,(刘啊规幅 555З/s) 
3285,1007801,碍玫焊,2019-09-11,2019-09-06 15:00,500,2019-09-11,
3286,1007802,咯林焊,2019-09-11,2019-09-06 15:00,600,2019-09-11,
3287,1007803,捞器焊,2019-09-11,2019-09-06 15:00,800,2019-09-11,
3288,1017310,迫寸达,2019-09-11,2019-09-11 22:20,1300,2019-09-11,(皑家规幅 -1 300З/s)
3289,1017310,迫寸达,2019-09-11,2019-09-11 22:20,1300,2019-09-11,(皑家规幅 -618З/s) &lt;皑家规幅樊 沥沥&gt;
3290,1017310,迫寸达,2019-09-12,2019-09-12 06:10,756,2019-09-12,(皑家规幅 -544З/s)
3291,1017310,迫寸达,2019-09-12,2019-09-12 11:10,625,2019-09-12,(荐巩傈企  625З/s) 
3292,1004310,鲍魂达,2019-09-20,2019-09-21 18:00,1270,2019-09-20,(惯傈规幅 器窃 弥措 1 270З/s 捞郴)
3293,1001210,堡悼,2019-09-20,2019-09-20 16:00,100,2019-09-20,(弥措 100З/s 捞郴 藕仿利 规幅)
3294,1007801,碍玫焊,2019-09-20,2019-09-22 10:00,1600,2019-09-20,
3295,1007802,咯林焊,2019-09-20,2019-09-22 10:00,1700,2019-09-20,
3296,1007803,捞器焊,2019-09-20,2019-09-22 10:00,1800,2019-09-20,
3297,1001210,堡悼,2019-09-22,2019-09-20 16:00,400,2019-09-22,(函版铰牢) 100З/s ℃ 400З/s
3298,1004310,鲍魂达,2019-09-22,2019-09-22 17:00,46,2019-09-22,檬扁规幅(刘啊规幅 31З/s)
3299,1001210,堡悼,2019-10-02,2019-10-02 13:00,300,2019-10-02,(弥措 300З/s 捞郴 藕仿利 规幅) 
3300,1004310,鲍魂达,2019-10-02,2019-10-02 14:00,1300,2019-10-02,(弥措 1300З/s捞郴 藕仿利 规幅) 
3301,1007801,碍玫焊,2019-10-02,2019-10-02 17:00,1600,2019-10-02,
3302,1007802,咯林焊,2019-10-02,2019-10-02 17:00,1700,2019-10-02,
3303,1007803,捞器焊,2019-10-02,2019-10-02 17:00,1800,2019-10-02,
3304,1004310,鲍魂达,2019-11-17,2019-11-17 21:00,24,2019-11-17,(檬扁荐巩规幅 +9З/s)
3305,1004310,鲍魂达,2019-11-18,2019-11-18 06:00,61,2019-11-18,(刘啊规幅 +37З/s)
3306,1004310,鲍魂达,2019-11-18,2019-11-18 09:00,110,2019-11-18,(刘啊规幅 +49З/s)
3307,1007801,碍玫焊,2019-11-18,2019-11-18 13:00,500,2019-11-18,
3308,1007802,咯林焊,2019-11-18,2019-11-18 13:00,550,2019-11-18,
3309,1007803,捞器焊,2019-11-18,2019-11-18 13:00,600,2019-11-18,
3310,1004310,鲍魂达,2019-11-18,2019-11-18 16:30,64,2019-11-18,(皑家规幅 -46З/s) 
3311,1004310,鲍魂达,2019-11-19,2019-11-19 17:00,41,2019-11-19,(皑家规幅 -16З/s)
3312,1004310,鲍魂达,2019-11-19,2019-11-19 17:00,25,2019-11-19,鲍魂达 规幅樊 沥沥 41З/s -> 25З/s
3313,1004310,鲍魂达,2019-11-20,2019-11-20 13:30,15,2019-11-20,(荐巩傈企 -10З/s) 
3314,1017310,迫寸达,2019-12-20,2019-12-20 13:00,131,2019-12-20,(檬扁荐巩规幅  131З/s) 惯傈汲厚 痢八俊 蝶扼 荐巩规幅甫 烹茄 侩荐傍鞭 角矫
3315,1017310,迫寸达,2019-12-20,2019-12-20 13:00,131,2019-12-20,(檬扁荐巩规幅  131З/s) 惯傈汲厚 救傈辆钦痢八俊 蝶扼 荐巩规幅甫 烹茄 侩荐傍鞭 角矫
3316,1017310,迫寸达,2019-12-22,2019-12-22 18:30,131,2019-12-22,(荐巩傈企  -131З/s) 惯傈汲厚 痢八肯丰俊 蝶扼 荐巩规幅甫 辆丰窍绊 惯傈规幅 角矫抗沥
3317,1004310,鲍魂达,2020-01-08,2020-01-08 10:30,25,2020-01-08,(刘啊规幅 10З/s)
3318,1004310,鲍魂达,2020-01-08,2020-01-08 11:00,99,2020-01-08,(刘啊规幅  74З/s) 
3319,1007801,碍玫焊,2020-01-08,2020-01-08 16:00,500,2020-01-08,
3320,1007802,咯林焊,2020-01-08,2020-01-08 16:00,600,2020-01-08,
3321,1007803,捞器焊,2020-01-08,2020-01-08 16:00,650,2020-01-08,
3322,1004310,鲍魂达,2020-01-09,2020-01-09 06:20,25,2020-01-09,(皑家规幅 -74З/s)
3323,1004310,鲍魂达,2020-01-12,2020-01-12 06:50,15,2020-01-12,(荐巩傈企  -10З/s) 
3324,1004310,鲍魂达,2020-02-24,2020-02-24 21:00,17,2020-02-24,(檬扁荐巩规幅  9З/s) 
3325,1004310,鲍魂达,2020-02-25,2020-02-25 21:30,37,2020-02-25,(刘啊规幅  20З/s) 
3326,1004310,鲍魂达,2020-02-26,2020-02-26 09:50,61,2020-02-26,(刘啊规幅 24З/s) 
3327,1004310,鲍魂达,2020-02-26,2020-02-26 20:30,40,2020-02-26,(皑家规幅 -21З/s)
3328,1004310,鲍魂达,2020-02-27,2020-02-27 13:00,30,2020-02-27,(皑家规幅 -10З/s) 
3329,1004310,鲍魂达,2020-02-28,2020-02-28 22:00,15,2020-02-28,(荐巩傈企 -11З/s)
3330,1007801,碍玫焊,2020-05-19,2020-05-19 14:00,700,2020-05-19,
3331,1007802,咯林焊,2020-05-19,2020-05-19 14:00,750,2020-05-19,
3332,1007803,捞器焊,2020-05-19,2020-05-19 14:00,800,2020-05-19,
3333,1004310,鲍魂达,2020-05-19,2020-05-19 16:00,29,2020-05-19,(檬扁荐巩规幅  14З/s) 
3334,1004310,鲍魂达,2020-05-21,2020-05-21 15:30,15,2020-05-21,(荐巩傈企 -14З/s) 
3335,1017310,迫寸达,2020-05-27,2020-05-28 09:00,375,2020-05-27,(檬扁荐巩规幅  130З/s) 惯傈汲厚 痢八俊 蝶扼 侩荐傍鞭阑 困茄 荐巩规幅 角矫(弥措 880З/s 捞郴)
3336,1017310,迫寸达,2020-05-30,2020-05-30 00:00,130,2020-05-30,矫汲痢八 楷厘俊 蝶弗 规幅楷厘(~5/30 24:00)
3337,1017310,迫寸达,2020-05-30,2020-05-30 12:38,540,2020-05-30,5/30  12:38 矫汲痢八 肯丰俊 蝶弗 荐巩傈企 棺 惯傈规幅(540З/s) 矫青
3338,1004310,鲍魂达,2020-06-11,2020-06-11 05:00,24,2020-06-11,(檬扁荐巩规幅 24З/s)
3339,1004310,鲍魂达,2020-06-11,2020-06-11 11:30,42,2020-06-11,(刘啊规幅  18З/s) 
3340,1004310,鲍魂达,2020-06-12,2020-06-12 18:00,832,2020-06-12,6.13-14 碍荐抗惑俊 蝶弗 铰牢楷厘(弥措 832З/s 捞郴)
3341,1007801,碍玫焊,2020-06-12,2020-06-13 18:00,1000,2020-06-12,
3342,1007802,咯林焊,2020-06-12,2020-06-13 18:00,1100,2020-06-12,
3343,1007803,捞器焊,2020-06-12,2020-06-13 18:00,1200,2020-06-12,
3344,1004310,鲍魂达,2020-06-14,2020-06-14 07:00,8,2020-06-14,荐巩傈企(惯傈规幅:7.5CMS)
3345,1004310,鲍魂达,2020-06-24,2020-06-24 18:00,420,2020-06-24,(惯傈规幅 器窃 弥措 420З/s 捞郴)
3346,1007801,碍玫焊,2020-06-24,2020-06-24 18:00,500,2020-06-24,
3347,1007802,咯林焊,2020-06-24,2020-06-24 18:00,600,2020-06-24,
3348,1007803,捞器焊,2020-06-24,2020-06-24 18:00,700,2020-06-24,
3349,1001210,堡悼,2020-06-29,2020-06-29 18:00,120,2020-06-29,(弥措 120З/s 捞郴 藕仿利 规幅)
3350,1007801,碍玫焊,2020-06-29,2020-06-24 18:00,1400,2020-06-29,(促扁瓷焊 荐巩规幅 函版铰牢)
3351,1007802,咯林焊,2020-06-29,2020-06-24 18:00,1500,2020-06-29,(促扁瓷焊 荐巩规幅 函版铰牢)
3352,1007803,捞器焊,2020-06-29,2020-06-24 18:00,1600,2020-06-29,(促扁瓷焊 荐巩规幅 函版铰牢)
3353,1004310,鲍魂达,2020-06-29,2020-06-24 18:00,1185,2020-06-29,鲍魂达 荐巩规幅 函版铰牢(寸檬: 6.24~7.1.  420З/s   函版: 6.24~7.13.  1185З/s)
3354,1004310,鲍魂达,2020-07-12,2020-07-13 06:00,1300,2020-07-12,(惯傈规幅 器窃)
3355,1007801,碍玫焊,2020-07-13,2020-07-13 16:57,1400,2020-07-13, 促扁瓷焊 荐巩规幅 函版铰牢-规幅樊 函版绝澜 -规幅扁埃: (寸檬) 6.24 18:00~ 7.13 18:00 (函版) 6.24 18:00 ~ 7.27 18:00
3356,1007802,咯林焊,2020-07-13,2020-07-13 16:57,1500,2020-07-13, 促扁瓷焊 荐巩规幅 函版铰牢-规幅樊 函版绝澜 -规幅扁埃: (寸檬) 6.24 18:00~ 7.13 18:00 (函版) 6.24 18:00 ~ 7.27 18:00
3357,1007803,捞器焊,2020-07-13,2020-07-13 16:57,1600,2020-07-13, 促扁瓷焊 荐巩规幅 函版铰牢-规幅樊 函版绝澜 -规幅扁埃: (寸檬) 6.24 18:00~ 7.13 18:00 (函版) 6.24 18:00 ~ 7.27 18:00
3358,1007801,碍玫焊,2020-07-13,2020-06-24 18:00,1400,2020-07-13,促扁瓷焊 荐巩规幅 函版铰牢(寸檬 6.24~7.13  函版 6.24~7.27)
3359,1007802,咯林焊,2020-07-13,2020-06-24 18:00,1500,2020-07-13,促扁瓷焊 荐巩规幅 函版铰牢(寸檬 6.24~7.13  函版 6.24~7.27)
3360,1007803,捞器焊,2020-07-13,2020-06-24 18:00,1600,2020-07-13,促扁瓷焊 荐巩规幅 函版铰牢(寸檬 6.24~7.13  函版 6.24~7.27)
3361,1004310,鲍魂达,2020-07-22,2020-07-22 03:00,34,2020-07-22,(檬扁荐巩规幅  19З/s) 扁惑抗焊 函版俊 蝶弗 檬扁规幅 矫埃 函版
3362,1004310,鲍魂达,2020-07-22,2020-07-22 09:00,59,2020-07-22,(刘啊规幅 25З/s)
3363,1004310,鲍魂达,2020-07-22,2020-07-22 18:00,318,2020-07-22,(刘啊规幅  36З/s) 
3364,1004310,鲍魂达,2020-07-23,2020-07-23 05:30,173,2020-07-23,鲍魂达(皑家规幅 -230З/s)
3365,1001210,堡悼,2020-07-23,2020-07-23 16:30,150,2020-07-23,弥措 150 З/s 捞郴 藕仿利 规幅 矫青
3366,1004310,鲍魂达,2020-07-23,2020-07-23 16:00,650,2020-07-23,碍荐惑炔阑 绊妨 弥措规幅樊(650З/s) 裹困郴 藕仿利 规幅肺 函版(寸檬: 173З/s  函版: 650З/s 捞郴 藕仿款康)  (扁埃: ~8.9 18:00鳖瘤)
3367,1017310,迫寸达,2020-07-23,2020-07-23 23:30,1329,2020-07-23,沥沥 (檬扁荐巩规幅 523З/s)
3368,1017310,迫寸达,2020-07-23,2020-07-24 00:15,2250,2020-07-23,(刘啊规幅 921З/s)
3369,1017310,迫寸达,2020-07-24,2020-07-24 02:20,2976,2020-07-24,规幅矫埃 沥沥 (刘啊规幅 726З/s)
3370,1017310,迫寸达,2020-07-24,2020-07-24 07:00,2387,2020-07-24,(皑家规幅 -589З/s)迫寸达 皑家 规幅
3371,1017310,迫寸达,2020-07-24,2020-07-24 14:40,1700,2020-07-24,(皑家规幅 -687З/s) 
3372,1017310,迫寸达,2020-07-24,2020-07-24 21:50,2313,2020-07-24,(刘啊规幅 613З/s)
3373,1017310,迫寸达,2020-07-25,2020-07-25 00:30,1823,2020-07-25,(皑家规幅 -490З/s)
3374,1017310,迫寸达,2020-07-25,2020-07-25 06:00,1279,2020-07-25,(皑家规幅 -544З/s)
3375,1017310,迫寸达,2020-07-25,2020-07-25 08:40,920,2020-07-25,(皑家规幅 -359З/s)
3376,1017310,迫寸达,2020-07-26,2020-07-26 21:00,790,2020-07-26,(皑家规幅 -130З/s)
3377,1001210,堡悼,2020-07-27,2020-07-23 16:30,150,2020-07-27,堡悼达 荐巩规幅 函版(规幅扁埃楷厘) 铰牢. 寸檬:  7.23 16:30~7.27 12:00  函版: 7.23 16:30~7.31 12:00
3378,1007801,碍玫焊,2020-07-27,2020-07-27 18:00,800,2020-07-27,规幅扁埃(7.27 18:00~ 8.9 18:00)
3379,1007802,咯林焊,2020-07-27,2020-07-27 18:00,900,2020-07-27,规幅扁埃(7.27 18:00~ 8.9 18:00)
3380,1007803,捞器焊,2020-07-27,2020-07-27 18:00,1000,2020-07-27,规幅扁埃(7.27 18:00~ 8.9 18:00)
3381,1017310,迫寸达,2020-07-29,2020-07-29 14:00,1092,2020-07-29,(刘啊规幅 392З/s)
3382,1004310,鲍魂达,2020-07-29,2020-07-22 03:00,1000,2020-07-29,函版铰牢(寸檬: 7.22 03:00~8.9 18:00  弥措 650З/s 捞郴  函版: 7.22 03:00~8.12 18:00  弥措 1000З/s 捞郴)
3383,1007801,碍玫焊,2020-07-29,2020-07-27 18:00,1400,2020-07-29,碍玫焊 函版铰牢 (寸檬: 800З/s 捞郴  函版: 1 400З/s 捞郴)
3384,1007802,咯林焊,2020-07-29,2020-07-27 18:00,1500,2020-07-29,(规幅扁埃 沥沥) 咯林焊 函版铰牢 (寸檬: 900З/s 捞郴  函版: 1 500З/s 捞郴)
3385,1007803,捞器焊,2020-07-29,2020-07-27 18:00,1600,2020-07-29,(规幅扁埃 沥沥) 捞器焊 函版铰牢 (寸檬: 1000З/s 捞郴  函版: 1 600З/s 捞郴)
3386,1017310,迫寸达,2020-07-29,2020-07-29 20:00,1638,2020-07-29,(刘啊规幅 546З/s) 
3387,1007801,碍玫焊,2020-07-30,2020-07-27 18:00,3000,2020-07-30,
3388,1007802,咯林焊,2020-07-30,2020-07-27 18:00,3500,2020-07-30,
3389,1007803,捞器焊,2020-07-30,2020-07-27 18:00,4000,2020-07-30,
3390,1017310,迫寸达,2020-07-30,2020-07-30 08:00,2302,2020-07-30,(刘啊规幅 664З/s)
3391,1017310,迫寸达,2020-07-30,2020-07-30 08:40,3110,2020-07-30,(刘啊规幅 808З/s)
3392,1007801,碍玫焊,2020-08-30,2020-07-27 18:00,6000,2020-07-30,碍玫焊 刘啊规幅 6 000З/s咯林焊 刘啊规幅 7 000З/s捞器焊 刘啊规幅 8 000З/s
3393,1007802,咯林焊,2020-08-30,2020-07-27 18:00,7000,2020-07-30,碍玫焊 刘啊规幅 6 000З/s咯林焊 刘啊规幅 7 000З/s捞器焊 刘啊规幅 8 000З/s
3394,1007803,捞器焊,2020-08-30,2020-07-27 18:00,8000,2020-07-30,碍玫焊 刘啊规幅 6 000З/s咯林焊 刘啊规幅 7 000З/s捞器焊 刘啊规幅 8 000З/s
3395,1017310,迫寸达,2020-07-30,2020-07-30 10:10,3802,2020-07-30,(刘啊规幅 692З/s)
3396,1017310,迫寸达,2020-07-30,2020-07-30 11:00,4734,2020-07-30,(刘啊规幅 932З/s)
3397,1004310,鲍魂达,2020-07-30,2020-07-22 03:00,1900,2020-07-30,<沥沥>(1 900З/s捞郴 皑家规幅 564З/s)
3398,1017310,迫寸达,2020-07-31,2020-07-31 01:10,3719,2020-07-31,(皑家规幅 -1015З/s)
3399,1017310,迫寸达,2020-07-31,2020-07-31 04:10,2948,2020-07-31,(皑家规幅 -771З/s)
3400,1017310,迫寸达,2020-07-31,2020-07-31 06:40,2023,2020-07-31,(皑家规幅 -925З/s)
3401,1017310,迫寸达,2020-07-31,2020-07-31 15:00,1355,2020-07-31,(皑家规幅 -668З/s)
3402,1017310,迫寸达,2020-08-01,2020-08-01 06:40,1893,2020-08-01,(刘啊规幅 538З/s)
3403,1017310,迫寸达,2020-08-01,2020-08-01 19:30,1108,2020-08-01,(皑家规幅 -785З/s)
3404,1017310,迫寸达,2020-08-02,2020-08-02 00:40,1608,2020-08-02,(刘啊规幅 500З/s)
3405,1017310,迫寸达,2020-08-02,2020-08-02 02:20,2791,2020-08-02,(刘啊规幅 1183З/s)
3406,1017310,迫寸达,2020-08-02,2020-08-02 06:30,3814,2020-08-02,(刘啊规幅 1 023З/s)
3407,1017310,迫寸达,2020-08-02,2020-08-02 09:10,4500,2020-08-02,(刘啊规幅 686З/s)
3408,1017310,迫寸达,2020-08-02,2020-08-02 10:10,5450,2020-09-02,(刘啊规幅 950З/s)
3409,1007801,碍玫焊,2020-08-02,2020-07-27 18:10,8500,2020-08-02,
3410,1007802,咯林焊,2020-08-02,2020-07-27 18:10,9000,2020-08-02,
3411,1007803,捞器焊,2020-08-02,2020-07-27 18:10,9500,2020-08-02,
3412,1003110,面林,2020-08-02,2020-08-02 18:00,3000,2020-08-02,
3413,1017310,迫寸达,2020-08-02,2020-08-02 14:40,7000,2020-08-02,(刘啊规幅 1550З/s)
3414,1017310,迫寸达,2020-08-02,2020-08-02 15:10,8000,2020-08-02,(刘啊规幅 1000З/s)
3415,1015310,没乞达,2020-08-02,2020-08-02 18:00,820,2020-08-02,(檬扁荐巩规幅155З/s)
3416,1017310,迫寸达,2020-08-02,2020-08-02 16:10,10000,2020-08-02,(刘啊规幅 2000З/s)
3417,1013310,狼鞠达,2020-08-02,2020-08-02 19:00,420,2020-08-02,(檬扁荐巩规幅 77З/s)
3418,1010320,冕玫达,2020-08-02,2020-08-02 19:00,174,2020-08-02,(檬扁荐巩规幅 53З/s)
3419,1017310,迫寸达,2020-08-02,2020-08-02 18:10,8500,2020-08-02,(皑家规幅 -1500З/s)
3420,1017310,迫寸达,2020-08-02,2020-08-02 19:20,7500,2020-08-02,(皑家规幅 -1000З/s)
3421,1015310,没乞达,2020-08-02,2020-08-02 21:20,1458,2020-08-02,(刘啊规幅 638З/s)
3422,1017310,迫寸达,2020-08-02,2020-08-02 23:10,6795,2020-08-02,(皑家规幅 -705З/s)
3423,1013310,狼鞠达,2020-08-02,2020-08-02 23:40,1058,2020-08-02,(刘啊规幅638З/s)
3424,1010320,冕玫达,2020-08-02,2020-08-02 23:40,717,2020-08-02,(刘啊规幅 543З/s)
3425,1013310,狼鞠达,2020-08-03,2020-08-03 02:30,1602,2020-08-03,(刘啊规幅 638З/s)
3426,1010320,冕玫达,2020-08-03,2020-08-03 01:30,1313,2020-08-03,(刘啊规幅 596З/s)
3427,1017310,迫寸达,2020-08-03,2020-08-03 02:30,6295,2020-08-03,(皑家规幅 -500З/s)
3428,1013310,狼鞠达,2020-08-03,2020-08-03 03:30,2241,2020-08-03,(刘啊规幅 639З/s)
3429,1010320,冕玫达,2020-08-03,2020-08-03 02:30,1922,2020-08-03,(刘啊规幅 609З/s)
3430,1017310,迫寸达,2020-08-03,2020-08-03 03:20,5595,2020-08-03,(皑家规幅 -700З/s)
3431,1013310,狼鞠达,2020-08-03,2020-08-03 04:00,3401,2020-08-03,(刘啊规幅 1160З/s)
3432,1010320,冕玫达,2020-08-03,2020-08-03 03:20,2915,2020-08-03,(刘啊规幅 993З/s)
3433,1015310,没乞达,2020-08-03,2020-08-03 04:10,2139,2020-08-03,(刘啊规幅 681З/s)
3434,1013310,狼鞠达,2020-08-03,2020-08-03 04:20,3897,2020-08-03,(刘啊规幅 496З/s)
3435,1013310,狼鞠达,2020-08-03,2020-08-03 04:50,4374,2020-08-03,(刘啊规幅 477З/s)
3436,1015310,没乞达,2020-08-03,2020-08-03 06:00,3135,2020-08-03,(刘啊规幅 997З/s)
3437,1017310,迫寸达,2020-08-03,2020-08-03 07:00,7095,2020-08-03,(刘啊规幅 1500З/s)
3438,1015310,没乞达,2020-08-03,2020-08-03 07:00,4638,2020-08-03,(刘啊规幅 1503З/s)
3439,1010320,冕玫达,2020-08-03,2020-08-03 07:10,1567,2020-08-03,(皑家规幅 -786З/s)
3440,1015310,没乞达,2020-08-03,2020-08-03 07:40,5315,2020-08-03,(刘啊规幅 677З/s)
3441,1017310,迫寸达,2020-08-03,2020-08-03 08:10,8994,2020-08-03,(刘啊规幅 1899З/s)
3442,1017310,迫寸达,2020-08-03,2020-08-03 08:20,9994,2020-08-03,(刘啊规幅 1000З/s)
3443,1013310,狼鞠达,2020-08-03,2020-08-03 09:10,3357,2020-08-03,(皑家规幅 -1017З/s)
3444,1015310,没乞达,2020-08-03,2020-08-03 10:40,6240,2020-08-03,(刘啊规幅 925З/s)
3445,1015310,没乞达,2020-08-03,2020-08-03 11:10,6920,2020-08-03,(刘啊规幅 680З/s)
3446,1017310,迫寸达,2020-08-03,2020-08-03 12:10,12000,2020-08-03,(刘啊规幅 2000З/s)
3447,1015310,没乞达,2020-08-03,2020-08-03 12:10,7576,2020-08-03,(刘啊规幅 656З/s)
3448,1017310,迫寸达,2020-08-03,2020-08-03 12:20,15000,2020-08-03,(刘啊规幅 3000З/s)
3449,1017310,迫寸达,2020-08-03,2020-08-03 13:10,13000,2020-08-03,(皑家规幅 -2000З/s)
3450,1015310,没乞达,2020-08-03,2020-08-03 13:10,6685,2020-08-03,(皑家规幅 -890З/s)
3451,1001210,堡悼,2020-08-03,2020-08-03 16:00,100,2020-08-03,(刘啊规幅捞郴100З/s)
3452,1017310,迫寸达,2020-08-03,2020-08-03 15:10,11500,2020-08-03,(皑家规幅 -1500З/s)
3453,1015310,没乞达,2020-08-03,2020-08-03 15:10,5880,2020-08-03,(皑家规幅 -805З/s)
3454,1010320,冕玫达,2020-08-03,2020-08-03 15:10,826,2020-08-03,(皑家规幅 -774З/s)
3455,1017310,迫寸达,2020-08-03,2020-08-03 16:10,10500,2020-08-03,(皑家规幅 -1000З/s)
3456,1013310,狼鞠达,2020-08-03,2020-08-03 16:30,1660,2020-08-03,(皑家规幅 -1697З/s)
3457,1010310,拳玫达,2020-08-03,2020-08-03 20:00,3500,2020-08-03,(刘啊规幅 3 500З/s捞郴)
3458,1017310,迫寸达,2020-08-03,2020-08-03 16:40,9000,2020-08-03,(皑家规幅 -1500З/s)
3459,1015310,没乞达,2020-08-03,2020-08-03 17:40,7121,2020-08-03,(刘啊规幅 1247З/s)
3460,1013310,狼鞠达,2020-08-03,2020-08-03 17:40,1100,2020-08-03,(皑家规幅 -560З/s)
3461,1015310,没乞达,2020-08-03,2020-08-03 18:50,5621,2020-08-03,(皑家规幅 -1500З/s)
3462,1015310,没乞达,2020-08-03,2020-08-03 20:00,4941,2020-08-03,(皑家规幅 -680З/s)
3463,1015310,没乞达,2020-08-03,2020-08-03 20:20,4117,2020-08-03,(皑家规幅 -824З/s)
3464,1015310,没乞达,2020-08-03,2020-08-03 21:30,3459,2020-08-03,(皑家规幅 -948З/s)
3465,1013310,狼鞠达,2020-08-03,2020-08-03 22:30,1360,2020-08-03,(刘啊规幅 250З/s)
3466,1015310,没乞达,2020-08-03,2020-08-03 23:00,2691,2020-08-03,(皑家规幅 -757З/s)
3467,1017310,迫寸达,2020-08-04,2020-08-04 00:30,7795,2020-08-04,(皑家规幅 -1006З/s)
3468,1015310,没乞达,2020-08-04,2020-08-04 02:10,2373,2020-08-04,(皑家规幅 -318З/s)
3469,1010320,冕玫达,2020-08-04,2020-08-04 02:10,547,2020-08-04,(皑家规幅 -273З/s)
3470,1015310,没乞达,2020-08-04,2020-08-04 05:00,1602,2020-08-04,(皑家规幅 -771З/s)
3471,1013310,狼鞠达,2020-08-04,2020-08-04 05:00,841,2020-08-04,(皑家规幅 -519З/s)
3472,1017310,迫寸达,2020-08-04,2020-08-04 08:20,6995,2020-08-04,(皑家规幅 -999З/s)
3473,1013310,狼鞠达,2020-08-04,2020-08-04 11:10,1649,2020-08-04,(狼鞠达 刘啊规幅 736З/s)
3474,1010320,冕玫达,2020-08-04,2020-08-04 11:10,915,2020-08-04,(冕玫达 刘啊规幅 368З/s)
3475,1006110,染己,2020-08-04,2020-08-04 15:00,300,2020-08-04,染己达 规幅铰牢 弥措 300З/s (碍快惑炔俊 蝶扼 规幅樊 藕仿 炼例抗沥)
3476,1013310,狼鞠达,2020-08-04,2020-08-04 12:50,2059,2020-08-04,(刘啊规幅 +410З/s)
3477,1010320,冕玫达,2020-08-04,2020-08-04 12:50,1683,2020-08-04,(刘啊规幅 +768З/s)
3478,1015310,没乞达,2020-08-04,2020-08-04 14:10,2930,2020-08-04,(刘啊规幅 1328З/s)
3479,1013310,狼鞠达,2020-08-04,2020-08-04 14:10,2801,2020-08-04,(刘啊规幅 742З/s)
3480,1010320,冕玫达,2020-08-04,2020-08-04 14:10,2595,2020-08-04,(刘啊规幅 912З/s)
3481,1015310,没乞达,2020-08-04,2020-08-04 15:30,4594,2020-08-04,(没乞达 刘啊规幅 +1664З/s)
3482,1013310,狼鞠达,2020-08-04,2020-08-04 15:30,3687,2020-08-04,(狼鞠达 刘啊规幅 +886З/s)
3483,1010320,冕玫达,2020-08-04,2020-08-04 15:30,2863,2020-08-04,(刘啊规幅 268З/s)
3484,1017310,迫寸达,2020-08-04,2020-08-04 16:15,8088,2020-08-04,规幅扁埃(规幅 矫埃父 函版)(寸檬) 8/4 15:15 ~ (函版) 8/4 16:15 ~ 规幅樊 (函版 绝澜)(寸檬) 8088З/s(函版) 8088З/s
3485,1013310,狼鞠达,2020-08-04,2020-08-04 16:15,4259,2020-08-04,(刘啊规幅 572З/s)
3486,1013310,狼鞠达,2020-08-04,2020-08-04 18:00,4720,2020-08-04,(刘啊规幅 461З/s)
3487,1013310,狼鞠达,2020-08-04,2020-08-04 21:10,3610,2020-08-04,(皑家规幅 -1110З/s)
3488,1010320,冕玫达,2020-08-04,2020-08-04 20:30,2000,2020-08-04,(冕玫达 皑家规幅 -863З/s)
3489,1017310,迫寸达,2020-08-04,2020-08-04 22:10,8000,2020-08-04,(惯寸达 刘啊规幅 +1467З/s)
3490,1015310,没乞达,2020-08-04,2020-08-04 23:10,3200,2020-08-04,(没乞达 皑家规幅 -1394З/s)
3491,1015310,没乞达,2020-08-05,2020-08-05 02:10,3930,2020-08-05,(没乞达 刘啊规幅 730З/s)
3492,1017310,迫寸达,2020-08-05,2020-08-05 06:10,8500,2020-08-05,(刘啊规幅 500З/s)
3493,1015310,没乞达,2020-08-05,2020-08-05 06:10,4340,2020-08-05,(刘啊规幅 410З/s)
3494,1010320,冕玫达,2020-08-05,2020-08-05 08:20,3130,2020-08-05,(冕玫达 刘啊规幅 +11300З/s)
3495,1013310,狼鞠达,2020-08-05,2020-08-05 09:20,4375,2020-08-05,(刘啊规幅 765З/s)
3496,1010320,冕玫达,2020-08-05,2020-08-05 10:00,3610,2020-08-05,(刘啊规幅 480З/s)
3497,1013310,狼鞠达,2020-08-05,2020-08-05 10:40,4930,2020-08-05,(刘啊规幅 555З/s)
3498,1017310,迫寸达,2020-08-05,2020-08-05 11:10,7620,2020-08-05,(皑家规幅 -880З/s)
3499,1015310,没乞达,2020-08-05,2020-08-05 12:00,5640,2020-08-05,(刘啊规幅 1300З/s)
3500,1013310,狼鞠达,2020-08-05,2020-08-05 12:10,5730,2020-08-05,(刘啊规幅 800З/s)
3501,1010320,冕玫达,2020-08-05,2020-08-05 11:40,4120,2020-08-05,(刘啊规幅 510З/s)
3502,1010310,拳玫达,2020-08-05,2020-08-03 20:00,4700,2020-08-05,规幅扁埃 (寸檬) 08/03 20:00 ~ 08/07 10:00 (函版) 08/03 20:00 ~ 08/13 09:40 规幅樊(寸檬) 3500З/s(函版) 4700З/s
3503,1012110,家剧碍,2020-08-05,2020-08-05 15:00,3000,2020-08-05,
3504,1017310,迫寸达,2020-08-05,2020-08-05 13:30,8900,2020-08-05,(刘啊规幅 1280З/s)
3505,1013310,狼鞠达,2020-08-05,2020-08-05 13:30,6260,2020-08-05,(刘啊规幅 530З/s)
3506,1015310,没乞达,2020-08-05,2020-08-05 15:10,6590,2020-08-05,(刘啊规幅 950З/s)
3507,1013310,狼鞠达,2020-08-05,2020-08-05 15:10,7340,2020-08-05,(刘啊规幅 1080З/s)
3508,1017310,迫寸达,2020-08-05,2020-08-05 17:10,10820,2020-08-05,(刘啊规幅 1920З/s)
3509,1010320,冕玫达,2020-08-05,2020-08-05 18:00,5020,2020-08-05,(刘啊规幅 900З/s)
3510,1017310,迫寸达,2020-08-05,2020-08-05 20:10,13270,2020-08-05,(刘啊规幅 2450З/s)
3511,1015310,没乞达,2020-08-05,2020-08-05 20:10,9080,2020-08-05,(刘啊规幅 2490З/s)
3512,1013310,狼鞠达,2020-08-05,2020-08-05 19:10,9700,2020-08-05,(刘啊规幅 2360З/s)
3513,1010310,拳玫达,2020-08-05,2020-08-03 20:00,5700,2020-08-05,规幅扁埃 (寸檬) 08/03 20:00 ~ 08/13 09:40 (函版) 08/03 20:00 ~ 08/13 20:00 规幅樊(寸檬) 4700З/s(函版) 5700З/s
3514,1017310,迫寸达,2020-08-05,2020-08-05 21:10,12240,2020-08-05,(刘啊规幅 1420З/s)迫寸达 炼累矫埃 棺 规幅樊 沥沥
3515,1013310,狼鞠达,2020-08-05,2020-08-05 22:20,10589,2020-08-05,(刘啊规幅 889З/s)
3516,1010320,冕玫达,2020-08-05,2020-08-05 22:40,4320,2020-08-05,(皑家规幅 -700З/s)
3517,1017310,迫寸达,2020-08-06,2020-08-06 00:40,14240,2020-08-06,(刘啊规幅 2000З/s)
3518,1013310,狼鞠达,2020-08-06,2020-08-06 01:40,9700,2020-08-06,(皑家规幅 -890З/s)
3519,1003110,面林,2020-08-06,2020-08-02 18:00,7000,2020-08-06,规幅扁埃 (寸檬) 08/02 18:00 ~ 08/12 18:00 (函版) 08/02 18:00 ~ 08/16 24:00 规幅樊(寸檬) 3000З/s(函版) 7000З/s
3520,1017310,迫寸达,2020-08-06,2020-08-06 02:40,13240,2020-08-06,(皑家规幅 -1000З/s)
3521,1015310,没乞达,2020-08-06,2020-08-06 04:20,8340,2020-08-06,(皑家规幅 -740З/s)
3522,1010320,冕玫达,2020-08-06,2020-08-06 04:20,4730,2020-08-06,(刘啊规幅 410З/s)
3523,1017310,迫寸达,2020-08-06,2020-08-06 05:10,14900,2020-08-06,(刘啊规幅 1660m/s)
3524,1015310,没乞达,2020-08-06,2020-08-06 06:40,9510,2020-08-06,(刘啊规幅1170З/s)
3525,1013310,狼鞠达,2020-08-06,2020-08-06 06:40,10640,2020-08-06,(刘啊规幅 940З/s)
3526,1017310,迫寸达,2020-08-06,2020-08-06 07:20,16900,2020-08-06,(刘啊规幅 2000З/s)
3527,1015310,没乞达,2020-08-06,2020-08-06 08:00,10506,2020-08-06,(刘啊规幅 996З/s)
3528,1015310,没乞达,2020-08-06,2020-08-06 08:40,11536,2020-08-06,(刘啊规幅 1030З/s)
3529,1013310,狼鞠达,2020-08-06,2020-08-06 08:40,11391,2020-08-06,(刘啊规幅 751З/s)
3530,1010320,冕玫达,2020-08-06,2020-08-06 08:40,5555,2020-08-06,(刘啊规幅 825З/s)
3531,1017310,迫寸达,2020-08-06,2020-08-06 09:00,18392,2020-08-06,(刘啊规幅 1492З/s)
3532,1010320,冕玫达,2020-08-06,2020-08-06 10:30,4772,2020-08-06,(皑家规幅 -783З/s)
3533,1007801,碍玫焊,2020-08-06,2020-07-27 18:00,10000,2020-08-06,规幅扁埃 (寸檬) 20.7.27 18:00 ~ 20.8.12 18:00 (函版) 20.7.27 18:00 ~ 20.8.21 18:00 规幅樊碍玫焊(寸檬) 8 500З/s (函版) 10 000З/s咯林焊(寸檬) 9 000З/s (函版) 11 000З/s捞器焊(寸檬) 9 500З/s (函版) 12 000З/s
3534,1007802,咯林焊,2020-08-06,2020-07-27 18:00,11000,2020-08-06,规幅扁埃 (寸檬) 20.7.27 18:00 ~ 20.8.12 18:00 (函版) 20.7.27 18:00 ~ 20.8.21 18:00 规幅樊碍玫焊(寸檬) 8 500З/s (函版) 10 000З/s咯林焊(寸檬) 9 000З/s (函版) 11 000З/s捞器焊(寸檬) 9 500З/s (函版) 12 000З/s
3535,1007803,捞器焊,2020-08-06,2020-07-27 18:00,12000,2020-08-06,规幅扁埃 (寸檬) 20.7.27 18:00 ~ 20.8.12 18:00 (函版) 20.7.27 18:00 ~ 20.8.21 18:00 规幅樊碍玫焊(寸檬) 8 500З/s (函版) 10 000З/s咯林焊(寸檬) 9 000З/s (函版) 11 000З/s捞器焊(寸檬) 9 500З/s (函版) 12 000З/s
3536,1013310,狼鞠达,2020-08-06,2020-08-06 11:15,10676,2020-08-06,(皑家规幅 -715З/s)
3537,1010320,冕玫达,2020-08-06,2020-08-06 11:15,4201,2020-08-06,(皑家规幅 -571З/s)
3538,1013310,狼鞠达,2020-08-06,2020-08-06 14:30,9776,2020-08-06,(皑家规幅 -900З/s)
3539,1017310,迫寸达,2020-08-06,2020-08-06 14:50,17393,2020-08-06,(皑家规幅 -999З/s)
3540,1017310,迫寸达,2020-08-06,2020-08-06 15:30,16393,2020-08-06,(皑家规幅 -1000З/s)
3541,1015310,没乞达,2020-08-06,2020-08-06 15:30,10493,2020-08-06,(皑家规幅 -1043З/s)
3542,1010320,冕玫达,2020-08-06,2020-08-06 15:30,3356,2020-08-06,(皑家规幅 -645З/s)
3543,1017310,迫寸达,2020-08-06,2020-08-06 17:50,15393,2020-08-06,(皑家规幅 -1000З/s)
3544,1013310,狼鞠达,2020-08-06,2020-08-06 17:50,9043,2020-08-06,(皑家规幅 -733З/s)
3545,1015310,没乞达,2020-08-06,2020-08-06 19:30,9832,2020-08-06,(皑家规幅 -661З/s)
3546,1010320,冕玫达,2020-08-06,2020-08-06 19:30,2995,2020-08-06,规幅樊(寸檬) -339З/s(函版) -561З/s
3547,1015310,没乞达,2020-08-06,2020-08-06 21:00,9292,2020-08-06,(皑家规幅 -540З/s)
3548,1015310,没乞达,2020-08-06,2020-08-06 22:10,8906,2020-08-06,(皑家规幅 -386З/s)
3549,1013310,狼鞠达,2020-08-06,2020-08-06 22:10,8674,2020-08-06,(皑家规幅 -369З/s)
3550,1017310,迫寸达,2020-08-06,2020-08-06 23:10,14392,2020-08-06,(皑家规幅 -1001З/s)
3551,1015310,没乞达,2020-08-06,2020-08-06 23:10,7827,2020-08-06,(皑家规幅 -1079З/s)
3552,1013310,狼鞠达,2020-08-06,2020-08-06 23:10,8183,2020-08-06,(皑家规幅 -491З/s)
3553,1015310,没乞达,2020-08-07,2020-08-07 01:50,7200,2020-08-07,(皑家规幅 -627З/s)
3554,1013310,狼鞠达,2020-08-07,2020-08-07 01:50,7655,2020-08-07,(皑家规幅 -528З/s)
3555,1010320,冕玫达,2020-08-07,2020-08-07 01:50,2386,2020-08-07,(皑家规幅 -609З/s)
3556,1017310,迫寸达,2020-08-07,2020-08-07 03:20,12892,2020-08-07,(皑家规幅 -1500З/s)
3557,1015310,没乞达,2020-08-07,2020-08-07 03:20,6649,2020-08-07,(皑家规幅 -551З/s)
3558,1013310,狼鞠达,2020-08-07,2020-08-07 03:20,7125,2020-08-07,(皑家规幅 -530З/s)
3559,1015310,没乞达,2020-08-07,2020-08-07 06:10,6166,2020-08-07,(皑家规幅 -483З/s)
3560,1013310,狼鞠达,2020-08-07,2020-08-07 06:10,6633,2020-08-07,(皑家规幅 -492З/s)
3561,1010320,冕玫达,2020-08-07,2020-08-07 06:50,1936,2020-08-07,(皑家规幅 -450З/s)
3562,1015310,没乞达,2020-08-07,2020-08-07 08:30,5540,2020-08-07,(皑家规幅 -626З/s)
3563,1013310,狼鞠达,2020-08-07,2020-08-07 08:30,5960,2020-08-07,(皑家规幅 -673З/s)
3564,1015310,没乞达,2020-08-07,2020-08-07 09:40,4840,2020-08-07,(没乞达 皑家规幅 -700З/s)
3565,1013310,狼鞠达,2020-08-07,2020-08-07 09:40,4880,2020-08-07,(狼鞠达 皑家规幅 -1080З/s)
3566,1010320,冕玫达,2020-08-07,2020-08-07 09:40,1670,2020-08-07,(冕玫达 皑家规幅 -266З/s)
3567,1017310,迫寸达,2020-08-07,2020-08-07 10:40,11400,2020-08-07,(迫寸达 皑家规幅 -1582З/s)
3568,1013310,狼鞠达,2020-08-07,2020-08-07 10:40,4000,2020-08-07,(狼鞠达 皑家规幅 -880З/s)
3569,1010320,冕玫达,2020-08-07,2020-08-07 13:00,1140,2020-08-07,(冕玫达 皑家规幅 -530З/s)
3570,1017310,迫寸达,2020-08-07,2020-08-07 13:30,10400,2020-08-07,(皑家规幅 -1000З/s)
3571,1015310,没乞达,2020-08-07,2020-08-07 13:30,3840,2020-08-07,(皑家规幅 -1000З/s)
3572,1017310,迫寸达,2020-08-07,2020-08-07 16:30,9100,2020-08-07,(迫寸达 皑家规幅 -1300З/s)
3573,1015310,没乞达,2020-08-07,2020-08-07 16:30,3300,2020-08-07,(没乞达 皑家规幅 -540З/s)
3574,1013310,狼鞠达,2020-08-07,2020-08-07 16:30,3650,2020-08-07,(狼鞠达 皑家规幅 -350З/s)
3575,1017310,迫寸达,2020-08-07,2020-08-07 20:30,8094,2020-08-07,(皑家规幅 -1006З/s)
3576,1015310,没乞达,2020-08-08,2020-08-08 01:30,2902,2020-08-08,(皑家规幅 -398З/s)
3577,1013310,狼鞠达,2020-08-08,2020-08-08 01:30,3269,2020-08-08,(皑家规幅 -381З/s)
3578,1010320,冕玫达,2020-08-08,2020-08-08 01:30,988,2020-08-08,沥沥 规幅樊(寸檬) 000З/s(函版) -152З/s
3579,1015310,没乞达,2020-08-08,2020-08-08 04:15,2589,2020-08-08,(没乞达 皑家规幅 -312З/s)
3580,1013310,狼鞠达,2020-08-08,2020-08-08 08:20,2978,2020-08-08,(皑家规幅 -291З/s)
3581,1010320,冕玫达,2020-08-08,2020-08-08 08:20,730,2020-08-08,(皑家规幅 -258З/s)
3582,1013310,狼鞠达,2020-08-08,2020-08-08 10:00,2483,2020-08-08,(皑家规幅 -495З/s)
3583,1015310,没乞达,2020-08-08,2020-08-08 13:30,1863,2020-08-08,(皑家规幅 -726З/s)
3584,1017310,迫寸达,2020-08-08,2020-08-08 14:40,6795,2020-08-08,(皑家规幅 -1299З/s)
3585,1015310,没乞达,2020-08-08,2020-08-08 20:00,2240,2020-08-08,(刘啊规幅 377З/s)
3586,1013310,狼鞠达,2020-08-09,2020-08-09 00:40,2100,2020-08-09,(皑家规幅 -383З/s)
3587,1017310,迫寸达,2020-08-09,2020-08-09 02:00,7800,2020-08-09,(刘啊规幅 1005З/s)
3588,1013310,狼鞠达,2020-08-09,2020-08-09 02:00,1860,2020-08-09,(皑家规幅 -240З/s)
3589,1017310,迫寸达,2020-08-09,2020-08-09 08:10,8800,2020-08-09,(刘啊规幅 1000З/s)
3590,1010320,冕玫达,2020-08-09,2020-08-09 08:10,890,2020-08-09,(刘啊规幅 160З/s)
3591,1017310,迫寸达,2020-08-09,2020-08-09 09:30,9800,2020-08-09,(刘啊规幅 1000З/s)
3592,1015310,没乞达,2020-08-09,2020-08-09 09:30,2580,2020-08-09,(刘啊规幅 340З/s)
3593,1017310,迫寸达,2020-08-09,2020-08-09 11:30,11300,2020-08-09,(刘啊规幅 1500З/s)
3594,1015310,没乞达,2020-08-09,2020-08-09 11:30,3000,2020-08-09,(刘啊规幅 420З/s)
3595,1013310,狼鞠达,2020-08-09,2020-08-09 11:30,2160,2020-08-09,(刘啊规幅 300З/s)
3596,1017310,迫寸达,2020-08-09,2020-08-09 13:30,12400,2020-08-09,(刘啊规幅 1100З/s)
3597,1015310,没乞达,2020-08-09,2020-08-09 13:10,3900,2020-08-09,(刘啊规幅 900З/s)
3598,1015310,没乞达,2020-08-09,2020-08-09 14:10,4320,2020-08-09,(刘啊规幅 420З/s)
3599,1013310,狼鞠达,2020-08-09,2020-08-09 14:10,2480,2020-08-09,(刘啊规幅 320З/s)
3600,1010320,冕玫达,2020-08-09,2020-08-09 14:10,1270,2020-08-09,(刘啊规幅 3800З/s)
3601,1015310,没乞达,2020-08-09,2020-08-09 14:30,4850,2020-08-09,(刘啊规幅 530З/s)
3602,1013310,狼鞠达,2020-08-09,2020-08-09 15:40,3150,2020-08-09,(刘啊规幅 670З/s)
3603,1010320,冕玫达,2020-08-09,2020-08-09 15:10,1910,2020-08-09,(刘啊规幅 640З/s)
3604,1017310,迫寸达,2020-08-09,2020-08-09 18:10,11500,2020-08-09,(皑家规幅 -900З/s)
3605,1015310,没乞达,2020-08-09,2020-08-09 18:10,4420,2020-08-09,(皑家规幅 -430З/s)
3606,1017310,迫寸达,2020-08-09,2020-08-09 21:20,11100,2020-08-09,(皑家规幅 -400З/s)
3607,1015310,没乞达,2020-08-09,2020-08-09 21:20,5300,2020-08-09,(刘啊规幅 880З/s)
3608,1010320,冕玫达,2020-08-09,2020-08-09 21:20,1450,2020-08-09,(皑家规幅 -460З/s)
3609,1017310,迫寸达,2020-08-09,2020-08-09 23:40,9800,2020-08-09,规幅樊沥沥 (皑家规幅 -1300З/s)
3610,1015310,没乞达,2020-08-09,2020-08-09 23:40,4300,2020-08-09,(皑家规幅 -1000З/s)
3611,1013310,狼鞠达,2020-08-09,2020-08-09 23:40,2600,2020-08-09,(皑家规幅 -550З/s)
3612,1015310,没乞达,2020-08-10,2020-08-10 02:30,3750,2020-08-10,(皑家规幅 -550З/s)
3613,1017310,迫寸达,2020-08-10,2020-08-10 05:30,8100,2020-08-10,(皑家规幅 -1700З/s)
3614,1015310,没乞达,2020-08-10,2020-08-10 05:30,3100,2020-08-10,(皑家规幅 -650З/s)
3615,1017310,迫寸达,2020-08-10,2020-08-10 13:30,7100,2020-08-10,(皑家规幅 -1000З/s)
3616,1013310,狼鞠达,2020-08-10,2020-08-10 15:50,2200,2020-08-10,(皑家规幅 -400З/s)
3617,1017310,迫寸达,2020-08-10,2020-08-10 16:30,6100,2020-08-10,(皑家规幅 -1000З/s)
3618,1013310,狼鞠达,2020-08-10,2020-08-10 16:40,2600,2020-08-10,(刘啊规幅 400З/s)
3619,1010320,冕玫达,2020-08-10,2020-08-10 19:00,2250,2020-08-10,(刘啊规幅 800З/s)
3620,1013310,狼鞠达,2020-08-10,2020-08-10 20:30,3553,2020-08-10,(刘啊规幅 953З/s)
3621,1010320,冕玫达,2020-08-10,2020-08-10 20:30,2823,2020-08-10,(刘啊规幅 573З/s)
3622,1013310,狼鞠达,2020-08-10,2020-08-10 21:00,4254,2020-08-10,(刘啊规幅 701З/s)
3623,1015310,没乞达,2020-08-10,2020-08-10 23:20,4326,2020-08-10,(刘啊规幅 1226З/s)
3624,1010320,冕玫达,2020-08-11,2020-08-11 00:30,2420,2020-08-11,(皑家规幅 -404З/s)
3625,1017310,迫寸达,2020-08-11,2020-08-11 02:40,7600,2020-08-11,(刘啊规幅 1500З/s)
3626,1015310,没乞达,2020-08-11,2020-08-11 05:00,4720,2020-08-11,(刘啊规幅 391З/s)
3627,1013310,狼鞠达,2020-08-11,2020-08-11 05:00,3770,2020-08-11,(皑家规幅 -482З/s)
3628,1015310,没乞达,2020-08-11,2020-08-11 06:30,5170,2020-08-11,(刘啊规幅 450З/s)
3629,1017310,迫寸达,2020-08-11,2020-08-11 08:10,9200,2020-08-11,(刘啊规幅 1600З/s)
3630,1017310,迫寸达,2020-08-11,2020-08-11 09:50,10500,2020-08-11,(迫寸达 刘啊规幅 +1300З/s)
3631,1015310,没乞达,2020-08-11,2020-08-11 14:10,5656,2020-08-11,(刘啊规幅 486З/s)
3632,1010310,拳玫达,2020-08-11,2020-08-11 13:49,5700,2020-08-11,规幅扁埃 (寸檬) 08/03 20:00 ~ 08/13 20:00 (函版) 08/03 20:00 ~ 08/21 20:00 
3633,1010320,冕玫达,2020-08-11,2020-08-11 19:00,3100,2020-08-11,(刘啊规幅 680З/s)
3634,1013310,狼鞠达,2020-08-11,2020-08-11 20:00,4630,2020-08-11,(刘啊规幅 860З/s)
3635,1017310,迫寸达,2020-08-11,2020-08-11 23:00,9500,2020-08-11,(皑家规幅 -1000З/s)
3636,1013310,狼鞠达,2020-08-11,2020-08-11 23:00,4920,2020-08-11,(刘啊规幅 290З/s)
3637,1015310,没乞达,2020-08-12,2020-08-12 04:20,5220,2020-08-12,(皑家规幅 -436З/s)
3638,1013310,狼鞠达,2020-08-12,2020-08-12 04:20,3450,2020-08-12,(皑家规幅 -1470З/s)
3639,1010320,冕玫达,2020-08-12,2020-08-12 04:20,2170,2020-08-12,(皑家规幅 -930З/s)
3640,1017310,迫寸达,2020-08-12,2020-08-12 07:00,8000,2020-08-12,(皑家规幅 -1500З/s) 
3641,1015310,没乞达,2020-08-12,2020-08-12 07:00,3720,2020-08-12,(皑家规幅 -1500З/s) 
3642,1017310,迫寸达,2020-08-12,2020-08-12 09:30,7500,2020-08-12,(皑家规幅 -500З/s)
3643,1015310,没乞达,2020-08-12,2020-08-12 09:30,4260,2020-08-12,(刘啊规幅 540З/s)
3644,1017310,迫寸达,2020-08-12,2020-08-12 13:30,6690,2020-08-12,(皑家规幅 -810З/s)
3645,1004310,鲍魂达,2020-08-12,2020-07-22 03:00,700,2020-08-12,荐巩规幅 函版铰牢  弥措规幅樊郴 藕仿利 规幅规幅扁埃 (寸檬) 07/22 03:00 ~ 08/12 18:00 (函版) 07/22 03:00 ~ 08/31 18:00 规幅樊(寸檬) 1900З/s(函版) 700З/s
3646,1012110,家剧碍,2020-08-12,2020-08-05 15:00,3000,2020-08-12,荐巩规幅 函版铰牢(规幅扁埃楷厘)  弥措规幅樊郴 藕仿利 规幅规幅扁埃 (寸檬) 08/05 15:00 ~ 08/16 00:00 (函版) 08/05 15:00 ~ 08/22 00:00 
3647,1003110,面林,2020-08-12,2020-08-06 06:00,7000,2020-08-12,荐巩规幅 函版铰牢(规幅扁埃楷厘)  弥措规幅樊郴 藕仿利 规幅规幅扁埃 (寸檬) 08/06 06:00 ~ 08/17 00:00 (函版) 08/06 06:00 ~ 08/22 00:00 
3648,1006110,染己,2020-08-12,2020-08-04 15:00,300,2020-08-12,荐巩规幅 函版铰牢(规幅扁埃楷厘)  弥措规幅樊郴 藕仿利 规幅规幅扁埃 (寸檬) 08/04 15:00 ~ 08/15 00:00 (函版) 08/04 15:00 ~ 08/22 00:00 
3649,1015310,没乞达,2020-08-12,2020-08-12 18:30,3810,2020-08-12,(皑家规幅 -450З/s)
3650,1017310,迫寸达,2020-08-12,2020-08-12 20:10,6100,2020-08-12,(皑家规幅 -590З/s)
3651,1013310,狼鞠达,2020-08-12,2020-08-12 20:10,3050,2020-08-12,(皑家规幅 -400З/s)
3652,1010320,冕玫达,2020-08-12,2020-08-12 20:10,1780,2020-08-12,(皑家规幅 -390З/s)
3653,1017310,迫寸达,2020-08-12,2020-08-12 22:10,5500,2020-08-12,(皑家规幅 -600З/s)
3654,1015310,没乞达,2020-08-12,2020-08-12 22:10,3180,2020-08-12,(皑家规幅 -630З/s)
3655,1015310,没乞达,2020-08-12,2020-08-12 23:10,2660,2020-08-12,(皑家规幅 -520З/s)
3656,1013310,狼鞠达,2020-08-12,2020-08-12 23:10,2720,2020-08-12,(皑家规幅 -330З/s)
3657,1013310,狼鞠达,2020-08-13,2020-08-13 05:30,2350,2020-08-13,(皑家规幅 -370З/s)
3658,1010320,冕玫达,2020-08-13,2020-08-13 05:30,1260,2020-08-13,(皑家规幅 -520З/s)
3659,1017310,迫寸达,2020-08-13,2020-08-13 11:00,5500,2020-08-13,(皑家规幅 -400З/s)
3660,1015310,没乞达,2020-08-13,2020-08-13 10:20,2200,2020-08-13,(皑家规幅 -460З/s)
3661,1010320,冕玫达,2020-08-13,2020-08-13 10:20,1450,2020-08-13,(刘啊规幅 190З/s)
3662,1017310,迫寸达,2020-08-13,2020-08-13 11:00,5100,2020-08-13,规幅樊沥沥5100cms (皑家规幅 -400З/s)
3663,1001210,堡悼,2020-08-13,2020-08-03 16:00,100,2020-08-13,规幅扁埃 (寸檬) 08/03 16:00 ~ 08/14 15:00 (函版) 08/03 16:00 ~ 08/21 15:00 
3664,1015310,没乞达,2020-08-13,2020-08-13 19:10,2700,2020-08-13,(刘啊规幅 500З/s)
3665,1017310,迫寸达,2020-08-13,2020-08-13 19:30,4500,2020-08-13,(皑家规幅 -600З/s)
3666,1013310,狼鞠达,2020-08-13,2020-08-13 22:10,2650,2020-08-13,(刘啊规幅 300З/s)
3667,1010320,冕玫达,2020-08-13,2020-08-13 21:10,1780,2020-08-13,规幅矫埃沥沥 22:10℃21:10(刘啊规幅 330З/s)
3668,1017310,迫寸达,2020-08-14,2020-08-14 00:40,5500,2020-08-14,(刘啊规幅 1000З/s)
3669,1015310,没乞达,2020-08-14,2020-08-14 04:30,2390,2020-08-14,(皑家规幅 -310З/s)
3670,1017310,迫寸达,2020-08-14,2020-08-14 04:30,4400,2020-08-14,(皑家规幅 -1 100З/s)
3671,1010320,冕玫达,2020-08-14,2020-08-14 05:10,1180,2020-08-14,(皑家规幅 -600З/s)
3672,1013310,狼鞠达,2020-08-14,2020-08-14 05:40,2180,2020-08-14,(皑家规幅 -470З/s)
3673,1013310,狼鞠达,2020-08-14,2020-08-14 06:10,1980,2020-08-14,(皑家规幅 -200З/s)
3674,1010320,冕玫达,2020-08-14,2020-08-14 06:10,980,2020-08-14,(皑家规幅 -200З/s)
3675,1015310,没乞达,2020-08-14,2020-08-14 09:20,1920,2020-08-14,(皑家规幅 -470З/s)
3676,1013310,狼鞠达,2020-08-14,2020-08-14 09:20,1850,2020-08-14,(皑家规幅 -130З/s)
3677,1010320,冕玫达,2020-08-14,2020-08-14 09:20,1200,2020-08-14,(刘啊规幅 220З/s)
3678,1017310,迫寸达,2020-08-14,2020-08-14 12:30,4900,2020-08-14,(刘啊规幅 500З/s)
3679,1013310,狼鞠达,2020-08-14,2020-08-15 00:40,1550,2020-08-14,(皑家规幅 -300З/s)
3680,1010320,冕玫达,2020-08-14,2020-08-15 00:10,820,2020-08-14,(皑家规幅 -380З/s)
3681,1013310,狼鞠达,2020-08-15,2020-08-15 03:40,1200,2020-08-15,(皑家规幅 -350З/s)
3682,1010320,冕玫达,2020-08-15,2020-08-15 03:40,650,2020-08-15,(皑家规幅 -170З/s)
3683,1015310,没乞达,2020-08-15,2020-08-15 05:50,1650,2020-08-15,(皑家规幅 -270З/s)
3684,1017310,迫寸达,2020-08-15,2020-08-15 07:00,5420,2020-08-15,(刘啊规幅 520З/s)
3685,1015310,没乞达,2020-08-15,2020-08-15 07:00,1300,2020-08-15,(皑家规幅 -350З/s)
3686,1013310,狼鞠达,2020-08-15,2020-08-15 13:40,990,2020-08-15,(皑家规幅 -210З/s)
3687,1013310,狼鞠达,2020-08-15,2020-08-15 15:10,850,2020-08-15,(皑家规幅 -140З/s)
3688,1015310,没乞达,2020-08-15,2020-08-15 17:10,1690,2020-08-15,规幅樊 沥沥(寸檬) 皑家规幅 -390З/s(函版) 刘啊规幅 +390З/s
3689,1017310,迫寸达,2020-08-15,2020-08-15 20:30,5800,2020-08-15,(刘啊规幅 380З/s)
3690,1010320,冕玫达,2020-08-15,2020-08-15 21:10,430,2020-08-15,(皑家规幅 -220З/s)
3691,1015310,没乞达,2020-08-15,2020-08-15 23:10,1900,2020-08-15,(刘啊规幅 210З/s)
3692,1015310,没乞达,2020-08-16,2020-08-16 01:10,2140,2020-08-16,(刘啊规幅 240З/s)
3693,1017310,迫寸达,2020-08-16,2020-08-16 04:40,4750,2020-08-16,(皑家规幅 -1050З/s)
3694,1015310,没乞达,2020-08-16,2020-08-16 06:50,1470,2020-08-16,(皑家规幅 -670З/s)
3695,1017310,迫寸达,2020-08-16,2020-08-16 10:00,3500,2020-08-16,(皑家规幅 -1250З/s)
3696,1015310,没乞达,2020-08-16,2020-08-16 11:00,1210,2020-08-16,(皑家规幅 -260З/s)
3697,1010320,冕玫达,2020-08-16,2020-08-16 11:00,360,2020-08-16,(皑家规幅 -70З/s)
3698,1013310,狼鞠达,2020-08-16,2020-08-16 14:00,580,2020-08-16,(皑家规幅 -270З/s) 
3699,1010320,冕玫达,2020-08-16,2020-08-16 14:00,310,2020-08-16,(皑家规幅 -50З/s) 
3700,1010320,冕玫达,2020-08-16,2020-08-16 19:00,257,2020-08-16,(荐巩傈企 -53З/s)
3701,1010310,拳玫达,2020-08-16,2020-08-16 19:00,190,2020-08-16,(弥措规幅樊 铰牢 包访 荐巩傈企  捞饶 惯傈规幅 矫青 190З/s)
3702,1015310,没乞达,2020-08-16,2020-08-16 21:30,660,2020-08-16,(皑家规幅 -550З/s)
3703,1013310,狼鞠达,2020-08-16,2020-08-16 21:30,450,2020-08-16,(皑家规幅 -130З/s)
3704,1017310,迫寸达,2020-08-16,2020-08-16 21:30,3000,2020-08-16,(皑家规幅 -500З/s)
3705,1017310,迫寸达,2020-08-17,2020-08-17 00:40,2400,2020-08-17,迫寸达 皑家规幅(-600cms)
3706,1017310,迫寸达,2020-08-17,2020-08-17 11:10,2100,2020-08-17,(皑家规幅 -300З/s)
3707,1017310,迫寸达,2020-08-17,2020-08-17 22:00,2400,2020-08-17,(刘啊规幅 300З/s)
3708,1017310,迫寸达,2020-08-18,2020-08-18 16:20,1500,2020-08-18,(皑家规幅 -900З/s)
3709,1017310,迫寸达,2020-08-18,2020-08-18 20:00,1100,2020-08-18,(皑家规幅 -400З/s)
3710,1015310,没乞达,2020-08-18,2020-08-19 00:00,540,2020-08-18,(皑家规幅 -120З/s)
3711,1013310,狼鞠达,2020-08-18,2020-08-19 00:00,340,2020-08-18,(荐巩傈企 340З/s)
3712,1017310,迫寸达,2020-08-19,2020-08-19 05:00,830,2020-08-19,(皑家规幅 -270З/s)
3713,1015310,没乞达,2020-08-19,2020-08-19 05:00,480,2020-08-19,(皑家规幅 -60З/s)
3714,1015310,没乞达,2020-08-21,2020-08-21 16:00,400,2020-08-21,(荐巩傈企 -80З/s)
3715,1017310,迫寸达,2020-08-21,2020-08-21 16:00,700,2020-08-21,(荐巩傈企 -130З/s)
3716,1004310,鲍魂达,2020-08-21,2020-08-22 09:00,700,2020-08-21,(惯傈规幅 器窃 弥措 700З/s 捞郴)
3717,1007801,碍玫焊,2020-08-21,2020-08-22 09:00,1000,2020-08-21,
3718,1007802,咯林焊,2020-08-21,2020-08-22 09:00,1100,2020-08-21,
3719,1007803,捞器焊,2020-08-21,2020-08-22 09:00,1200,2020-08-21,
3720,1017310,迫寸达,2020-08-22,2020-08-22 23:00,1000,2020-08-22,(檬扁荐巩规幅 376З/s)
3721,1015310,没乞达,2020-08-22,2020-08-22 23:00,670,2020-08-22,沥沥 烹焊 (檬扁荐巩规幅 230З/s)
3722,1013310,狼鞠达,2020-08-22,2020-08-23 00:30,490,2020-08-22,(檬扁荐巩规幅150З/s)
3723,1007801,碍玫焊,2020-08-22,2020-08-22 09:00,3500,2020-08-22,规幅扁埃 (函版绝澜)规幅樊(寸檬) 1000З/s  1100З/s  1200З/s  (函版) 3500З/s  4000З/s  4500З/s
3724,1007802,咯林焊,2020-08-22,2020-08-22 09:00,4000,2020-08-22,规幅扁埃 (函版绝澜)规幅樊(寸檬) 1000З/s  1100З/s  1200З/s  (函版) 3500З/s  4000З/s  4500З/s
3725,1007803,捞器焊,2020-08-22,2020-08-22 09:00,4500,2020-08-22,规幅扁埃 (函版绝澜)规幅樊(寸檬) 1000З/s  1100З/s  1200З/s  (函版) 3500З/s  4000З/s  4500З/s
3726,1017310,迫寸达,2020-08-23,2020-08-23 01:10,1900,2020-08-23,(刘啊规幅 900З/s)
3727,1017310,迫寸达,2020-08-23,2020-08-23 16:30,2200,2020-08-23,(刘啊规幅 300З/s)
3728,1015310,没乞达,2020-08-24,2020-08-24 06:20,560,2020-08-24,(皑家规幅 -110З/s)
3729,1017310,迫寸达,2020-08-24,2020-08-24 06:20,1780,2020-08-24,(皑家规幅 -420З/s)
3730,1010310,拳玫达,2020-08-25,2020-08-27 18:00,1000,2020-08-25,(碍快惑炔 绊妨 弥措 1000 З/s捞郴 藕仿规幅 抗沥)
3731,1004310,鲍魂达,2020-08-25,2020-08-22 09:00,1100,2020-08-25,规幅扁埃 (函悼绝澜)08/22 09:00 ~ 08/31 18:00 规幅樊 (寸檬) 700З/s(函版) 1100З/s
3732,1006110,染己,2020-08-26,2020-08-26 16:00,50,2020-08-26,(惯傈规幅 器窃)
3733,1001210,堡悼,2020-08-26,2020-08-26 19:00,70,2020-08-26,堡悼达 荐巩规幅 铰牢
3734,1015310,没乞达,2020-08-26,2020-08-26 22:30,530,2020-08-26,(皑家规幅 -30З/s)
3735,1013310,狼鞠达,2020-08-26,2020-08-26 22:30,340,2020-08-26,(皑家规幅 -150З/s)
3736,1017310,迫寸达,2020-08-27,2020-08-27 04:00,1100,2020-08-27,(皑家规幅 -680З/s)
3737,1015310,没乞达,2020-08-27,2020-08-27 04:00,480,2020-08-27,(皑家规幅 -50З/s)
3738,1017310,迫寸达,2020-08-27,2020-08-27 07:00,860,2020-08-27,(皑家规幅 -260З/s)
3739,1017310,迫寸达,2020-08-27,2020-08-27 09:10,730,2020-08-27,(皑家规幅 -130З/s)
3740,1004310,鲍魂达,2020-08-27,2020-08-27 11:00,0,2020-08-27,(鲍魂达 荐巩傈企 -8З/s)
3741,1004310,鲍魂达,2020-08-28,2020-08-28 22:00,500,2020-08-28,(扁惑惑炔俊 蝶扼 弥措 500З/s捞郴 藕仿利 规幅)
3742,1006110,染己,2020-08-29,2020-08-29 11:00,100,2020-08-29,(碍快惑炔 绊妨 惯傈规幅 器窃 弥措 100З/s 藕仿规幅)
3743,1017310,迫寸达,2020-08-29,2020-08-29 08:00,790,2020-08-29,(檬扁荐巩规幅 790З/s)
3744,1017310,迫寸达,2020-08-29,2020-08-29 08:30,2000,2020-08-29,(刘啊规幅 1210З/s)
3745,1015310,没乞达,2020-08-29,2020-08-29 23:10,493,2020-08-29,(檬扁荐巩规幅  +56З/s)
3746,1015310,没乞达,2020-08-30,2020-08-30 13:40,670,2020-08-30,(刘啊规幅  177З/s)
3747,1015310,没乞达,2020-08-31,2020-08-31 06:40,570,2020-08-31,(皑家规幅 -100З/s)
3748,1017310,迫寸达,2020-08-31,2020-08-31 06:40,1620,2020-08-31,(皑家规幅 -380З/s)
3749,1007801,碍玫焊,2020-08-31,2020-08-22 09:00,3500,2020-08-31,促扁瓷焊 荐巩规幅 函版(扁埃楷厘)规幅扁埃 (寸檬) 08/22 09:00 ~ 08/31 18:00 (函版) 08/22 09:00 ~ 09/02 18:00 规幅樊(函版绝澜)
3750,1007802,咯林焊,2020-08-31,2020-08-22 09:00,4000,2020-08-31,促扁瓷焊 荐巩规幅 函版(扁埃楷厘)规幅扁埃 (寸檬) 08/22 09:00 ~ 08/31 18:00 (函版) 08/22 09:00 ~ 09/02 18:00 规幅樊(函版绝澜)
3751,1007803,捞器焊,2020-08-31,2020-08-22 09:00,4500,2020-08-31,促扁瓷焊 荐巩规幅 函版(扁埃楷厘)规幅扁埃 (寸檬) 08/22 09:00 ~ 08/31 18:00 (函版) 08/22 09:00 ~ 09/02 18:00 规幅樊(函版绝澜)
3752,1017310,迫寸达,2020-08-31,2020-08-31 17:40,1230,2020-08-31,(皑家规幅 -390З/s)
3753,1017310,迫寸达,2020-09-01,2020-09-01 08:40,960,2020-09-01,(皑家规幅 -270З/s)
3754,1015310,没乞达,2020-09-01,2020-09-01 08:40,510,2020-09-01,(皑家规幅 -60З/s)
3755,1017310,迫寸达,2020-09-01,2020-09-01 11:40,1460,2020-09-01,(刘啊规幅 500З/s) 
3756,1013310,狼鞠达,2020-09-01,2020-09-01 18:00,415,2020-09-01,(檬扁荐巩规幅 75З/s)
3757,1017310,迫寸达,2020-09-01,2020-09-01 14:00,2140,2020-09-01,(刘啊规幅 680З/s)
3758,1001210,堡悼,2020-09-01,2020-09-01 17:00,190,2020-09-01,(弥措 190З/s 捞郴 藕仿利 规幅)
3759,1302210,崔规,2020-09-01,2020-09-01 17:00,120,2020-09-01,(弥措 120З/s 捞郴 藕仿利 规幅)
3760,1004310,鲍魂达,2020-09-01,2020-08-28 22:00,1600,2020-09-01,(荐巩规幅 函版铰牢)规幅扁埃 (寸檬) 08/28 22:00 ~ 09/04 18:00 (函版) 08/28 22:00 ~ 09/11 18:00 规幅樊(寸檬) 500З/s(函版) 1600З/s
3761,1017310,迫寸达,2020-09-02,2020-09-02 09:10,1800,2020-09-02,(皑家规幅 -340З/s)
3762,1010320,冕玫达,2020-09-02,2020-09-02 17:00,300,2020-09-02,(檬扁荐巩规幅 53З/s)
3763,1010310,拳玫达,2020-09-02,2020-09-03 13:00,1600,2020-09-02,(扁惑惑炔俊 蝶扼 弥措 1600З/s捞郴 藕仿规幅)
3764,1007801,碍玫焊,2020-09-02,2020-09-02 18:00,7000,2020-09-02,
3765,1007802,咯林焊,2020-09-02,2020-09-02 18:00,7500,2020-09-02,
3766,1007803,捞器焊,2020-09-02,2020-09-02 18:00,8000,2020-09-02,
3767,1006110,染己,2020-09-02,2020-08-29 11:00,300,2020-09-02,(染己达 荐巩规幅 函版铰牢)规幅扁埃 (寸檬) 08/29 11:00 ~ 09/05 00:00 (函版) 08/29 11:00 ~ 09/12 00:00 规幅樊(寸檬) 100З/s(函版) 300З/s
3768,1017310,迫寸达,2020-09-02,2020-09-02 17:20,2300,2020-09-02,(迫寸达 刘啊规幅 500З/s)
3769,1015310,没乞达,2020-09-02,2020-09-02 17:20,610,2020-09-02,(没乞达 刘啊规幅 100З/s)
3770,1012110,家剧碍,2020-09-02,2020-09-03 12:00,1000,2020-09-02,(家剧碍达 荐巩规幅 铰牢 弥措 1000З/s)
3771,1003110,面林,2020-09-02,2020-09-03 12:00,2000,2020-09-02,(面林达 荐巩规幅 铰牢 弥措 2000З/s)
3772,1013310,狼鞠达,2020-09-02,2020-09-02 22:00,515,2020-09-02,(刘啊规幅 100З/s)
3773,1001210,堡悼,2020-09-03,2020-09-03 07:00,400,2020-09-03,规幅扁埃 (寸檬) 09/01 17:00 ~ 09/04 17:00 (函版) 09/01 17:00 ~ 09/08 17:00 规幅樊(寸檬) 190З/s(函版) 400З/s
3774,1017310,迫寸达,2020-09-03,2020-09-03 08:10,3300,2020-09-03,(刘啊规幅 1000З/s)
3775,1015310,没乞达,2020-09-03,2020-09-03 08:10,1010,2020-09-03,(没乞达 刘啊规幅 400З/s)
3776,1017310,迫寸达,2020-09-03,2020-09-03 10:10,4820,2020-09-03,(刘啊规幅 1520З/s)
3777,1015310,没乞达,2020-09-03,2020-09-03 10:10,1430,2020-09-03,(刘啊规幅 420З/s)
3778,1013310,狼鞠达,2020-09-03,2020-09-03 10:10,700,2020-09-03,(刘啊规幅 185З/s)
3779,1015310,没乞达,2020-09-03,2020-09-03 15:10,1170,2020-09-03,(皑家规幅 -260З/s)
3780,1010320,冕玫达,2020-09-03,2020-09-03 15:10,410,2020-09-03,(刘啊规幅 110З/s)
3781,1013310,狼鞠达,2020-09-03,2020-09-03 23:00,980,2020-09-03,(刘啊规幅 280З/s)
3782,1010320,冕玫达,2020-09-03,2020-09-03 21:30,890,2020-09-03,(刘啊规幅 480З/s)
3783,1017310,迫寸达,2020-09-03,2020-09-03 23:30,5260,2020-09-03,(刘啊规幅 440З/s)
3784,1015310,没乞达,2020-09-04,2020-09-04 01:20,1520,2020-09-04,(刘啊规幅 350З/s)
3785,1010320,冕玫达,2020-09-04,2020-09-04 01:20,620,2020-09-04,(皑家规幅 -270З/s)
3786,1017310,迫寸达,2020-09-04,2020-09-04 05:30,4300,2020-09-04,(皑家规幅 -960З/s)
3787,1010320,冕玫达,2020-09-04,2020-09-04 05:30,840,2020-09-04,(刘啊规幅 220З/s)
3788,1013310,狼鞠达,2020-09-04,2020-09-04 09:50,1580,2020-09-04,(刘啊规幅 600З/s)
3789,1010320,冕玫达,2020-09-04,2020-09-04 13:00,1050,2020-09-04,(刘啊规幅 210З/s)
3790,1013310,狼鞠达,2020-09-04,2020-09-04 14:00,1760,2020-09-04,(刘啊规幅 180З/s)
3791,1015310,没乞达,2020-09-04,2020-09-04 14:00,1930,2020-09-04,(刘啊规幅 410З/s)
3792,1013310,狼鞠达,2020-09-04,2020-09-04 17:10,2160,2020-09-04,(刘啊规幅 400З/s)
3793,1010320,冕玫达,2020-09-04,2020-09-04 16:10,1410,2020-09-04,规幅扁埃(沥沥)(寸檬) 09/04 15:40~(函版) 09/04 16:10~
3794,1010310,拳玫达,2020-09-04,2020-09-03 13:00,3000,2020-09-04,规幅扁埃 (寸檬) 09/03 13:00 ~ 09/07 22:00 (函版) 09/03 13:00 ~ 09/10 02:00 规幅樊(寸檬) 1 600З/s(函版) 3 000З/s
3795,1302210,崔规,2020-09-04,2020-09-01 17:00,120,2020-09-04,规幅扁埃 (寸檬) 09/01 17:00 ~ 09/04 17:00 (函版) 09/01 17:00 ~ 09/08 17:00 规幅樊 函版
3796,1010320,冕玫达,2020-09-04,2020-09-04 22:10,1720,2020-09-04,(刘啊规幅 310З/s)
3797,1013310,狼鞠达,2020-09-04,2020-09-04 23:50,2640,2020-09-04,(刘啊规幅 480З/s)
3798,1015310,没乞达,2020-09-05,2020-09-05 02:00,2860,2020-09-05,(刘啊规幅 930З/s)
3799,1017310,迫寸达,2020-09-05,2020-09-05 05:00,4960,2020-09-05,(刘啊规幅 660З/s)
3800,1015310,没乞达,2020-09-05,2020-09-05 05:30,2520,2020-09-05,(皑家规幅 -340З/s)
3801,1017310,迫寸达,2020-09-05,2020-09-05 09:30,4540,2020-09-05,(皑家规幅 -420З/s)
3802,1013310,狼鞠达,2020-09-05,2020-09-05 09:30,2210,2020-09-05,(皑家规幅 -430З/s)
3803,1010320,冕玫达,2020-09-05,2020-09-05 09:30,1380,2020-09-05,(皑家规幅 -340З/s)
3804,1015310,没乞达,2020-09-05,2020-09-05 13:40,2260,2020-09-05,(皑家规幅 -260З/s)
3805,1017310,迫寸达,2020-09-05,2020-09-05 23:10,4300,2020-09-05,(皑家规幅 -240З/s)
3806,1015310,没乞达,2020-09-05,2020-09-05 23:10,2050,2020-09-05,(皑家规幅 -210З/s)
3807,1017310,迫寸达,2020-09-06,2020-09-06 11:00,4050,2020-09-06,(皑家规幅 -250З/s)
3808,1015310,没乞达,2020-09-06,2020-09-06 11:00,2250,2020-09-06,规幅樊 沥沥 2050 ℃ 2250З/s* 刘啊规幅 200З/s
3809,1017310,迫寸达,2020-09-06,2020-09-07 00:00,4780,2020-09-06,(刘啊规幅 730З/s)
3810,1015310,没乞达,2020-09-06,2020-09-07 00:00,2660,2020-09-06,(刘啊规幅 410З/s)
3811,1013310,狼鞠达,2020-09-06,2020-09-06 22:10,2530,2020-09-06,(刘啊规幅 320З/s)
3812,1010320,冕玫达,2020-09-06,2020-09-06 22:10,1460,2020-09-06,(刘啊规幅 80З/s)
3813,1015310,没乞达,2020-09-07,2020-09-07 05:20,2350,2020-09-07,(皑家规幅 -310З/s)
3814,1013310,狼鞠达,2020-09-07,2020-09-07 05:20,2370,2020-09-07,(皑家规幅 -160З/s)
3815,1013310,狼鞠达,2020-09-07,2020-09-07 07:10,2250,2020-09-07,(皑家规幅 -120З/s)
3816,1017310,迫寸达,2020-09-07,2020-09-07 09:00,4280,2020-09-07,(皑家规幅 -500З/s)
3817,1015310,没乞达,2020-09-07,2020-09-07 09:00,2150,2020-09-07,(皑家规幅 -200З/s)
3818,1013310,狼鞠达,2020-09-07,2020-09-07 09:00,2050,2020-09-07,(皑家规幅 -200З/s)
3819,1010320,冕玫达,2020-09-07,2020-09-07 09:00,1300,2020-09-07,(皑家规幅 -160З/s)
3820,1015310,没乞达,2020-09-07,2020-09-07 14:00,1850,2020-09-07,(皑家规幅 -300З/s)
3821,1013310,狼鞠达,2020-09-07,2020-09-07 14:00,1800,2020-09-07,(皑家规幅 -250З/s)
3822,1013310,狼鞠达,2020-09-07,2020-09-07 19:50,2310,2020-09-07,(刘啊规幅 510З/s)
3823,1015310,没乞达,2020-09-07,2020-09-07 22:30,2430,2020-09-07,(刘啊规幅 580З/s)
3824,1017310,迫寸达,2020-09-07,2020-09-07 23:20,4800,2020-09-07,(刘啊规幅 520З/s)
3825,1013310,狼鞠达,2020-09-07,2020-09-07 23:50,2510,2020-09-07,(刘啊规幅 200З/s)
3826,1013310,狼鞠达,2020-09-08,2020-09-08 13:00,2280,2020-09-08,(皑家规幅 -230З/s)
3827,1010320,冕玫达,2020-09-08,2020-09-08 16:00,1400,2020-09-08,(刘啊规幅100З/s)
3828,1013310,狼鞠达,2020-09-08,2020-09-08 16:00,2060,2020-09-08,(皑家规幅 -220З/s)
3829,1017310,迫寸达,2020-09-08,2020-09-08 20:50,4010,2020-09-08,(皑家规幅 -790З/s)
3830,1015310,没乞达,2020-09-08,2020-09-08 20:50,2030,2020-09-08,(皑家规幅 -400З/s)
3831,1017310,迫寸达,2020-09-08,2020-09-09 00:00,3350,2020-09-08,(皑家规幅 -660З/s)
3832,1013310,狼鞠达,2020-09-09,2020-09-09 01:10,1780,2020-09-09,(皑家规幅 -280З/s)
3833,1010320,冕玫达,2020-09-09,2020-09-09 01:10,1190,2020-09-09,(皑家规幅 -210З/s)
3834,1015310,没乞达,2020-09-09,2020-09-09 09:00,1690,2020-09-09,(皑家规幅 -340З/s)
3835,1010320,冕玫达,2020-09-09,2020-09-09 11:30,810,2020-09-09,(皑家规幅 -380З/s)
3836,1013310,狼鞠达,2020-09-09,2020-09-09 11:30,1310,2020-09-09,(皑家规幅 -470З/s)
3837,1017310,迫寸达,2020-09-09,2020-09-09 11:30,2770,2020-09-09,(皑家规幅 -580З/s)
3838,1010320,冕玫达,2020-09-09,2020-09-09 15:00,280,2020-09-09,(皑家规幅 -530З/s)
3839,1010310,拳玫达,2020-09-09,2020-09-09 14:00,200,2020-09-09,(荐巩傈企 -1400З/s) 
3840,1013310,狼鞠达,2020-09-09,2020-09-09 14:30,930,2020-09-09,(皑家规幅 -380З/s)
3841,1015310,没乞达,2020-09-09,2020-09-09 16:00,1190,2020-09-09,(皑家规幅 -500З/s)
3842,1013310,狼鞠达,2020-09-09,2020-09-09 17:00,510,2020-09-09,(皑家规幅 -420З/s)
3843,1015310,没乞达,2020-09-09,2020-09-09 17:40,710,2020-09-09,(皑家规幅 -480З/s)
3844,1017310,迫寸达,2020-09-09,2020-09-09 19:40,2000,2020-09-09,(皑家规幅 -770З/s)
3845,1017310,迫寸达,2020-09-09,2020-09-09 23:40,1800,2020-09-09,(皑家规幅 -200З/s)
3846,1015310,没乞达,2020-09-09,2020-09-09 23:40,620,2020-09-09,(皑家规幅 -90З/s)
3847,1010320,冕玫达,2020-09-10,2020-09-10 18:00,227,2020-09-10,(荐巩傈企 -53З/s)
3848,1013310,狼鞠达,2020-09-10,2020-09-10 18:00,440,2020-09-10,(皑家规幅 -70З/s)
3849,1017310,迫寸达,2020-09-10,2020-09-10 21:40,1500,2020-09-10,(皑家规幅 -300З/s)
3850,1013310,狼鞠达,2020-09-10,2020-09-10 21:40,300,2020-09-10,(皑家规幅 -140З/s)
3851,1013310,狼鞠达,2020-09-11,2020-09-11 07:00,380,2020-09-11,(刘啊规幅 80З/s)
3852,1017310,迫寸达,2020-09-11,2020-09-11 13:40,1000,2020-09-11,(皑家规幅 -500З/s)
3853,1004310,鲍魂达,2020-09-11,2020-08-28 22:00,100,2020-09-11,全荐扁 款康荐困(E.L. 133m 捞窍) 蜡瘤甫 困茄 荐巩规幅 扁埃楷厘规幅扁埃 (寸檬) 08/28 22:00 ~ 09/11 18:00 (函版) 08/28 22:00 ~ 09/18 18:00 规幅樊(寸檬) 1 600З/s(函版) 100З/s
3854,1017310,迫寸达,2020-09-11,2020-09-11 16:40,800,2020-09-11,(皑家规幅 -200З/s)
3855,1017310,迫寸达,2020-09-12,2020-09-12 14:10,1180,2020-09-12,(刘啊规幅 380З/s) 规幅樊沥沥
3856,1015310,没乞达,2020-09-12,2020-09-12 17:50,500,2020-09-12,(皑家规幅 -120З/s)
3857,1017310,迫寸达,2020-09-13,2020-09-13 09:40,980,2020-09-13,(皑家规幅 -200З/s)
3858,1017310,迫寸达,2020-09-13,2020-09-13 19:10,800,2020-09-13,(皑家规幅 -180З/s)
3859,1013310,狼鞠达,2020-09-13,2020-09-13 19:10,263,2020-09-13,(荐巩傈企 -117З/s)
3860,1017310,迫寸达,2020-09-13,2020-09-13 22:10,670,2020-09-13,(荐巩傈企 -130З/s)
3861,1015310,没乞达,2020-09-13,2020-09-13 22:10,445,2020-09-13,(荐巩傈企 -55З/s)
3862,1001210,堡悼,2020-07-14,2020-07-14 13:30,50,2020-09-14,堡悼达荐巩规幅
3863,1001210,堡悼,2020-08-07,2020-08-03 16:00,100,2020-09-14,堡悼达 扁埃楷厘
3864,1004310,鲍魂达,2020-09-14,2020-09-14 16:00,15,2020-09-14,(鲍魂达 荐巩傈企  15З/s) 
3865,1302210,崔规,2020-09-04,2020-09-01 17:00,211,2020-09-14,崔规达 函版铰牢
3866,1010320,冕玫达,2020-08-03,2020-08-03 06:00,2394,2020-09-14,(皑家规幅 -521З/s) 
3867,1004310,鲍魂达,2020-09-15,2020-09-15 22:30,25,2020-09-15,(檬扁荐巩规幅 25З/s  刘啊 10З/s)
3868,1004310,鲍魂达,2020-09-18,2020-09-18 16:00,15,2020-09-18,(荐巩傈企 -10З/s)
3869,1013310,狼鞠达,2020-11-02,2020-11-02 17:00,152,2020-11-02,惯傈家 价傈急肺 背眉累诀阑 困茄 惯傈规幅 阂啊肺 荐巩规幅 角矫 (弥措规幅樊 152 З/s捞郴 藕仿款康)
3870,1013310,狼鞠达,2020-11-08,2020-11-08 18:00,75,2020-11-08,惯傈家 价傈急肺 沥厚俊 蝶弗 荐巩规幅 辆丰 棺 荐巩傈企 
3871,1004310,鲍魂达,2020-11-13,2020-11-16 09:00,15,2020-11-13,(鲍魂达 惯傈规幅 阂啊(规荐肺 焊荐傍荤)俊 蝶弗 荐巩规幅  扁埃: 11.16~12.24  E.L 135m 档崔矫 弥措 15З/s捞郴 规幅)
3872,1004310,鲍魂达,2020-12-07,2020-12-07 13:00,15,2020-12-07,(鲍魂达 规荐肺 焊荐傍荤俊 蝶弗 荐巩规幅 款康拌裙函版  寸檬: E.L 135m档崔矫  函版: E.L 134.5m档崔矫  抗惑规幅樊 5З/s(弥措 15З/s))
3873,1007801,碍玫焊,2021-02-28,2021-03-01 09:00,700,2021-02-26,茄碍荐拌郴 碍荐傈噶(3.1~2 弥措 65mm)俊 蝶弗 焊 规幅铰牢
3874,1007802,咯林焊,2021-02-28,2021-03-01 09:00,800,2021-02-26,茄碍荐拌郴 碍荐傈噶(3.1~2 弥措 65mm)俊 蝶弗 焊 规幅铰牢
3875,1007803,捞器焊,2021-02-28,2021-03-01 09:00,900,2021-02-26,茄碍荐拌郴 碍荐傈噶(3.1~2 弥措 65mm)俊 蝶弗 焊 规幅铰牢
3876,1017310,迫寸达,2021-03-18,2021-03-19 10:00,880,2021-03-18,-迫寸达 惯傈汲厚傍荤俊 蝶弗 荐巩规幅(3.19 10:00~3.21 18:00)-弥措惯傈规幅樊(880З/s)捞郴 藕仿规幅 角矫
3877,1017310,迫寸达,2021-04-05,2021-04-05 12:00,642,2021-04-05,(檬扁荐巩规幅 642З/s)(刘啊规幅 264З/s)
3878,1017310,迫寸达,2021-04-05,2021-04-05 12:00,640,2021-04-05,12矫肺 抗沥等 迫寸达 荐巩规幅绰 惯傈汲厚 痢八(3 4龋扁)俊 蝶弗 惯傈规幅 老何吝窜俊 蝶弗 炼摹烙阑 舅妨靛赋聪促. 
3879,1017310,迫寸达,2021-04-06,2021-04-06 19:40,525,2021-04-06,(皑家规幅 -117З/s)
3880,1017310,迫寸达,2021-04-07,2021-04-07 14:20,393,2021-04-07,(荐巩傈企 -132З/s)
3881,1007801,碍玫焊,2021-05-15,2021-05-16 09:00,600,2021-05-15,
3882,1007802,咯林焊,2021-05-15,2021-05-16 09:00,700,2021-05-15,
3883,1007803,捞器焊,2021-05-15,2021-05-16 09:00,800,2021-05-15,
3884,1004310,鲍魂达,2021-05-16,2021-05-16 22:00,28,2021-05-16,(檬扁荐巩规幅 28З/s)
3885,1017310,迫寸达,2021-05-17,2021-05-17 07:30,638,2021-05-17,(檬扁荐巩规幅 638З/s)
3886,1017310,迫寸达,2021-05-17,2021-05-17 09:30,915,2021-05-17,(刘啊规幅 277З/s)
3887,1017310,迫寸达,2021-05-17,2021-05-17 10:40,1450,2021-05-17,(刘啊规幅 535З/s)
3888,1017310,迫寸达,2021-05-17,2021-05-17 21:00,1070,2021-05-17,(皑家规幅 -380З/s)
3889,1017310,迫寸达,2021-05-18,2021-05-18 15:40,670,2021-05-18,(皑家规幅 -400З/s)
3890,1004310,鲍魂达,2021-05-21,2021-05-21 12:00,15,2021-05-21,(荐巩傈企 -13З/s)
3891,1017310,迫寸达,2021-05-22,2021-05-22 09:46,510,2021-05-22,(皑家规幅 -160З/s)
3892,1017310,迫寸达,2021-05-23,2021-05-23 11:00,380,2021-05-23,(皑家规幅 -130З/s)
3893,1007801,碍玫焊,2021-06-22,2021-06-22 18:00,500,2021-06-22,(全荐炼例侩樊 犬焊甫 困茄 惑幅达 刘啊规幅 棺 蜡开郴 碍荐傈噶俊 蝶弗 促扁瓷焊 荐巩规幅角矫)
3894,1007802,咯林焊,2021-06-22,2021-06-22 18:00,550,2021-06-22,(全荐炼例侩樊 犬焊甫 困茄 惑幅达 刘啊规幅 棺 蜡开郴 碍荐傈噶俊 蝶弗 促扁瓷焊 荐巩规幅角矫)
3895,1007803,捞器焊,2021-06-22,2021-06-22 18:00,600,2021-06-22,(全荐炼例侩樊 犬焊甫 困茄 惑幅达 刘啊规幅 棺 蜡开郴 碍荐傈噶俊 蝶弗 促扁瓷焊 荐巩规幅角矫)
3896,1007801,碍玫焊,2021-07-02,2021-07-03 06:00,1400,2021-07-02,
3897,1007802,咯林焊,2021-07-02,2021-07-03 06:00,1500,2021-07-02,
3898,1007803,捞器焊,2021-07-02,2021-07-03 06:00,1600,2021-07-02,
3899,1001210,堡悼,2021-07-02,2021-07-03 14:00,100,2021-07-02,
3900,1004310,鲍魂达,2021-07-02,2021-07-04 09:00,250,2021-07-02,
3901,1017310,迫寸达,2021-07-04,2021-07-04 12:00,1155,2021-07-04,迫寸达 荐巩 檬扁规幅(+396 刘啊)
3902,1017310,迫寸达,2021-07-04,2021-07-04 12:40,1670,2021-07-04,(刘啊规幅 515З/s)
3903,1017310,迫寸达,2021-07-04,2021-07-04 20:10,1175,2021-07-04,(皑家规幅 -495З/s)
3904,1017310,迫寸达,2021-07-05,2021-07-05 06:20,880,2021-07-05,(皑家规幅 -295З/s)
3905,1017310,迫寸达,2021-07-05,2021-07-05 18:00,750,2021-07-05,(荐巩傈企-130З/s)
3906,1004310,鲍魂达,2021-07-08,2021-07-08 03:40,389,2021-07-08,(刘啊规幅 166З/s)
3907,1007801,碍玫焊,2021-07-08,2021-07-03 06:00,3000,2021-07-08,规幅扁埃 (寸檬) 07/03 06:00 ~ 07/09 18:00 (函版) 07/03 06:00 ~ 07/16 18:00 规幅樊(寸檬) 1 400З/s(碍玫)  1 500З/s(咯林)  1 600З/s(捞器) (函版) 3 000З/s(碍玫)  3 100З/s(咯林)  3 200З/s(捞器)
3908,1007802,咯林焊,2021-07-08,2021-07-03 06:00,3100,2021-07-08,规幅扁埃 (寸檬) 07/03 06:00 ~ 07/09 18:00 (函版) 07/03 06:00 ~ 07/16 18:00 规幅樊(寸檬) 1 400З/s(碍玫)  1 500З/s(咯林)  1 600З/s(捞器) (函版) 3 000З/s(碍玫)  3 100З/s(咯林)  3 200З/s(捞器)
3909,1007803,捞器焊,2021-07-08,2021-07-03 06:00,3200,2021-07-08,规幅扁埃 (寸檬) 07/03 06:00 ~ 07/09 18:00 (函版) 07/03 06:00 ~ 07/16 18:00 规幅樊(寸檬) 1 400З/s(碍玫)  1 500З/s(咯林)  1 600З/s(捞器) (函版) 3 000З/s(碍玫)  3 100З/s(咯林)  3 200З/s(捞器)
3910,1017310,迫寸达,2021-07-08,2021-07-08 19:00,1145,2021-07-08,(檬扁荐巩规幅 392З/s)
3911,1017310,迫寸达,2021-07-08,2021-07-08 19:00,1145,2021-07-08,迫寸达 规幅惑炔 沥沥檬扁规幅 392З/s ℃ 刘啊规幅 392З/s
3912,1004310,鲍魂达,2021-07-08,2021-07-08 03:40,800,2021-07-08,[沥沥]规幅扁埃 (函版绝澜)规幅樊 (寸檬) 389З/s  (函版) 800З/s* 达狼 扁惑 棺 荐巩惑炔俊 蝶扼 藕仿炼沥 矫青
3913,1004310,鲍魂达,2021-07-08,2021-07-08 03:40,800,2021-07-08,规幅扁埃 (函版绝澜)规幅樊 (寸檬) 389З/s  (函版) 800З/s* 达狼 扁惑 棺 荐巩惑炔俊 蝶扼 藕仿炼沥 矫青
3914,1017310,迫寸达,2021-07-08,2021-07-08 19:30,1650,2021-07-08,(刘啊规幅 505З/s)
3915,1017310,迫寸达,2021-07-08,2021-07-08 20:10,2160,2021-07-08,(刘啊规幅 510З/s)
3916,1017310,迫寸达,2021-07-08,2021-07-08 23:00,1670,2021-07-08,(皑家规幅 -490З/s)
3917,1017310,迫寸达,2021-07-09,2021-07-09 11:40,1050,2021-07-09,(皑家规幅 -620З/s)
3918,1001210,堡悼,2021-07-09,2021-07-03 14:00,100,2021-07-09,规幅扁埃 沥沥(寸檬) 07/03 14:00 ~ 07/09 18:00 (函版) 07/03 14:00 ~ 07/16 18:00 规幅樊(函版绝澜) 100З/s
3919,1001210,堡悼,2021-07-09,2021-07-03 14:00,100,2021-07-09,规幅扁埃 坷幅 沥沥规幅扁埃 (寸檬) 07/03 14:00 ~ 07/09 18:00 (函版) 07/03 14:00 ~ 07/16 18:00 规幅樊(函版绝澜) 100З/s
3920,1017310,迫寸达,2021-07-09,2021-07-09 16:20,790,2021-07-09,(荐巩傈企 -260З/s)
3921,1017310,迫寸达,2021-07-11,2021-07-11 22:00,970,2021-07-11,(刘啊规幅 260З/s)迫寸达 檬扁规幅
3922,1017310,迫寸达,2021-07-11,2021-07-11 22:10,2025,2021-07-11,(刘啊规幅 1055З/s)迫寸达 刘啊规幅
3923,1017310,迫寸达,2021-07-12,2021-07-12 01:40,1790,2021-07-12,(皑家规幅 -235З/s)
3924,1017310,迫寸达,2021-07-12,2021-07-12 13:40,990,2021-07-12,(皑家规幅 -800З/s)
3925,1017310,迫寸达,2021-07-12,2021-07-12 21:00,870,2021-07-12,(皑家规幅 -120З/s)
3926,1017310,迫寸达,2021-07-13,2021-07-13 13:30,739,2021-07-13,(荐巩傈企 -131З/s)
3927,1007801,碍玫焊,2021-07-16,2021-07-03 06:00,900,2021-07-16,规幅扁埃 (寸檬) 07/03 06:00 ~ 07/16 18:00 (函版) 07/03 06:00 ~ 07/23 18:00 规幅樊(寸檬) 3000З/s(碍玫焊)  3100З/s(咯林焊)  3200З/s(捞器焊)(函版) 900З/s(碍玫焊)  1000З/s(咯林焊)  1100З/s(捞器焊)
3928,1007802,咯林焊,2021-07-16,2021-07-03 06:00,1000,2021-07-16,规幅扁埃 (寸檬) 07/03 06:00 ~ 07/16 18:00 (函版) 07/03 06:00 ~ 07/23 18:00 规幅樊(寸檬) 3000З/s(碍玫焊)  3100З/s(咯林焊)  3200З/s(捞器焊)(函版) 900З/s(碍玫焊)  1000З/s(咯林焊)  1100З/s(捞器焊)
3929,1007803,捞器焊,2021-07-16,2021-07-03 06:00,1100,2021-07-16,规幅扁埃 (寸檬) 07/03 06:00 ~ 07/16 18:00 (函版) 07/03 06:00 ~ 07/23 18:00 规幅樊(寸檬) 3000З/s(碍玫焊)  3100З/s(咯林焊)  3200З/s(捞器焊)(函版) 900З/s(碍玫焊)  1000З/s(咯林焊)  1100З/s(捞器焊)
