document_title,version_date(발령일자),promulgation_no,revision_type,effective_from(시행일자),effective_to(next version 시행일자; not a legal 폐지일),"facility(raw, spaces kept)",facility_type_raw,criterion_type,criterion_value_raw(flood_limit),criterion_value_derived(footnote marker split; derived),footnote_marker_in_raw,min_operating_level_raw,unit,source_footnote_text,source_url,source_locator,raw_file,verification_status,note
댐과 보 등의 연계운영규정,20111031,9999,제정,20120101,20130101,소양강댐,다목적댐,홍수기 제한수위 / 시설별 최저 운영수위 ([별표3] 제6조),190.3,190.3,,-,EL.m,1) 표시의 댐의 경우 홍수기 제한수위가 별도로 설정되어 있지 않아 상시만수위를 대신 표기하였다. 2) 임하댐은 치수능력 증대사업 완료시까지 홍수기 제한수위를 EL. 154.0 m로 한다.,http://www.law.go.kr/DRF/lawService.do?OC=test&target=admrul&ID=2000000065655&type=XML,[별표 3] 댐의 홍수기 제한수위(제6조),01_raw/Law_history/admrul_2000000065655_댐과보등의연계운영규정_시행20120101.xml,EXTRACTED_FROM_OFFICIAL_XML_TABLE,
댐과 보 등의 연계운영규정,20111031,9999,제정,20120101,20130101,충 주 댐,다목적댐 (carried from previous row; blank cell in source),홍수기 제한수위 / 시설별 최저 운영수위 ([별표3] 제6조),138.0,138.0,,-,EL.m,1) 표시의 댐의 경우 홍수기 제한수위가 별도로 설정되어 있지 않아 상시만수위를 대신 표기하였다. 2) 임하댐은 치수능력 증대사업 완료시까지 홍수기 제한수위를 EL. 154.0 m로 한다.,http://www.law.go.kr/DRF/lawService.do?OC=test&target=admrul&ID=2000000065655&type=XML,[별표 3] 댐의 홍수기 제한수위(제6조),01_raw/Law_history/admrul_2000000065655_댐과보등의연계운영규정_시행20120101.xml,EXTRACTED_FROM_OFFICIAL_XML_TABLE,
댐과 보 등의 연계운영규정,20111031,9999,제정,20120101,20130101,횡 성 댐,다목적댐 (carried from previous row; blank cell in source),홍수기 제한수위 / 시설별 최저 운영수위 ([별표3] 제6조),178.2,178.2,,-,EL.m,1) 표시의 댐의 경우 홍수기 제한수위가 별도로 설정되어 있지 않아 상시만수위를 대신 표기하였다. 2) 임하댐은 치수능력 증대사업 완료시까지 홍수기 제한수위를 EL. 154.0 m로 한다.,http://www.law.go.kr/DRF/lawService.do?OC=test&target=admrul&ID=2000000065655&type=XML,[별표 3] 댐의 홍수기 제한수위(제6조),01_raw/Law_history/admrul_2000000065655_댐과보등의연계운영규정_시행20120101.xml,EXTRACTED_FROM_OFFICIAL_XML_TABLE,
댐과 보 등의 연계운영규정,20111031,9999,제정,20120101,20130101,화 천 댐,수력발전댐,홍수기 제한수위 / 시설별 최저 운영수위 ([별표3] 제6조),175.0,175.0,,-,EL.m,1) 표시의 댐의 경우 홍수기 제한수위가 별도로 설정되어 있지 않아 상시만수위를 대신 표기하였다. 2) 임하댐은 치수능력 증대사업 완료시까지 홍수기 제한수위를 EL. 154.0 m로 한다.,http://www.law.go.kr/DRF/lawService.do?OC=test&target=admrul&ID=2000000065655&type=XML,[별표 3] 댐의 홍수기 제한수위(제6조),01_raw/Law_history/admrul_2000000065655_댐과보등의연계운영규정_시행20120101.xml,EXTRACTED_FROM_OFFICIAL_XML_TABLE,
댐과 보 등의 연계운영규정,20111031,9999,제정,20120101,20130101,춘 천 댐,수력발전댐 (carried from previous row; blank cell in source),홍수기 제한수위 / 시설별 최저 운영수위 ([별표3] 제6조),102.0,102.0,,98.0,EL.m,1) 표시의 댐의 경우 홍수기 제한수위가 별도로 설정되어 있지 않아 상시만수위를 대신 표기하였다. 2) 임하댐은 치수능력 증대사업 완료시까지 홍수기 제한수위를 EL. 154.0 m로 한다.,http://www.law.go.kr/DRF/lawService.do?OC=test&target=admrul&ID=2000000065655&type=XML,[별표 3] 댐의 홍수기 제한수위(제6조),01_raw/Law_history/admrul_2000000065655_댐과보등의연계운영규정_시행20120101.xml,EXTRACTED_FROM_OFFICIAL_XML_TABLE,
댐과 보 등의 연계운영규정,20111031,9999,제정,20120101,20130101,의 암 댐,수력발전댐 (carried from previous row; blank cell in source),홍수기 제한수위 / 시설별 최저 운영수위 ([별표3] 제6조),70.5,70.5,,67.0,EL.m,1) 표시의 댐의 경우 홍수기 제한수위가 별도로 설정되어 있지 않아 상시만수위를 대신 표기하였다. 2) 임하댐은 치수능력 증대사업 완료시까지 홍수기 제한수위를 EL. 154.0 m로 한다.,http://www.law.go.kr/DRF/lawService.do?OC=test&target=admrul&ID=2000000065655&type=XML,[별표 3] 댐의 홍수기 제한수위(제6조),01_raw/Law_history/admrul_2000000065655_댐과보등의연계운영규정_시행20120101.xml,EXTRACTED_FROM_OFFICIAL_XML_TABLE,
댐과 보 등의 연계운영규정,20111031,9999,제정,20120101,20130101,청 평 댐,수력발전댐 (carried from previous row; blank cell in source),홍수기 제한수위 / 시설별 최저 운영수위 ([별표3] 제6조),50.0,50.0,,46.0,EL.m,1) 표시의 댐의 경우 홍수기 제한수위가 별도로 설정되어 있지 않아 상시만수위를 대신 표기하였다. 2) 임하댐은 치수능력 증대사업 완료시까지 홍수기 제한수위를 EL. 154.0 m로 한다.,http://www.law.go.kr/DRF/lawService.do?OC=test&target=admrul&ID=2000000065655&type=XML,[별표 3] 댐의 홍수기 제한수위(제6조),01_raw/Law_history/admrul_2000000065655_댐과보등의연계운영규정_시행20120101.xml,EXTRACTED_FROM_OFFICIAL_XML_TABLE,
댐과 보 등의 연계운영규정,20111031,9999,제정,20120101,20130101,괴 산 댐,수력발전댐 (carried from previous row; blank cell in source),홍수기 제한수위 / 시설별 최저 운영수위 ([별표3] 제6조),134.0,134.0,,-,EL.m,1) 표시의 댐의 경우 홍수기 제한수위가 별도로 설정되어 있지 않아 상시만수위를 대신 표기하였다. 2) 임하댐은 치수능력 증대사업 완료시까지 홍수기 제한수위를 EL. 154.0 m로 한다.,http://www.law.go.kr/DRF/lawService.do?OC=test&target=admrul&ID=2000000065655&type=XML,[별표 3] 댐의 홍수기 제한수위(제6조),01_raw/Law_history/admrul_2000000065655_댐과보등의연계운영규정_시행20120101.xml,EXTRACTED_FROM_OFFICIAL_XML_TABLE,
댐과 보 등의 연계운영규정,20111031,9999,제정,20120101,20130101,팔 당 댐,수력발전댐 (carried from previous row; blank cell in source),홍수기 제한수위 / 시설별 최저 운영수위 ([별표3] 제6조),25.51),25.5,1),-,EL.m,1) 표시의 댐의 경우 홍수기 제한수위가 별도로 설정되어 있지 않아 상시만수위를 대신 표기하였다. 2) 임하댐은 치수능력 증대사업 완료시까지 홍수기 제한수위를 EL. 154.0 m로 한다.,http://www.law.go.kr/DRF/lawService.do?OC=test&target=admrul&ID=2000000065655&type=XML,[별표 3] 댐의 홍수기 제한수위(제6조),01_raw/Law_history/admrul_2000000065655_댐과보등의연계운영규정_시행20120101.xml,EXTRACTED_FROM_OFFICIAL_XML_TABLE,
댐과 보 등의 연계운영규정,20111031,9999,제정,20120101,20130101,안 동 댐,다목적댐,홍수기 제한수위 / 시설별 최저 운영수위 ([별표3] 제6조),160.01),160.0,1),-,EL.m,1) 표시의 댐의 경우 홍수기 제한수위가 별도로 설정되어 있지 않아 상시만수위를 대신 표기하였다. 2) 임하댐은 치수능력 증대사업 완료시까지 홍수기 제한수위를 EL. 154.0 m로 한다.,http://www.law.go.kr/DRF/lawService.do?OC=test&target=admrul&ID=2000000065655&type=XML,[별표 3] 댐의 홍수기 제한수위(제6조),01_raw/Law_history/admrul_2000000065655_댐과보등의연계운영규정_시행20120101.xml,EXTRACTED_FROM_OFFICIAL_XML_TABLE,
댐과 보 등의 연계운영규정,20111031,9999,제정,20120101,20130101,임 하 댐,다목적댐 (carried from previous row; blank cell in source),홍수기 제한수위 / 시설별 최저 운영수위 ([별표3] 제6조),161.02),161.0,2),-,EL.m,1) 표시의 댐의 경우 홍수기 제한수위가 별도로 설정되어 있지 않아 상시만수위를 대신 표기하였다. 2) 임하댐은 치수능력 증대사업 완료시까지 홍수기 제한수위를 EL. 154.0 m로 한다.,http://www.law.go.kr/DRF/lawService.do?OC=test&target=admrul&ID=2000000065655&type=XML,[별표 3] 댐의 홍수기 제한수위(제6조),01_raw/Law_history/admrul_2000000065655_댐과보등의연계운영규정_시행20120101.xml,EXTRACTED_FROM_OFFICIAL_XML_TABLE,
댐과 보 등의 연계운영규정,20111031,9999,제정,20120101,20130101,합 천 댐,다목적댐 (carried from previous row; blank cell in source),홍수기 제한수위 / 시설별 최저 운영수위 ([별표3] 제6조),176.01),176.0,1),-,EL.m,1) 표시의 댐의 경우 홍수기 제한수위가 별도로 설정되어 있지 않아 상시만수위를 대신 표기하였다. 2) 임하댐은 치수능력 증대사업 완료시까지 홍수기 제한수위를 EL. 154.0 m로 한다.,http://www.law.go.kr/DRF/lawService.do?OC=test&target=admrul&ID=2000000065655&type=XML,[별표 3] 댐의 홍수기 제한수위(제6조),01_raw/Law_history/admrul_2000000065655_댐과보등의연계운영규정_시행20120101.xml,EXTRACTED_FROM_OFFICIAL_XML_TABLE,
댐과 보 등의 연계운영규정,20111031,9999,제정,20120101,20130101,남 강 댐,다목적댐 (carried from previous row; blank cell in source),홍수기 제한수위 / 시설별 최저 운영수위 ([별표3] 제6조),41.01),41.0,1),-,EL.m,1) 표시의 댐의 경우 홍수기 제한수위가 별도로 설정되어 있지 않아 상시만수위를 대신 표기하였다. 2) 임하댐은 치수능력 증대사업 완료시까지 홍수기 제한수위를 EL. 154.0 m로 한다.,http://www.law.go.kr/DRF/lawService.do?OC=test&target=admrul&ID=2000000065655&type=XML,[별표 3] 댐의 홍수기 제한수위(제6조),01_raw/Law_history/admrul_2000000065655_댐과보등의연계운영규정_시행20120101.xml,EXTRACTED_FROM_OFFICIAL_XML_TABLE,
댐과 보 등의 연계운영규정,20111031,9999,제정,20120101,20130101,밀 양 댐,다목적댐 (carried from previous row; blank cell in source),홍수기 제한수위 / 시설별 최저 운영수위 ([별표3] 제6조),207.21),207.2,1),-,EL.m,1) 표시의 댐의 경우 홍수기 제한수위가 별도로 설정되어 있지 않아 상시만수위를 대신 표기하였다. 2) 임하댐은 치수능력 증대사업 완료시까지 홍수기 제한수위를 EL. 154.0 m로 한다.,http://www.law.go.kr/DRF/lawService.do?OC=test&target=admrul&ID=2000000065655&type=XML,[별표 3] 댐의 홍수기 제한수위(제6조),01_raw/Law_history/admrul_2000000065655_댐과보등의연계운영규정_시행20120101.xml,EXTRACTED_FROM_OFFICIAL_XML_TABLE,
댐과 보 등의 연계운영규정,20111031,9999,제정,20120101,20130101,군 위 댐,다목적댐 (carried from previous row; blank cell in source),홍수기 제한수위 / 시설별 최저 운영수위 ([별표3] 제6조),204.01),204.0,1),-,EL.m,1) 표시의 댐의 경우 홍수기 제한수위가 별도로 설정되어 있지 않아 상시만수위를 대신 표기하였다. 2) 임하댐은 치수능력 증대사업 완료시까지 홍수기 제한수위를 EL. 154.0 m로 한다.,http://www.law.go.kr/DRF/lawService.do?OC=test&target=admrul&ID=2000000065655&type=XML,[별표 3] 댐의 홍수기 제한수위(제6조),01_raw/Law_history/admrul_2000000065655_댐과보등의연계운영규정_시행20120101.xml,EXTRACTED_FROM_OFFICIAL_XML_TABLE,
댐과 보 등의 연계운영규정,20111031,9999,제정,20120101,20130101,용 담 댐,다목적댐,홍수기 제한수위 / 시설별 최저 운영수위 ([별표3] 제6조),261.5,261.5,,-,EL.m,1) 표시의 댐의 경우 홍수기 제한수위가 별도로 설정되어 있지 않아 상시만수위를 대신 표기하였다. 2) 임하댐은 치수능력 증대사업 완료시까지 홍수기 제한수위를 EL. 154.0 m로 한다.,http://www.law.go.kr/DRF/lawService.do?OC=test&target=admrul&ID=2000000065655&type=XML,[별표 3] 댐의 홍수기 제한수위(제6조),01_raw/Law_history/admrul_2000000065655_댐과보등의연계운영규정_시행20120101.xml,EXTRACTED_FROM_OFFICIAL_XML_TABLE,
댐과 보 등의 연계운영규정,20111031,9999,제정,20120101,20130101,대 청 댐,다목적댐 (carried from previous row; blank cell in source),홍수기 제한수위 / 시설별 최저 운영수위 ([별표3] 제6조),76.51),76.5,1),-,EL.m,1) 표시의 댐의 경우 홍수기 제한수위가 별도로 설정되어 있지 않아 상시만수위를 대신 표기하였다. 2) 임하댐은 치수능력 증대사업 완료시까지 홍수기 제한수위를 EL. 154.0 m로 한다.,http://www.law.go.kr/DRF/lawService.do?OC=test&target=admrul&ID=2000000065655&type=XML,[별표 3] 댐의 홍수기 제한수위(제6조),01_raw/Law_history/admrul_2000000065655_댐과보등의연계운영규정_시행20120101.xml,EXTRACTED_FROM_OFFICIAL_XML_TABLE,
댐과 보 등의 연계운영규정,20111031,9999,제정,20120101,20130101,섬진강댐,다목적댐,홍수기 제한수위 / 시설별 최저 운영수위 ([별표3] 제6조),196.51),196.5,1),-,EL.m,1) 표시의 댐의 경우 홍수기 제한수위가 별도로 설정되어 있지 않아 상시만수위를 대신 표기하였다. 2) 임하댐은 치수능력 증대사업 완료시까지 홍수기 제한수위를 EL. 154.0 m로 한다.,http://www.law.go.kr/DRF/lawService.do?OC=test&target=admrul&ID=2000000065655&type=XML,[별표 3] 댐의 홍수기 제한수위(제6조),01_raw/Law_history/admrul_2000000065655_댐과보등의연계운영규정_시행20120101.xml,EXTRACTED_FROM_OFFICIAL_XML_TABLE,
댐과 보 등의 연계운영규정,20111031,9999,제정,20120101,20130101,주 암 댐,다목적댐 (carried from previous row; blank cell in source),홍수기 제한수위 / 시설별 최저 운영수위 ([별표3] 제6조),108.51),108.5,1),-,EL.m,1) 표시의 댐의 경우 홍수기 제한수위가 별도로 설정되어 있지 않아 상시만수위를 대신 표기하였다. 2) 임하댐은 치수능력 증대사업 완료시까지 홍수기 제한수위를 EL. 154.0 m로 한다.,http://www.law.go.kr/DRF/lawService.do?OC=test&target=admrul&ID=2000000065655&type=XML,[별표 3] 댐의 홍수기 제한수위(제6조),01_raw/Law_history/admrul_2000000065655_댐과보등의연계운영규정_시행20120101.xml,EXTRACTED_FROM_OFFICIAL_XML_TABLE,
댐과 보 등의 연계운영규정,20111031,9999,제정,20120101,20130101,보성강댐,수력발전댐,홍수기 제한수위 / 시설별 최저 운영수위 ([별표3] 제6조),126.9,126.9,,-,EL.m,1) 표시의 댐의 경우 홍수기 제한수위가 별도로 설정되어 있지 않아 상시만수위를 대신 표기하였다. 2) 임하댐은 치수능력 증대사업 완료시까지 홍수기 제한수위를 EL. 154.0 m로 한다.,http://www.law.go.kr/DRF/lawService.do?OC=test&target=admrul&ID=2000000065655&type=XML,[별표 3] 댐의 홍수기 제한수위(제6조),01_raw/Law_history/admrul_2000000065655_댐과보등의연계운영규정_시행20120101.xml,EXTRACTED_FROM_OFFICIAL_XML_TABLE,
댐과 보 등의 연계운영규정,20180629,1348,제정,20180629,20220706,소양강댐,다목적댐,홍수기 제한수위 / 시설별 최저 운영수위 ([별표3] 제6조),190.3,190.3,,-,EL.m,1) 표시의 댐의 경우 홍수기 제한수위가 별도로 설정되어 있지 않아 상시만수위를 대신 표기,http://www.law.go.kr/DRF/lawService.do?OC=test&target=admrul&ID=2100000134749&type=XML,[별표 3] 댐의 홍수기 제한수위(제6조),01_raw/Law_history/admrul_2100000134749_댐과보등의연계운영규정_시행20180629.xml,EXTRACTED_FROM_OFFICIAL_XML_TABLE,
댐과 보 등의 연계운영규정,20180629,1348,제정,20180629,20220706,충 주 댐,다목적댐 (carried from previous row; blank cell in source),홍수기 제한수위 / 시설별 최저 운영수위 ([별표3] 제6조),138.0,138.0,,-,EL.m,1) 표시의 댐의 경우 홍수기 제한수위가 별도로 설정되어 있지 않아 상시만수위를 대신 표기,http://www.law.go.kr/DRF/lawService.do?OC=test&target=admrul&ID=2100000134749&type=XML,[별표 3] 댐의 홍수기 제한수위(제6조),01_raw/Law_history/admrul_2100000134749_댐과보등의연계운영규정_시행20180629.xml,EXTRACTED_FROM_OFFICIAL_XML_TABLE,
댐과 보 등의 연계운영규정,20180629,1348,제정,20180629,20220706,횡 성 댐,다목적댐 (carried from previous row; blank cell in source),홍수기 제한수위 / 시설별 최저 운영수위 ([별표3] 제6조),178.2,178.2,,-,EL.m,1) 표시의 댐의 경우 홍수기 제한수위가 별도로 설정되어 있지 않아 상시만수위를 대신 표기,http://www.law.go.kr/DRF/lawService.do?OC=test&target=admrul&ID=2100000134749&type=XML,[별표 3] 댐의 홍수기 제한수위(제6조),01_raw/Law_history/admrul_2100000134749_댐과보등의연계운영규정_시행20180629.xml,EXTRACTED_FROM_OFFICIAL_XML_TABLE,
댐과 보 등의 연계운영규정,20180629,1348,제정,20180629,20220706,화 천 댐,수력발전댐,홍수기 제한수위 / 시설별 최저 운영수위 ([별표3] 제6조),175.0,175.0,,-,EL.m,1) 표시의 댐의 경우 홍수기 제한수위가 별도로 설정되어 있지 않아 상시만수위를 대신 표기,http://www.law.go.kr/DRF/lawService.do?OC=test&target=admrul&ID=2100000134749&type=XML,[별표 3] 댐의 홍수기 제한수위(제6조),01_raw/Law_history/admrul_2100000134749_댐과보등의연계운영규정_시행20180629.xml,EXTRACTED_FROM_OFFICIAL_XML_TABLE,
댐과 보 등의 연계운영규정,20180629,1348,제정,20180629,20220706,춘 천 댐,수력발전댐 (carried from previous row; blank cell in source),홍수기 제한수위 / 시설별 최저 운영수위 ([별표3] 제6조),102.0,102.0,,98.0,EL.m,1) 표시의 댐의 경우 홍수기 제한수위가 별도로 설정되어 있지 않아 상시만수위를 대신 표기,http://www.law.go.kr/DRF/lawService.do?OC=test&target=admrul&ID=2100000134749&type=XML,[별표 3] 댐의 홍수기 제한수위(제6조),01_raw/Law_history/admrul_2100000134749_댐과보등의연계운영규정_시행20180629.xml,EXTRACTED_FROM_OFFICIAL_XML_TABLE,
댐과 보 등의 연계운영규정,20180629,1348,제정,20180629,20220706,의 암 댐,수력발전댐 (carried from previous row; blank cell in source),홍수기 제한수위 / 시설별 최저 운영수위 ([별표3] 제6조),70.5,70.5,,67.0,EL.m,1) 표시의 댐의 경우 홍수기 제한수위가 별도로 설정되어 있지 않아 상시만수위를 대신 표기,http://www.law.go.kr/DRF/lawService.do?OC=test&target=admrul&ID=2100000134749&type=XML,[별표 3] 댐의 홍수기 제한수위(제6조),01_raw/Law_history/admrul_2100000134749_댐과보등의연계운영규정_시행20180629.xml,EXTRACTED_FROM_OFFICIAL_XML_TABLE,
댐과 보 등의 연계운영규정,20180629,1348,제정,20180629,20220706,청 평 댐,수력발전댐 (carried from previous row; blank cell in source),홍수기 제한수위 / 시설별 최저 운영수위 ([별표3] 제6조),50.0,50.0,,46.0,EL.m,1) 표시의 댐의 경우 홍수기 제한수위가 별도로 설정되어 있지 않아 상시만수위를 대신 표기,http://www.law.go.kr/DRF/lawService.do?OC=test&target=admrul&ID=2100000134749&type=XML,[별표 3] 댐의 홍수기 제한수위(제6조),01_raw/Law_history/admrul_2100000134749_댐과보등의연계운영규정_시행20180629.xml,EXTRACTED_FROM_OFFICIAL_XML_TABLE,
댐과 보 등의 연계운영규정,20180629,1348,제정,20180629,20220706,괴 산 댐,수력발전댐 (carried from previous row; blank cell in source),홍수기 제한수위 / 시설별 최저 운영수위 ([별표3] 제6조),134.0,134.0,,-,EL.m,1) 표시의 댐의 경우 홍수기 제한수위가 별도로 설정되어 있지 않아 상시만수위를 대신 표기,http://www.law.go.kr/DRF/lawService.do?OC=test&target=admrul&ID=2100000134749&type=XML,[별표 3] 댐의 홍수기 제한수위(제6조),01_raw/Law_history/admrul_2100000134749_댐과보등의연계운영규정_시행20180629.xml,EXTRACTED_FROM_OFFICIAL_XML_TABLE,
댐과 보 등의 연계운영규정,20180629,1348,제정,20180629,20220706,팔 당 댐,수력발전댐 (carried from previous row; blank cell in source),홍수기 제한수위 / 시설별 최저 운영수위 ([별표3] 제6조),25.51),25.5,1),-,EL.m,1) 표시의 댐의 경우 홍수기 제한수위가 별도로 설정되어 있지 않아 상시만수위를 대신 표기,http://www.law.go.kr/DRF/lawService.do?OC=test&target=admrul&ID=2100000134749&type=XML,[별표 3] 댐의 홍수기 제한수위(제6조),01_raw/Law_history/admrul_2100000134749_댐과보등의연계운영규정_시행20180629.xml,EXTRACTED_FROM_OFFICIAL_XML_TABLE,
댐과 보 등의 연계운영규정,20180629,1348,제정,20180629,20220706,안 동 댐,다목적댐,홍수기 제한수위 / 시설별 최저 운영수위 ([별표3] 제6조),160.01),160.0,1),-,EL.m,1) 표시의 댐의 경우 홍수기 제한수위가 별도로 설정되어 있지 않아 상시만수위를 대신 표기,http://www.law.go.kr/DRF/lawService.do?OC=test&target=admrul&ID=2100000134749&type=XML,[별표 3] 댐의 홍수기 제한수위(제6조),01_raw/Law_history/admrul_2100000134749_댐과보등의연계운영규정_시행20180629.xml,EXTRACTED_FROM_OFFICIAL_XML_TABLE,
댐과 보 등의 연계운영규정,20180629,1348,제정,20180629,20220706,임 하 댐,다목적댐 (carried from previous row; blank cell in source),홍수기 제한수위 / 시설별 최저 운영수위 ([별표3] 제6조),161.7,161.7,,-,EL.m,1) 표시의 댐의 경우 홍수기 제한수위가 별도로 설정되어 있지 않아 상시만수위를 대신 표기,http://www.law.go.kr/DRF/lawService.do?OC=test&target=admrul&ID=2100000134749&type=XML,[별표 3] 댐의 홍수기 제한수위(제6조),01_raw/Law_history/admrul_2100000134749_댐과보등의연계운영규정_시행20180629.xml,EXTRACTED_FROM_OFFICIAL_XML_TABLE,
댐과 보 등의 연계운영규정,20180629,1348,제정,20180629,20220706,합 천 댐,다목적댐 (carried from previous row; blank cell in source),홍수기 제한수위 / 시설별 최저 운영수위 ([별표3] 제6조),176.01),176.0,1),-,EL.m,1) 표시의 댐의 경우 홍수기 제한수위가 별도로 설정되어 있지 않아 상시만수위를 대신 표기,http://www.law.go.kr/DRF/lawService.do?OC=test&target=admrul&ID=2100000134749&type=XML,[별표 3] 댐의 홍수기 제한수위(제6조),01_raw/Law_history/admrul_2100000134749_댐과보등의연계운영규정_시행20180629.xml,EXTRACTED_FROM_OFFICIAL_XML_TABLE,
댐과 보 등의 연계운영규정,20180629,1348,제정,20180629,20220706,남 강 댐,다목적댐 (carried from previous row; blank cell in source),홍수기 제한수위 / 시설별 최저 운영수위 ([별표3] 제6조),41.01),41.0,1),-,EL.m,1) 표시의 댐의 경우 홍수기 제한수위가 별도로 설정되어 있지 않아 상시만수위를 대신 표기,http://www.law.go.kr/DRF/lawService.do?OC=test&target=admrul&ID=2100000134749&type=XML,[별표 3] 댐의 홍수기 제한수위(제6조),01_raw/Law_history/admrul_2100000134749_댐과보등의연계운영규정_시행20180629.xml,EXTRACTED_FROM_OFFICIAL_XML_TABLE,
댐과 보 등의 연계운영규정,20180629,1348,제정,20180629,20220706,밀 양 댐,다목적댐 (carried from previous row; blank cell in source),홍수기 제한수위 / 시설별 최저 운영수위 ([별표3] 제6조),207.21),207.2,1),-,EL.m,1) 표시의 댐의 경우 홍수기 제한수위가 별도로 설정되어 있지 않아 상시만수위를 대신 표기,http://www.law.go.kr/DRF/lawService.do?OC=test&target=admrul&ID=2100000134749&type=XML,[별표 3] 댐의 홍수기 제한수위(제6조),01_raw/Law_history/admrul_2100000134749_댐과보등의연계운영규정_시행20180629.xml,EXTRACTED_FROM_OFFICIAL_XML_TABLE,
댐과 보 등의 연계운영규정,20180629,1348,제정,20180629,20220706,군 위 댐,다목적댐 (carried from previous row; blank cell in source),홍수기 제한수위 / 시설별 최저 운영수위 ([별표3] 제6조),204.01),204.0,1),-,EL.m,1) 표시의 댐의 경우 홍수기 제한수위가 별도로 설정되어 있지 않아 상시만수위를 대신 표기,http://www.law.go.kr/DRF/lawService.do?OC=test&target=admrul&ID=2100000134749&type=XML,[별표 3] 댐의 홍수기 제한수위(제6조),01_raw/Law_history/admrul_2100000134749_댐과보등의연계운영규정_시행20180629.xml,EXTRACTED_FROM_OFFICIAL_XML_TABLE,
댐과 보 등의 연계운영규정,20180629,1348,제정,20180629,20220706,김천부항댐,다목적댐 (carried from previous row; blank cell in source),홍수기 제한수위 / 시설별 최저 운영수위 ([별표3] 제6조),193.5,193.5,,-,EL.m,1) 표시의 댐의 경우 홍수기 제한수위가 별도로 설정되어 있지 않아 상시만수위를 대신 표기,http://www.law.go.kr/DRF/lawService.do?OC=test&target=admrul&ID=2100000134749&type=XML,[별표 3] 댐의 홍수기 제한수위(제6조),01_raw/Law_history/admrul_2100000134749_댐과보등의연계운영규정_시행20180629.xml,EXTRACTED_FROM_OFFICIAL_XML_TABLE,
댐과 보 등의 연계운영규정,20180629,1348,제정,20180629,20220706,성 덕 댐,다목적댐 (carried from previous row; blank cell in source),홍수기 제한수위 / 시설별 최저 운영수위 ([별표3] 제6조),362.0,362.0,,-,EL.m,1) 표시의 댐의 경우 홍수기 제한수위가 별도로 설정되어 있지 않아 상시만수위를 대신 표기,http://www.law.go.kr/DRF/lawService.do?OC=test&target=admrul&ID=2100000134749&type=XML,[별표 3] 댐의 홍수기 제한수위(제6조),01_raw/Law_history/admrul_2100000134749_댐과보등의연계운영규정_시행20180629.xml,EXTRACTED_FROM_OFFICIAL_XML_TABLE,
댐과 보 등의 연계운영규정,20180629,1348,제정,20180629,20220706,보현산댐,다목적댐 (carried from previous row; blank cell in source),홍수기 제한수위 / 시설별 최저 운영수위 ([별표3] 제6조),236.0,236.0,,-,EL.m,1) 표시의 댐의 경우 홍수기 제한수위가 별도로 설정되어 있지 않아 상시만수위를 대신 표기,http://www.law.go.kr/DRF/lawService.do?OC=test&target=admrul&ID=2100000134749&type=XML,[별표 3] 댐의 홍수기 제한수위(제6조),01_raw/Law_history/admrul_2100000134749_댐과보등의연계운영규정_시행20180629.xml,EXTRACTED_FROM_OFFICIAL_XML_TABLE,
댐과 보 등의 연계운영규정,20180629,1348,제정,20180629,20220706,용 담 댐,다목적댐,홍수기 제한수위 / 시설별 최저 운영수위 ([별표3] 제6조),261.5,261.5,,-,EL.m,1) 표시의 댐의 경우 홍수기 제한수위가 별도로 설정되어 있지 않아 상시만수위를 대신 표기,http://www.law.go.kr/DRF/lawService.do?OC=test&target=admrul&ID=2100000134749&type=XML,[별표 3] 댐의 홍수기 제한수위(제6조),01_raw/Law_history/admrul_2100000134749_댐과보등의연계운영규정_시행20180629.xml,EXTRACTED_FROM_OFFICIAL_XML_TABLE,
댐과 보 등의 연계운영규정,20180629,1348,제정,20180629,20220706,대 청 댐,다목적댐 (carried from previous row; blank cell in source),홍수기 제한수위 / 시설별 최저 운영수위 ([별표3] 제6조),76.51),76.5,1),-,EL.m,1) 표시의 댐의 경우 홍수기 제한수위가 별도로 설정되어 있지 않아 상시만수위를 대신 표기,http://www.law.go.kr/DRF/lawService.do?OC=test&target=admrul&ID=2100000134749&type=XML,[별표 3] 댐의 홍수기 제한수위(제6조),01_raw/Law_history/admrul_2100000134749_댐과보등의연계운영규정_시행20180629.xml,EXTRACTED_FROM_OFFICIAL_XML_TABLE,
댐과 보 등의 연계운영규정,20180629,1348,제정,20180629,20220706,섬진강댐,다목적댐,홍수기 제한수위 / 시설별 최저 운영수위 ([별표3] 제6조),196.51),196.5,1),-,EL.m,1) 표시의 댐의 경우 홍수기 제한수위가 별도로 설정되어 있지 않아 상시만수위를 대신 표기,http://www.law.go.kr/DRF/lawService.do?OC=test&target=admrul&ID=2100000134749&type=XML,[별표 3] 댐의 홍수기 제한수위(제6조),01_raw/Law_history/admrul_2100000134749_댐과보등의연계운영규정_시행20180629.xml,EXTRACTED_FROM_OFFICIAL_XML_TABLE,
댐과 보 등의 연계운영규정,20180629,1348,제정,20180629,20220706,주 암 댐,다목적댐 (carried from previous row; blank cell in source),홍수기 제한수위 / 시설별 최저 운영수위 ([별표3] 제6조),108.51),108.5,1),-,EL.m,1) 표시의 댐의 경우 홍수기 제한수위가 별도로 설정되어 있지 않아 상시만수위를 대신 표기,http://www.law.go.kr/DRF/lawService.do?OC=test&target=admrul&ID=2100000134749&type=XML,[별표 3] 댐의 홍수기 제한수위(제6조),01_raw/Law_history/admrul_2100000134749_댐과보등의연계운영규정_시행20180629.xml,EXTRACTED_FROM_OFFICIAL_XML_TABLE,
댐과 보 등의 연계운영규정,20180629,1348,제정,20180629,20220706,보성강댐,수력발전댐,홍수기 제한수위 / 시설별 최저 운영수위 ([별표3] 제6조),126.9,126.9,,-,EL.m,1) 표시의 댐의 경우 홍수기 제한수위가 별도로 설정되어 있지 않아 상시만수위를 대신 표기,http://www.law.go.kr/DRF/lawService.do?OC=test&target=admrul&ID=2100000134749&type=XML,[별표 3] 댐의 홍수기 제한수위(제6조),01_raw/Law_history/admrul_2100000134749_댐과보등의연계운영규정_시행20180629.xml,EXTRACTED_FROM_OFFICIAL_XML_TABLE,
댐과 보 등의 연계운영규정,20180629,1348,제정,20180629,20220706,부 안 댐,다목적댐,홍수기 제한수위 / 시설별 최저 운영수위 ([별표3] 제6조),41.2,41.2,,-,EL.m,1) 표시의 댐의 경우 홍수기 제한수위가 별도로 설정되어 있지 않아 상시만수위를 대신 표기,http://www.law.go.kr/DRF/lawService.do?OC=test&target=admrul&ID=2100000134749&type=XML,[별표 3] 댐의 홍수기 제한수위(제6조),01_raw/Law_history/admrul_2100000134749_댐과보등의연계운영규정_시행20180629.xml,EXTRACTED_FROM_OFFICIAL_XML_TABLE,
댐과 보 등의 연계운영규정,20180629,1348,제정,20180629,20220706,보 령 댐,다목적댐 (carried from previous row; blank cell in source),홍수기 제한수위 / 시설별 최저 운영수위 ([별표3] 제6조),74.01),74.0,1),-,EL.m,1) 표시의 댐의 경우 홍수기 제한수위가 별도로 설정되어 있지 않아 상시만수위를 대신 표기,http://www.law.go.kr/DRF/lawService.do?OC=test&target=admrul&ID=2100000134749&type=XML,[별표 3] 댐의 홍수기 제한수위(제6조),01_raw/Law_history/admrul_2100000134749_댐과보등의연계운영규정_시행20180629.xml,EXTRACTED_FROM_OFFICIAL_XML_TABLE,
댐과 보 등의 연계운영규정,20180629,1348,제정,20180629,20220706,장 흥 댐,다목적댐 (carried from previous row; blank cell in source),홍수기 제한수위 / 시설별 최저 운영수위 ([별표3] 제6조),79.4,79.4,,-,EL.m,1) 표시의 댐의 경우 홍수기 제한수위가 별도로 설정되어 있지 않아 상시만수위를 대신 표기,http://www.law.go.kr/DRF/lawService.do?OC=test&target=admrul&ID=2100000134749&type=XML,[별표 3] 댐의 홍수기 제한수위(제6조),01_raw/Law_history/admrul_2100000134749_댐과보등의연계운영규정_시행20180629.xml,EXTRACTED_FROM_OFFICIAL_XML_TABLE,
댐과 보 등의 연계운영규정,20220706,1555,일부개정,20220706,20240229,소양강댐,다목적댐,홍수기 제한수위 / 시설별 최저 운영수위 ([별표3] 제6조),190.3,190.3,,-,EL.m,1) 표시의 댐의 경우 홍수기 제한수위가 별도로 설정되어 있지 않아 상시만수위를 대신 표기,http://www.law.go.kr/DRF/lawService.do?OC=test&target=admrul&ID=2100000212832&type=XML,[별표 3] 댐의 홍수기 제한수위(제6조),01_raw/Law_history/admrul_2100000212832_댐과보등의연계운영규정_시행20220706.xml,EXTRACTED_FROM_OFFICIAL_XML_TABLE,
댐과 보 등의 연계운영규정,20220706,1555,일부개정,20220706,20240229,충 주 댐,다목적댐 (carried from previous row; blank cell in source),홍수기 제한수위 / 시설별 최저 운영수위 ([별표3] 제6조),138.0,138.0,,-,EL.m,1) 표시의 댐의 경우 홍수기 제한수위가 별도로 설정되어 있지 않아 상시만수위를 대신 표기,http://www.law.go.kr/DRF/lawService.do?OC=test&target=admrul&ID=2100000212832&type=XML,[별표 3] 댐의 홍수기 제한수위(제6조),01_raw/Law_history/admrul_2100000212832_댐과보등의연계운영규정_시행20220706.xml,EXTRACTED_FROM_OFFICIAL_XML_TABLE,
댐과 보 등의 연계운영규정,20220706,1555,일부개정,20220706,20240229,횡 성 댐,다목적댐 (carried from previous row; blank cell in source),홍수기 제한수위 / 시설별 최저 운영수위 ([별표3] 제6조),178.2,178.2,,-,EL.m,1) 표시의 댐의 경우 홍수기 제한수위가 별도로 설정되어 있지 않아 상시만수위를 대신 표기,http://www.law.go.kr/DRF/lawService.do?OC=test&target=admrul&ID=2100000212832&type=XML,[별표 3] 댐의 홍수기 제한수위(제6조),01_raw/Law_history/admrul_2100000212832_댐과보등의연계운영규정_시행20220706.xml,EXTRACTED_FROM_OFFICIAL_XML_TABLE,
댐과 보 등의 연계운영규정,20220706,1555,일부개정,20220706,20240229,화 천 댐,수력발전댐,홍수기 제한수위 / 시설별 최저 운영수위 ([별표3] 제6조),175.0,175.0,,-,EL.m,1) 표시의 댐의 경우 홍수기 제한수위가 별도로 설정되어 있지 않아 상시만수위를 대신 표기,http://www.law.go.kr/DRF/lawService.do?OC=test&target=admrul&ID=2100000212832&type=XML,[별표 3] 댐의 홍수기 제한수위(제6조),01_raw/Law_history/admrul_2100000212832_댐과보등의연계운영규정_시행20220706.xml,EXTRACTED_FROM_OFFICIAL_XML_TABLE,
댐과 보 등의 연계운영규정,20220706,1555,일부개정,20220706,20240229,춘 천 댐,수력발전댐 (carried from previous row; blank cell in source),홍수기 제한수위 / 시설별 최저 운영수위 ([별표3] 제6조),102.0,102.0,,98.0,EL.m,1) 표시의 댐의 경우 홍수기 제한수위가 별도로 설정되어 있지 않아 상시만수위를 대신 표기,http://www.law.go.kr/DRF/lawService.do?OC=test&target=admrul&ID=2100000212832&type=XML,[별표 3] 댐의 홍수기 제한수위(제6조),01_raw/Law_history/admrul_2100000212832_댐과보등의연계운영규정_시행20220706.xml,EXTRACTED_FROM_OFFICIAL_XML_TABLE,
댐과 보 등의 연계운영규정,20220706,1555,일부개정,20220706,20240229,의 암 댐,수력발전댐 (carried from previous row; blank cell in source),홍수기 제한수위 / 시설별 최저 운영수위 ([별표3] 제6조),70.5,70.5,,67.0,EL.m,1) 표시의 댐의 경우 홍수기 제한수위가 별도로 설정되어 있지 않아 상시만수위를 대신 표기,http://www.law.go.kr/DRF/lawService.do?OC=test&target=admrul&ID=2100000212832&type=XML,[별표 3] 댐의 홍수기 제한수위(제6조),01_raw/Law_history/admrul_2100000212832_댐과보등의연계운영규정_시행20220706.xml,EXTRACTED_FROM_OFFICIAL_XML_TABLE,
댐과 보 등의 연계운영규정,20220706,1555,일부개정,20220706,20240229,청 평 댐,수력발전댐 (carried from previous row; blank cell in source),홍수기 제한수위 / 시설별 최저 운영수위 ([별표3] 제6조),50.0,50.0,,46.0,EL.m,1) 표시의 댐의 경우 홍수기 제한수위가 별도로 설정되어 있지 않아 상시만수위를 대신 표기,http://www.law.go.kr/DRF/lawService.do?OC=test&target=admrul&ID=2100000212832&type=XML,[별표 3] 댐의 홍수기 제한수위(제6조),01_raw/Law_history/admrul_2100000212832_댐과보등의연계운영규정_시행20220706.xml,EXTRACTED_FROM_OFFICIAL_XML_TABLE,
댐과 보 등의 연계운영규정,20220706,1555,일부개정,20220706,20240229,괴 산 댐,수력발전댐 (carried from previous row; blank cell in source),홍수기 제한수위 / 시설별 최저 운영수위 ([별표3] 제6조),134.0,134.0,,-,EL.m,1) 표시의 댐의 경우 홍수기 제한수위가 별도로 설정되어 있지 않아 상시만수위를 대신 표기,http://www.law.go.kr/DRF/lawService.do?OC=test&target=admrul&ID=2100000212832&type=XML,[별표 3] 댐의 홍수기 제한수위(제6조),01_raw/Law_history/admrul_2100000212832_댐과보등의연계운영규정_시행20220706.xml,EXTRACTED_FROM_OFFICIAL_XML_TABLE,
댐과 보 등의 연계운영규정,20220706,1555,일부개정,20220706,20240229,팔 당 댐,수력발전댐 (carried from previous row; blank cell in source),홍수기 제한수위 / 시설별 최저 운영수위 ([별표3] 제6조),25.51),25.5,1),-,EL.m,1) 표시의 댐의 경우 홍수기 제한수위가 별도로 설정되어 있지 않아 상시만수위를 대신 표기,http://www.law.go.kr/DRF/lawService.do?OC=test&target=admrul&ID=2100000212832&type=XML,[별표 3] 댐의 홍수기 제한수위(제6조),01_raw/Law_history/admrul_2100000212832_댐과보등의연계운영규정_시행20220706.xml,EXTRACTED_FROM_OFFICIAL_XML_TABLE,
댐과 보 등의 연계운영규정,20220706,1555,일부개정,20220706,20240229,안 동 댐,다목적댐,홍수기 제한수위 / 시설별 최저 운영수위 ([별표3] 제6조),160.01),160.0,1),-,EL.m,1) 표시의 댐의 경우 홍수기 제한수위가 별도로 설정되어 있지 않아 상시만수위를 대신 표기,http://www.law.go.kr/DRF/lawService.do?OC=test&target=admrul&ID=2100000212832&type=XML,[별표 3] 댐의 홍수기 제한수위(제6조),01_raw/Law_history/admrul_2100000212832_댐과보등의연계운영규정_시행20220706.xml,EXTRACTED_FROM_OFFICIAL_XML_TABLE,
댐과 보 등의 연계운영규정,20220706,1555,일부개정,20220706,20240229,임 하 댐,다목적댐 (carried from previous row; blank cell in source),홍수기 제한수위 / 시설별 최저 운영수위 ([별표3] 제6조),161.7,161.7,,-,EL.m,1) 표시의 댐의 경우 홍수기 제한수위가 별도로 설정되어 있지 않아 상시만수위를 대신 표기,http://www.law.go.kr/DRF/lawService.do?OC=test&target=admrul&ID=2100000212832&type=XML,[별표 3] 댐의 홍수기 제한수위(제6조),01_raw/Law_history/admrul_2100000212832_댐과보등의연계운영규정_시행20220706.xml,EXTRACTED_FROM_OFFICIAL_XML_TABLE,
댐과 보 등의 연계운영규정,20220706,1555,일부개정,20220706,20240229,합 천 댐,다목적댐 (carried from previous row; blank cell in source),홍수기 제한수위 / 시설별 최저 운영수위 ([별표3] 제6조),176.01),176.0,1),-,EL.m,1) 표시의 댐의 경우 홍수기 제한수위가 별도로 설정되어 있지 않아 상시만수위를 대신 표기,http://www.law.go.kr/DRF/lawService.do?OC=test&target=admrul&ID=2100000212832&type=XML,[별표 3] 댐의 홍수기 제한수위(제6조),01_raw/Law_history/admrul_2100000212832_댐과보등의연계운영규정_시행20220706.xml,EXTRACTED_FROM_OFFICIAL_XML_TABLE,
댐과 보 등의 연계운영규정,20220706,1555,일부개정,20220706,20240229,남 강 댐,다목적댐 (carried from previous row; blank cell in source),홍수기 제한수위 / 시설별 최저 운영수위 ([별표3] 제6조),41.01),41.0,1),-,EL.m,1) 표시의 댐의 경우 홍수기 제한수위가 별도로 설정되어 있지 않아 상시만수위를 대신 표기,http://www.law.go.kr/DRF/lawService.do?OC=test&target=admrul&ID=2100000212832&type=XML,[별표 3] 댐의 홍수기 제한수위(제6조),01_raw/Law_history/admrul_2100000212832_댐과보등의연계운영규정_시행20220706.xml,EXTRACTED_FROM_OFFICIAL_XML_TABLE,
댐과 보 등의 연계운영규정,20220706,1555,일부개정,20220706,20240229,밀 양 댐,다목적댐 (carried from previous row; blank cell in source),홍수기 제한수위 / 시설별 최저 운영수위 ([별표3] 제6조),207.21),207.2,1),-,EL.m,1) 표시의 댐의 경우 홍수기 제한수위가 별도로 설정되어 있지 않아 상시만수위를 대신 표기,http://www.law.go.kr/DRF/lawService.do?OC=test&target=admrul&ID=2100000212832&type=XML,[별표 3] 댐의 홍수기 제한수위(제6조),01_raw/Law_history/admrul_2100000212832_댐과보등의연계운영규정_시행20220706.xml,EXTRACTED_FROM_OFFICIAL_XML_TABLE,
댐과 보 등의 연계운영규정,20220706,1555,일부개정,20220706,20240229,군 위 댐,다목적댐 (carried from previous row; blank cell in source),홍수기 제한수위 / 시설별 최저 운영수위 ([별표3] 제6조),204.01),204.0,1),-,EL.m,1) 표시의 댐의 경우 홍수기 제한수위가 별도로 설정되어 있지 않아 상시만수위를 대신 표기,http://www.law.go.kr/DRF/lawService.do?OC=test&target=admrul&ID=2100000212832&type=XML,[별표 3] 댐의 홍수기 제한수위(제6조),01_raw/Law_history/admrul_2100000212832_댐과보등의연계운영규정_시행20220706.xml,EXTRACTED_FROM_OFFICIAL_XML_TABLE,
댐과 보 등의 연계운영규정,20220706,1555,일부개정,20220706,20240229,김천부항댐,다목적댐 (carried from previous row; blank cell in source),홍수기 제한수위 / 시설별 최저 운영수위 ([별표3] 제6조),193.5,193.5,,-,EL.m,1) 표시의 댐의 경우 홍수기 제한수위가 별도로 설정되어 있지 않아 상시만수위를 대신 표기,http://www.law.go.kr/DRF/lawService.do?OC=test&target=admrul&ID=2100000212832&type=XML,[별표 3] 댐의 홍수기 제한수위(제6조),01_raw/Law_history/admrul_2100000212832_댐과보등의연계운영규정_시행20220706.xml,EXTRACTED_FROM_OFFICIAL_XML_TABLE,
댐과 보 등의 연계운영규정,20220706,1555,일부개정,20220706,20240229,성 덕 댐,다목적댐 (carried from previous row; blank cell in source),홍수기 제한수위 / 시설별 최저 운영수위 ([별표3] 제6조),362.0,362.0,,-,EL.m,1) 표시의 댐의 경우 홍수기 제한수위가 별도로 설정되어 있지 않아 상시만수위를 대신 표기,http://www.law.go.kr/DRF/lawService.do?OC=test&target=admrul&ID=2100000212832&type=XML,[별표 3] 댐의 홍수기 제한수위(제6조),01_raw/Law_history/admrul_2100000212832_댐과보등의연계운영규정_시행20220706.xml,EXTRACTED_FROM_OFFICIAL_XML_TABLE,
댐과 보 등의 연계운영규정,20220706,1555,일부개정,20220706,20240229,보현산댐,다목적댐 (carried from previous row; blank cell in source),홍수기 제한수위 / 시설별 최저 운영수위 ([별표3] 제6조),236.0,236.0,,-,EL.m,1) 표시의 댐의 경우 홍수기 제한수위가 별도로 설정되어 있지 않아 상시만수위를 대신 표기,http://www.law.go.kr/DRF/lawService.do?OC=test&target=admrul&ID=2100000212832&type=XML,[별표 3] 댐의 홍수기 제한수위(제6조),01_raw/Law_history/admrul_2100000212832_댐과보등의연계운영규정_시행20220706.xml,EXTRACTED_FROM_OFFICIAL_XML_TABLE,
댐과 보 등의 연계운영규정,20220706,1555,일부개정,20220706,20240229,용 담 댐,다목적댐,홍수기 제한수위 / 시설별 최저 운영수위 ([별표3] 제6조),261.5,261.5,,-,EL.m,1) 표시의 댐의 경우 홍수기 제한수위가 별도로 설정되어 있지 않아 상시만수위를 대신 표기,http://www.law.go.kr/DRF/lawService.do?OC=test&target=admrul&ID=2100000212832&type=XML,[별표 3] 댐의 홍수기 제한수위(제6조),01_raw/Law_history/admrul_2100000212832_댐과보등의연계운영규정_시행20220706.xml,EXTRACTED_FROM_OFFICIAL_XML_TABLE,
댐과 보 등의 연계운영규정,20220706,1555,일부개정,20220706,20240229,대 청 댐,다목적댐 (carried from previous row; blank cell in source),홍수기 제한수위 / 시설별 최저 운영수위 ([별표3] 제6조),76.51),76.5,1),-,EL.m,1) 표시의 댐의 경우 홍수기 제한수위가 별도로 설정되어 있지 않아 상시만수위를 대신 표기,http://www.law.go.kr/DRF/lawService.do?OC=test&target=admrul&ID=2100000212832&type=XML,[별표 3] 댐의 홍수기 제한수위(제6조),01_raw/Law_history/admrul_2100000212832_댐과보등의연계운영규정_시행20220706.xml,EXTRACTED_FROM_OFFICIAL_XML_TABLE,
댐과 보 등의 연계운영규정,20220706,1555,일부개정,20220706,20240229,섬진강댐,다목적댐,홍수기 제한수위 / 시설별 최저 운영수위 ([별표3] 제6조),196.51),196.5,1),-,EL.m,1) 표시의 댐의 경우 홍수기 제한수위가 별도로 설정되어 있지 않아 상시만수위를 대신 표기,http://www.law.go.kr/DRF/lawService.do?OC=test&target=admrul&ID=2100000212832&type=XML,[별표 3] 댐의 홍수기 제한수위(제6조),01_raw/Law_history/admrul_2100000212832_댐과보등의연계운영규정_시행20220706.xml,EXTRACTED_FROM_OFFICIAL_XML_TABLE,
댐과 보 등의 연계운영규정,20220706,1555,일부개정,20220706,20240229,주 암 댐,다목적댐 (carried from previous row; blank cell in source),홍수기 제한수위 / 시설별 최저 운영수위 ([별표3] 제6조),108.51),108.5,1),-,EL.m,1) 표시의 댐의 경우 홍수기 제한수위가 별도로 설정되어 있지 않아 상시만수위를 대신 표기,http://www.law.go.kr/DRF/lawService.do?OC=test&target=admrul&ID=2100000212832&type=XML,[별표 3] 댐의 홍수기 제한수위(제6조),01_raw/Law_history/admrul_2100000212832_댐과보등의연계운영규정_시행20220706.xml,EXTRACTED_FROM_OFFICIAL_XML_TABLE,
댐과 보 등의 연계운영규정,20220706,1555,일부개정,20220706,20240229,보성강댐,수력발전댐,홍수기 제한수위 / 시설별 최저 운영수위 ([별표3] 제6조),126.9,126.9,,-,EL.m,1) 표시의 댐의 경우 홍수기 제한수위가 별도로 설정되어 있지 않아 상시만수위를 대신 표기,http://www.law.go.kr/DRF/lawService.do?OC=test&target=admrul&ID=2100000212832&type=XML,[별표 3] 댐의 홍수기 제한수위(제6조),01_raw/Law_history/admrul_2100000212832_댐과보등의연계운영규정_시행20220706.xml,EXTRACTED_FROM_OFFICIAL_XML_TABLE,
댐과 보 등의 연계운영규정,20220706,1555,일부개정,20220706,20240229,부 안 댐,다목적댐,홍수기 제한수위 / 시설별 최저 운영수위 ([별표3] 제6조),41.2,41.2,,-,EL.m,1) 표시의 댐의 경우 홍수기 제한수위가 별도로 설정되어 있지 않아 상시만수위를 대신 표기,http://www.law.go.kr/DRF/lawService.do?OC=test&target=admrul&ID=2100000212832&type=XML,[별표 3] 댐의 홍수기 제한수위(제6조),01_raw/Law_history/admrul_2100000212832_댐과보등의연계운영규정_시행20220706.xml,EXTRACTED_FROM_OFFICIAL_XML_TABLE,
댐과 보 등의 연계운영규정,20220706,1555,일부개정,20220706,20240229,보 령 댐,다목적댐 (carried from previous row; blank cell in source),홍수기 제한수위 / 시설별 최저 운영수위 ([별표3] 제6조),74.01),74.0,1),-,EL.m,1) 표시의 댐의 경우 홍수기 제한수위가 별도로 설정되어 있지 않아 상시만수위를 대신 표기,http://www.law.go.kr/DRF/lawService.do?OC=test&target=admrul&ID=2100000212832&type=XML,[별표 3] 댐의 홍수기 제한수위(제6조),01_raw/Law_history/admrul_2100000212832_댐과보등의연계운영규정_시행20220706.xml,EXTRACTED_FROM_OFFICIAL_XML_TABLE,
댐과 보 등의 연계운영규정,20220706,1555,일부개정,20220706,20240229,장 흥 댐,다목적댐 (carried from previous row; blank cell in source),홍수기 제한수위 / 시설별 최저 운영수위 ([별표3] 제6조),79.4,79.4,,-,EL.m,1) 표시의 댐의 경우 홍수기 제한수위가 별도로 설정되어 있지 않아 상시만수위를 대신 표기,http://www.law.go.kr/DRF/lawService.do?OC=test&target=admrul&ID=2100000212832&type=XML,[별표 3] 댐의 홍수기 제한수위(제6조),01_raw/Law_history/admrul_2100000212832_댐과보등의연계운영규정_시행20220706.xml,EXTRACTED_FROM_OFFICIAL_XML_TABLE,
댐과 보 등의 연계운영규정,20240229,1627,일부개정,20240229,20251111,소양강댐,다목적댐,홍수기 제한수위 / 시설별 최저 운영수위 ([별표3] 제6조),190.3,190.3,,-,EL.m,"1) 표시의 댐의 경우 홍수기 제한수위가 별도로 설정되어 있지 않아 상시만수위를 대신 표기 2) 홍수기 제한수위 하향 시범운영 기간(‘21~’24년)동안 해당 수위를 적용하며, 시범 운영기간 종료와 동시에 수계별 협의회에서 조정 가능",http://www.law.go.kr/DRF/lawService.do?OC=test&target=admrul&ID=2100000237234&type=XML,[별표 3] 댐의 홍수기 제한수위(제6조),01_raw/Law_history/admrul_2100000237234_댐과보등의연계운영규정_시행20240229.xml,EXTRACTED_FROM_OFFICIAL_XML_TABLE,
댐과 보 등의 연계운영규정,20240229,1627,일부개정,20240229,20251111,충 주 댐,다목적댐 (carried from previous row; blank cell in source),홍수기 제한수위 / 시설별 최저 운영수위 ([별표3] 제6조),138.0,138.0,,-,EL.m,"1) 표시의 댐의 경우 홍수기 제한수위가 별도로 설정되어 있지 않아 상시만수위를 대신 표기 2) 홍수기 제한수위 하향 시범운영 기간(‘21~’24년)동안 해당 수위를 적용하며, 시범 운영기간 종료와 동시에 수계별 협의회에서 조정 가능",http://www.law.go.kr/DRF/lawService.do?OC=test&target=admrul&ID=2100000237234&type=XML,[별표 3] 댐의 홍수기 제한수위(제6조),01_raw/Law_history/admrul_2100000237234_댐과보등의연계운영규정_시행20240229.xml,EXTRACTED_FROM_OFFICIAL_XML_TABLE,
댐과 보 등의 연계운영규정,20240229,1627,일부개정,20240229,20251111,횡 성 댐,다목적댐 (carried from previous row; blank cell in source),홍수기 제한수위 / 시설별 최저 운영수위 ([별표3] 제6조),178.2,178.2,,-,EL.m,"1) 표시의 댐의 경우 홍수기 제한수위가 별도로 설정되어 있지 않아 상시만수위를 대신 표기 2) 홍수기 제한수위 하향 시범운영 기간(‘21~’24년)동안 해당 수위를 적용하며, 시범 운영기간 종료와 동시에 수계별 협의회에서 조정 가능",http://www.law.go.kr/DRF/lawService.do?OC=test&target=admrul&ID=2100000237234&type=XML,[별표 3] 댐의 홍수기 제한수위(제6조),01_raw/Law_history/admrul_2100000237234_댐과보등의연계운영규정_시행20240229.xml,EXTRACTED_FROM_OFFICIAL_XML_TABLE,
댐과 보 등의 연계운영규정,20240229,1627,일부개정,20240229,20251111,화 천 댐,수력발전댐,홍수기 제한수위 / 시설별 최저 운영수위 ([별표3] 제6조),175.0,175.0,,-,EL.m,"1) 표시의 댐의 경우 홍수기 제한수위가 별도로 설정되어 있지 않아 상시만수위를 대신 표기 2) 홍수기 제한수위 하향 시범운영 기간(‘21~’24년)동안 해당 수위를 적용하며, 시범 운영기간 종료와 동시에 수계별 협의회에서 조정 가능",http://www.law.go.kr/DRF/lawService.do?OC=test&target=admrul&ID=2100000237234&type=XML,[별표 3] 댐의 홍수기 제한수위(제6조),01_raw/Law_history/admrul_2100000237234_댐과보등의연계운영규정_시행20240229.xml,EXTRACTED_FROM_OFFICIAL_XML_TABLE,
댐과 보 등의 연계운영규정,20240229,1627,일부개정,20240229,20251111,춘 천 댐,수력발전댐 (carried from previous row; blank cell in source),홍수기 제한수위 / 시설별 최저 운영수위 ([별표3] 제6조),102.0,102.0,,98.0,EL.m,"1) 표시의 댐의 경우 홍수기 제한수위가 별도로 설정되어 있지 않아 상시만수위를 대신 표기 2) 홍수기 제한수위 하향 시범운영 기간(‘21~’24년)동안 해당 수위를 적용하며, 시범 운영기간 종료와 동시에 수계별 협의회에서 조정 가능",http://www.law.go.kr/DRF/lawService.do?OC=test&target=admrul&ID=2100000237234&type=XML,[별표 3] 댐의 홍수기 제한수위(제6조),01_raw/Law_history/admrul_2100000237234_댐과보등의연계운영규정_시행20240229.xml,EXTRACTED_FROM_OFFICIAL_XML_TABLE,
댐과 보 등의 연계운영규정,20240229,1627,일부개정,20240229,20251111,의 암 댐,수력발전댐 (carried from previous row; blank cell in source),홍수기 제한수위 / 시설별 최저 운영수위 ([별표3] 제6조),70.5,70.5,,67.0,EL.m,"1) 표시의 댐의 경우 홍수기 제한수위가 별도로 설정되어 있지 않아 상시만수위를 대신 표기 2) 홍수기 제한수위 하향 시범운영 기간(‘21~’24년)동안 해당 수위를 적용하며, 시범 운영기간 종료와 동시에 수계별 협의회에서 조정 가능",http://www.law.go.kr/DRF/lawService.do?OC=test&target=admrul&ID=2100000237234&type=XML,[별표 3] 댐의 홍수기 제한수위(제6조),01_raw/Law_history/admrul_2100000237234_댐과보등의연계운영규정_시행20240229.xml,EXTRACTED_FROM_OFFICIAL_XML_TABLE,
댐과 보 등의 연계운영규정,20240229,1627,일부개정,20240229,20251111,청 평 댐,수력발전댐 (carried from previous row; blank cell in source),홍수기 제한수위 / 시설별 최저 운영수위 ([별표3] 제6조),50.0,50.0,,46.0,EL.m,"1) 표시의 댐의 경우 홍수기 제한수위가 별도로 설정되어 있지 않아 상시만수위를 대신 표기 2) 홍수기 제한수위 하향 시범운영 기간(‘21~’24년)동안 해당 수위를 적용하며, 시범 운영기간 종료와 동시에 수계별 협의회에서 조정 가능",http://www.law.go.kr/DRF/lawService.do?OC=test&target=admrul&ID=2100000237234&type=XML,[별표 3] 댐의 홍수기 제한수위(제6조),01_raw/Law_history/admrul_2100000237234_댐과보등의연계운영규정_시행20240229.xml,EXTRACTED_FROM_OFFICIAL_XML_TABLE,
댐과 보 등의 연계운영규정,20240229,1627,일부개정,20240229,20251111,괴 산 댐,수력발전댐 (carried from previous row; blank cell in source),홍수기 제한수위 / 시설별 최저 운영수위 ([별표3] 제6조),134.0,134.0,,-,EL.m,"1) 표시의 댐의 경우 홍수기 제한수위가 별도로 설정되어 있지 않아 상시만수위를 대신 표기 2) 홍수기 제한수위 하향 시범운영 기간(‘21~’24년)동안 해당 수위를 적용하며, 시범 운영기간 종료와 동시에 수계별 협의회에서 조정 가능",http://www.law.go.kr/DRF/lawService.do?OC=test&target=admrul&ID=2100000237234&type=XML,[별표 3] 댐의 홍수기 제한수위(제6조),01_raw/Law_history/admrul_2100000237234_댐과보등의연계운영규정_시행20240229.xml,EXTRACTED_FROM_OFFICIAL_XML_TABLE,
댐과 보 등의 연계운영규정,20240229,1627,일부개정,20240229,20251111,팔 당 댐,수력발전댐 (carried from previous row; blank cell in source),홍수기 제한수위 / 시설별 최저 운영수위 ([별표3] 제6조),25.51),25.5,1),-,EL.m,"1) 표시의 댐의 경우 홍수기 제한수위가 별도로 설정되어 있지 않아 상시만수위를 대신 표기 2) 홍수기 제한수위 하향 시범운영 기간(‘21~’24년)동안 해당 수위를 적용하며, 시범 운영기간 종료와 동시에 수계별 협의회에서 조정 가능",http://www.law.go.kr/DRF/lawService.do?OC=test&target=admrul&ID=2100000237234&type=XML,[별표 3] 댐의 홍수기 제한수위(제6조),01_raw/Law_history/admrul_2100000237234_댐과보등의연계운영규정_시행20240229.xml,EXTRACTED_FROM_OFFICIAL_XML_TABLE,
댐과 보 등의 연계운영규정,20240229,1627,일부개정,20240229,20251111,안 동 댐,다목적댐,홍수기 제한수위 / 시설별 최저 운영수위 ([별표3] 제6조),160.01),160.0,1),-,EL.m,"1) 표시의 댐의 경우 홍수기 제한수위가 별도로 설정되어 있지 않아 상시만수위를 대신 표기 2) 홍수기 제한수위 하향 시범운영 기간(‘21~’24년)동안 해당 수위를 적용하며, 시범 운영기간 종료와 동시에 수계별 협의회에서 조정 가능",http://www.law.go.kr/DRF/lawService.do?OC=test&target=admrul&ID=2100000237234&type=XML,[별표 3] 댐의 홍수기 제한수위(제6조),01_raw/Law_history/admrul_2100000237234_댐과보등의연계운영규정_시행20240229.xml,EXTRACTED_FROM_OFFICIAL_XML_TABLE,
댐과 보 등의 연계운영규정,20240229,1627,일부개정,20240229,20251111,임 하 댐,다목적댐 (carried from previous row; blank cell in source),홍수기 제한수위 / 시설별 최저 운영수위 ([별표3] 제6조),161.7,161.7,,-,EL.m,"1) 표시의 댐의 경우 홍수기 제한수위가 별도로 설정되어 있지 않아 상시만수위를 대신 표기 2) 홍수기 제한수위 하향 시범운영 기간(‘21~’24년)동안 해당 수위를 적용하며, 시범 운영기간 종료와 동시에 수계별 협의회에서 조정 가능",http://www.law.go.kr/DRF/lawService.do?OC=test&target=admrul&ID=2100000237234&type=XML,[별표 3] 댐의 홍수기 제한수위(제6조),01_raw/Law_history/admrul_2100000237234_댐과보등의연계운영규정_시행20240229.xml,EXTRACTED_FROM_OFFICIAL_XML_TABLE,
댐과 보 등의 연계운영규정,20240229,1627,일부개정,20240229,20251111,합 천 댐,다목적댐 (carried from previous row; blank cell in source),홍수기 제한수위 / 시설별 최저 운영수위 ([별표3] 제6조),176.01),176.0,1),-,EL.m,"1) 표시의 댐의 경우 홍수기 제한수위가 별도로 설정되어 있지 않아 상시만수위를 대신 표기 2) 홍수기 제한수위 하향 시범운영 기간(‘21~’24년)동안 해당 수위를 적용하며, 시범 운영기간 종료와 동시에 수계별 협의회에서 조정 가능",http://www.law.go.kr/DRF/lawService.do?OC=test&target=admrul&ID=2100000237234&type=XML,[별표 3] 댐의 홍수기 제한수위(제6조),01_raw/Law_history/admrul_2100000237234_댐과보등의연계운영규정_시행20240229.xml,EXTRACTED_FROM_OFFICIAL_XML_TABLE,
댐과 보 등의 연계운영규정,20240229,1627,일부개정,20240229,20251111,남 강 댐,다목적댐 (carried from previous row; blank cell in source),홍수기 제한수위 / 시설별 최저 운영수위 ([별표3] 제6조),41.01),41.0,1),-,EL.m,"1) 표시의 댐의 경우 홍수기 제한수위가 별도로 설정되어 있지 않아 상시만수위를 대신 표기 2) 홍수기 제한수위 하향 시범운영 기간(‘21~’24년)동안 해당 수위를 적용하며, 시범 운영기간 종료와 동시에 수계별 협의회에서 조정 가능",http://www.law.go.kr/DRF/lawService.do?OC=test&target=admrul&ID=2100000237234&type=XML,[별표 3] 댐의 홍수기 제한수위(제6조),01_raw/Law_history/admrul_2100000237234_댐과보등의연계운영규정_시행20240229.xml,EXTRACTED_FROM_OFFICIAL_XML_TABLE,
댐과 보 등의 연계운영규정,20240229,1627,일부개정,20240229,20251111,밀 양 댐,다목적댐 (carried from previous row; blank cell in source),홍수기 제한수위 / 시설별 최저 운영수위 ([별표3] 제6조),207.21),207.2,1),-,EL.m,"1) 표시의 댐의 경우 홍수기 제한수위가 별도로 설정되어 있지 않아 상시만수위를 대신 표기 2) 홍수기 제한수위 하향 시범운영 기간(‘21~’24년)동안 해당 수위를 적용하며, 시범 운영기간 종료와 동시에 수계별 협의회에서 조정 가능",http://www.law.go.kr/DRF/lawService.do?OC=test&target=admrul&ID=2100000237234&type=XML,[별표 3] 댐의 홍수기 제한수위(제6조),01_raw/Law_history/admrul_2100000237234_댐과보등의연계운영규정_시행20240229.xml,EXTRACTED_FROM_OFFICIAL_XML_TABLE,
댐과 보 등의 연계운영규정,20240229,1627,일부개정,20240229,20251111,군 위 댐,다목적댐 (carried from previous row; blank cell in source),홍수기 제한수위 / 시설별 최저 운영수위 ([별표3] 제6조),204.01),204.0,1),-,EL.m,"1) 표시의 댐의 경우 홍수기 제한수위가 별도로 설정되어 있지 않아 상시만수위를 대신 표기 2) 홍수기 제한수위 하향 시범운영 기간(‘21~’24년)동안 해당 수위를 적용하며, 시범 운영기간 종료와 동시에 수계별 협의회에서 조정 가능",http://www.law.go.kr/DRF/lawService.do?OC=test&target=admrul&ID=2100000237234&type=XML,[별표 3] 댐의 홍수기 제한수위(제6조),01_raw/Law_history/admrul_2100000237234_댐과보등의연계운영규정_시행20240229.xml,EXTRACTED_FROM_OFFICIAL_XML_TABLE,
댐과 보 등의 연계운영규정,20240229,1627,일부개정,20240229,20251111,김천부항댐,다목적댐 (carried from previous row; blank cell in source),홍수기 제한수위 / 시설별 최저 운영수위 ([별표3] 제6조),193.5,193.5,,-,EL.m,"1) 표시의 댐의 경우 홍수기 제한수위가 별도로 설정되어 있지 않아 상시만수위를 대신 표기 2) 홍수기 제한수위 하향 시범운영 기간(‘21~’24년)동안 해당 수위를 적용하며, 시범 운영기간 종료와 동시에 수계별 협의회에서 조정 가능",http://www.law.go.kr/DRF/lawService.do?OC=test&target=admrul&ID=2100000237234&type=XML,[별표 3] 댐의 홍수기 제한수위(제6조),01_raw/Law_history/admrul_2100000237234_댐과보등의연계운영규정_시행20240229.xml,EXTRACTED_FROM_OFFICIAL_XML_TABLE,
댐과 보 등의 연계운영규정,20240229,1627,일부개정,20240229,20251111,성 덕 댐,다목적댐 (carried from previous row; blank cell in source),홍수기 제한수위 / 시설별 최저 운영수위 ([별표3] 제6조),362.0,362.0,,-,EL.m,"1) 표시의 댐의 경우 홍수기 제한수위가 별도로 설정되어 있지 않아 상시만수위를 대신 표기 2) 홍수기 제한수위 하향 시범운영 기간(‘21~’24년)동안 해당 수위를 적용하며, 시범 운영기간 종료와 동시에 수계별 협의회에서 조정 가능",http://www.law.go.kr/DRF/lawService.do?OC=test&target=admrul&ID=2100000237234&type=XML,[별표 3] 댐의 홍수기 제한수위(제6조),01_raw/Law_history/admrul_2100000237234_댐과보등의연계운영규정_시행20240229.xml,EXTRACTED_FROM_OFFICIAL_XML_TABLE,
댐과 보 등의 연계운영규정,20240229,1627,일부개정,20240229,20251111,보현산댐,다목적댐 (carried from previous row; blank cell in source),홍수기 제한수위 / 시설별 최저 운영수위 ([별표3] 제6조),236.01),236.0,1),-,EL.m,"1) 표시의 댐의 경우 홍수기 제한수위가 별도로 설정되어 있지 않아 상시만수위를 대신 표기 2) 홍수기 제한수위 하향 시범운영 기간(‘21~’24년)동안 해당 수위를 적용하며, 시범 운영기간 종료와 동시에 수계별 협의회에서 조정 가능",http://www.law.go.kr/DRF/lawService.do?OC=test&target=admrul&ID=2100000237234&type=XML,[별표 3] 댐의 홍수기 제한수위(제6조),01_raw/Law_history/admrul_2100000237234_댐과보등의연계운영규정_시행20240229.xml,EXTRACTED_FROM_OFFICIAL_XML_TABLE,
댐과 보 등의 연계운영규정,20240229,1627,일부개정,20240229,20251111,영주댐,다목적댐 (carried from previous row; blank cell in source),홍수기 제한수위 / 시설별 최저 운영수위 ([별표3] 제6조),156.7,156.7,,,EL.m,"1) 표시의 댐의 경우 홍수기 제한수위가 별도로 설정되어 있지 않아 상시만수위를 대신 표기 2) 홍수기 제한수위 하향 시범운영 기간(‘21~’24년)동안 해당 수위를 적용하며, 시범 운영기간 종료와 동시에 수계별 협의회에서 조정 가능",http://www.law.go.kr/DRF/lawService.do?OC=test&target=admrul&ID=2100000237234&type=XML,[별표 3] 댐의 홍수기 제한수위(제6조),01_raw/Law_history/admrul_2100000237234_댐과보등의연계운영규정_시행20240229.xml,EXTRACTED_FROM_OFFICIAL_XML_TABLE,
댐과 보 등의 연계운영규정,20240229,1627,일부개정,20240229,20251111,용 담 댐,다목적댐,홍수기 제한수위 / 시설별 최저 운영수위 ([별표3] 제6조),261.5,261.5,,-,EL.m,"1) 표시의 댐의 경우 홍수기 제한수위가 별도로 설정되어 있지 않아 상시만수위를 대신 표기 2) 홍수기 제한수위 하향 시범운영 기간(‘21~’24년)동안 해당 수위를 적용하며, 시범 운영기간 종료와 동시에 수계별 협의회에서 조정 가능",http://www.law.go.kr/DRF/lawService.do?OC=test&target=admrul&ID=2100000237234&type=XML,[별표 3] 댐의 홍수기 제한수위(제6조),01_raw/Law_history/admrul_2100000237234_댐과보등의연계운영규정_시행20240229.xml,EXTRACTED_FROM_OFFICIAL_XML_TABLE,
댐과 보 등의 연계운영규정,20240229,1627,일부개정,20240229,20251111,대 청 댐,다목적댐 (carried from previous row; blank cell in source),홍수기 제한수위 / 시설별 최저 운영수위 ([별표3] 제6조),76.51),76.5,1),-,EL.m,"1) 표시의 댐의 경우 홍수기 제한수위가 별도로 설정되어 있지 않아 상시만수위를 대신 표기 2) 홍수기 제한수위 하향 시범운영 기간(‘21~’24년)동안 해당 수위를 적용하며, 시범 운영기간 종료와 동시에 수계별 협의회에서 조정 가능",http://www.law.go.kr/DRF/lawService.do?OC=test&target=admrul&ID=2100000237234&type=XML,[별표 3] 댐의 홍수기 제한수위(제6조),01_raw/Law_history/admrul_2100000237234_댐과보등의연계운영규정_시행20240229.xml,EXTRACTED_FROM_OFFICIAL_XML_TABLE,
댐과 보 등의 연계운영규정,20240229,1627,일부개정,20240229,20251111,섬진강댐,다목적댐,홍수기 제한수위 / 시설별 최저 운영수위 ([별표3] 제6조),194.02),194.0,2),-,EL.m,"1) 표시의 댐의 경우 홍수기 제한수위가 별도로 설정되어 있지 않아 상시만수위를 대신 표기 2) 홍수기 제한수위 하향 시범운영 기간(‘21~’24년)동안 해당 수위를 적용하며, 시범 운영기간 종료와 동시에 수계별 협의회에서 조정 가능",http://www.law.go.kr/DRF/lawService.do?OC=test&target=admrul&ID=2100000237234&type=XML,[별표 3] 댐의 홍수기 제한수위(제6조),01_raw/Law_history/admrul_2100000237234_댐과보등의연계운영규정_시행20240229.xml,EXTRACTED_FROM_OFFICIAL_XML_TABLE,
댐과 보 등의 연계운영규정,20240229,1627,일부개정,20240229,20251111,주 암 댐,다목적댐 (carried from previous row; blank cell in source),홍수기 제한수위 / 시설별 최저 운영수위 ([별표3] 제6조),108.51),108.5,1),-,EL.m,"1) 표시의 댐의 경우 홍수기 제한수위가 별도로 설정되어 있지 않아 상시만수위를 대신 표기 2) 홍수기 제한수위 하향 시범운영 기간(‘21~’24년)동안 해당 수위를 적용하며, 시범 운영기간 종료와 동시에 수계별 협의회에서 조정 가능",http://www.law.go.kr/DRF/lawService.do?OC=test&target=admrul&ID=2100000237234&type=XML,[별표 3] 댐의 홍수기 제한수위(제6조),01_raw/Law_history/admrul_2100000237234_댐과보등의연계운영규정_시행20240229.xml,EXTRACTED_FROM_OFFICIAL_XML_TABLE,
댐과 보 등의 연계운영규정,20240229,1627,일부개정,20240229,20251111,보성강댐,수력발전댐,홍수기 제한수위 / 시설별 최저 운영수위 ([별표3] 제6조),126.9,126.9,,-,EL.m,"1) 표시의 댐의 경우 홍수기 제한수위가 별도로 설정되어 있지 않아 상시만수위를 대신 표기 2) 홍수기 제한수위 하향 시범운영 기간(‘21~’24년)동안 해당 수위를 적용하며, 시범 운영기간 종료와 동시에 수계별 협의회에서 조정 가능",http://www.law.go.kr/DRF/lawService.do?OC=test&target=admrul&ID=2100000237234&type=XML,[별표 3] 댐의 홍수기 제한수위(제6조),01_raw/Law_history/admrul_2100000237234_댐과보등의연계운영규정_시행20240229.xml,EXTRACTED_FROM_OFFICIAL_XML_TABLE,
댐과 보 등의 연계운영규정,20240229,1627,일부개정,20240229,20251111,부 안 댐,다목적댐,홍수기 제한수위 / 시설별 최저 운영수위 ([별표3] 제6조),41.21),41.2,1),-,EL.m,"1) 표시의 댐의 경우 홍수기 제한수위가 별도로 설정되어 있지 않아 상시만수위를 대신 표기 2) 홍수기 제한수위 하향 시범운영 기간(‘21~’24년)동안 해당 수위를 적용하며, 시범 운영기간 종료와 동시에 수계별 협의회에서 조정 가능",http://www.law.go.kr/DRF/lawService.do?OC=test&target=admrul&ID=2100000237234&type=XML,[별표 3] 댐의 홍수기 제한수위(제6조),01_raw/Law_history/admrul_2100000237234_댐과보등의연계운영규정_시행20240229.xml,EXTRACTED_FROM_OFFICIAL_XML_TABLE,
댐과 보 등의 연계운영규정,20240229,1627,일부개정,20240229,20251111,보 령 댐,다목적댐 (carried from previous row; blank cell in source),홍수기 제한수위 / 시설별 최저 운영수위 ([별표3] 제6조),74.01),74.0,1),-,EL.m,"1) 표시의 댐의 경우 홍수기 제한수위가 별도로 설정되어 있지 않아 상시만수위를 대신 표기 2) 홍수기 제한수위 하향 시범운영 기간(‘21~’24년)동안 해당 수위를 적용하며, 시범 운영기간 종료와 동시에 수계별 협의회에서 조정 가능",http://www.law.go.kr/DRF/lawService.do?OC=test&target=admrul&ID=2100000237234&type=XML,[별표 3] 댐의 홍수기 제한수위(제6조),01_raw/Law_history/admrul_2100000237234_댐과보등의연계운영규정_시행20240229.xml,EXTRACTED_FROM_OFFICIAL_XML_TABLE,
댐과 보 등의 연계운영규정,20240229,1627,일부개정,20240229,20251111,장 흥 댐,다목적댐 (carried from previous row; blank cell in source),홍수기 제한수위 / 시설별 최저 운영수위 ([별표3] 제6조),79.0,79.0,,-,EL.m,"1) 표시의 댐의 경우 홍수기 제한수위가 별도로 설정되어 있지 않아 상시만수위를 대신 표기 2) 홍수기 제한수위 하향 시범운영 기간(‘21~’24년)동안 해당 수위를 적용하며, 시범 운영기간 종료와 동시에 수계별 협의회에서 조정 가능",http://www.law.go.kr/DRF/lawService.do?OC=test&target=admrul&ID=2100000237234&type=XML,[별표 3] 댐의 홍수기 제한수위(제6조),01_raw/Law_history/admrul_2100000237234_댐과보등의연계운영규정_시행20240229.xml,EXTRACTED_FROM_OFFICIAL_XML_TABLE,
댐과 보 등의 연계운영규정,20251105,4,일부개정,20251111,20260708,소양강댐,다목적댐,홍수기 제한수위 / 시설별 최저 운영수위 ([별표3] 제6조),190.3,190.3,,-,EL.m,"1) 표시의 댐의 경우 홍수기 제한수위가 별도로 설정되어 있지 않아 상시만수위를 대신 표기 2) 홍수기 제한수위 하향 시범운영 기간(‘21~’24년)동안 해당 수위를 적용하며, 시범 운영기간 종료와 동시에 수계별 협의회에서 조정 가능",http://www.law.go.kr/DRF/lawService.do?OC=test&target=admrul&ID=2100000267112&type=XML,[별표 3] 댐의 홍수기 제한수위(제6조),01_raw/Law_history/admrul_2100000267112_댐과보등의연계운영규정_시행20251111.xml,EXTRACTED_FROM_OFFICIAL_XML_TABLE,
댐과 보 등의 연계운영규정,20251105,4,일부개정,20251111,20260708,충 주 댐,다목적댐 (carried from previous row; blank cell in source),홍수기 제한수위 / 시설별 최저 운영수위 ([별표3] 제6조),138.0,138.0,,-,EL.m,"1) 표시의 댐의 경우 홍수기 제한수위가 별도로 설정되어 있지 않아 상시만수위를 대신 표기 2) 홍수기 제한수위 하향 시범운영 기간(‘21~’24년)동안 해당 수위를 적용하며, 시범 운영기간 종료와 동시에 수계별 협의회에서 조정 가능",http://www.law.go.kr/DRF/lawService.do?OC=test&target=admrul&ID=2100000267112&type=XML,[별표 3] 댐의 홍수기 제한수위(제6조),01_raw/Law_history/admrul_2100000267112_댐과보등의연계운영규정_시행20251111.xml,EXTRACTED_FROM_OFFICIAL_XML_TABLE,
댐과 보 등의 연계운영규정,20251105,4,일부개정,20251111,20260708,횡 성 댐,다목적댐 (carried from previous row; blank cell in source),홍수기 제한수위 / 시설별 최저 운영수위 ([별표3] 제6조),178.2,178.2,,-,EL.m,"1) 표시의 댐의 경우 홍수기 제한수위가 별도로 설정되어 있지 않아 상시만수위를 대신 표기 2) 홍수기 제한수위 하향 시범운영 기간(‘21~’24년)동안 해당 수위를 적용하며, 시범 운영기간 종료와 동시에 수계별 협의회에서 조정 가능",http://www.law.go.kr/DRF/lawService.do?OC=test&target=admrul&ID=2100000267112&type=XML,[별표 3] 댐의 홍수기 제한수위(제6조),01_raw/Law_history/admrul_2100000267112_댐과보등의연계운영규정_시행20251111.xml,EXTRACTED_FROM_OFFICIAL_XML_TABLE,
댐과 보 등의 연계운영규정,20251105,4,일부개정,20251111,20260708,화 천 댐,수력발전댐,홍수기 제한수위 / 시설별 최저 운영수위 ([별표3] 제6조),175.0,175.0,,-,EL.m,"1) 표시의 댐의 경우 홍수기 제한수위가 별도로 설정되어 있지 않아 상시만수위를 대신 표기 2) 홍수기 제한수위 하향 시범운영 기간(‘21~’24년)동안 해당 수위를 적용하며, 시범 운영기간 종료와 동시에 수계별 협의회에서 조정 가능",http://www.law.go.kr/DRF/lawService.do?OC=test&target=admrul&ID=2100000267112&type=XML,[별표 3] 댐의 홍수기 제한수위(제6조),01_raw/Law_history/admrul_2100000267112_댐과보등의연계운영규정_시행20251111.xml,EXTRACTED_FROM_OFFICIAL_XML_TABLE,
댐과 보 등의 연계운영규정,20251105,4,일부개정,20251111,20260708,춘 천 댐,수력발전댐 (carried from previous row; blank cell in source),홍수기 제한수위 / 시설별 최저 운영수위 ([별표3] 제6조),102.0,102.0,,98.0,EL.m,"1) 표시의 댐의 경우 홍수기 제한수위가 별도로 설정되어 있지 않아 상시만수위를 대신 표기 2) 홍수기 제한수위 하향 시범운영 기간(‘21~’24년)동안 해당 수위를 적용하며, 시범 운영기간 종료와 동시에 수계별 협의회에서 조정 가능",http://www.law.go.kr/DRF/lawService.do?OC=test&target=admrul&ID=2100000267112&type=XML,[별표 3] 댐의 홍수기 제한수위(제6조),01_raw/Law_history/admrul_2100000267112_댐과보등의연계운영규정_시행20251111.xml,EXTRACTED_FROM_OFFICIAL_XML_TABLE,
댐과 보 등의 연계운영규정,20251105,4,일부개정,20251111,20260708,의 암 댐,수력발전댐 (carried from previous row; blank cell in source),홍수기 제한수위 / 시설별 최저 운영수위 ([별표3] 제6조),70.5,70.5,,67.0,EL.m,"1) 표시의 댐의 경우 홍수기 제한수위가 별도로 설정되어 있지 않아 상시만수위를 대신 표기 2) 홍수기 제한수위 하향 시범운영 기간(‘21~’24년)동안 해당 수위를 적용하며, 시범 운영기간 종료와 동시에 수계별 협의회에서 조정 가능",http://www.law.go.kr/DRF/lawService.do?OC=test&target=admrul&ID=2100000267112&type=XML,[별표 3] 댐의 홍수기 제한수위(제6조),01_raw/Law_history/admrul_2100000267112_댐과보등의연계운영규정_시행20251111.xml,EXTRACTED_FROM_OFFICIAL_XML_TABLE,
댐과 보 등의 연계운영규정,20251105,4,일부개정,20251111,20260708,청 평 댐,수력발전댐 (carried from previous row; blank cell in source),홍수기 제한수위 / 시설별 최저 운영수위 ([별표3] 제6조),50.0,50.0,,46.0,EL.m,"1) 표시의 댐의 경우 홍수기 제한수위가 별도로 설정되어 있지 않아 상시만수위를 대신 표기 2) 홍수기 제한수위 하향 시범운영 기간(‘21~’24년)동안 해당 수위를 적용하며, 시범 운영기간 종료와 동시에 수계별 협의회에서 조정 가능",http://www.law.go.kr/DRF/lawService.do?OC=test&target=admrul&ID=2100000267112&type=XML,[별표 3] 댐의 홍수기 제한수위(제6조),01_raw/Law_history/admrul_2100000267112_댐과보등의연계운영규정_시행20251111.xml,EXTRACTED_FROM_OFFICIAL_XML_TABLE,
댐과 보 등의 연계운영규정,20251105,4,일부개정,20251111,20260708,괴 산 댐,수력발전댐 (carried from previous row; blank cell in source),홍수기 제한수위 / 시설별 최저 운영수위 ([별표3] 제6조),134.0,134.0,,-,EL.m,"1) 표시의 댐의 경우 홍수기 제한수위가 별도로 설정되어 있지 않아 상시만수위를 대신 표기 2) 홍수기 제한수위 하향 시범운영 기간(‘21~’24년)동안 해당 수위를 적용하며, 시범 운영기간 종료와 동시에 수계별 협의회에서 조정 가능",http://www.law.go.kr/DRF/lawService.do?OC=test&target=admrul&ID=2100000267112&type=XML,[별표 3] 댐의 홍수기 제한수위(제6조),01_raw/Law_history/admrul_2100000267112_댐과보등의연계운영규정_시행20251111.xml,EXTRACTED_FROM_OFFICIAL_XML_TABLE,
댐과 보 등의 연계운영규정,20251105,4,일부개정,20251111,20260708,팔 당 댐,수력발전댐 (carried from previous row; blank cell in source),홍수기 제한수위 / 시설별 최저 운영수위 ([별표3] 제6조),25.51),25.5,1),-,EL.m,"1) 표시의 댐의 경우 홍수기 제한수위가 별도로 설정되어 있지 않아 상시만수위를 대신 표기 2) 홍수기 제한수위 하향 시범운영 기간(‘21~’24년)동안 해당 수위를 적용하며, 시범 운영기간 종료와 동시에 수계별 협의회에서 조정 가능",http://www.law.go.kr/DRF/lawService.do?OC=test&target=admrul&ID=2100000267112&type=XML,[별표 3] 댐의 홍수기 제한수위(제6조),01_raw/Law_history/admrul_2100000267112_댐과보등의연계운영규정_시행20251111.xml,EXTRACTED_FROM_OFFICIAL_XML_TABLE,
댐과 보 등의 연계운영규정,20251105,4,일부개정,20251111,20260708,안 동 댐,다목적댐,홍수기 제한수위 / 시설별 최저 운영수위 ([별표3] 제6조),160.01),160.0,1),-,EL.m,"1) 표시의 댐의 경우 홍수기 제한수위가 별도로 설정되어 있지 않아 상시만수위를 대신 표기 2) 홍수기 제한수위 하향 시범운영 기간(‘21~’24년)동안 해당 수위를 적용하며, 시범 운영기간 종료와 동시에 수계별 협의회에서 조정 가능",http://www.law.go.kr/DRF/lawService.do?OC=test&target=admrul&ID=2100000267112&type=XML,[별표 3] 댐의 홍수기 제한수위(제6조),01_raw/Law_history/admrul_2100000267112_댐과보등의연계운영규정_시행20251111.xml,EXTRACTED_FROM_OFFICIAL_XML_TABLE,
댐과 보 등의 연계운영규정,20251105,4,일부개정,20251111,20260708,임 하 댐,다목적댐 (carried from previous row; blank cell in source),홍수기 제한수위 / 시설별 최저 운영수위 ([별표3] 제6조),161.7,161.7,,-,EL.m,"1) 표시의 댐의 경우 홍수기 제한수위가 별도로 설정되어 있지 않아 상시만수위를 대신 표기 2) 홍수기 제한수위 하향 시범운영 기간(‘21~’24년)동안 해당 수위를 적용하며, 시범 운영기간 종료와 동시에 수계별 협의회에서 조정 가능",http://www.law.go.kr/DRF/lawService.do?OC=test&target=admrul&ID=2100000267112&type=XML,[별표 3] 댐의 홍수기 제한수위(제6조),01_raw/Law_history/admrul_2100000267112_댐과보등의연계운영규정_시행20251111.xml,EXTRACTED_FROM_OFFICIAL_XML_TABLE,
댐과 보 등의 연계운영규정,20251105,4,일부개정,20251111,20260708,합 천 댐,다목적댐 (carried from previous row; blank cell in source),홍수기 제한수위 / 시설별 최저 운영수위 ([별표3] 제6조),176.01),176.0,1),-,EL.m,"1) 표시의 댐의 경우 홍수기 제한수위가 별도로 설정되어 있지 않아 상시만수위를 대신 표기 2) 홍수기 제한수위 하향 시범운영 기간(‘21~’24년)동안 해당 수위를 적용하며, 시범 운영기간 종료와 동시에 수계별 협의회에서 조정 가능",http://www.law.go.kr/DRF/lawService.do?OC=test&target=admrul&ID=2100000267112&type=XML,[별표 3] 댐의 홍수기 제한수위(제6조),01_raw/Law_history/admrul_2100000267112_댐과보등의연계운영규정_시행20251111.xml,EXTRACTED_FROM_OFFICIAL_XML_TABLE,
댐과 보 등의 연계운영규정,20251105,4,일부개정,20251111,20260708,남 강 댐,다목적댐 (carried from previous row; blank cell in source),홍수기 제한수위 / 시설별 최저 운영수위 ([별표3] 제6조),41.01),41.0,1),-,EL.m,"1) 표시의 댐의 경우 홍수기 제한수위가 별도로 설정되어 있지 않아 상시만수위를 대신 표기 2) 홍수기 제한수위 하향 시범운영 기간(‘21~’24년)동안 해당 수위를 적용하며, 시범 운영기간 종료와 동시에 수계별 협의회에서 조정 가능",http://www.law.go.kr/DRF/lawService.do?OC=test&target=admrul&ID=2100000267112&type=XML,[별표 3] 댐의 홍수기 제한수위(제6조),01_raw/Law_history/admrul_2100000267112_댐과보등의연계운영규정_시행20251111.xml,EXTRACTED_FROM_OFFICIAL_XML_TABLE,
댐과 보 등의 연계운영규정,20251105,4,일부개정,20251111,20260708,밀 양 댐,다목적댐 (carried from previous row; blank cell in source),홍수기 제한수위 / 시설별 최저 운영수위 ([별표3] 제6조),207.21),207.2,1),-,EL.m,"1) 표시의 댐의 경우 홍수기 제한수위가 별도로 설정되어 있지 않아 상시만수위를 대신 표기 2) 홍수기 제한수위 하향 시범운영 기간(‘21~’24년)동안 해당 수위를 적용하며, 시범 운영기간 종료와 동시에 수계별 협의회에서 조정 가능",http://www.law.go.kr/DRF/lawService.do?OC=test&target=admrul&ID=2100000267112&type=XML,[별표 3] 댐의 홍수기 제한수위(제6조),01_raw/Law_history/admrul_2100000267112_댐과보등의연계운영규정_시행20251111.xml,EXTRACTED_FROM_OFFICIAL_XML_TABLE,
댐과 보 등의 연계운영규정,20251105,4,일부개정,20251111,20260708,군 위 댐,다목적댐 (carried from previous row; blank cell in source),홍수기 제한수위 / 시설별 최저 운영수위 ([별표3] 제6조),204.01),204.0,1),-,EL.m,"1) 표시의 댐의 경우 홍수기 제한수위가 별도로 설정되어 있지 않아 상시만수위를 대신 표기 2) 홍수기 제한수위 하향 시범운영 기간(‘21~’24년)동안 해당 수위를 적용하며, 시범 운영기간 종료와 동시에 수계별 협의회에서 조정 가능",http://www.law.go.kr/DRF/lawService.do?OC=test&target=admrul&ID=2100000267112&type=XML,[별표 3] 댐의 홍수기 제한수위(제6조),01_raw/Law_history/admrul_2100000267112_댐과보등의연계운영규정_시행20251111.xml,EXTRACTED_FROM_OFFICIAL_XML_TABLE,
댐과 보 등의 연계운영규정,20251105,4,일부개정,20251111,20260708,김천부항댐,다목적댐 (carried from previous row; blank cell in source),홍수기 제한수위 / 시설별 최저 운영수위 ([별표3] 제6조),193.5,193.5,,-,EL.m,"1) 표시의 댐의 경우 홍수기 제한수위가 별도로 설정되어 있지 않아 상시만수위를 대신 표기 2) 홍수기 제한수위 하향 시범운영 기간(‘21~’24년)동안 해당 수위를 적용하며, 시범 운영기간 종료와 동시에 수계별 협의회에서 조정 가능",http://www.law.go.kr/DRF/lawService.do?OC=test&target=admrul&ID=2100000267112&type=XML,[별표 3] 댐의 홍수기 제한수위(제6조),01_raw/Law_history/admrul_2100000267112_댐과보등의연계운영규정_시행20251111.xml,EXTRACTED_FROM_OFFICIAL_XML_TABLE,
댐과 보 등의 연계운영규정,20251105,4,일부개정,20251111,20260708,성 덕 댐,다목적댐 (carried from previous row; blank cell in source),홍수기 제한수위 / 시설별 최저 운영수위 ([별표3] 제6조),362.0,362.0,,-,EL.m,"1) 표시의 댐의 경우 홍수기 제한수위가 별도로 설정되어 있지 않아 상시만수위를 대신 표기 2) 홍수기 제한수위 하향 시범운영 기간(‘21~’24년)동안 해당 수위를 적용하며, 시범 운영기간 종료와 동시에 수계별 협의회에서 조정 가능",http://www.law.go.kr/DRF/lawService.do?OC=test&target=admrul&ID=2100000267112&type=XML,[별표 3] 댐의 홍수기 제한수위(제6조),01_raw/Law_history/admrul_2100000267112_댐과보등의연계운영규정_시행20251111.xml,EXTRACTED_FROM_OFFICIAL_XML_TABLE,
댐과 보 등의 연계운영규정,20251105,4,일부개정,20251111,20260708,보현산댐,다목적댐 (carried from previous row; blank cell in source),홍수기 제한수위 / 시설별 최저 운영수위 ([별표3] 제6조),236.01),236.0,1),-,EL.m,"1) 표시의 댐의 경우 홍수기 제한수위가 별도로 설정되어 있지 않아 상시만수위를 대신 표기 2) 홍수기 제한수위 하향 시범운영 기간(‘21~’24년)동안 해당 수위를 적용하며, 시범 운영기간 종료와 동시에 수계별 협의회에서 조정 가능",http://www.law.go.kr/DRF/lawService.do?OC=test&target=admrul&ID=2100000267112&type=XML,[별표 3] 댐의 홍수기 제한수위(제6조),01_raw/Law_history/admrul_2100000267112_댐과보등의연계운영규정_시행20251111.xml,EXTRACTED_FROM_OFFICIAL_XML_TABLE,
댐과 보 등의 연계운영규정,20251105,4,일부개정,20251111,20260708,영주댐,다목적댐 (carried from previous row; blank cell in source),홍수기 제한수위 / 시설별 최저 운영수위 ([별표3] 제6조),156.7,156.7,,,EL.m,"1) 표시의 댐의 경우 홍수기 제한수위가 별도로 설정되어 있지 않아 상시만수위를 대신 표기 2) 홍수기 제한수위 하향 시범운영 기간(‘21~’24년)동안 해당 수위를 적용하며, 시범 운영기간 종료와 동시에 수계별 협의회에서 조정 가능",http://www.law.go.kr/DRF/lawService.do?OC=test&target=admrul&ID=2100000267112&type=XML,[별표 3] 댐의 홍수기 제한수위(제6조),01_raw/Law_history/admrul_2100000267112_댐과보등의연계운영규정_시행20251111.xml,EXTRACTED_FROM_OFFICIAL_XML_TABLE,
댐과 보 등의 연계운영규정,20251105,4,일부개정,20251111,20260708,용 담 댐,다목적댐,홍수기 제한수위 / 시설별 최저 운영수위 ([별표3] 제6조),261.5,261.5,,-,EL.m,"1) 표시의 댐의 경우 홍수기 제한수위가 별도로 설정되어 있지 않아 상시만수위를 대신 표기 2) 홍수기 제한수위 하향 시범운영 기간(‘21~’24년)동안 해당 수위를 적용하며, 시범 운영기간 종료와 동시에 수계별 협의회에서 조정 가능",http://www.law.go.kr/DRF/lawService.do?OC=test&target=admrul&ID=2100000267112&type=XML,[별표 3] 댐의 홍수기 제한수위(제6조),01_raw/Law_history/admrul_2100000267112_댐과보등의연계운영규정_시행20251111.xml,EXTRACTED_FROM_OFFICIAL_XML_TABLE,
댐과 보 등의 연계운영규정,20251105,4,일부개정,20251111,20260708,대 청 댐,다목적댐 (carried from previous row; blank cell in source),홍수기 제한수위 / 시설별 최저 운영수위 ([별표3] 제6조),76.51),76.5,1),-,EL.m,"1) 표시의 댐의 경우 홍수기 제한수위가 별도로 설정되어 있지 않아 상시만수위를 대신 표기 2) 홍수기 제한수위 하향 시범운영 기간(‘21~’24년)동안 해당 수위를 적용하며, 시범 운영기간 종료와 동시에 수계별 협의회에서 조정 가능",http://www.law.go.kr/DRF/lawService.do?OC=test&target=admrul&ID=2100000267112&type=XML,[별표 3] 댐의 홍수기 제한수위(제6조),01_raw/Law_history/admrul_2100000267112_댐과보등의연계운영규정_시행20251111.xml,EXTRACTED_FROM_OFFICIAL_XML_TABLE,
댐과 보 등의 연계운영규정,20251105,4,일부개정,20251111,20260708,섬진강댐,다목적댐,홍수기 제한수위 / 시설별 최저 운영수위 ([별표3] 제6조),194.02),194.0,2),-,EL.m,"1) 표시의 댐의 경우 홍수기 제한수위가 별도로 설정되어 있지 않아 상시만수위를 대신 표기 2) 홍수기 제한수위 하향 시범운영 기간(‘21~’24년)동안 해당 수위를 적용하며, 시범 운영기간 종료와 동시에 수계별 협의회에서 조정 가능",http://www.law.go.kr/DRF/lawService.do?OC=test&target=admrul&ID=2100000267112&type=XML,[별표 3] 댐의 홍수기 제한수위(제6조),01_raw/Law_history/admrul_2100000267112_댐과보등의연계운영규정_시행20251111.xml,EXTRACTED_FROM_OFFICIAL_XML_TABLE,
댐과 보 등의 연계운영규정,20251105,4,일부개정,20251111,20260708,주 암 댐,다목적댐 (carried from previous row; blank cell in source),홍수기 제한수위 / 시설별 최저 운영수위 ([별표3] 제6조),108.51),108.5,1),-,EL.m,"1) 표시의 댐의 경우 홍수기 제한수위가 별도로 설정되어 있지 않아 상시만수위를 대신 표기 2) 홍수기 제한수위 하향 시범운영 기간(‘21~’24년)동안 해당 수위를 적용하며, 시범 운영기간 종료와 동시에 수계별 협의회에서 조정 가능",http://www.law.go.kr/DRF/lawService.do?OC=test&target=admrul&ID=2100000267112&type=XML,[별표 3] 댐의 홍수기 제한수위(제6조),01_raw/Law_history/admrul_2100000267112_댐과보등의연계운영규정_시행20251111.xml,EXTRACTED_FROM_OFFICIAL_XML_TABLE,
댐과 보 등의 연계운영규정,20251105,4,일부개정,20251111,20260708,보성강댐,수력발전댐,홍수기 제한수위 / 시설별 최저 운영수위 ([별표3] 제6조),126.9,126.9,,-,EL.m,"1) 표시의 댐의 경우 홍수기 제한수위가 별도로 설정되어 있지 않아 상시만수위를 대신 표기 2) 홍수기 제한수위 하향 시범운영 기간(‘21~’24년)동안 해당 수위를 적용하며, 시범 운영기간 종료와 동시에 수계별 협의회에서 조정 가능",http://www.law.go.kr/DRF/lawService.do?OC=test&target=admrul&ID=2100000267112&type=XML,[별표 3] 댐의 홍수기 제한수위(제6조),01_raw/Law_history/admrul_2100000267112_댐과보등의연계운영규정_시행20251111.xml,EXTRACTED_FROM_OFFICIAL_XML_TABLE,
댐과 보 등의 연계운영규정,20251105,4,일부개정,20251111,20260708,부 안 댐,다목적댐,홍수기 제한수위 / 시설별 최저 운영수위 ([별표3] 제6조),41.21),41.2,1),-,EL.m,"1) 표시의 댐의 경우 홍수기 제한수위가 별도로 설정되어 있지 않아 상시만수위를 대신 표기 2) 홍수기 제한수위 하향 시범운영 기간(‘21~’24년)동안 해당 수위를 적용하며, 시범 운영기간 종료와 동시에 수계별 협의회에서 조정 가능",http://www.law.go.kr/DRF/lawService.do?OC=test&target=admrul&ID=2100000267112&type=XML,[별표 3] 댐의 홍수기 제한수위(제6조),01_raw/Law_history/admrul_2100000267112_댐과보등의연계운영규정_시행20251111.xml,EXTRACTED_FROM_OFFICIAL_XML_TABLE,
댐과 보 등의 연계운영규정,20251105,4,일부개정,20251111,20260708,보 령 댐,다목적댐 (carried from previous row; blank cell in source),홍수기 제한수위 / 시설별 최저 운영수위 ([별표3] 제6조),74.01),74.0,1),-,EL.m,"1) 표시의 댐의 경우 홍수기 제한수위가 별도로 설정되어 있지 않아 상시만수위를 대신 표기 2) 홍수기 제한수위 하향 시범운영 기간(‘21~’24년)동안 해당 수위를 적용하며, 시범 운영기간 종료와 동시에 수계별 협의회에서 조정 가능",http://www.law.go.kr/DRF/lawService.do?OC=test&target=admrul&ID=2100000267112&type=XML,[별표 3] 댐의 홍수기 제한수위(제6조),01_raw/Law_history/admrul_2100000267112_댐과보등의연계운영규정_시행20251111.xml,EXTRACTED_FROM_OFFICIAL_XML_TABLE,
댐과 보 등의 연계운영규정,20251105,4,일부개정,20251111,20260708,장 흥 댐,다목적댐 (carried from previous row; blank cell in source),홍수기 제한수위 / 시설별 최저 운영수위 ([별표3] 제6조),79.0,79.0,,-,EL.m,"1) 표시의 댐의 경우 홍수기 제한수위가 별도로 설정되어 있지 않아 상시만수위를 대신 표기 2) 홍수기 제한수위 하향 시범운영 기간(‘21~’24년)동안 해당 수위를 적용하며, 시범 운영기간 종료와 동시에 수계별 협의회에서 조정 가능",http://www.law.go.kr/DRF/lawService.do?OC=test&target=admrul&ID=2100000267112&type=XML,[별표 3] 댐의 홍수기 제한수위(제6조),01_raw/Law_history/admrul_2100000267112_댐과보등의연계운영규정_시행20251111.xml,EXTRACTED_FROM_OFFICIAL_XML_TABLE,
댐과 보 등의 연계운영규정,20260708,42,일부개정,20260708,,소양강댐,다목적댐,홍수기 제한수위 / 시설별 최저 운영수위 ([별표3] 제6조),190.3,190.3,,-,EL.m,"1) 표시의 댐의 경우 홍수기 제한수위가 별도로 설정되어 있지 않아 상시만수위를 대신 표기 2) 홍수기 제한수위 하향 시범운영 기간(‘21~’26년)동안 해당 수위를 적용하며, 시범 운영기간 종료와 동시에 수계별 협의회에서 조정 가능",http://www.law.go.kr/DRF/lawService.do?OC=test&target=admrul&ID=2100000282102&type=XML,[별표 3] 댐의 홍수기 제한수위(제6조),01_raw/Law_history/admrul_2100000282102_댐과보등의연계운영규정_시행20260708.xml,EXTRACTED_FROM_OFFICIAL_XML_TABLE,
댐과 보 등의 연계운영규정,20260708,42,일부개정,20260708,,충 주 댐,다목적댐 (carried from previous row; blank cell in source),홍수기 제한수위 / 시설별 최저 운영수위 ([별표3] 제6조),138.0,138.0,,-,EL.m,"1) 표시의 댐의 경우 홍수기 제한수위가 별도로 설정되어 있지 않아 상시만수위를 대신 표기 2) 홍수기 제한수위 하향 시범운영 기간(‘21~’26년)동안 해당 수위를 적용하며, 시범 운영기간 종료와 동시에 수계별 협의회에서 조정 가능",http://www.law.go.kr/DRF/lawService.do?OC=test&target=admrul&ID=2100000282102&type=XML,[별표 3] 댐의 홍수기 제한수위(제6조),01_raw/Law_history/admrul_2100000282102_댐과보등의연계운영규정_시행20260708.xml,EXTRACTED_FROM_OFFICIAL_XML_TABLE,
댐과 보 등의 연계운영규정,20260708,42,일부개정,20260708,,횡 성 댐,다목적댐 (carried from previous row; blank cell in source),홍수기 제한수위 / 시설별 최저 운영수위 ([별표3] 제6조),178.2,178.2,,-,EL.m,"1) 표시의 댐의 경우 홍수기 제한수위가 별도로 설정되어 있지 않아 상시만수위를 대신 표기 2) 홍수기 제한수위 하향 시범운영 기간(‘21~’26년)동안 해당 수위를 적용하며, 시범 운영기간 종료와 동시에 수계별 협의회에서 조정 가능",http://www.law.go.kr/DRF/lawService.do?OC=test&target=admrul&ID=2100000282102&type=XML,[별표 3] 댐의 홍수기 제한수위(제6조),01_raw/Law_history/admrul_2100000282102_댐과보등의연계운영규정_시행20260708.xml,EXTRACTED_FROM_OFFICIAL_XML_TABLE,
댐과 보 등의 연계운영규정,20260708,42,일부개정,20260708,,화 천 댐,수력발전댐,홍수기 제한수위 / 시설별 최저 운영수위 ([별표3] 제6조),175.0,175.0,,-,EL.m,"1) 표시의 댐의 경우 홍수기 제한수위가 별도로 설정되어 있지 않아 상시만수위를 대신 표기 2) 홍수기 제한수위 하향 시범운영 기간(‘21~’26년)동안 해당 수위를 적용하며, 시범 운영기간 종료와 동시에 수계별 협의회에서 조정 가능",http://www.law.go.kr/DRF/lawService.do?OC=test&target=admrul&ID=2100000282102&type=XML,[별표 3] 댐의 홍수기 제한수위(제6조),01_raw/Law_history/admrul_2100000282102_댐과보등의연계운영규정_시행20260708.xml,EXTRACTED_FROM_OFFICIAL_XML_TABLE,
댐과 보 등의 연계운영규정,20260708,42,일부개정,20260708,,춘 천 댐,수력발전댐 (carried from previous row; blank cell in source),홍수기 제한수위 / 시설별 최저 운영수위 ([별표3] 제6조),102.0,102.0,,98.0,EL.m,"1) 표시의 댐의 경우 홍수기 제한수위가 별도로 설정되어 있지 않아 상시만수위를 대신 표기 2) 홍수기 제한수위 하향 시범운영 기간(‘21~’26년)동안 해당 수위를 적용하며, 시범 운영기간 종료와 동시에 수계별 협의회에서 조정 가능",http://www.law.go.kr/DRF/lawService.do?OC=test&target=admrul&ID=2100000282102&type=XML,[별표 3] 댐의 홍수기 제한수위(제6조),01_raw/Law_history/admrul_2100000282102_댐과보등의연계운영규정_시행20260708.xml,EXTRACTED_FROM_OFFICIAL_XML_TABLE,
댐과 보 등의 연계운영규정,20260708,42,일부개정,20260708,,의 암 댐,수력발전댐 (carried from previous row; blank cell in source),홍수기 제한수위 / 시설별 최저 운영수위 ([별표3] 제6조),70.5,70.5,,67.0,EL.m,"1) 표시의 댐의 경우 홍수기 제한수위가 별도로 설정되어 있지 않아 상시만수위를 대신 표기 2) 홍수기 제한수위 하향 시범운영 기간(‘21~’26년)동안 해당 수위를 적용하며, 시범 운영기간 종료와 동시에 수계별 협의회에서 조정 가능",http://www.law.go.kr/DRF/lawService.do?OC=test&target=admrul&ID=2100000282102&type=XML,[별표 3] 댐의 홍수기 제한수위(제6조),01_raw/Law_history/admrul_2100000282102_댐과보등의연계운영규정_시행20260708.xml,EXTRACTED_FROM_OFFICIAL_XML_TABLE,
댐과 보 등의 연계운영규정,20260708,42,일부개정,20260708,,청 평 댐,수력발전댐 (carried from previous row; blank cell in source),홍수기 제한수위 / 시설별 최저 운영수위 ([별표3] 제6조),50.0,50.0,,46.0,EL.m,"1) 표시의 댐의 경우 홍수기 제한수위가 별도로 설정되어 있지 않아 상시만수위를 대신 표기 2) 홍수기 제한수위 하향 시범운영 기간(‘21~’26년)동안 해당 수위를 적용하며, 시범 운영기간 종료와 동시에 수계별 협의회에서 조정 가능",http://www.law.go.kr/DRF/lawService.do?OC=test&target=admrul&ID=2100000282102&type=XML,[별표 3] 댐의 홍수기 제한수위(제6조),01_raw/Law_history/admrul_2100000282102_댐과보등의연계운영규정_시행20260708.xml,EXTRACTED_FROM_OFFICIAL_XML_TABLE,
댐과 보 등의 연계운영규정,20260708,42,일부개정,20260708,,괴 산 댐,수력발전댐 (carried from previous row; blank cell in source),홍수기 제한수위 / 시설별 최저 운영수위 ([별표3] 제6조),134.0,134.0,,-,EL.m,"1) 표시의 댐의 경우 홍수기 제한수위가 별도로 설정되어 있지 않아 상시만수위를 대신 표기 2) 홍수기 제한수위 하향 시범운영 기간(‘21~’26년)동안 해당 수위를 적용하며, 시범 운영기간 종료와 동시에 수계별 협의회에서 조정 가능",http://www.law.go.kr/DRF/lawService.do?OC=test&target=admrul&ID=2100000282102&type=XML,[별표 3] 댐의 홍수기 제한수위(제6조),01_raw/Law_history/admrul_2100000282102_댐과보등의연계운영규정_시행20260708.xml,EXTRACTED_FROM_OFFICIAL_XML_TABLE,
댐과 보 등의 연계운영규정,20260708,42,일부개정,20260708,,팔 당 댐,수력발전댐 (carried from previous row; blank cell in source),홍수기 제한수위 / 시설별 최저 운영수위 ([별표3] 제6조),25.51),25.5,1),-,EL.m,"1) 표시의 댐의 경우 홍수기 제한수위가 별도로 설정되어 있지 않아 상시만수위를 대신 표기 2) 홍수기 제한수위 하향 시범운영 기간(‘21~’26년)동안 해당 수위를 적용하며, 시범 운영기간 종료와 동시에 수계별 협의회에서 조정 가능",http://www.law.go.kr/DRF/lawService.do?OC=test&target=admrul&ID=2100000282102&type=XML,[별표 3] 댐의 홍수기 제한수위(제6조),01_raw/Law_history/admrul_2100000282102_댐과보등의연계운영규정_시행20260708.xml,EXTRACTED_FROM_OFFICIAL_XML_TABLE,
댐과 보 등의 연계운영규정,20260708,42,일부개정,20260708,,안 동 댐,다목적댐,홍수기 제한수위 / 시설별 최저 운영수위 ([별표3] 제6조),160.01),160.0,1),-,EL.m,"1) 표시의 댐의 경우 홍수기 제한수위가 별도로 설정되어 있지 않아 상시만수위를 대신 표기 2) 홍수기 제한수위 하향 시범운영 기간(‘21~’26년)동안 해당 수위를 적용하며, 시범 운영기간 종료와 동시에 수계별 협의회에서 조정 가능",http://www.law.go.kr/DRF/lawService.do?OC=test&target=admrul&ID=2100000282102&type=XML,[별표 3] 댐의 홍수기 제한수위(제6조),01_raw/Law_history/admrul_2100000282102_댐과보등의연계운영규정_시행20260708.xml,EXTRACTED_FROM_OFFICIAL_XML_TABLE,
댐과 보 등의 연계운영규정,20260708,42,일부개정,20260708,,임 하 댐,다목적댐 (carried from previous row; blank cell in source),홍수기 제한수위 / 시설별 최저 운영수위 ([별표3] 제6조),161.7,161.7,,-,EL.m,"1) 표시의 댐의 경우 홍수기 제한수위가 별도로 설정되어 있지 않아 상시만수위를 대신 표기 2) 홍수기 제한수위 하향 시범운영 기간(‘21~’26년)동안 해당 수위를 적용하며, 시범 운영기간 종료와 동시에 수계별 협의회에서 조정 가능",http://www.law.go.kr/DRF/lawService.do?OC=test&target=admrul&ID=2100000282102&type=XML,[별표 3] 댐의 홍수기 제한수위(제6조),01_raw/Law_history/admrul_2100000282102_댐과보등의연계운영규정_시행20260708.xml,EXTRACTED_FROM_OFFICIAL_XML_TABLE,
댐과 보 등의 연계운영규정,20260708,42,일부개정,20260708,,합 천 댐,다목적댐 (carried from previous row; blank cell in source),홍수기 제한수위 / 시설별 최저 운영수위 ([별표3] 제6조),176.01),176.0,1),-,EL.m,"1) 표시의 댐의 경우 홍수기 제한수위가 별도로 설정되어 있지 않아 상시만수위를 대신 표기 2) 홍수기 제한수위 하향 시범운영 기간(‘21~’26년)동안 해당 수위를 적용하며, 시범 운영기간 종료와 동시에 수계별 협의회에서 조정 가능",http://www.law.go.kr/DRF/lawService.do?OC=test&target=admrul&ID=2100000282102&type=XML,[별표 3] 댐의 홍수기 제한수위(제6조),01_raw/Law_history/admrul_2100000282102_댐과보등의연계운영규정_시행20260708.xml,EXTRACTED_FROM_OFFICIAL_XML_TABLE,
댐과 보 등의 연계운영규정,20260708,42,일부개정,20260708,,남 강 댐,다목적댐 (carried from previous row; blank cell in source),홍수기 제한수위 / 시설별 최저 운영수위 ([별표3] 제6조),41.01),41.0,1),-,EL.m,"1) 표시의 댐의 경우 홍수기 제한수위가 별도로 설정되어 있지 않아 상시만수위를 대신 표기 2) 홍수기 제한수위 하향 시범운영 기간(‘21~’26년)동안 해당 수위를 적용하며, 시범 운영기간 종료와 동시에 수계별 협의회에서 조정 가능",http://www.law.go.kr/DRF/lawService.do?OC=test&target=admrul&ID=2100000282102&type=XML,[별표 3] 댐의 홍수기 제한수위(제6조),01_raw/Law_history/admrul_2100000282102_댐과보등의연계운영규정_시행20260708.xml,EXTRACTED_FROM_OFFICIAL_XML_TABLE,
댐과 보 등의 연계운영규정,20260708,42,일부개정,20260708,,밀 양 댐,다목적댐 (carried from previous row; blank cell in source),홍수기 제한수위 / 시설별 최저 운영수위 ([별표3] 제6조),207.21),207.2,1),-,EL.m,"1) 표시의 댐의 경우 홍수기 제한수위가 별도로 설정되어 있지 않아 상시만수위를 대신 표기 2) 홍수기 제한수위 하향 시범운영 기간(‘21~’26년)동안 해당 수위를 적용하며, 시범 운영기간 종료와 동시에 수계별 협의회에서 조정 가능",http://www.law.go.kr/DRF/lawService.do?OC=test&target=admrul&ID=2100000282102&type=XML,[별표 3] 댐의 홍수기 제한수위(제6조),01_raw/Law_history/admrul_2100000282102_댐과보등의연계운영규정_시행20260708.xml,EXTRACTED_FROM_OFFICIAL_XML_TABLE,
댐과 보 등의 연계운영규정,20260708,42,일부개정,20260708,,군 위 댐,다목적댐 (carried from previous row; blank cell in source),홍수기 제한수위 / 시설별 최저 운영수위 ([별표3] 제6조),204.01),204.0,1),-,EL.m,"1) 표시의 댐의 경우 홍수기 제한수위가 별도로 설정되어 있지 않아 상시만수위를 대신 표기 2) 홍수기 제한수위 하향 시범운영 기간(‘21~’26년)동안 해당 수위를 적용하며, 시범 운영기간 종료와 동시에 수계별 협의회에서 조정 가능",http://www.law.go.kr/DRF/lawService.do?OC=test&target=admrul&ID=2100000282102&type=XML,[별표 3] 댐의 홍수기 제한수위(제6조),01_raw/Law_history/admrul_2100000282102_댐과보등의연계운영규정_시행20260708.xml,EXTRACTED_FROM_OFFICIAL_XML_TABLE,
댐과 보 등의 연계운영규정,20260708,42,일부개정,20260708,,김천부항댐,다목적댐 (carried from previous row; blank cell in source),홍수기 제한수위 / 시설별 최저 운영수위 ([별표3] 제6조),193.5,193.5,,-,EL.m,"1) 표시의 댐의 경우 홍수기 제한수위가 별도로 설정되어 있지 않아 상시만수위를 대신 표기 2) 홍수기 제한수위 하향 시범운영 기간(‘21~’26년)동안 해당 수위를 적용하며, 시범 운영기간 종료와 동시에 수계별 협의회에서 조정 가능",http://www.law.go.kr/DRF/lawService.do?OC=test&target=admrul&ID=2100000282102&type=XML,[별표 3] 댐의 홍수기 제한수위(제6조),01_raw/Law_history/admrul_2100000282102_댐과보등의연계운영규정_시행20260708.xml,EXTRACTED_FROM_OFFICIAL_XML_TABLE,
댐과 보 등의 연계운영규정,20260708,42,일부개정,20260708,,성 덕 댐,다목적댐 (carried from previous row; blank cell in source),홍수기 제한수위 / 시설별 최저 운영수위 ([별표3] 제6조),362.0,362.0,,-,EL.m,"1) 표시의 댐의 경우 홍수기 제한수위가 별도로 설정되어 있지 않아 상시만수위를 대신 표기 2) 홍수기 제한수위 하향 시범운영 기간(‘21~’26년)동안 해당 수위를 적용하며, 시범 운영기간 종료와 동시에 수계별 협의회에서 조정 가능",http://www.law.go.kr/DRF/lawService.do?OC=test&target=admrul&ID=2100000282102&type=XML,[별표 3] 댐의 홍수기 제한수위(제6조),01_raw/Law_history/admrul_2100000282102_댐과보등의연계운영규정_시행20260708.xml,EXTRACTED_FROM_OFFICIAL_XML_TABLE,
댐과 보 등의 연계운영규정,20260708,42,일부개정,20260708,,보현산댐,다목적댐 (carried from previous row; blank cell in source),홍수기 제한수위 / 시설별 최저 운영수위 ([별표3] 제6조),236.01),236.0,1),-,EL.m,"1) 표시의 댐의 경우 홍수기 제한수위가 별도로 설정되어 있지 않아 상시만수위를 대신 표기 2) 홍수기 제한수위 하향 시범운영 기간(‘21~’26년)동안 해당 수위를 적용하며, 시범 운영기간 종료와 동시에 수계별 협의회에서 조정 가능",http://www.law.go.kr/DRF/lawService.do?OC=test&target=admrul&ID=2100000282102&type=XML,[별표 3] 댐의 홍수기 제한수위(제6조),01_raw/Law_history/admrul_2100000282102_댐과보등의연계운영규정_시행20260708.xml,EXTRACTED_FROM_OFFICIAL_XML_TABLE,
댐과 보 등의 연계운영규정,20260708,42,일부개정,20260708,,영주댐,다목적댐 (carried from previous row; blank cell in source),홍수기 제한수위 / 시설별 최저 운영수위 ([별표3] 제6조),156.7,156.7,,,EL.m,"1) 표시의 댐의 경우 홍수기 제한수위가 별도로 설정되어 있지 않아 상시만수위를 대신 표기 2) 홍수기 제한수위 하향 시범운영 기간(‘21~’26년)동안 해당 수위를 적용하며, 시범 운영기간 종료와 동시에 수계별 협의회에서 조정 가능",http://www.law.go.kr/DRF/lawService.do?OC=test&target=admrul&ID=2100000282102&type=XML,[별표 3] 댐의 홍수기 제한수위(제6조),01_raw/Law_history/admrul_2100000282102_댐과보등의연계운영규정_시행20260708.xml,EXTRACTED_FROM_OFFICIAL_XML_TABLE,
댐과 보 등의 연계운영규정,20260708,42,일부개정,20260708,,용 담 댐,다목적댐,홍수기 제한수위 / 시설별 최저 운영수위 ([별표3] 제6조),261.5,261.5,,-,EL.m,"1) 표시의 댐의 경우 홍수기 제한수위가 별도로 설정되어 있지 않아 상시만수위를 대신 표기 2) 홍수기 제한수위 하향 시범운영 기간(‘21~’26년)동안 해당 수위를 적용하며, 시범 운영기간 종료와 동시에 수계별 협의회에서 조정 가능",http://www.law.go.kr/DRF/lawService.do?OC=test&target=admrul&ID=2100000282102&type=XML,[별표 3] 댐의 홍수기 제한수위(제6조),01_raw/Law_history/admrul_2100000282102_댐과보등의연계운영규정_시행20260708.xml,EXTRACTED_FROM_OFFICIAL_XML_TABLE,
댐과 보 등의 연계운영규정,20260708,42,일부개정,20260708,,대 청 댐,다목적댐 (carried from previous row; blank cell in source),홍수기 제한수위 / 시설별 최저 운영수위 ([별표3] 제6조),76.51),76.5,1),-,EL.m,"1) 표시의 댐의 경우 홍수기 제한수위가 별도로 설정되어 있지 않아 상시만수위를 대신 표기 2) 홍수기 제한수위 하향 시범운영 기간(‘21~’26년)동안 해당 수위를 적용하며, 시범 운영기간 종료와 동시에 수계별 협의회에서 조정 가능",http://www.law.go.kr/DRF/lawService.do?OC=test&target=admrul&ID=2100000282102&type=XML,[별표 3] 댐의 홍수기 제한수위(제6조),01_raw/Law_history/admrul_2100000282102_댐과보등의연계운영규정_시행20260708.xml,EXTRACTED_FROM_OFFICIAL_XML_TABLE,
댐과 보 등의 연계운영규정,20260708,42,일부개정,20260708,,섬진강댐,다목적댐,홍수기 제한수위 / 시설별 최저 운영수위 ([별표3] 제6조),194.02),194.0,2),-,EL.m,"1) 표시의 댐의 경우 홍수기 제한수위가 별도로 설정되어 있지 않아 상시만수위를 대신 표기 2) 홍수기 제한수위 하향 시범운영 기간(‘21~’26년)동안 해당 수위를 적용하며, 시범 운영기간 종료와 동시에 수계별 협의회에서 조정 가능",http://www.law.go.kr/DRF/lawService.do?OC=test&target=admrul&ID=2100000282102&type=XML,[별표 3] 댐의 홍수기 제한수위(제6조),01_raw/Law_history/admrul_2100000282102_댐과보등의연계운영규정_시행20260708.xml,EXTRACTED_FROM_OFFICIAL_XML_TABLE,
댐과 보 등의 연계운영규정,20260708,42,일부개정,20260708,,주 암 댐,다목적댐 (carried from previous row; blank cell in source),홍수기 제한수위 / 시설별 최저 운영수위 ([별표3] 제6조),108.51),108.5,1),-,EL.m,"1) 표시의 댐의 경우 홍수기 제한수위가 별도로 설정되어 있지 않아 상시만수위를 대신 표기 2) 홍수기 제한수위 하향 시범운영 기간(‘21~’26년)동안 해당 수위를 적용하며, 시범 운영기간 종료와 동시에 수계별 협의회에서 조정 가능",http://www.law.go.kr/DRF/lawService.do?OC=test&target=admrul&ID=2100000282102&type=XML,[별표 3] 댐의 홍수기 제한수위(제6조),01_raw/Law_history/admrul_2100000282102_댐과보등의연계운영규정_시행20260708.xml,EXTRACTED_FROM_OFFICIAL_XML_TABLE,
댐과 보 등의 연계운영규정,20260708,42,일부개정,20260708,,보성강댐,수력발전댐,홍수기 제한수위 / 시설별 최저 운영수위 ([별표3] 제6조),126.9,126.9,,-,EL.m,"1) 표시의 댐의 경우 홍수기 제한수위가 별도로 설정되어 있지 않아 상시만수위를 대신 표기 2) 홍수기 제한수위 하향 시범운영 기간(‘21~’26년)동안 해당 수위를 적용하며, 시범 운영기간 종료와 동시에 수계별 협의회에서 조정 가능",http://www.law.go.kr/DRF/lawService.do?OC=test&target=admrul&ID=2100000282102&type=XML,[별표 3] 댐의 홍수기 제한수위(제6조),01_raw/Law_history/admrul_2100000282102_댐과보등의연계운영규정_시행20260708.xml,EXTRACTED_FROM_OFFICIAL_XML_TABLE,
댐과 보 등의 연계운영규정,20260708,42,일부개정,20260708,,부 안 댐,다목적댐,홍수기 제한수위 / 시설별 최저 운영수위 ([별표3] 제6조),41.21),41.2,1),-,EL.m,"1) 표시의 댐의 경우 홍수기 제한수위가 별도로 설정되어 있지 않아 상시만수위를 대신 표기 2) 홍수기 제한수위 하향 시범운영 기간(‘21~’26년)동안 해당 수위를 적용하며, 시범 운영기간 종료와 동시에 수계별 협의회에서 조정 가능",http://www.law.go.kr/DRF/lawService.do?OC=test&target=admrul&ID=2100000282102&type=XML,[별표 3] 댐의 홍수기 제한수위(제6조),01_raw/Law_history/admrul_2100000282102_댐과보등의연계운영규정_시행20260708.xml,EXTRACTED_FROM_OFFICIAL_XML_TABLE,
댐과 보 등의 연계운영규정,20260708,42,일부개정,20260708,,보 령 댐,다목적댐 (carried from previous row; blank cell in source),홍수기 제한수위 / 시설별 최저 운영수위 ([별표3] 제6조),74.01),74.0,1),-,EL.m,"1) 표시의 댐의 경우 홍수기 제한수위가 별도로 설정되어 있지 않아 상시만수위를 대신 표기 2) 홍수기 제한수위 하향 시범운영 기간(‘21~’26년)동안 해당 수위를 적용하며, 시범 운영기간 종료와 동시에 수계별 협의회에서 조정 가능",http://www.law.go.kr/DRF/lawService.do?OC=test&target=admrul&ID=2100000282102&type=XML,[별표 3] 댐의 홍수기 제한수위(제6조),01_raw/Law_history/admrul_2100000282102_댐과보등의연계운영규정_시행20260708.xml,EXTRACTED_FROM_OFFICIAL_XML_TABLE,
댐과 보 등의 연계운영규정,20260708,42,일부개정,20260708,,장 흥 댐,다목적댐 (carried from previous row; blank cell in source),홍수기 제한수위 / 시설별 최저 운영수위 ([별표3] 제6조),79.0,79.0,,-,EL.m,"1) 표시의 댐의 경우 홍수기 제한수위가 별도로 설정되어 있지 않아 상시만수위를 대신 표기 2) 홍수기 제한수위 하향 시범운영 기간(‘21~’26년)동안 해당 수위를 적용하며, 시범 운영기간 종료와 동시에 수계별 협의회에서 조정 가능",http://www.law.go.kr/DRF/lawService.do?OC=test&target=admrul&ID=2100000282102&type=XML,[별표 3] 댐의 홍수기 제한수위(제6조),01_raw/Law_history/admrul_2100000282102_댐과보등의연계운영규정_시행20260708.xml,EXTRACTED_FROM_OFFICIAL_XML_TABLE,
댐과 보 등의 연계운영규정,20121228,948,폐지제정,20130101,20130417,소양강댐,(HWP 첨부 텍스트 추출: 행 정렬은 이름·값·최저수위 그룹 순서로 복원; 열 구조 직접 확인 불가),홍수기 제한수위 / 시설별 최저 운영수위 ([별표3] 제6조),190.3,190.3,,-,EL.m,주) 1) 표시의 댐의 경우 홍수기 제한수위가 별도로 설정되어 있지 않아 상시만수위를 대신 표기하였다.,https://www.law.go.kr/LSW/flDownload.do?flSeq=12672224,[별표 3] 댐의 홍수기 제한수위(제6조) (HWP 첨부),01_raw/Law_history/attachments/별표3_flSeq12672224_시행20130101.bin,EXTRACTED_FROM_OFFICIAL_HWP_ATTACHMENT,name/value alignment reconstructed from extracted text order; verify against original HWP if used in analysis
댐과 보 등의 연계운영규정,20121228,948,폐지제정,20130101,20130417,충 주 댐,(HWP 첨부 텍스트 추출: 행 정렬은 이름·값·최저수위 그룹 순서로 복원; 열 구조 직접 확인 불가),홍수기 제한수위 / 시설별 최저 운영수위 ([별표3] 제6조),138.0,138.0,,-,EL.m,주) 1) 표시의 댐의 경우 홍수기 제한수위가 별도로 설정되어 있지 않아 상시만수위를 대신 표기하였다.,https://www.law.go.kr/LSW/flDownload.do?flSeq=12672224,[별표 3] 댐의 홍수기 제한수위(제6조) (HWP 첨부),01_raw/Law_history/attachments/별표3_flSeq12672224_시행20130101.bin,EXTRACTED_FROM_OFFICIAL_HWP_ATTACHMENT,name/value alignment reconstructed from extracted text order; verify against original HWP if used in analysis
댐과 보 등의 연계운영규정,20121228,948,폐지제정,20130101,20130417,횡 성 댐,(HWP 첨부 텍스트 추출: 행 정렬은 이름·값·최저수위 그룹 순서로 복원; 열 구조 직접 확인 불가),홍수기 제한수위 / 시설별 최저 운영수위 ([별표3] 제6조),178.2,178.2,,-,EL.m,주) 1) 표시의 댐의 경우 홍수기 제한수위가 별도로 설정되어 있지 않아 상시만수위를 대신 표기하였다.,https://www.law.go.kr/LSW/flDownload.do?flSeq=12672224,[별표 3] 댐의 홍수기 제한수위(제6조) (HWP 첨부),01_raw/Law_history/attachments/별표3_flSeq12672224_시행20130101.bin,EXTRACTED_FROM_OFFICIAL_HWP_ATTACHMENT,name/value alignment reconstructed from extracted text order; verify against original HWP if used in analysis
댐과 보 등의 연계운영규정,20121228,948,폐지제정,20130101,20130417,화 천 댐,(HWP 첨부 텍스트 추출: 행 정렬은 이름·값·최저수위 그룹 순서로 복원; 열 구조 직접 확인 불가),홍수기 제한수위 / 시설별 최저 운영수위 ([별표3] 제6조),175.0,175.0,,-,EL.m,주) 1) 표시의 댐의 경우 홍수기 제한수위가 별도로 설정되어 있지 않아 상시만수위를 대신 표기하였다.,https://www.law.go.kr/LSW/flDownload.do?flSeq=12672224,[별표 3] 댐의 홍수기 제한수위(제6조) (HWP 첨부),01_raw/Law_history/attachments/별표3_flSeq12672224_시행20130101.bin,EXTRACTED_FROM_OFFICIAL_HWP_ATTACHMENT,name/value alignment reconstructed from extracted text order; verify against original HWP if used in analysis
댐과 보 등의 연계운영규정,20121228,948,폐지제정,20130101,20130417,춘 천 댐,(HWP 첨부 텍스트 추출: 행 정렬은 이름·값·최저수위 그룹 순서로 복원; 열 구조 직접 확인 불가),홍수기 제한수위 / 시설별 최저 운영수위 ([별표3] 제6조),102.0,102.0,,98.0,EL.m,주) 1) 표시의 댐의 경우 홍수기 제한수위가 별도로 설정되어 있지 않아 상시만수위를 대신 표기하였다.,https://www.law.go.kr/LSW/flDownload.do?flSeq=12672224,[별표 3] 댐의 홍수기 제한수위(제6조) (HWP 첨부),01_raw/Law_history/attachments/별표3_flSeq12672224_시행20130101.bin,EXTRACTED_FROM_OFFICIAL_HWP_ATTACHMENT,name/value alignment reconstructed from extracted text order; verify against original HWP if used in analysis
댐과 보 등의 연계운영규정,20121228,948,폐지제정,20130101,20130417,의 암 댐,(HWP 첨부 텍스트 추출: 행 정렬은 이름·값·최저수위 그룹 순서로 복원; 열 구조 직접 확인 불가),홍수기 제한수위 / 시설별 최저 운영수위 ([별표3] 제6조),70.5,70.5,,67.0,EL.m,주) 1) 표시의 댐의 경우 홍수기 제한수위가 별도로 설정되어 있지 않아 상시만수위를 대신 표기하였다.,https://www.law.go.kr/LSW/flDownload.do?flSeq=12672224,[별표 3] 댐의 홍수기 제한수위(제6조) (HWP 첨부),01_raw/Law_history/attachments/별표3_flSeq12672224_시행20130101.bin,EXTRACTED_FROM_OFFICIAL_HWP_ATTACHMENT,name/value alignment reconstructed from extracted text order; verify against original HWP if used in analysis
댐과 보 등의 연계운영규정,20121228,948,폐지제정,20130101,20130417,청 평 댐,(HWP 첨부 텍스트 추출: 행 정렬은 이름·값·최저수위 그룹 순서로 복원; 열 구조 직접 확인 불가),홍수기 제한수위 / 시설별 최저 운영수위 ([별표3] 제6조),50.0,50.0,,46.0,EL.m,주) 1) 표시의 댐의 경우 홍수기 제한수위가 별도로 설정되어 있지 않아 상시만수위를 대신 표기하였다.,https://www.law.go.kr/LSW/flDownload.do?flSeq=12672224,[별표 3] 댐의 홍수기 제한수위(제6조) (HWP 첨부),01_raw/Law_history/attachments/별표3_flSeq12672224_시행20130101.bin,EXTRACTED_FROM_OFFICIAL_HWP_ATTACHMENT,name/value alignment reconstructed from extracted text order; verify against original HWP if used in analysis
댐과 보 등의 연계운영규정,20121228,948,폐지제정,20130101,20130417,괴 산 댐,(HWP 첨부 텍스트 추출: 행 정렬은 이름·값·최저수위 그룹 순서로 복원; 열 구조 직접 확인 불가),홍수기 제한수위 / 시설별 최저 운영수위 ([별표3] 제6조),134.0,134.0,,-,EL.m,주) 1) 표시의 댐의 경우 홍수기 제한수위가 별도로 설정되어 있지 않아 상시만수위를 대신 표기하였다.,https://www.law.go.kr/LSW/flDownload.do?flSeq=12672224,[별표 3] 댐의 홍수기 제한수위(제6조) (HWP 첨부),01_raw/Law_history/attachments/별표3_flSeq12672224_시행20130101.bin,EXTRACTED_FROM_OFFICIAL_HWP_ATTACHMENT,name/value alignment reconstructed from extracted text order; verify against original HWP if used in analysis
댐과 보 등의 연계운영규정,20121228,948,폐지제정,20130101,20130417,팔 당 댐,(HWP 첨부 텍스트 추출: 행 정렬은 이름·값·최저수위 그룹 순서로 복원; 열 구조 직접 확인 불가),홍수기 제한수위 / 시설별 최저 운영수위 ([별표3] 제6조),25.51),25.5,1),-,EL.m,주) 1) 표시의 댐의 경우 홍수기 제한수위가 별도로 설정되어 있지 않아 상시만수위를 대신 표기하였다.,https://www.law.go.kr/LSW/flDownload.do?flSeq=12672224,[별표 3] 댐의 홍수기 제한수위(제6조) (HWP 첨부),01_raw/Law_history/attachments/별표3_flSeq12672224_시행20130101.bin,EXTRACTED_FROM_OFFICIAL_HWP_ATTACHMENT,name/value alignment reconstructed from extracted text order; verify against original HWP if used in analysis
댐과 보 등의 연계운영규정,20121228,948,폐지제정,20130101,20130417,안 동 댐,(HWP 첨부 텍스트 추출: 행 정렬은 이름·값·최저수위 그룹 순서로 복원; 열 구조 직접 확인 불가),홍수기 제한수위 / 시설별 최저 운영수위 ([별표3] 제6조),160.01),160.0,1),-,EL.m,주) 1) 표시의 댐의 경우 홍수기 제한수위가 별도로 설정되어 있지 않아 상시만수위를 대신 표기하였다.,https://www.law.go.kr/LSW/flDownload.do?flSeq=12672224,[별표 3] 댐의 홍수기 제한수위(제6조) (HWP 첨부),01_raw/Law_history/attachments/별표3_flSeq12672224_시행20130101.bin,EXTRACTED_FROM_OFFICIAL_HWP_ATTACHMENT,name/value alignment reconstructed from extracted text order; verify against original HWP if used in analysis
댐과 보 등의 연계운영규정,20121228,948,폐지제정,20130101,20130417,임 하 댐,(HWP 첨부 텍스트 추출: 행 정렬은 이름·값·최저수위 그룹 순서로 복원; 열 구조 직접 확인 불가),홍수기 제한수위 / 시설별 최저 운영수위 ([별표3] 제6조),161.72),161.7,2),-,EL.m,주) 1) 표시의 댐의 경우 홍수기 제한수위가 별도로 설정되어 있지 않아 상시만수위를 대신 표기하였다.,https://www.law.go.kr/LSW/flDownload.do?flSeq=12672224,[별표 3] 댐의 홍수기 제한수위(제6조) (HWP 첨부),01_raw/Law_history/attachments/별표3_flSeq12672224_시행20130101.bin,EXTRACTED_FROM_OFFICIAL_HWP_ATTACHMENT,name/value alignment reconstructed from extracted text order; verify against original HWP if used in analysis
댐과 보 등의 연계운영규정,20121228,948,폐지제정,20130101,20130417,합 천 댐,(HWP 첨부 텍스트 추출: 행 정렬은 이름·값·최저수위 그룹 순서로 복원; 열 구조 직접 확인 불가),홍수기 제한수위 / 시설별 최저 운영수위 ([별표3] 제6조),176.01),176.0,1),-,EL.m,주) 1) 표시의 댐의 경우 홍수기 제한수위가 별도로 설정되어 있지 않아 상시만수위를 대신 표기하였다.,https://www.law.go.kr/LSW/flDownload.do?flSeq=12672224,[별표 3] 댐의 홍수기 제한수위(제6조) (HWP 첨부),01_raw/Law_history/attachments/별표3_flSeq12672224_시행20130101.bin,EXTRACTED_FROM_OFFICIAL_HWP_ATTACHMENT,name/value alignment reconstructed from extracted text order; verify against original HWP if used in analysis
댐과 보 등의 연계운영규정,20121228,948,폐지제정,20130101,20130417,남 강 댐,(HWP 첨부 텍스트 추출: 행 정렬은 이름·값·최저수위 그룹 순서로 복원; 열 구조 직접 확인 불가),홍수기 제한수위 / 시설별 최저 운영수위 ([별표3] 제6조),41.01),41.0,1),-,EL.m,주) 1) 표시의 댐의 경우 홍수기 제한수위가 별도로 설정되어 있지 않아 상시만수위를 대신 표기하였다.,https://www.law.go.kr/LSW/flDownload.do?flSeq=12672224,[별표 3] 댐의 홍수기 제한수위(제6조) (HWP 첨부),01_raw/Law_history/attachments/별표3_flSeq12672224_시행20130101.bin,EXTRACTED_FROM_OFFICIAL_HWP_ATTACHMENT,name/value alignment reconstructed from extracted text order; verify against original HWP if used in analysis
댐과 보 등의 연계운영규정,20121228,948,폐지제정,20130101,20130417,밀 양 댐,(HWP 첨부 텍스트 추출: 행 정렬은 이름·값·최저수위 그룹 순서로 복원; 열 구조 직접 확인 불가),홍수기 제한수위 / 시설별 최저 운영수위 ([별표3] 제6조),207.21),207.2,1),-,EL.m,주) 1) 표시의 댐의 경우 홍수기 제한수위가 별도로 설정되어 있지 않아 상시만수위를 대신 표기하였다.,https://www.law.go.kr/LSW/flDownload.do?flSeq=12672224,[별표 3] 댐의 홍수기 제한수위(제6조) (HWP 첨부),01_raw/Law_history/attachments/별표3_flSeq12672224_시행20130101.bin,EXTRACTED_FROM_OFFICIAL_HWP_ATTACHMENT,name/value alignment reconstructed from extracted text order; verify against original HWP if used in analysis
댐과 보 등의 연계운영규정,20121228,948,폐지제정,20130101,20130417,군 위 댐,(HWP 첨부 텍스트 추출: 행 정렬은 이름·값·최저수위 그룹 순서로 복원; 열 구조 직접 확인 불가),홍수기 제한수위 / 시설별 최저 운영수위 ([별표3] 제6조),204.01),204.0,1),-,EL.m,주) 1) 표시의 댐의 경우 홍수기 제한수위가 별도로 설정되어 있지 않아 상시만수위를 대신 표기하였다.,https://www.law.go.kr/LSW/flDownload.do?flSeq=12672224,[별표 3] 댐의 홍수기 제한수위(제6조) (HWP 첨부),01_raw/Law_history/attachments/별표3_flSeq12672224_시행20130101.bin,EXTRACTED_FROM_OFFICIAL_HWP_ATTACHMENT,name/value alignment reconstructed from extracted text order; verify against original HWP if used in analysis
댐과 보 등의 연계운영규정,20121228,948,폐지제정,20130101,20130417,용 담 댐,(HWP 첨부 텍스트 추출: 행 정렬은 이름·값·최저수위 그룹 순서로 복원; 열 구조 직접 확인 불가),홍수기 제한수위 / 시설별 최저 운영수위 ([별표3] 제6조),261.5,261.5,,-,EL.m,주) 1) 표시의 댐의 경우 홍수기 제한수위가 별도로 설정되어 있지 않아 상시만수위를 대신 표기하였다.,https://www.law.go.kr/LSW/flDownload.do?flSeq=12672224,[별표 3] 댐의 홍수기 제한수위(제6조) (HWP 첨부),01_raw/Law_history/attachments/별표3_flSeq12672224_시행20130101.bin,EXTRACTED_FROM_OFFICIAL_HWP_ATTACHMENT,name/value alignment reconstructed from extracted text order; verify against original HWP if used in analysis
댐과 보 등의 연계운영규정,20121228,948,폐지제정,20130101,20130417,대 청 댐,(HWP 첨부 텍스트 추출: 행 정렬은 이름·값·최저수위 그룹 순서로 복원; 열 구조 직접 확인 불가),홍수기 제한수위 / 시설별 최저 운영수위 ([별표3] 제6조),76.51),76.5,1),-,EL.m,주) 1) 표시의 댐의 경우 홍수기 제한수위가 별도로 설정되어 있지 않아 상시만수위를 대신 표기하였다.,https://www.law.go.kr/LSW/flDownload.do?flSeq=12672224,[별표 3] 댐의 홍수기 제한수위(제6조) (HWP 첨부),01_raw/Law_history/attachments/별표3_flSeq12672224_시행20130101.bin,EXTRACTED_FROM_OFFICIAL_HWP_ATTACHMENT,name/value alignment reconstructed from extracted text order; verify against original HWP if used in analysis
댐과 보 등의 연계운영규정,20121228,948,폐지제정,20130101,20130417,섬진강댐,(HWP 첨부 텍스트 추출: 행 정렬은 이름·값·최저수위 그룹 순서로 복원; 열 구조 직접 확인 불가),홍수기 제한수위 / 시설별 최저 운영수위 ([별표3] 제6조),196.51),196.5,1),-,EL.m,주) 1) 표시의 댐의 경우 홍수기 제한수위가 별도로 설정되어 있지 않아 상시만수위를 대신 표기하였다.,https://www.law.go.kr/LSW/flDownload.do?flSeq=12672224,[별표 3] 댐의 홍수기 제한수위(제6조) (HWP 첨부),01_raw/Law_history/attachments/별표3_flSeq12672224_시행20130101.bin,EXTRACTED_FROM_OFFICIAL_HWP_ATTACHMENT,name/value alignment reconstructed from extracted text order; verify against original HWP if used in analysis
댐과 보 등의 연계운영규정,20121228,948,폐지제정,20130101,20130417,주 암 댐,(HWP 첨부 텍스트 추출: 행 정렬은 이름·값·최저수위 그룹 순서로 복원; 열 구조 직접 확인 불가),홍수기 제한수위 / 시설별 최저 운영수위 ([별표3] 제6조),108.51),108.5,1),-,EL.m,주) 1) 표시의 댐의 경우 홍수기 제한수위가 별도로 설정되어 있지 않아 상시만수위를 대신 표기하였다.,https://www.law.go.kr/LSW/flDownload.do?flSeq=12672224,[별표 3] 댐의 홍수기 제한수위(제6조) (HWP 첨부),01_raw/Law_history/attachments/별표3_flSeq12672224_시행20130101.bin,EXTRACTED_FROM_OFFICIAL_HWP_ATTACHMENT,name/value alignment reconstructed from extracted text order; verify against original HWP if used in analysis
댐과 보 등의 연계운영규정,20121228,948,폐지제정,20130101,20130417,보성강댐,(HWP 첨부 텍스트 추출: 행 정렬은 이름·값·최저수위 그룹 순서로 복원; 열 구조 직접 확인 불가),홍수기 제한수위 / 시설별 최저 운영수위 ([별표3] 제6조),126.9,126.9,,-,EL.m,주) 1) 표시의 댐의 경우 홍수기 제한수위가 별도로 설정되어 있지 않아 상시만수위를 대신 표기하였다.,https://www.law.go.kr/LSW/flDownload.do?flSeq=12672224,[별표 3] 댐의 홍수기 제한수위(제6조) (HWP 첨부),01_raw/Law_history/attachments/별표3_flSeq12672224_시행20130101.bin,EXTRACTED_FROM_OFFICIAL_HWP_ATTACHMENT,name/value alignment reconstructed from extracted text order; verify against original HWP if used in analysis
댐과 보 등의 연계운영규정,20130417,90,일부개정,20130417,20160429,소양강댐,(HWP 첨부 텍스트 추출: 행 정렬은 이름·값·최저수위 그룹 순서로 복원; 열 구조 직접 확인 불가),홍수기 제한수위 / 시설별 최저 운영수위 ([별표3] 제6조),190.3,190.3,,-,EL.m,주) 1) 표시의 댐의 경우 홍수기 제한수위가 별도로 설정되어 있지 않아 상시만수위를 대신 표기하였다.,https://www.law.go.kr/LSW/flDownload.do?flSeq=13938987,[별표 3] 댐의 홍수기 제한수위(제6조) (HWP 첨부),01_raw/Law_history/attachments/별표3_flSeq13938987_시행20130417.bin,EXTRACTED_FROM_OFFICIAL_HWP_ATTACHMENT,name/value alignment reconstructed from extracted text order; verify against original HWP if used in analysis
댐과 보 등의 연계운영규정,20130417,90,일부개정,20130417,20160429,충 주 댐,(HWP 첨부 텍스트 추출: 행 정렬은 이름·값·최저수위 그룹 순서로 복원; 열 구조 직접 확인 불가),홍수기 제한수위 / 시설별 최저 운영수위 ([별표3] 제6조),138.0,138.0,,-,EL.m,주) 1) 표시의 댐의 경우 홍수기 제한수위가 별도로 설정되어 있지 않아 상시만수위를 대신 표기하였다.,https://www.law.go.kr/LSW/flDownload.do?flSeq=13938987,[별표 3] 댐의 홍수기 제한수위(제6조) (HWP 첨부),01_raw/Law_history/attachments/별표3_flSeq13938987_시행20130417.bin,EXTRACTED_FROM_OFFICIAL_HWP_ATTACHMENT,name/value alignment reconstructed from extracted text order; verify against original HWP if used in analysis
댐과 보 등의 연계운영규정,20130417,90,일부개정,20130417,20160429,횡 성 댐,(HWP 첨부 텍스트 추출: 행 정렬은 이름·값·최저수위 그룹 순서로 복원; 열 구조 직접 확인 불가),홍수기 제한수위 / 시설별 최저 운영수위 ([별표3] 제6조),178.2,178.2,,-,EL.m,주) 1) 표시의 댐의 경우 홍수기 제한수위가 별도로 설정되어 있지 않아 상시만수위를 대신 표기하였다.,https://www.law.go.kr/LSW/flDownload.do?flSeq=13938987,[별표 3] 댐의 홍수기 제한수위(제6조) (HWP 첨부),01_raw/Law_history/attachments/별표3_flSeq13938987_시행20130417.bin,EXTRACTED_FROM_OFFICIAL_HWP_ATTACHMENT,name/value alignment reconstructed from extracted text order; verify against original HWP if used in analysis
댐과 보 등의 연계운영규정,20130417,90,일부개정,20130417,20160429,화 천 댐,(HWP 첨부 텍스트 추출: 행 정렬은 이름·값·최저수위 그룹 순서로 복원; 열 구조 직접 확인 불가),홍수기 제한수위 / 시설별 최저 운영수위 ([별표3] 제6조),175.0,175.0,,-,EL.m,주) 1) 표시의 댐의 경우 홍수기 제한수위가 별도로 설정되어 있지 않아 상시만수위를 대신 표기하였다.,https://www.law.go.kr/LSW/flDownload.do?flSeq=13938987,[별표 3] 댐의 홍수기 제한수위(제6조) (HWP 첨부),01_raw/Law_history/attachments/별표3_flSeq13938987_시행20130417.bin,EXTRACTED_FROM_OFFICIAL_HWP_ATTACHMENT,name/value alignment reconstructed from extracted text order; verify against original HWP if used in analysis
댐과 보 등의 연계운영규정,20130417,90,일부개정,20130417,20160429,춘 천 댐,(HWP 첨부 텍스트 추출: 행 정렬은 이름·값·최저수위 그룹 순서로 복원; 열 구조 직접 확인 불가),홍수기 제한수위 / 시설별 최저 운영수위 ([별표3] 제6조),102.0,102.0,,98.0,EL.m,주) 1) 표시의 댐의 경우 홍수기 제한수위가 별도로 설정되어 있지 않아 상시만수위를 대신 표기하였다.,https://www.law.go.kr/LSW/flDownload.do?flSeq=13938987,[별표 3] 댐의 홍수기 제한수위(제6조) (HWP 첨부),01_raw/Law_history/attachments/별표3_flSeq13938987_시행20130417.bin,EXTRACTED_FROM_OFFICIAL_HWP_ATTACHMENT,name/value alignment reconstructed from extracted text order; verify against original HWP if used in analysis
댐과 보 등의 연계운영규정,20130417,90,일부개정,20130417,20160429,의 암 댐,(HWP 첨부 텍스트 추출: 행 정렬은 이름·값·최저수위 그룹 순서로 복원; 열 구조 직접 확인 불가),홍수기 제한수위 / 시설별 최저 운영수위 ([별표3] 제6조),70.5,70.5,,67.0,EL.m,주) 1) 표시의 댐의 경우 홍수기 제한수위가 별도로 설정되어 있지 않아 상시만수위를 대신 표기하였다.,https://www.law.go.kr/LSW/flDownload.do?flSeq=13938987,[별표 3] 댐의 홍수기 제한수위(제6조) (HWP 첨부),01_raw/Law_history/attachments/별표3_flSeq13938987_시행20130417.bin,EXTRACTED_FROM_OFFICIAL_HWP_ATTACHMENT,name/value alignment reconstructed from extracted text order; verify against original HWP if used in analysis
댐과 보 등의 연계운영규정,20130417,90,일부개정,20130417,20160429,청 평 댐,(HWP 첨부 텍스트 추출: 행 정렬은 이름·값·최저수위 그룹 순서로 복원; 열 구조 직접 확인 불가),홍수기 제한수위 / 시설별 최저 운영수위 ([별표3] 제6조),50.0,50.0,,46.0,EL.m,주) 1) 표시의 댐의 경우 홍수기 제한수위가 별도로 설정되어 있지 않아 상시만수위를 대신 표기하였다.,https://www.law.go.kr/LSW/flDownload.do?flSeq=13938987,[별표 3] 댐의 홍수기 제한수위(제6조) (HWP 첨부),01_raw/Law_history/attachments/별표3_flSeq13938987_시행20130417.bin,EXTRACTED_FROM_OFFICIAL_HWP_ATTACHMENT,name/value alignment reconstructed from extracted text order; verify against original HWP if used in analysis
댐과 보 등의 연계운영규정,20130417,90,일부개정,20130417,20160429,괴 산 댐,(HWP 첨부 텍스트 추출: 행 정렬은 이름·값·최저수위 그룹 순서로 복원; 열 구조 직접 확인 불가),홍수기 제한수위 / 시설별 최저 운영수위 ([별표3] 제6조),134.0,134.0,,-,EL.m,주) 1) 표시의 댐의 경우 홍수기 제한수위가 별도로 설정되어 있지 않아 상시만수위를 대신 표기하였다.,https://www.law.go.kr/LSW/flDownload.do?flSeq=13938987,[별표 3] 댐의 홍수기 제한수위(제6조) (HWP 첨부),01_raw/Law_history/attachments/별표3_flSeq13938987_시행20130417.bin,EXTRACTED_FROM_OFFICIAL_HWP_ATTACHMENT,name/value alignment reconstructed from extracted text order; verify against original HWP if used in analysis
댐과 보 등의 연계운영규정,20130417,90,일부개정,20130417,20160429,팔 당 댐,(HWP 첨부 텍스트 추출: 행 정렬은 이름·값·최저수위 그룹 순서로 복원; 열 구조 직접 확인 불가),홍수기 제한수위 / 시설별 최저 운영수위 ([별표3] 제6조),25.51),25.5,1),-,EL.m,주) 1) 표시의 댐의 경우 홍수기 제한수위가 별도로 설정되어 있지 않아 상시만수위를 대신 표기하였다.,https://www.law.go.kr/LSW/flDownload.do?flSeq=13938987,[별표 3] 댐의 홍수기 제한수위(제6조) (HWP 첨부),01_raw/Law_history/attachments/별표3_flSeq13938987_시행20130417.bin,EXTRACTED_FROM_OFFICIAL_HWP_ATTACHMENT,name/value alignment reconstructed from extracted text order; verify against original HWP if used in analysis
댐과 보 등의 연계운영규정,20130417,90,일부개정,20130417,20160429,안 동 댐,(HWP 첨부 텍스트 추출: 행 정렬은 이름·값·최저수위 그룹 순서로 복원; 열 구조 직접 확인 불가),홍수기 제한수위 / 시설별 최저 운영수위 ([별표3] 제6조),160.01),160.0,1),-,EL.m,주) 1) 표시의 댐의 경우 홍수기 제한수위가 별도로 설정되어 있지 않아 상시만수위를 대신 표기하였다.,https://www.law.go.kr/LSW/flDownload.do?flSeq=13938987,[별표 3] 댐의 홍수기 제한수위(제6조) (HWP 첨부),01_raw/Law_history/attachments/별표3_flSeq13938987_시행20130417.bin,EXTRACTED_FROM_OFFICIAL_HWP_ATTACHMENT,name/value alignment reconstructed from extracted text order; verify against original HWP if used in analysis
댐과 보 등의 연계운영규정,20130417,90,일부개정,20130417,20160429,임 하 댐,(HWP 첨부 텍스트 추출: 행 정렬은 이름·값·최저수위 그룹 순서로 복원; 열 구조 직접 확인 불가),홍수기 제한수위 / 시설별 최저 운영수위 ([별표3] 제6조),161.72),161.7,2),-,EL.m,주) 1) 표시의 댐의 경우 홍수기 제한수위가 별도로 설정되어 있지 않아 상시만수위를 대신 표기하였다.,https://www.law.go.kr/LSW/flDownload.do?flSeq=13938987,[별표 3] 댐의 홍수기 제한수위(제6조) (HWP 첨부),01_raw/Law_history/attachments/별표3_flSeq13938987_시행20130417.bin,EXTRACTED_FROM_OFFICIAL_HWP_ATTACHMENT,name/value alignment reconstructed from extracted text order; verify against original HWP if used in analysis
댐과 보 등의 연계운영규정,20130417,90,일부개정,20130417,20160429,합 천 댐,(HWP 첨부 텍스트 추출: 행 정렬은 이름·값·최저수위 그룹 순서로 복원; 열 구조 직접 확인 불가),홍수기 제한수위 / 시설별 최저 운영수위 ([별표3] 제6조),176.01),176.0,1),-,EL.m,주) 1) 표시의 댐의 경우 홍수기 제한수위가 별도로 설정되어 있지 않아 상시만수위를 대신 표기하였다.,https://www.law.go.kr/LSW/flDownload.do?flSeq=13938987,[별표 3] 댐의 홍수기 제한수위(제6조) (HWP 첨부),01_raw/Law_history/attachments/별표3_flSeq13938987_시행20130417.bin,EXTRACTED_FROM_OFFICIAL_HWP_ATTACHMENT,name/value alignment reconstructed from extracted text order; verify against original HWP if used in analysis
댐과 보 등의 연계운영규정,20130417,90,일부개정,20130417,20160429,남 강 댐,(HWP 첨부 텍스트 추출: 행 정렬은 이름·값·최저수위 그룹 순서로 복원; 열 구조 직접 확인 불가),홍수기 제한수위 / 시설별 최저 운영수위 ([별표3] 제6조),41.01),41.0,1),-,EL.m,주) 1) 표시의 댐의 경우 홍수기 제한수위가 별도로 설정되어 있지 않아 상시만수위를 대신 표기하였다.,https://www.law.go.kr/LSW/flDownload.do?flSeq=13938987,[별표 3] 댐의 홍수기 제한수위(제6조) (HWP 첨부),01_raw/Law_history/attachments/별표3_flSeq13938987_시행20130417.bin,EXTRACTED_FROM_OFFICIAL_HWP_ATTACHMENT,name/value alignment reconstructed from extracted text order; verify against original HWP if used in analysis
댐과 보 등의 연계운영규정,20130417,90,일부개정,20130417,20160429,밀 양 댐,(HWP 첨부 텍스트 추출: 행 정렬은 이름·값·최저수위 그룹 순서로 복원; 열 구조 직접 확인 불가),홍수기 제한수위 / 시설별 최저 운영수위 ([별표3] 제6조),207.21),207.2,1),-,EL.m,주) 1) 표시의 댐의 경우 홍수기 제한수위가 별도로 설정되어 있지 않아 상시만수위를 대신 표기하였다.,https://www.law.go.kr/LSW/flDownload.do?flSeq=13938987,[별표 3] 댐의 홍수기 제한수위(제6조) (HWP 첨부),01_raw/Law_history/attachments/별표3_flSeq13938987_시행20130417.bin,EXTRACTED_FROM_OFFICIAL_HWP_ATTACHMENT,name/value alignment reconstructed from extracted text order; verify against original HWP if used in analysis
댐과 보 등의 연계운영규정,20130417,90,일부개정,20130417,20160429,군 위 댐,(HWP 첨부 텍스트 추출: 행 정렬은 이름·값·최저수위 그룹 순서로 복원; 열 구조 직접 확인 불가),홍수기 제한수위 / 시설별 최저 운영수위 ([별표3] 제6조),204.01),204.0,1),-,EL.m,주) 1) 표시의 댐의 경우 홍수기 제한수위가 별도로 설정되어 있지 않아 상시만수위를 대신 표기하였다.,https://www.law.go.kr/LSW/flDownload.do?flSeq=13938987,[별표 3] 댐의 홍수기 제한수위(제6조) (HWP 첨부),01_raw/Law_history/attachments/별표3_flSeq13938987_시행20130417.bin,EXTRACTED_FROM_OFFICIAL_HWP_ATTACHMENT,name/value alignment reconstructed from extracted text order; verify against original HWP if used in analysis
댐과 보 등의 연계운영규정,20130417,90,일부개정,20130417,20160429,용 담 댐,(HWP 첨부 텍스트 추출: 행 정렬은 이름·값·최저수위 그룹 순서로 복원; 열 구조 직접 확인 불가),홍수기 제한수위 / 시설별 최저 운영수위 ([별표3] 제6조),261.5,261.5,,-,EL.m,주) 1) 표시의 댐의 경우 홍수기 제한수위가 별도로 설정되어 있지 않아 상시만수위를 대신 표기하였다.,https://www.law.go.kr/LSW/flDownload.do?flSeq=13938987,[별표 3] 댐의 홍수기 제한수위(제6조) (HWP 첨부),01_raw/Law_history/attachments/별표3_flSeq13938987_시행20130417.bin,EXTRACTED_FROM_OFFICIAL_HWP_ATTACHMENT,name/value alignment reconstructed from extracted text order; verify against original HWP if used in analysis
댐과 보 등의 연계운영규정,20130417,90,일부개정,20130417,20160429,대 청 댐,(HWP 첨부 텍스트 추출: 행 정렬은 이름·값·최저수위 그룹 순서로 복원; 열 구조 직접 확인 불가),홍수기 제한수위 / 시설별 최저 운영수위 ([별표3] 제6조),76.51),76.5,1),-,EL.m,주) 1) 표시의 댐의 경우 홍수기 제한수위가 별도로 설정되어 있지 않아 상시만수위를 대신 표기하였다.,https://www.law.go.kr/LSW/flDownload.do?flSeq=13938987,[별표 3] 댐의 홍수기 제한수위(제6조) (HWP 첨부),01_raw/Law_history/attachments/별표3_flSeq13938987_시행20130417.bin,EXTRACTED_FROM_OFFICIAL_HWP_ATTACHMENT,name/value alignment reconstructed from extracted text order; verify against original HWP if used in analysis
댐과 보 등의 연계운영규정,20130417,90,일부개정,20130417,20160429,섬진강댐,(HWP 첨부 텍스트 추출: 행 정렬은 이름·값·최저수위 그룹 순서로 복원; 열 구조 직접 확인 불가),홍수기 제한수위 / 시설별 최저 운영수위 ([별표3] 제6조),196.51),196.5,1),-,EL.m,주) 1) 표시의 댐의 경우 홍수기 제한수위가 별도로 설정되어 있지 않아 상시만수위를 대신 표기하였다.,https://www.law.go.kr/LSW/flDownload.do?flSeq=13938987,[별표 3] 댐의 홍수기 제한수위(제6조) (HWP 첨부),01_raw/Law_history/attachments/별표3_flSeq13938987_시행20130417.bin,EXTRACTED_FROM_OFFICIAL_HWP_ATTACHMENT,name/value alignment reconstructed from extracted text order; verify against original HWP if used in analysis
댐과 보 등의 연계운영규정,20130417,90,일부개정,20130417,20160429,주 암 댐,(HWP 첨부 텍스트 추출: 행 정렬은 이름·값·최저수위 그룹 순서로 복원; 열 구조 직접 확인 불가),홍수기 제한수위 / 시설별 최저 운영수위 ([별표3] 제6조),108.51),108.5,1),-,EL.m,주) 1) 표시의 댐의 경우 홍수기 제한수위가 별도로 설정되어 있지 않아 상시만수위를 대신 표기하였다.,https://www.law.go.kr/LSW/flDownload.do?flSeq=13938987,[별표 3] 댐의 홍수기 제한수위(제6조) (HWP 첨부),01_raw/Law_history/attachments/별표3_flSeq13938987_시행20130417.bin,EXTRACTED_FROM_OFFICIAL_HWP_ATTACHMENT,name/value alignment reconstructed from extracted text order; verify against original HWP if used in analysis
댐과 보 등의 연계운영규정,20130417,90,일부개정,20130417,20160429,보성강댐,(HWP 첨부 텍스트 추출: 행 정렬은 이름·값·최저수위 그룹 순서로 복원; 열 구조 직접 확인 불가),홍수기 제한수위 / 시설별 최저 운영수위 ([별표3] 제6조),126.9,126.9,,-,EL.m,주) 1) 표시의 댐의 경우 홍수기 제한수위가 별도로 설정되어 있지 않아 상시만수위를 대신 표기하였다.,https://www.law.go.kr/LSW/flDownload.do?flSeq=13938987,[별표 3] 댐의 홍수기 제한수위(제6조) (HWP 첨부),01_raw/Law_history/attachments/별표3_flSeq13938987_시행20130417.bin,EXTRACTED_FROM_OFFICIAL_HWP_ATTACHMENT,name/value alignment reconstructed from extracted text order; verify against original HWP if used in analysis
댐과 보 등의 연계운영규정,20160429,706,일부개정,20160429,20180629,소양강댐,(HWP 첨부 텍스트 추출: 행 정렬은 이름·값·최저수위 그룹 순서로 복원; 열 구조 직접 확인 불가),홍수기 제한수위 / 시설별 최저 운영수위 ([별표3] 제6조),190.3,190.3,,-,EL.m,주) 1) 표시의 댐의 경우 홍수기 제한수위가 별도로 설정되어 있지 않아 상시만수위를 대신 표기,https://www.law.go.kr/LSW/flDownload.do?flSeq=24502710,[별표 3] 댐의 홍수기 제한수위(제6조) (HWP 첨부),01_raw/Law_history/attachments/별표3_flSeq24502710_시행20160429.bin,EXTRACTED_FROM_OFFICIAL_HWP_ATTACHMENT,name/value alignment reconstructed from extracted text order; verify against original HWP if used in analysis
댐과 보 등의 연계운영규정,20160429,706,일부개정,20160429,20180629,충 주 댐,(HWP 첨부 텍스트 추출: 행 정렬은 이름·값·최저수위 그룹 순서로 복원; 열 구조 직접 확인 불가),홍수기 제한수위 / 시설별 최저 운영수위 ([별표3] 제6조),138.0,138.0,,-,EL.m,주) 1) 표시의 댐의 경우 홍수기 제한수위가 별도로 설정되어 있지 않아 상시만수위를 대신 표기,https://www.law.go.kr/LSW/flDownload.do?flSeq=24502710,[별표 3] 댐의 홍수기 제한수위(제6조) (HWP 첨부),01_raw/Law_history/attachments/별표3_flSeq24502710_시행20160429.bin,EXTRACTED_FROM_OFFICIAL_HWP_ATTACHMENT,name/value alignment reconstructed from extracted text order; verify against original HWP if used in analysis
댐과 보 등의 연계운영규정,20160429,706,일부개정,20160429,20180629,횡 성 댐,(HWP 첨부 텍스트 추출: 행 정렬은 이름·값·최저수위 그룹 순서로 복원; 열 구조 직접 확인 불가),홍수기 제한수위 / 시설별 최저 운영수위 ([별표3] 제6조),178.2,178.2,,-,EL.m,주) 1) 표시의 댐의 경우 홍수기 제한수위가 별도로 설정되어 있지 않아 상시만수위를 대신 표기,https://www.law.go.kr/LSW/flDownload.do?flSeq=24502710,[별표 3] 댐의 홍수기 제한수위(제6조) (HWP 첨부),01_raw/Law_history/attachments/별표3_flSeq24502710_시행20160429.bin,EXTRACTED_FROM_OFFICIAL_HWP_ATTACHMENT,name/value alignment reconstructed from extracted text order; verify against original HWP if used in analysis
댐과 보 등의 연계운영규정,20160429,706,일부개정,20160429,20180629,화 천 댐,(HWP 첨부 텍스트 추출: 행 정렬은 이름·값·최저수위 그룹 순서로 복원; 열 구조 직접 확인 불가),홍수기 제한수위 / 시설별 최저 운영수위 ([별표3] 제6조),175.0,175.0,,-,EL.m,주) 1) 표시의 댐의 경우 홍수기 제한수위가 별도로 설정되어 있지 않아 상시만수위를 대신 표기,https://www.law.go.kr/LSW/flDownload.do?flSeq=24502710,[별표 3] 댐의 홍수기 제한수위(제6조) (HWP 첨부),01_raw/Law_history/attachments/별표3_flSeq24502710_시행20160429.bin,EXTRACTED_FROM_OFFICIAL_HWP_ATTACHMENT,name/value alignment reconstructed from extracted text order; verify against original HWP if used in analysis
댐과 보 등의 연계운영규정,20160429,706,일부개정,20160429,20180629,춘 천 댐,(HWP 첨부 텍스트 추출: 행 정렬은 이름·값·최저수위 그룹 순서로 복원; 열 구조 직접 확인 불가),홍수기 제한수위 / 시설별 최저 운영수위 ([별표3] 제6조),102.0,102.0,,98.0,EL.m,주) 1) 표시의 댐의 경우 홍수기 제한수위가 별도로 설정되어 있지 않아 상시만수위를 대신 표기,https://www.law.go.kr/LSW/flDownload.do?flSeq=24502710,[별표 3] 댐의 홍수기 제한수위(제6조) (HWP 첨부),01_raw/Law_history/attachments/별표3_flSeq24502710_시행20160429.bin,EXTRACTED_FROM_OFFICIAL_HWP_ATTACHMENT,name/value alignment reconstructed from extracted text order; verify against original HWP if used in analysis
댐과 보 등의 연계운영규정,20160429,706,일부개정,20160429,20180629,의 암 댐,(HWP 첨부 텍스트 추출: 행 정렬은 이름·값·최저수위 그룹 순서로 복원; 열 구조 직접 확인 불가),홍수기 제한수위 / 시설별 최저 운영수위 ([별표3] 제6조),70.5,70.5,,67.0,EL.m,주) 1) 표시의 댐의 경우 홍수기 제한수위가 별도로 설정되어 있지 않아 상시만수위를 대신 표기,https://www.law.go.kr/LSW/flDownload.do?flSeq=24502710,[별표 3] 댐의 홍수기 제한수위(제6조) (HWP 첨부),01_raw/Law_history/attachments/별표3_flSeq24502710_시행20160429.bin,EXTRACTED_FROM_OFFICIAL_HWP_ATTACHMENT,name/value alignment reconstructed from extracted text order; verify against original HWP if used in analysis
댐과 보 등의 연계운영규정,20160429,706,일부개정,20160429,20180629,청 평 댐,(HWP 첨부 텍스트 추출: 행 정렬은 이름·값·최저수위 그룹 순서로 복원; 열 구조 직접 확인 불가),홍수기 제한수위 / 시설별 최저 운영수위 ([별표3] 제6조),50.0,50.0,,46.0,EL.m,주) 1) 표시의 댐의 경우 홍수기 제한수위가 별도로 설정되어 있지 않아 상시만수위를 대신 표기,https://www.law.go.kr/LSW/flDownload.do?flSeq=24502710,[별표 3] 댐의 홍수기 제한수위(제6조) (HWP 첨부),01_raw/Law_history/attachments/별표3_flSeq24502710_시행20160429.bin,EXTRACTED_FROM_OFFICIAL_HWP_ATTACHMENT,name/value alignment reconstructed from extracted text order; verify against original HWP if used in analysis
댐과 보 등의 연계운영규정,20160429,706,일부개정,20160429,20180629,괴 산 댐,(HWP 첨부 텍스트 추출: 행 정렬은 이름·값·최저수위 그룹 순서로 복원; 열 구조 직접 확인 불가),홍수기 제한수위 / 시설별 최저 운영수위 ([별표3] 제6조),134.0,134.0,,-,EL.m,주) 1) 표시의 댐의 경우 홍수기 제한수위가 별도로 설정되어 있지 않아 상시만수위를 대신 표기,https://www.law.go.kr/LSW/flDownload.do?flSeq=24502710,[별표 3] 댐의 홍수기 제한수위(제6조) (HWP 첨부),01_raw/Law_history/attachments/별표3_flSeq24502710_시행20160429.bin,EXTRACTED_FROM_OFFICIAL_HWP_ATTACHMENT,name/value alignment reconstructed from extracted text order; verify against original HWP if used in analysis
댐과 보 등의 연계운영규정,20160429,706,일부개정,20160429,20180629,팔 당 댐,(HWP 첨부 텍스트 추출: 행 정렬은 이름·값·최저수위 그룹 순서로 복원; 열 구조 직접 확인 불가),홍수기 제한수위 / 시설별 최저 운영수위 ([별표3] 제6조),25.51),25.5,1),-,EL.m,주) 1) 표시의 댐의 경우 홍수기 제한수위가 별도로 설정되어 있지 않아 상시만수위를 대신 표기,https://www.law.go.kr/LSW/flDownload.do?flSeq=24502710,[별표 3] 댐의 홍수기 제한수위(제6조) (HWP 첨부),01_raw/Law_history/attachments/별표3_flSeq24502710_시행20160429.bin,EXTRACTED_FROM_OFFICIAL_HWP_ATTACHMENT,name/value alignment reconstructed from extracted text order; verify against original HWP if used in analysis
댐과 보 등의 연계운영규정,20160429,706,일부개정,20160429,20180629,안 동 댐,(HWP 첨부 텍스트 추출: 행 정렬은 이름·값·최저수위 그룹 순서로 복원; 열 구조 직접 확인 불가),홍수기 제한수위 / 시설별 최저 운영수위 ([별표3] 제6조),160.01),160.0,1),-,EL.m,주) 1) 표시의 댐의 경우 홍수기 제한수위가 별도로 설정되어 있지 않아 상시만수위를 대신 표기,https://www.law.go.kr/LSW/flDownload.do?flSeq=24502710,[별표 3] 댐의 홍수기 제한수위(제6조) (HWP 첨부),01_raw/Law_history/attachments/별표3_flSeq24502710_시행20160429.bin,EXTRACTED_FROM_OFFICIAL_HWP_ATTACHMENT,name/value alignment reconstructed from extracted text order; verify against original HWP if used in analysis
댐과 보 등의 연계운영규정,20160429,706,일부개정,20160429,20180629,임 하 댐,(HWP 첨부 텍스트 추출: 행 정렬은 이름·값·최저수위 그룹 순서로 복원; 열 구조 직접 확인 불가),홍수기 제한수위 / 시설별 최저 운영수위 ([별표3] 제6조),161.7,161.7,,-,EL.m,주) 1) 표시의 댐의 경우 홍수기 제한수위가 별도로 설정되어 있지 않아 상시만수위를 대신 표기,https://www.law.go.kr/LSW/flDownload.do?flSeq=24502710,[별표 3] 댐의 홍수기 제한수위(제6조) (HWP 첨부),01_raw/Law_history/attachments/별표3_flSeq24502710_시행20160429.bin,EXTRACTED_FROM_OFFICIAL_HWP_ATTACHMENT,name/value alignment reconstructed from extracted text order; verify against original HWP if used in analysis
댐과 보 등의 연계운영규정,20160429,706,일부개정,20160429,20180629,합 천 댐,(HWP 첨부 텍스트 추출: 행 정렬은 이름·값·최저수위 그룹 순서로 복원; 열 구조 직접 확인 불가),홍수기 제한수위 / 시설별 최저 운영수위 ([별표3] 제6조),176.01),176.0,1),-,EL.m,주) 1) 표시의 댐의 경우 홍수기 제한수위가 별도로 설정되어 있지 않아 상시만수위를 대신 표기,https://www.law.go.kr/LSW/flDownload.do?flSeq=24502710,[별표 3] 댐의 홍수기 제한수위(제6조) (HWP 첨부),01_raw/Law_history/attachments/별표3_flSeq24502710_시행20160429.bin,EXTRACTED_FROM_OFFICIAL_HWP_ATTACHMENT,name/value alignment reconstructed from extracted text order; verify against original HWP if used in analysis
댐과 보 등의 연계운영규정,20160429,706,일부개정,20160429,20180629,남 강 댐,(HWP 첨부 텍스트 추출: 행 정렬은 이름·값·최저수위 그룹 순서로 복원; 열 구조 직접 확인 불가),홍수기 제한수위 / 시설별 최저 운영수위 ([별표3] 제6조),41.01),41.0,1),-,EL.m,주) 1) 표시의 댐의 경우 홍수기 제한수위가 별도로 설정되어 있지 않아 상시만수위를 대신 표기,https://www.law.go.kr/LSW/flDownload.do?flSeq=24502710,[별표 3] 댐의 홍수기 제한수위(제6조) (HWP 첨부),01_raw/Law_history/attachments/별표3_flSeq24502710_시행20160429.bin,EXTRACTED_FROM_OFFICIAL_HWP_ATTACHMENT,name/value alignment reconstructed from extracted text order; verify against original HWP if used in analysis
댐과 보 등의 연계운영규정,20160429,706,일부개정,20160429,20180629,밀 양 댐,(HWP 첨부 텍스트 추출: 행 정렬은 이름·값·최저수위 그룹 순서로 복원; 열 구조 직접 확인 불가),홍수기 제한수위 / 시설별 최저 운영수위 ([별표3] 제6조),207.21),207.2,1),-,EL.m,주) 1) 표시의 댐의 경우 홍수기 제한수위가 별도로 설정되어 있지 않아 상시만수위를 대신 표기,https://www.law.go.kr/LSW/flDownload.do?flSeq=24502710,[별표 3] 댐의 홍수기 제한수위(제6조) (HWP 첨부),01_raw/Law_history/attachments/별표3_flSeq24502710_시행20160429.bin,EXTRACTED_FROM_OFFICIAL_HWP_ATTACHMENT,name/value alignment reconstructed from extracted text order; verify against original HWP if used in analysis
댐과 보 등의 연계운영규정,20160429,706,일부개정,20160429,20180629,군 위 댐,(HWP 첨부 텍스트 추출: 행 정렬은 이름·값·최저수위 그룹 순서로 복원; 열 구조 직접 확인 불가),홍수기 제한수위 / 시설별 최저 운영수위 ([별표3] 제6조),204.01),204.0,1),-,EL.m,주) 1) 표시의 댐의 경우 홍수기 제한수위가 별도로 설정되어 있지 않아 상시만수위를 대신 표기,https://www.law.go.kr/LSW/flDownload.do?flSeq=24502710,[별표 3] 댐의 홍수기 제한수위(제6조) (HWP 첨부),01_raw/Law_history/attachments/별표3_flSeq24502710_시행20160429.bin,EXTRACTED_FROM_OFFICIAL_HWP_ATTACHMENT,name/value alignment reconstructed from extracted text order; verify against original HWP if used in analysis
댐과 보 등의 연계운영규정,20160429,706,일부개정,20160429,20180629,김천부항댐,(HWP 첨부 텍스트 추출: 행 정렬은 이름·값·최저수위 그룹 순서로 복원; 열 구조 직접 확인 불가),홍수기 제한수위 / 시설별 최저 운영수위 ([별표3] 제6조),193.5,193.5,,-,EL.m,주) 1) 표시의 댐의 경우 홍수기 제한수위가 별도로 설정되어 있지 않아 상시만수위를 대신 표기,https://www.law.go.kr/LSW/flDownload.do?flSeq=24502710,[별표 3] 댐의 홍수기 제한수위(제6조) (HWP 첨부),01_raw/Law_history/attachments/별표3_flSeq24502710_시행20160429.bin,EXTRACTED_FROM_OFFICIAL_HWP_ATTACHMENT,name/value alignment reconstructed from extracted text order; verify against original HWP if used in analysis
댐과 보 등의 연계운영규정,20160429,706,일부개정,20160429,20180629,성 덕 댐,(HWP 첨부 텍스트 추출: 행 정렬은 이름·값·최저수위 그룹 순서로 복원; 열 구조 직접 확인 불가),홍수기 제한수위 / 시설별 최저 운영수위 ([별표3] 제6조),362.0,362.0,,-,EL.m,주) 1) 표시의 댐의 경우 홍수기 제한수위가 별도로 설정되어 있지 않아 상시만수위를 대신 표기,https://www.law.go.kr/LSW/flDownload.do?flSeq=24502710,[별표 3] 댐의 홍수기 제한수위(제6조) (HWP 첨부),01_raw/Law_history/attachments/별표3_flSeq24502710_시행20160429.bin,EXTRACTED_FROM_OFFICIAL_HWP_ATTACHMENT,name/value alignment reconstructed from extracted text order; verify against original HWP if used in analysis
댐과 보 등의 연계운영규정,20160429,706,일부개정,20160429,20180629,보현산댐,(HWP 첨부 텍스트 추출: 행 정렬은 이름·값·최저수위 그룹 순서로 복원; 열 구조 직접 확인 불가),홍수기 제한수위 / 시설별 최저 운영수위 ([별표3] 제6조),236.0,236.0,,-,EL.m,주) 1) 표시의 댐의 경우 홍수기 제한수위가 별도로 설정되어 있지 않아 상시만수위를 대신 표기,https://www.law.go.kr/LSW/flDownload.do?flSeq=24502710,[별표 3] 댐의 홍수기 제한수위(제6조) (HWP 첨부),01_raw/Law_history/attachments/별표3_flSeq24502710_시행20160429.bin,EXTRACTED_FROM_OFFICIAL_HWP_ATTACHMENT,name/value alignment reconstructed from extracted text order; verify against original HWP if used in analysis
댐과 보 등의 연계운영규정,20160429,706,일부개정,20160429,20180629,용 담 댐,(HWP 첨부 텍스트 추출: 행 정렬은 이름·값·최저수위 그룹 순서로 복원; 열 구조 직접 확인 불가),홍수기 제한수위 / 시설별 최저 운영수위 ([별표3] 제6조),261.5,261.5,,-,EL.m,주) 1) 표시의 댐의 경우 홍수기 제한수위가 별도로 설정되어 있지 않아 상시만수위를 대신 표기,https://www.law.go.kr/LSW/flDownload.do?flSeq=24502710,[별표 3] 댐의 홍수기 제한수위(제6조) (HWP 첨부),01_raw/Law_history/attachments/별표3_flSeq24502710_시행20160429.bin,EXTRACTED_FROM_OFFICIAL_HWP_ATTACHMENT,name/value alignment reconstructed from extracted text order; verify against original HWP if used in analysis
댐과 보 등의 연계운영규정,20160429,706,일부개정,20160429,20180629,대 청 댐,(HWP 첨부 텍스트 추출: 행 정렬은 이름·값·최저수위 그룹 순서로 복원; 열 구조 직접 확인 불가),홍수기 제한수위 / 시설별 최저 운영수위 ([별표3] 제6조),76.51),76.5,1),-,EL.m,주) 1) 표시의 댐의 경우 홍수기 제한수위가 별도로 설정되어 있지 않아 상시만수위를 대신 표기,https://www.law.go.kr/LSW/flDownload.do?flSeq=24502710,[별표 3] 댐의 홍수기 제한수위(제6조) (HWP 첨부),01_raw/Law_history/attachments/별표3_flSeq24502710_시행20160429.bin,EXTRACTED_FROM_OFFICIAL_HWP_ATTACHMENT,name/value alignment reconstructed from extracted text order; verify against original HWP if used in analysis
댐과 보 등의 연계운영규정,20160429,706,일부개정,20160429,20180629,섬진강댐,(HWP 첨부 텍스트 추출: 행 정렬은 이름·값·최저수위 그룹 순서로 복원; 열 구조 직접 확인 불가),홍수기 제한수위 / 시설별 최저 운영수위 ([별표3] 제6조),196.51),196.5,1),-,EL.m,주) 1) 표시의 댐의 경우 홍수기 제한수위가 별도로 설정되어 있지 않아 상시만수위를 대신 표기,https://www.law.go.kr/LSW/flDownload.do?flSeq=24502710,[별표 3] 댐의 홍수기 제한수위(제6조) (HWP 첨부),01_raw/Law_history/attachments/별표3_flSeq24502710_시행20160429.bin,EXTRACTED_FROM_OFFICIAL_HWP_ATTACHMENT,name/value alignment reconstructed from extracted text order; verify against original HWP if used in analysis
댐과 보 등의 연계운영규정,20160429,706,일부개정,20160429,20180629,주 암 댐,(HWP 첨부 텍스트 추출: 행 정렬은 이름·값·최저수위 그룹 순서로 복원; 열 구조 직접 확인 불가),홍수기 제한수위 / 시설별 최저 운영수위 ([별표3] 제6조),108.51),108.5,1),-,EL.m,주) 1) 표시의 댐의 경우 홍수기 제한수위가 별도로 설정되어 있지 않아 상시만수위를 대신 표기,https://www.law.go.kr/LSW/flDownload.do?flSeq=24502710,[별표 3] 댐의 홍수기 제한수위(제6조) (HWP 첨부),01_raw/Law_history/attachments/별표3_flSeq24502710_시행20160429.bin,EXTRACTED_FROM_OFFICIAL_HWP_ATTACHMENT,name/value alignment reconstructed from extracted text order; verify against original HWP if used in analysis
댐과 보 등의 연계운영규정,20160429,706,일부개정,20160429,20180629,보성강댐,(HWP 첨부 텍스트 추출: 행 정렬은 이름·값·최저수위 그룹 순서로 복원; 열 구조 직접 확인 불가),홍수기 제한수위 / 시설별 최저 운영수위 ([별표3] 제6조),126.9,126.9,,-,EL.m,주) 1) 표시의 댐의 경우 홍수기 제한수위가 별도로 설정되어 있지 않아 상시만수위를 대신 표기,https://www.law.go.kr/LSW/flDownload.do?flSeq=24502710,[별표 3] 댐의 홍수기 제한수위(제6조) (HWP 첨부),01_raw/Law_history/attachments/별표3_flSeq24502710_시행20160429.bin,EXTRACTED_FROM_OFFICIAL_HWP_ATTACHMENT,name/value alignment reconstructed from extracted text order; verify against original HWP if used in analysis
댐과 보 등의 연계운영규정,20160429,706,일부개정,20160429,20180629,부 안 댐,(HWP 첨부 텍스트 추출: 행 정렬은 이름·값·최저수위 그룹 순서로 복원; 열 구조 직접 확인 불가),홍수기 제한수위 / 시설별 최저 운영수위 ([별표3] 제6조),41.2,41.2,,-,EL.m,주) 1) 표시의 댐의 경우 홍수기 제한수위가 별도로 설정되어 있지 않아 상시만수위를 대신 표기,https://www.law.go.kr/LSW/flDownload.do?flSeq=24502710,[별표 3] 댐의 홍수기 제한수위(제6조) (HWP 첨부),01_raw/Law_history/attachments/별표3_flSeq24502710_시행20160429.bin,EXTRACTED_FROM_OFFICIAL_HWP_ATTACHMENT,name/value alignment reconstructed from extracted text order; verify against original HWP if used in analysis
댐과 보 등의 연계운영규정,20160429,706,일부개정,20160429,20180629,보 령 댐,(HWP 첨부 텍스트 추출: 행 정렬은 이름·값·최저수위 그룹 순서로 복원; 열 구조 직접 확인 불가),홍수기 제한수위 / 시설별 최저 운영수위 ([별표3] 제6조),74.01),74.0,1),-,EL.m,주) 1) 표시의 댐의 경우 홍수기 제한수위가 별도로 설정되어 있지 않아 상시만수위를 대신 표기,https://www.law.go.kr/LSW/flDownload.do?flSeq=24502710,[별표 3] 댐의 홍수기 제한수위(제6조) (HWP 첨부),01_raw/Law_history/attachments/별표3_flSeq24502710_시행20160429.bin,EXTRACTED_FROM_OFFICIAL_HWP_ATTACHMENT,name/value alignment reconstructed from extracted text order; verify against original HWP if used in analysis
댐과 보 등의 연계운영규정,20160429,706,일부개정,20160429,20180629,장 흥 댐,(HWP 첨부 텍스트 추출: 행 정렬은 이름·값·최저수위 그룹 순서로 복원; 열 구조 직접 확인 불가),홍수기 제한수위 / 시설별 최저 운영수위 ([별표3] 제6조),79.4,79.4,,-,EL.m,주) 1) 표시의 댐의 경우 홍수기 제한수위가 별도로 설정되어 있지 않아 상시만수위를 대신 표기,https://www.law.go.kr/LSW/flDownload.do?flSeq=24502710,[별표 3] 댐의 홍수기 제한수위(제6조) (HWP 첨부),01_raw/Law_history/attachments/별표3_flSeq24502710_시행20160429.bin,EXTRACTED_FROM_OFFICIAL_HWP_ATTACHMENT,name/value alignment reconstructed from extracted text order; verify against original HWP if used in analysis
댐과 보 등의 연계운영규정,20111031,9999,제정,20120101,20130101,,,(document version index),,,,,,,http://www.law.go.kr/DRF/lawService.do?OC=test&target=admrul&ID=2000000065655&type=XML,행정규칙기본정보,01_raw/Law_history/admrul_2000000065655_댐과보등의연계운영규정_시행20120101.xml,OFFICIAL_VERSION_LIST,effective_to = next listed version effective date (list from DRF nw=2); legal 폐지/효력 종료일은 별도 확인 안 함
댐과 보 등의 연계운영규정,20121228,948,폐지제정,20130101,20130417,,,(document version index),,,,,,,http://www.law.go.kr/DRF/lawService.do?OC=test&target=admrul&ID=2000000021948&type=XML,행정규칙기본정보,01_raw/Law_history/admrul_2000000021948_댐과보등의연계운영규정_시행20130101.xml,OFFICIAL_VERSION_LIST,effective_to = next listed version effective date (list from DRF nw=2); legal 폐지/효력 종료일은 별도 확인 안 함
댐과 보 등의 연계운영규정,20130417,90,일부개정,20130417,20160429,,,(document version index),,,,,,,http://www.law.go.kr/DRF/lawService.do?OC=test&target=admrul&ID=2000000022931&type=XML,행정규칙기본정보,01_raw/Law_history/admrul_2000000022931_댐과보등의연계운영규정_시행20130417.xml,OFFICIAL_VERSION_LIST,effective_to = next listed version effective date (list from DRF nw=2); legal 폐지/효력 종료일은 별도 확인 안 함
댐과 보 등의 연계운영규정,20160429,706,일부개정,20160429,20180629,,,(document version index),,,,,,,http://www.law.go.kr/DRF/lawService.do?OC=test&target=admrul&ID=2100000045554&type=XML,행정규칙기본정보,01_raw/Law_history/admrul_2100000045554_댐과보등의연계운영규정_시행20160429.xml,OFFICIAL_VERSION_LIST,effective_to = next listed version effective date (list from DRF nw=2); legal 폐지/효력 종료일은 별도 확인 안 함
댐과 보 등의 연계운영규정,20180629,1348,제정,20180629,20220706,,,(document version index),,,,,,,http://www.law.go.kr/DRF/lawService.do?OC=test&target=admrul&ID=2100000134749&type=XML,행정규칙기본정보,01_raw/Law_history/admrul_2100000134749_댐과보등의연계운영규정_시행20180629.xml,OFFICIAL_VERSION_LIST,effective_to = next listed version effective date (list from DRF nw=2); legal 폐지/효력 종료일은 별도 확인 안 함
댐과 보 등의 연계운영규정,20220706,1555,일부개정,20220706,20240229,,,(document version index),,,,,,,http://www.law.go.kr/DRF/lawService.do?OC=test&target=admrul&ID=2100000212832&type=XML,행정규칙기본정보,01_raw/Law_history/admrul_2100000212832_댐과보등의연계운영규정_시행20220706.xml,OFFICIAL_VERSION_LIST,effective_to = next listed version effective date (list from DRF nw=2); legal 폐지/효력 종료일은 별도 확인 안 함
댐과 보 등의 연계운영규정,20240229,1627,일부개정,20240229,20251111,,,(document version index),,,,,,,http://www.law.go.kr/DRF/lawService.do?OC=test&target=admrul&ID=2100000237234&type=XML,행정규칙기본정보,01_raw/Law_history/admrul_2100000237234_댐과보등의연계운영규정_시행20240229.xml,OFFICIAL_VERSION_LIST,effective_to = next listed version effective date (list from DRF nw=2); legal 폐지/효력 종료일은 별도 확인 안 함
댐과 보 등의 연계운영규정,20251105,4,일부개정,20251111,20260708,,,(document version index),,,,,,,http://www.law.go.kr/DRF/lawService.do?OC=test&target=admrul&ID=2100000267112&type=XML,행정규칙기본정보,01_raw/Law_history/admrul_2100000267112_댐과보등의연계운영규정_시행20251111.xml,OFFICIAL_VERSION_LIST,effective_to = next listed version effective date (list from DRF nw=2); legal 폐지/효력 종료일은 별도 확인 안 함
댐과 보 등의 연계운영규정,20260708,42,일부개정,20260708,,,,(document version index),,,,,,,http://www.law.go.kr/DRF/lawService.do?OC=test&target=admrul&ID=2100000282102&type=XML,행정규칙기본정보,01_raw/Law_history/admrul_2100000282102_댐과보등의연계운영규정_시행20260708.xml,OFFICIAL_VERSION_LIST,effective_to = next listed version effective date (list from DRF nw=2); legal 폐지/효력 종료일은 별도 확인 안 함
