entity_id,class_,label,source_system
DAM|MYWATER|1001210,Dam,광동댐,K-water MyWater
DAM|MYWATER|1003110,Dam,충주댐,K-water MyWater
DAM|MYWATER|1003611,Dam,충주조정지,K-water MyWater
DAM|MYWATER|1006110,Dam,횡성댐,K-water MyWater
DAM|MYWATER|1007601,Dam,강천보,K-water MyWater
DAM|MYWATER|1007602,Dam,여주보,K-water MyWater
DAM|MYWATER|1007603,Dam,이포보,K-water MyWater
DAM|MYWATER|1009710,Dam,평화의댐,K-water MyWater
DAM|MYWATER|1012110,Dam,소양강댐,K-water MyWater
DAM|MYWATER|1021701,Dam,군남댐,K-water MyWater
DAM|MYWATER|1022701,Dam,한탄강댐,K-water MyWater
DAM|HRFCO_APPROVAL|1017310,Dam,팔당댐,HRFCO approval file (data.go.kr 15085926)
DAM|HRFCO_APPROVAL|1004310,Dam,괴산댐,HRFCO approval file (data.go.kr 15085926)
DAM|HRFCO_APPROVAL|1015310,Dam,청평댐,HRFCO approval file (data.go.kr 15085926)
DAM|HRFCO_APPROVAL|1013310,Dam,의암댐,HRFCO approval file (data.go.kr 15085926)
DAM|HRFCO_APPROVAL|1010320,Dam,춘천댐,HRFCO approval file (data.go.kr 15085926)
DAM|HRFCO_APPROVAL|1010310,Dam,화천댐,HRFCO approval file (data.go.kr 15085926)
DAM|HRFCO_APPROVAL|1007802,Dam,여주보,HRFCO approval file (data.go.kr 15085926)
DAM|HRFCO_APPROVAL|1007803,Dam,이포보,HRFCO approval file (data.go.kr 15085926)
DAM|HRFCO_APPROVAL|1007801,Dam,강천보,HRFCO approval file (data.go.kr 15085926)
DAM|HRFCO_APPROVAL|1001210,Dam,광동,HRFCO approval file (data.go.kr 15085926)
DAM|HRFCO_APPROVAL|1006110,Dam,횡성,HRFCO approval file (data.go.kr 15085926)
DAM|HRFCO_APPROVAL|1003611,Dam,충주조정지,HRFCO approval file (data.go.kr 15085926)
DAM|HRFCO_APPROVAL|1003110,Dam,충주,HRFCO approval file (data.go.kr 15085926)
DAM|HRFCO_APPROVAL|1012110,Dam,소양강,HRFCO approval file (data.go.kr 15085926)
DAM|HRFCO_APPROVAL|1302210,Dam,달방,HRFCO approval file (data.go.kr 15085926)
DAM|HRFCO_APPROVAL|1021701,Dam,군남,HRFCO approval file (data.go.kr 15085926)
APR|1,Approval,방류승인 순차번호 1,HRFCO approval file
APR|2,Approval,방류승인 순차번호 2,HRFCO approval file
APR|3,Approval,방류승인 순차번호 3,HRFCO approval file
APR|4,Approval,방류승인 순차번호 4,HRFCO approval file
APR|5,Approval,방류승인 순차번호 5,HRFCO approval file
APR|6,Approval,방류승인 순차번호 6,HRFCO approval file
APR|7,Approval,방류승인 순차번호 7,HRFCO approval file
APR|8,Approval,방류승인 순차번호 8,HRFCO approval file
APR|9,Approval,방류승인 순차번호 9,HRFCO approval file
APR|10,Approval,방류승인 순차번호 10,HRFCO approval file
APR|11,Approval,방류승인 순차번호 11,HRFCO approval file
APR|12,Approval,방류승인 순차번호 12,HRFCO approval file
APR|13,Approval,방류승인 순차번호 13,HRFCO approval file
APR|14,Approval,방류승인 순차번호 14,HRFCO approval file
APR|15,Approval,방류승인 순차번호 15,HRFCO approval file
APR|16,Approval,방류승인 순차번호 16,HRFCO approval file
APR|17,Approval,방류승인 순차번호 17,HRFCO approval file
APR|18,Approval,방류승인 순차번호 18,HRFCO approval file
APR|19,Approval,방류승인 순차번호 19,HRFCO approval file
APR|20,Approval,방류승인 순차번호 20,HRFCO approval file
APR|21,Approval,방류승인 순차번호 21,HRFCO approval file
APR|22,Approval,방류승인 순차번호 22,HRFCO approval file
APR|23,Approval,방류승인 순차번호 23,HRFCO approval file
APR|24,Approval,방류승인 순차번호 24,HRFCO approval file
APR|25,Approval,방류승인 순차번호 25,HRFCO approval file
APR|26,Approval,방류승인 순차번호 26,HRFCO approval file
APR|27,Approval,방류승인 순차번호 27,HRFCO approval file
APR|28,Approval,방류승인 순차번호 28,HRFCO approval file
APR|29,Approval,방류승인 순차번호 29,HRFCO approval file
APR|30,Approval,방류승인 순차번호 30,HRFCO approval file
APR|31,Approval,방류승인 순차번호 31,HRFCO approval file
APR|32,Approval,방류승인 순차번호 32,HRFCO approval file
APR|33,Approval,방류승인 순차번호 33,HRFCO approval file
APR|34,Approval,방류승인 순차번호 34,HRFCO approval file
APR|35,Approval,방류승인 순차번호 35,HRFCO approval file
APR|36,Approval,방류승인 순차번호 36,HRFCO approval file
APR|37,Approval,방류승인 순차번호 37,HRFCO approval file
APR|38,Approval,방류승인 순차번호 38,HRFCO approval file
APR|39,Approval,방류승인 순차번호 39,HRFCO approval file
APR|40,Approval,방류승인 순차번호 40,HRFCO approval file
APR|41,Approval,방류승인 순차번호 41,HRFCO approval file
APR|42,Approval,방류승인 순차번호 42,HRFCO approval file
APR|43,Approval,방류승인 순차번호 43,HRFCO approval file
APR|44,Approval,방류승인 순차번호 44,HRFCO approval file
APR|45,Approval,방류승인 순차번호 45,HRFCO approval file
APR|46,Approval,방류승인 순차번호 46,HRFCO approval file
APR|47,Approval,방류승인 순차번호 47,HRFCO approval file
APR|48,Approval,방류승인 순차번호 48,HRFCO approval file
APR|49,Approval,방류승인 순차번호 49,HRFCO approval file
APR|50,Approval,방류승인 순차번호 50,HRFCO approval file
APR|51,Approval,방류승인 순차번호 51,HRFCO approval file
APR|52,Approval,방류승인 순차번호 52,HRFCO approval file
APR|53,Approval,방류승인 순차번호 53,HRFCO approval file
APR|54,Approval,방류승인 순차번호 54,HRFCO approval file
APR|55,Approval,방류승인 순차번호 55,HRFCO approval file
APR|56,Approval,방류승인 순차번호 56,HRFCO approval file
APR|57,Approval,방류승인 순차번호 57,HRFCO approval file
APR|58,Approval,방류승인 순차번호 58,HRFCO approval file
APR|59,Approval,방류승인 순차번호 59,HRFCO approval file
APR|60,Approval,방류승인 순차번호 60,HRFCO approval file
APR|61,Approval,방류승인 순차번호 61,HRFCO approval file
APR|62,Approval,방류승인 순차번호 62,HRFCO approval file
APR|63,Approval,방류승인 순차번호 63,HRFCO approval file
APR|64,Approval,방류승인 순차번호 64,HRFCO approval file
APR|65,Approval,방류승인 순차번호 65,HRFCO approval file
APR|66,Approval,방류승인 순차번호 66,HRFCO approval file
APR|67,Approval,방류승인 순차번호 67,HRFCO approval file
APR|68,Approval,방류승인 순차번호 68,HRFCO approval file
APR|69,Approval,방류승인 순차번호 69,HRFCO approval file
APR|70,Approval,방류승인 순차번호 70,HRFCO approval file
APR|71,Approval,방류승인 순차번호 71,HRFCO approval file
APR|72,Approval,방류승인 순차번호 72,HRFCO approval file
APR|73,Approval,방류승인 순차번호 73,HRFCO approval file
APR|74,Approval,방류승인 순차번호 74,HRFCO approval file
APR|75,Approval,방류승인 순차번호 75,HRFCO approval file
APR|76,Approval,방류승인 순차번호 76,HRFCO approval file
APR|77,Approval,방류승인 순차번호 77,HRFCO approval file
APR|78,Approval,방류승인 순차번호 78,HRFCO approval file
APR|79,Approval,방류승인 순차번호 79,HRFCO approval file
APR|80,Approval,방류승인 순차번호 80,HRFCO approval file
APR|81,Approval,방류승인 순차번호 81,HRFCO approval file
APR|82,Approval,방류승인 순차번호 82,HRFCO approval file
APR|83,Approval,방류승인 순차번호 83,HRFCO approval file
APR|84,Approval,방류승인 순차번호 84,HRFCO approval file
APR|85,Approval,방류승인 순차번호 85,HRFCO approval file
APR|86,Approval,방류승인 순차번호 86,HRFCO approval file
APR|87,Approval,방류승인 순차번호 87,HRFCO approval file
APR|88,Approval,방류승인 순차번호 88,HRFCO approval file
APR|89,Approval,방류승인 순차번호 89,HRFCO approval file
APR|90,Approval,방류승인 순차번호 90,HRFCO approval file
APR|91,Approval,방류승인 순차번호 91,HRFCO approval file
APR|92,Approval,방류승인 순차번호 92,HRFCO approval file
APR|93,Approval,방류승인 순차번호 93,HRFCO approval file
APR|94,Approval,방류승인 순차번호 94,HRFCO approval file
APR|95,Approval,방류승인 순차번호 95,HRFCO approval file
APR|96,Approval,방류승인 순차번호 96,HRFCO approval file
APR|97,Approval,방류승인 순차번호 97,HRFCO approval file
APR|98,Approval,방류승인 순차번호 98,HRFCO approval file
APR|99,Approval,방류승인 순차번호 99,HRFCO approval file
APR|100,Approval,방류승인 순차번호 100,HRFCO approval file
APR|101,Approval,방류승인 순차번호 101,HRFCO approval file
APR|102,Approval,방류승인 순차번호 102,HRFCO approval file
APR|103,Approval,방류승인 순차번호 103,HRFCO approval file
APR|104,Approval,방류승인 순차번호 104,HRFCO approval file
APR|105,Approval,방류승인 순차번호 105,HRFCO approval file
APR|106,Approval,방류승인 순차번호 106,HRFCO approval file
APR|107,Approval,방류승인 순차번호 107,HRFCO approval file
APR|108,Approval,방류승인 순차번호 108,HRFCO approval file
APR|109,Approval,방류승인 순차번호 109,HRFCO approval file
APR|110,Approval,방류승인 순차번호 110,HRFCO approval file
APR|111,Approval,방류승인 순차번호 111,HRFCO approval file
APR|112,Approval,방류승인 순차번호 112,HRFCO approval file
APR|113,Approval,방류승인 순차번호 113,HRFCO approval file
APR|114,Approval,방류승인 순차번호 114,HRFCO approval file
APR|115,Approval,방류승인 순차번호 115,HRFCO approval file
APR|116,Approval,방류승인 순차번호 116,HRFCO approval file
APR|117,Approval,방류승인 순차번호 117,HRFCO approval file
APR|118,Approval,방류승인 순차번호 118,HRFCO approval file
APR|119,Approval,방류승인 순차번호 119,HRFCO approval file
APR|120,Approval,방류승인 순차번호 120,HRFCO approval file
APR|121,Approval,방류승인 순차번호 121,HRFCO approval file
APR|122,Approval,방류승인 순차번호 122,HRFCO approval file
APR|123,Approval,방류승인 순차번호 123,HRFCO approval file
APR|124,Approval,방류승인 순차번호 124,HRFCO approval file
APR|125,Approval,방류승인 순차번호 125,HRFCO approval file
APR|126,Approval,방류승인 순차번호 126,HRFCO approval file
APR|127,Approval,방류승인 순차번호 127,HRFCO approval file
APR|128,Approval,방류승인 순차번호 128,HRFCO approval file
APR|129,Approval,방류승인 순차번호 129,HRFCO approval file
APR|130,Approval,방류승인 순차번호 130,HRFCO approval file
APR|131,Approval,방류승인 순차번호 131,HRFCO approval file
APR|132,Approval,방류승인 순차번호 132,HRFCO approval file
APR|133,Approval,방류승인 순차번호 133,HRFCO approval file
APR|134,Approval,방류승인 순차번호 134,HRFCO approval file
APR|135,Approval,방류승인 순차번호 135,HRFCO approval file
APR|136,Approval,방류승인 순차번호 136,HRFCO approval file
APR|137,Approval,방류승인 순차번호 137,HRFCO approval file
APR|138,Approval,방류승인 순차번호 138,HRFCO approval file
APR|139,Approval,방류승인 순차번호 139,HRFCO approval file
APR|140,Approval,방류승인 순차번호 140,HRFCO approval file
APR|141,Approval,방류승인 순차번호 141,HRFCO approval file
APR|142,Approval,방류승인 순차번호 142,HRFCO approval file
APR|143,Approval,방류승인 순차번호 143,HRFCO approval file
APR|144,Approval,방류승인 순차번호 144,HRFCO approval file
APR|145,Approval,방류승인 순차번호 145,HRFCO approval file
APR|146,Approval,방류승인 순차번호 146,HRFCO approval file
APR|147,Approval,방류승인 순차번호 147,HRFCO approval file
APR|148,Approval,방류승인 순차번호 148,HRFCO approval file
APR|149,Approval,방류승인 순차번호 149,HRFCO approval file
APR|150,Approval,방류승인 순차번호 150,HRFCO approval file
APR|151,Approval,방류승인 순차번호 151,HRFCO approval file
APR|152,Approval,방류승인 순차번호 152,HRFCO approval file
APR|153,Approval,방류승인 순차번호 153,HRFCO approval file
APR|154,Approval,방류승인 순차번호 154,HRFCO approval file
APR|155,Approval,방류승인 순차번호 155,HRFCO approval file
APR|156,Approval,방류승인 순차번호 156,HRFCO approval file
APR|157,Approval,방류승인 순차번호 157,HRFCO approval file
APR|158,Approval,방류승인 순차번호 158,HRFCO approval file
APR|159,Approval,방류승인 순차번호 159,HRFCO approval file
APR|160,Approval,방류승인 순차번호 160,HRFCO approval file
APR|161,Approval,방류승인 순차번호 161,HRFCO approval file
APR|162,Approval,방류승인 순차번호 162,HRFCO approval file
APR|163,Approval,방류승인 순차번호 163,HRFCO approval file
APR|164,Approval,방류승인 순차번호 164,HRFCO approval file
APR|165,Approval,방류승인 순차번호 165,HRFCO approval file
APR|166,Approval,방류승인 순차번호 166,HRFCO approval file
APR|167,Approval,방류승인 순차번호 167,HRFCO approval file
APR|168,Approval,방류승인 순차번호 168,HRFCO approval file
APR|169,Approval,방류승인 순차번호 169,HRFCO approval file
APR|170,Approval,방류승인 순차번호 170,HRFCO approval file
APR|171,Approval,방류승인 순차번호 171,HRFCO approval file
APR|172,Approval,방류승인 순차번호 172,HRFCO approval file
APR|173,Approval,방류승인 순차번호 173,HRFCO approval file
APR|174,Approval,방류승인 순차번호 174,HRFCO approval file
APR|175,Approval,방류승인 순차번호 175,HRFCO approval file
APR|176,Approval,방류승인 순차번호 176,HRFCO approval file
APR|177,Approval,방류승인 순차번호 177,HRFCO approval file
APR|178,Approval,방류승인 순차번호 178,HRFCO approval file
APR|179,Approval,방류승인 순차번호 179,HRFCO approval file
APR|180,Approval,방류승인 순차번호 180,HRFCO approval file
APR|181,Approval,방류승인 순차번호 181,HRFCO approval file
APR|182,Approval,방류승인 순차번호 182,HRFCO approval file
APR|183,Approval,방류승인 순차번호 183,HRFCO approval file
APR|184,Approval,방류승인 순차번호 184,HRFCO approval file
APR|185,Approval,방류승인 순차번호 185,HRFCO approval file
APR|186,Approval,방류승인 순차번호 186,HRFCO approval file
APR|187,Approval,방류승인 순차번호 187,HRFCO approval file
APR|188,Approval,방류승인 순차번호 188,HRFCO approval file
APR|189,Approval,방류승인 순차번호 189,HRFCO approval file
APR|190,Approval,방류승인 순차번호 190,HRFCO approval file
APR|191,Approval,방류승인 순차번호 191,HRFCO approval file
APR|192,Approval,방류승인 순차번호 192,HRFCO approval file
APR|193,Approval,방류승인 순차번호 193,HRFCO approval file
APR|194,Approval,방류승인 순차번호 194,HRFCO approval file
APR|195,Approval,방류승인 순차번호 195,HRFCO approval file
APR|196,Approval,방류승인 순차번호 196,HRFCO approval file
APR|197,Approval,방류승인 순차번호 197,HRFCO approval file
APR|198,Approval,방류승인 순차번호 198,HRFCO approval file
APR|199,Approval,방류승인 순차번호 199,HRFCO approval file
APR|200,Approval,방류승인 순차번호 200,HRFCO approval file
APR|201,Approval,방류승인 순차번호 201,HRFCO approval file
APR|202,Approval,방류승인 순차번호 202,HRFCO approval file
APR|203,Approval,방류승인 순차번호 203,HRFCO approval file
APR|204,Approval,방류승인 순차번호 204,HRFCO approval file
APR|205,Approval,방류승인 순차번호 205,HRFCO approval file
APR|206,Approval,방류승인 순차번호 206,HRFCO approval file
APR|207,Approval,방류승인 순차번호 207,HRFCO approval file
APR|208,Approval,방류승인 순차번호 208,HRFCO approval file
APR|209,Approval,방류승인 순차번호 209,HRFCO approval file
APR|210,Approval,방류승인 순차번호 210,HRFCO approval file
APR|211,Approval,방류승인 순차번호 211,HRFCO approval file
APR|212,Approval,방류승인 순차번호 212,HRFCO approval file
APR|213,Approval,방류승인 순차번호 213,HRFCO approval file
APR|214,Approval,방류승인 순차번호 214,HRFCO approval file
APR|215,Approval,방류승인 순차번호 215,HRFCO approval file
APR|216,Approval,방류승인 순차번호 216,HRFCO approval file
APR|217,Approval,방류승인 순차번호 217,HRFCO approval file
APR|218,Approval,방류승인 순차번호 218,HRFCO approval file
APR|219,Approval,방류승인 순차번호 219,HRFCO approval file
APR|220,Approval,방류승인 순차번호 220,HRFCO approval file
APR|221,Approval,방류승인 순차번호 221,HRFCO approval file
APR|222,Approval,방류승인 순차번호 222,HRFCO approval file
APR|223,Approval,방류승인 순차번호 223,HRFCO approval file
APR|224,Approval,방류승인 순차번호 224,HRFCO approval file
APR|225,Approval,방류승인 순차번호 225,HRFCO approval file
APR|226,Approval,방류승인 순차번호 226,HRFCO approval file
APR|227,Approval,방류승인 순차번호 227,HRFCO approval file
APR|228,Approval,방류승인 순차번호 228,HRFCO approval file
APR|229,Approval,방류승인 순차번호 229,HRFCO approval file
APR|230,Approval,방류승인 순차번호 230,HRFCO approval file
APR|231,Approval,방류승인 순차번호 231,HRFCO approval file
APR|232,Approval,방류승인 순차번호 232,HRFCO approval file
APR|233,Approval,방류승인 순차번호 233,HRFCO approval file
APR|234,Approval,방류승인 순차번호 234,HRFCO approval file
APR|235,Approval,방류승인 순차번호 235,HRFCO approval file
APR|236,Approval,방류승인 순차번호 236,HRFCO approval file
APR|237,Approval,방류승인 순차번호 237,HRFCO approval file
APR|238,Approval,방류승인 순차번호 238,HRFCO approval file
APR|239,Approval,방류승인 순차번호 239,HRFCO approval file
APR|240,Approval,방류승인 순차번호 240,HRFCO approval file
APR|241,Approval,방류승인 순차번호 241,HRFCO approval file
APR|242,Approval,방류승인 순차번호 242,HRFCO approval file
APR|243,Approval,방류승인 순차번호 243,HRFCO approval file
APR|244,Approval,방류승인 순차번호 244,HRFCO approval file
APR|245,Approval,방류승인 순차번호 245,HRFCO approval file
APR|246,Approval,방류승인 순차번호 246,HRFCO approval file
APR|247,Approval,방류승인 순차번호 247,HRFCO approval file
APR|248,Approval,방류승인 순차번호 248,HRFCO approval file
APR|249,Approval,방류승인 순차번호 249,HRFCO approval file
APR|250,Approval,방류승인 순차번호 250,HRFCO approval file
APR|251,Approval,방류승인 순차번호 251,HRFCO approval file
APR|252,Approval,방류승인 순차번호 252,HRFCO approval file
APR|253,Approval,방류승인 순차번호 253,HRFCO approval file
APR|254,Approval,방류승인 순차번호 254,HRFCO approval file
APR|255,Approval,방류승인 순차번호 255,HRFCO approval file
APR|256,Approval,방류승인 순차번호 256,HRFCO approval file
APR|257,Approval,방류승인 순차번호 257,HRFCO approval file
APR|258,Approval,방류승인 순차번호 258,HRFCO approval file
APR|259,Approval,방류승인 순차번호 259,HRFCO approval file
APR|260,Approval,방류승인 순차번호 260,HRFCO approval file
APR|261,Approval,방류승인 순차번호 261,HRFCO approval file
APR|262,Approval,방류승인 순차번호 262,HRFCO approval file
APR|263,Approval,방류승인 순차번호 263,HRFCO approval file
APR|264,Approval,방류승인 순차번호 264,HRFCO approval file
APR|265,Approval,방류승인 순차번호 265,HRFCO approval file
APR|266,Approval,방류승인 순차번호 266,HRFCO approval file
APR|267,Approval,방류승인 순차번호 267,HRFCO approval file
APR|268,Approval,방류승인 순차번호 268,HRFCO approval file
APR|269,Approval,방류승인 순차번호 269,HRFCO approval file
APR|270,Approval,방류승인 순차번호 270,HRFCO approval file
APR|271,Approval,방류승인 순차번호 271,HRFCO approval file
APR|272,Approval,방류승인 순차번호 272,HRFCO approval file
APR|273,Approval,방류승인 순차번호 273,HRFCO approval file
APR|274,Approval,방류승인 순차번호 274,HRFCO approval file
APR|275,Approval,방류승인 순차번호 275,HRFCO approval file
APR|276,Approval,방류승인 순차번호 276,HRFCO approval file
APR|277,Approval,방류승인 순차번호 277,HRFCO approval file
APR|278,Approval,방류승인 순차번호 278,HRFCO approval file
APR|279,Approval,방류승인 순차번호 279,HRFCO approval file
APR|280,Approval,방류승인 순차번호 280,HRFCO approval file
APR|281,Approval,방류승인 순차번호 281,HRFCO approval file
APR|282,Approval,방류승인 순차번호 282,HRFCO approval file
APR|283,Approval,방류승인 순차번호 283,HRFCO approval file
APR|284,Approval,방류승인 순차번호 284,HRFCO approval file
APR|285,Approval,방류승인 순차번호 285,HRFCO approval file
APR|286,Approval,방류승인 순차번호 286,HRFCO approval file
APR|287,Approval,방류승인 순차번호 287,HRFCO approval file
APR|288,Approval,방류승인 순차번호 288,HRFCO approval file
APR|289,Approval,방류승인 순차번호 289,HRFCO approval file
APR|290,Approval,방류승인 순차번호 290,HRFCO approval file
APR|291,Approval,방류승인 순차번호 291,HRFCO approval file
APR|292,Approval,방류승인 순차번호 292,HRFCO approval file
APR|293,Approval,방류승인 순차번호 293,HRFCO approval file
APR|294,Approval,방류승인 순차번호 294,HRFCO approval file
APR|295,Approval,방류승인 순차번호 295,HRFCO approval file
APR|296,Approval,방류승인 순차번호 296,HRFCO approval file
APR|297,Approval,방류승인 순차번호 297,HRFCO approval file
APR|298,Approval,방류승인 순차번호 298,HRFCO approval file
APR|299,Approval,방류승인 순차번호 299,HRFCO approval file
APR|300,Approval,방류승인 순차번호 300,HRFCO approval file
APR|301,Approval,방류승인 순차번호 301,HRFCO approval file
APR|302,Approval,방류승인 순차번호 302,HRFCO approval file
APR|303,Approval,방류승인 순차번호 303,HRFCO approval file
APR|304,Approval,방류승인 순차번호 304,HRFCO approval file
APR|305,Approval,방류승인 순차번호 305,HRFCO approval file
APR|306,Approval,방류승인 순차번호 306,HRFCO approval file
APR|307,Approval,방류승인 순차번호 307,HRFCO approval file
APR|308,Approval,방류승인 순차번호 308,HRFCO approval file
APR|309,Approval,방류승인 순차번호 309,HRFCO approval file
APR|310,Approval,방류승인 순차번호 310,HRFCO approval file
APR|311,Approval,방류승인 순차번호 311,HRFCO approval file
APR|312,Approval,방류승인 순차번호 312,HRFCO approval file
APR|313,Approval,방류승인 순차번호 313,HRFCO approval file
APR|314,Approval,방류승인 순차번호 314,HRFCO approval file
APR|315,Approval,방류승인 순차번호 315,HRFCO approval file
APR|316,Approval,방류승인 순차번호 316,HRFCO approval file
APR|317,Approval,방류승인 순차번호 317,HRFCO approval file
APR|318,Approval,방류승인 순차번호 318,HRFCO approval file
APR|319,Approval,방류승인 순차번호 319,HRFCO approval file
APR|320,Approval,방류승인 순차번호 320,HRFCO approval file
APR|321,Approval,방류승인 순차번호 321,HRFCO approval file
APR|322,Approval,방류승인 순차번호 322,HRFCO approval file
APR|323,Approval,방류승인 순차번호 323,HRFCO approval file
APR|324,Approval,방류승인 순차번호 324,HRFCO approval file
APR|325,Approval,방류승인 순차번호 325,HRFCO approval file
APR|326,Approval,방류승인 순차번호 326,HRFCO approval file
APR|327,Approval,방류승인 순차번호 327,HRFCO approval file
APR|328,Approval,방류승인 순차번호 328,HRFCO approval file
APR|329,Approval,방류승인 순차번호 329,HRFCO approval file
APR|330,Approval,방류승인 순차번호 330,HRFCO approval file
APR|331,Approval,방류승인 순차번호 331,HRFCO approval file
APR|332,Approval,방류승인 순차번호 332,HRFCO approval file
APR|333,Approval,방류승인 순차번호 333,HRFCO approval file
APR|334,Approval,방류승인 순차번호 334,HRFCO approval file
APR|335,Approval,방류승인 순차번호 335,HRFCO approval file
APR|336,Approval,방류승인 순차번호 336,HRFCO approval file
APR|337,Approval,방류승인 순차번호 337,HRFCO approval file
APR|338,Approval,방류승인 순차번호 338,HRFCO approval file
APR|339,Approval,방류승인 순차번호 339,HRFCO approval file
APR|340,Approval,방류승인 순차번호 340,HRFCO approval file
APR|341,Approval,방류승인 순차번호 341,HRFCO approval file
APR|342,Approval,방류승인 순차번호 342,HRFCO approval file
APR|343,Approval,방류승인 순차번호 343,HRFCO approval file
APR|344,Approval,방류승인 순차번호 344,HRFCO approval file
APR|345,Approval,방류승인 순차번호 345,HRFCO approval file
APR|346,Approval,방류승인 순차번호 346,HRFCO approval file
APR|347,Approval,방류승인 순차번호 347,HRFCO approval file
APR|348,Approval,방류승인 순차번호 348,HRFCO approval file
APR|349,Approval,방류승인 순차번호 349,HRFCO approval file
APR|350,Approval,방류승인 순차번호 350,HRFCO approval file
APR|351,Approval,방류승인 순차번호 351,HRFCO approval file
APR|352,Approval,방류승인 순차번호 352,HRFCO approval file
APR|353,Approval,방류승인 순차번호 353,HRFCO approval file
APR|354,Approval,방류승인 순차번호 354,HRFCO approval file
APR|355,Approval,방류승인 순차번호 355,HRFCO approval file
APR|356,Approval,방류승인 순차번호 356,HRFCO approval file
APR|357,Approval,방류승인 순차번호 357,HRFCO approval file
APR|358,Approval,방류승인 순차번호 358,HRFCO approval file
APR|359,Approval,방류승인 순차번호 359,HRFCO approval file
APR|360,Approval,방류승인 순차번호 360,HRFCO approval file
APR|361,Approval,방류승인 순차번호 361,HRFCO approval file
APR|362,Approval,방류승인 순차번호 362,HRFCO approval file
APR|363,Approval,방류승인 순차번호 363,HRFCO approval file
APR|364,Approval,방류승인 순차번호 364,HRFCO approval file
APR|365,Approval,방류승인 순차번호 365,HRFCO approval file
APR|366,Approval,방류승인 순차번호 366,HRFCO approval file
APR|367,Approval,방류승인 순차번호 367,HRFCO approval file
APR|368,Approval,방류승인 순차번호 368,HRFCO approval file
APR|369,Approval,방류승인 순차번호 369,HRFCO approval file
APR|370,Approval,방류승인 순차번호 370,HRFCO approval file
APR|371,Approval,방류승인 순차번호 371,HRFCO approval file
APR|372,Approval,방류승인 순차번호 372,HRFCO approval file
APR|373,Approval,방류승인 순차번호 373,HRFCO approval file
APR|374,Approval,방류승인 순차번호 374,HRFCO approval file
APR|375,Approval,방류승인 순차번호 375,HRFCO approval file
APR|376,Approval,방류승인 순차번호 376,HRFCO approval file
APR|377,Approval,방류승인 순차번호 377,HRFCO approval file
APR|378,Approval,방류승인 순차번호 378,HRFCO approval file
APR|379,Approval,방류승인 순차번호 379,HRFCO approval file
APR|380,Approval,방류승인 순차번호 380,HRFCO approval file
APR|381,Approval,방류승인 순차번호 381,HRFCO approval file
APR|382,Approval,방류승인 순차번호 382,HRFCO approval file
APR|383,Approval,방류승인 순차번호 383,HRFCO approval file
APR|384,Approval,방류승인 순차번호 384,HRFCO approval file
APR|385,Approval,방류승인 순차번호 385,HRFCO approval file
APR|386,Approval,방류승인 순차번호 386,HRFCO approval file
APR|387,Approval,방류승인 순차번호 387,HRFCO approval file
APR|388,Approval,방류승인 순차번호 388,HRFCO approval file
APR|389,Approval,방류승인 순차번호 389,HRFCO approval file
APR|390,Approval,방류승인 순차번호 390,HRFCO approval file
APR|391,Approval,방류승인 순차번호 391,HRFCO approval file
APR|392,Approval,방류승인 순차번호 392,HRFCO approval file
APR|393,Approval,방류승인 순차번호 393,HRFCO approval file
APR|394,Approval,방류승인 순차번호 394,HRFCO approval file
APR|395,Approval,방류승인 순차번호 395,HRFCO approval file
APR|396,Approval,방류승인 순차번호 396,HRFCO approval file
APR|397,Approval,방류승인 순차번호 397,HRFCO approval file
APR|398,Approval,방류승인 순차번호 398,HRFCO approval file
APR|399,Approval,방류승인 순차번호 399,HRFCO approval file
APR|400,Approval,방류승인 순차번호 400,HRFCO approval file
APR|401,Approval,방류승인 순차번호 401,HRFCO approval file
APR|402,Approval,방류승인 순차번호 402,HRFCO approval file
APR|403,Approval,방류승인 순차번호 403,HRFCO approval file
APR|404,Approval,방류승인 순차번호 404,HRFCO approval file
APR|405,Approval,방류승인 순차번호 405,HRFCO approval file
APR|406,Approval,방류승인 순차번호 406,HRFCO approval file
APR|407,Approval,방류승인 순차번호 407,HRFCO approval file
APR|408,Approval,방류승인 순차번호 408,HRFCO approval file
APR|409,Approval,방류승인 순차번호 409,HRFCO approval file
APR|410,Approval,방류승인 순차번호 410,HRFCO approval file
APR|411,Approval,방류승인 순차번호 411,HRFCO approval file
APR|412,Approval,방류승인 순차번호 412,HRFCO approval file
APR|413,Approval,방류승인 순차번호 413,HRFCO approval file
APR|414,Approval,방류승인 순차번호 414,HRFCO approval file
APR|415,Approval,방류승인 순차번호 415,HRFCO approval file
APR|416,Approval,방류승인 순차번호 416,HRFCO approval file
APR|417,Approval,방류승인 순차번호 417,HRFCO approval file
APR|418,Approval,방류승인 순차번호 418,HRFCO approval file
APR|419,Approval,방류승인 순차번호 419,HRFCO approval file
APR|420,Approval,방류승인 순차번호 420,HRFCO approval file
APR|421,Approval,방류승인 순차번호 421,HRFCO approval file
APR|422,Approval,방류승인 순차번호 422,HRFCO approval file
APR|423,Approval,방류승인 순차번호 423,HRFCO approval file
APR|424,Approval,방류승인 순차번호 424,HRFCO approval file
APR|425,Approval,방류승인 순차번호 425,HRFCO approval file
APR|426,Approval,방류승인 순차번호 426,HRFCO approval file
APR|427,Approval,방류승인 순차번호 427,HRFCO approval file
APR|428,Approval,방류승인 순차번호 428,HRFCO approval file
APR|429,Approval,방류승인 순차번호 429,HRFCO approval file
APR|430,Approval,방류승인 순차번호 430,HRFCO approval file
APR|431,Approval,방류승인 순차번호 431,HRFCO approval file
APR|432,Approval,방류승인 순차번호 432,HRFCO approval file
APR|433,Approval,방류승인 순차번호 433,HRFCO approval file
APR|434,Approval,방류승인 순차번호 434,HRFCO approval file
APR|435,Approval,방류승인 순차번호 435,HRFCO approval file
APR|436,Approval,방류승인 순차번호 436,HRFCO approval file
APR|437,Approval,방류승인 순차번호 437,HRFCO approval file
APR|438,Approval,방류승인 순차번호 438,HRFCO approval file
APR|439,Approval,방류승인 순차번호 439,HRFCO approval file
APR|440,Approval,방류승인 순차번호 440,HRFCO approval file
APR|441,Approval,방류승인 순차번호 441,HRFCO approval file
APR|442,Approval,방류승인 순차번호 442,HRFCO approval file
APR|443,Approval,방류승인 순차번호 443,HRFCO approval file
APR|444,Approval,방류승인 순차번호 444,HRFCO approval file
APR|445,Approval,방류승인 순차번호 445,HRFCO approval file
APR|446,Approval,방류승인 순차번호 446,HRFCO approval file
APR|447,Approval,방류승인 순차번호 447,HRFCO approval file
APR|448,Approval,방류승인 순차번호 448,HRFCO approval file
APR|449,Approval,방류승인 순차번호 449,HRFCO approval file
APR|450,Approval,방류승인 순차번호 450,HRFCO approval file
APR|451,Approval,방류승인 순차번호 451,HRFCO approval file
APR|452,Approval,방류승인 순차번호 452,HRFCO approval file
APR|453,Approval,방류승인 순차번호 453,HRFCO approval file
APR|454,Approval,방류승인 순차번호 454,HRFCO approval file
APR|455,Approval,방류승인 순차번호 455,HRFCO approval file
APR|456,Approval,방류승인 순차번호 456,HRFCO approval file
APR|457,Approval,방류승인 순차번호 457,HRFCO approval file
APR|458,Approval,방류승인 순차번호 458,HRFCO approval file
APR|459,Approval,방류승인 순차번호 459,HRFCO approval file
APR|460,Approval,방류승인 순차번호 460,HRFCO approval file
APR|461,Approval,방류승인 순차번호 461,HRFCO approval file
APR|462,Approval,방류승인 순차번호 462,HRFCO approval file
APR|463,Approval,방류승인 순차번호 463,HRFCO approval file
APR|464,Approval,방류승인 순차번호 464,HRFCO approval file
APR|465,Approval,방류승인 순차번호 465,HRFCO approval file
APR|466,Approval,방류승인 순차번호 466,HRFCO approval file
APR|467,Approval,방류승인 순차번호 467,HRFCO approval file
APR|468,Approval,방류승인 순차번호 468,HRFCO approval file
APR|469,Approval,방류승인 순차번호 469,HRFCO approval file
APR|470,Approval,방류승인 순차번호 470,HRFCO approval file
APR|471,Approval,방류승인 순차번호 471,HRFCO approval file
APR|472,Approval,방류승인 순차번호 472,HRFCO approval file
APR|473,Approval,방류승인 순차번호 473,HRFCO approval file
APR|474,Approval,방류승인 순차번호 474,HRFCO approval file
APR|475,Approval,방류승인 순차번호 475,HRFCO approval file
APR|476,Approval,방류승인 순차번호 476,HRFCO approval file
APR|477,Approval,방류승인 순차번호 477,HRFCO approval file
APR|478,Approval,방류승인 순차번호 478,HRFCO approval file
APR|479,Approval,방류승인 순차번호 479,HRFCO approval file
APR|480,Approval,방류승인 순차번호 480,HRFCO approval file
APR|481,Approval,방류승인 순차번호 481,HRFCO approval file
APR|482,Approval,방류승인 순차번호 482,HRFCO approval file
APR|483,Approval,방류승인 순차번호 483,HRFCO approval file
APR|484,Approval,방류승인 순차번호 484,HRFCO approval file
APR|485,Approval,방류승인 순차번호 485,HRFCO approval file
APR|486,Approval,방류승인 순차번호 486,HRFCO approval file
APR|487,Approval,방류승인 순차번호 487,HRFCO approval file
APR|488,Approval,방류승인 순차번호 488,HRFCO approval file
APR|489,Approval,방류승인 순차번호 489,HRFCO approval file
APR|490,Approval,방류승인 순차번호 490,HRFCO approval file
APR|491,Approval,방류승인 순차번호 491,HRFCO approval file
APR|492,Approval,방류승인 순차번호 492,HRFCO approval file
APR|493,Approval,방류승인 순차번호 493,HRFCO approval file
APR|494,Approval,방류승인 순차번호 494,HRFCO approval file
APR|495,Approval,방류승인 순차번호 495,HRFCO approval file
APR|496,Approval,방류승인 순차번호 496,HRFCO approval file
APR|497,Approval,방류승인 순차번호 497,HRFCO approval file
APR|498,Approval,방류승인 순차번호 498,HRFCO approval file
APR|499,Approval,방류승인 순차번호 499,HRFCO approval file
APR|500,Approval,방류승인 순차번호 500,HRFCO approval file
APR|501,Approval,방류승인 순차번호 501,HRFCO approval file
APR|502,Approval,방류승인 순차번호 502,HRFCO approval file
APR|503,Approval,방류승인 순차번호 503,HRFCO approval file
APR|504,Approval,방류승인 순차번호 504,HRFCO approval file
APR|505,Approval,방류승인 순차번호 505,HRFCO approval file
APR|506,Approval,방류승인 순차번호 506,HRFCO approval file
APR|507,Approval,방류승인 순차번호 507,HRFCO approval file
APR|508,Approval,방류승인 순차번호 508,HRFCO approval file
APR|509,Approval,방류승인 순차번호 509,HRFCO approval file
APR|510,Approval,방류승인 순차번호 510,HRFCO approval file
APR|511,Approval,방류승인 순차번호 511,HRFCO approval file
APR|512,Approval,방류승인 순차번호 512,HRFCO approval file
APR|513,Approval,방류승인 순차번호 513,HRFCO approval file
APR|514,Approval,방류승인 순차번호 514,HRFCO approval file
APR|515,Approval,방류승인 순차번호 515,HRFCO approval file
APR|516,Approval,방류승인 순차번호 516,HRFCO approval file
APR|517,Approval,방류승인 순차번호 517,HRFCO approval file
APR|518,Approval,방류승인 순차번호 518,HRFCO approval file
APR|519,Approval,방류승인 순차번호 519,HRFCO approval file
APR|520,Approval,방류승인 순차번호 520,HRFCO approval file
APR|521,Approval,방류승인 순차번호 521,HRFCO approval file
APR|522,Approval,방류승인 순차번호 522,HRFCO approval file
APR|523,Approval,방류승인 순차번호 523,HRFCO approval file
APR|524,Approval,방류승인 순차번호 524,HRFCO approval file
APR|525,Approval,방류승인 순차번호 525,HRFCO approval file
APR|526,Approval,방류승인 순차번호 526,HRFCO approval file
APR|527,Approval,방류승인 순차번호 527,HRFCO approval file
APR|528,Approval,방류승인 순차번호 528,HRFCO approval file
APR|529,Approval,방류승인 순차번호 529,HRFCO approval file
APR|530,Approval,방류승인 순차번호 530,HRFCO approval file
APR|531,Approval,방류승인 순차번호 531,HRFCO approval file
APR|532,Approval,방류승인 순차번호 532,HRFCO approval file
APR|533,Approval,방류승인 순차번호 533,HRFCO approval file
APR|534,Approval,방류승인 순차번호 534,HRFCO approval file
APR|535,Approval,방류승인 순차번호 535,HRFCO approval file
APR|536,Approval,방류승인 순차번호 536,HRFCO approval file
APR|537,Approval,방류승인 순차번호 537,HRFCO approval file
APR|538,Approval,방류승인 순차번호 538,HRFCO approval file
APR|539,Approval,방류승인 순차번호 539,HRFCO approval file
APR|540,Approval,방류승인 순차번호 540,HRFCO approval file
APR|541,Approval,방류승인 순차번호 541,HRFCO approval file
APR|542,Approval,방류승인 순차번호 542,HRFCO approval file
APR|543,Approval,방류승인 순차번호 543,HRFCO approval file
APR|544,Approval,방류승인 순차번호 544,HRFCO approval file
APR|545,Approval,방류승인 순차번호 545,HRFCO approval file
APR|546,Approval,방류승인 순차번호 546,HRFCO approval file
APR|547,Approval,방류승인 순차번호 547,HRFCO approval file
APR|548,Approval,방류승인 순차번호 548,HRFCO approval file
APR|549,Approval,방류승인 순차번호 549,HRFCO approval file
APR|550,Approval,방류승인 순차번호 550,HRFCO approval file
APR|551,Approval,방류승인 순차번호 551,HRFCO approval file
APR|552,Approval,방류승인 순차번호 552,HRFCO approval file
APR|553,Approval,방류승인 순차번호 553,HRFCO approval file
APR|554,Approval,방류승인 순차번호 554,HRFCO approval file
APR|555,Approval,방류승인 순차번호 555,HRFCO approval file
APR|556,Approval,방류승인 순차번호 556,HRFCO approval file
APR|557,Approval,방류승인 순차번호 557,HRFCO approval file
APR|558,Approval,방류승인 순차번호 558,HRFCO approval file
APR|559,Approval,방류승인 순차번호 559,HRFCO approval file
APR|560,Approval,방류승인 순차번호 560,HRFCO approval file
APR|561,Approval,방류승인 순차번호 561,HRFCO approval file
APR|562,Approval,방류승인 순차번호 562,HRFCO approval file
APR|563,Approval,방류승인 순차번호 563,HRFCO approval file
APR|564,Approval,방류승인 순차번호 564,HRFCO approval file
APR|565,Approval,방류승인 순차번호 565,HRFCO approval file
APR|566,Approval,방류승인 순차번호 566,HRFCO approval file
APR|567,Approval,방류승인 순차번호 567,HRFCO approval file
APR|568,Approval,방류승인 순차번호 568,HRFCO approval file
APR|569,Approval,방류승인 순차번호 569,HRFCO approval file
APR|570,Approval,방류승인 순차번호 570,HRFCO approval file
APR|571,Approval,방류승인 순차번호 571,HRFCO approval file
APR|572,Approval,방류승인 순차번호 572,HRFCO approval file
APR|573,Approval,방류승인 순차번호 573,HRFCO approval file
APR|574,Approval,방류승인 순차번호 574,HRFCO approval file
APR|575,Approval,방류승인 순차번호 575,HRFCO approval file
APR|576,Approval,방류승인 순차번호 576,HRFCO approval file
APR|577,Approval,방류승인 순차번호 577,HRFCO approval file
APR|578,Approval,방류승인 순차번호 578,HRFCO approval file
APR|579,Approval,방류승인 순차번호 579,HRFCO approval file
APR|580,Approval,방류승인 순차번호 580,HRFCO approval file
APR|581,Approval,방류승인 순차번호 581,HRFCO approval file
APR|582,Approval,방류승인 순차번호 582,HRFCO approval file
APR|583,Approval,방류승인 순차번호 583,HRFCO approval file
APR|584,Approval,방류승인 순차번호 584,HRFCO approval file
APR|585,Approval,방류승인 순차번호 585,HRFCO approval file
APR|586,Approval,방류승인 순차번호 586,HRFCO approval file
APR|587,Approval,방류승인 순차번호 587,HRFCO approval file
APR|588,Approval,방류승인 순차번호 588,HRFCO approval file
APR|589,Approval,방류승인 순차번호 589,HRFCO approval file
APR|590,Approval,방류승인 순차번호 590,HRFCO approval file
APR|591,Approval,방류승인 순차번호 591,HRFCO approval file
APR|592,Approval,방류승인 순차번호 592,HRFCO approval file
APR|593,Approval,방류승인 순차번호 593,HRFCO approval file
APR|594,Approval,방류승인 순차번호 594,HRFCO approval file
APR|595,Approval,방류승인 순차번호 595,HRFCO approval file
APR|596,Approval,방류승인 순차번호 596,HRFCO approval file
APR|597,Approval,방류승인 순차번호 597,HRFCO approval file
APR|598,Approval,방류승인 순차번호 598,HRFCO approval file
APR|599,Approval,방류승인 순차번호 599,HRFCO approval file
APR|600,Approval,방류승인 순차번호 600,HRFCO approval file
APR|601,Approval,방류승인 순차번호 601,HRFCO approval file
APR|602,Approval,방류승인 순차번호 602,HRFCO approval file
APR|603,Approval,방류승인 순차번호 603,HRFCO approval file
APR|604,Approval,방류승인 순차번호 604,HRFCO approval file
APR|605,Approval,방류승인 순차번호 605,HRFCO approval file
APR|606,Approval,방류승인 순차번호 606,HRFCO approval file
APR|607,Approval,방류승인 순차번호 607,HRFCO approval file
APR|608,Approval,방류승인 순차번호 608,HRFCO approval file
APR|609,Approval,방류승인 순차번호 609,HRFCO approval file
APR|610,Approval,방류승인 순차번호 610,HRFCO approval file
APR|611,Approval,방류승인 순차번호 611,HRFCO approval file
APR|612,Approval,방류승인 순차번호 612,HRFCO approval file
APR|613,Approval,방류승인 순차번호 613,HRFCO approval file
APR|614,Approval,방류승인 순차번호 614,HRFCO approval file
APR|615,Approval,방류승인 순차번호 615,HRFCO approval file
APR|616,Approval,방류승인 순차번호 616,HRFCO approval file
APR|617,Approval,방류승인 순차번호 617,HRFCO approval file
APR|618,Approval,방류승인 순차번호 618,HRFCO approval file
APR|619,Approval,방류승인 순차번호 619,HRFCO approval file
APR|620,Approval,방류승인 순차번호 620,HRFCO approval file
APR|621,Approval,방류승인 순차번호 621,HRFCO approval file
APR|622,Approval,방류승인 순차번호 622,HRFCO approval file
APR|623,Approval,방류승인 순차번호 623,HRFCO approval file
APR|624,Approval,방류승인 순차번호 624,HRFCO approval file
APR|625,Approval,방류승인 순차번호 625,HRFCO approval file
APR|626,Approval,방류승인 순차번호 626,HRFCO approval file
APR|627,Approval,방류승인 순차번호 627,HRFCO approval file
APR|628,Approval,방류승인 순차번호 628,HRFCO approval file
APR|629,Approval,방류승인 순차번호 629,HRFCO approval file
APR|630,Approval,방류승인 순차번호 630,HRFCO approval file
APR|631,Approval,방류승인 순차번호 631,HRFCO approval file
APR|632,Approval,방류승인 순차번호 632,HRFCO approval file
APR|633,Approval,방류승인 순차번호 633,HRFCO approval file
APR|634,Approval,방류승인 순차번호 634,HRFCO approval file
APR|635,Approval,방류승인 순차번호 635,HRFCO approval file
APR|636,Approval,방류승인 순차번호 636,HRFCO approval file
APR|637,Approval,방류승인 순차번호 637,HRFCO approval file
APR|638,Approval,방류승인 순차번호 638,HRFCO approval file
APR|639,Approval,방류승인 순차번호 639,HRFCO approval file
APR|640,Approval,방류승인 순차번호 640,HRFCO approval file
APR|641,Approval,방류승인 순차번호 641,HRFCO approval file
APR|642,Approval,방류승인 순차번호 642,HRFCO approval file
APR|643,Approval,방류승인 순차번호 643,HRFCO approval file
APR|644,Approval,방류승인 순차번호 644,HRFCO approval file
APR|645,Approval,방류승인 순차번호 645,HRFCO approval file
APR|646,Approval,방류승인 순차번호 646,HRFCO approval file
APR|647,Approval,방류승인 순차번호 647,HRFCO approval file
APR|648,Approval,방류승인 순차번호 648,HRFCO approval file
APR|649,Approval,방류승인 순차번호 649,HRFCO approval file
APR|650,Approval,방류승인 순차번호 650,HRFCO approval file
APR|651,Approval,방류승인 순차번호 651,HRFCO approval file
APR|652,Approval,방류승인 순차번호 652,HRFCO approval file
APR|653,Approval,방류승인 순차번호 653,HRFCO approval file
APR|654,Approval,방류승인 순차번호 654,HRFCO approval file
APR|655,Approval,방류승인 순차번호 655,HRFCO approval file
APR|656,Approval,방류승인 순차번호 656,HRFCO approval file
APR|657,Approval,방류승인 순차번호 657,HRFCO approval file
APR|658,Approval,방류승인 순차번호 658,HRFCO approval file
APR|659,Approval,방류승인 순차번호 659,HRFCO approval file
APR|660,Approval,방류승인 순차번호 660,HRFCO approval file
APR|661,Approval,방류승인 순차번호 661,HRFCO approval file
APR|662,Approval,방류승인 순차번호 662,HRFCO approval file
APR|663,Approval,방류승인 순차번호 663,HRFCO approval file
APR|664,Approval,방류승인 순차번호 664,HRFCO approval file
APR|665,Approval,방류승인 순차번호 665,HRFCO approval file
APR|666,Approval,방류승인 순차번호 666,HRFCO approval file
APR|667,Approval,방류승인 순차번호 667,HRFCO approval file
APR|668,Approval,방류승인 순차번호 668,HRFCO approval file
APR|669,Approval,방류승인 순차번호 669,HRFCO approval file
APR|670,Approval,방류승인 순차번호 670,HRFCO approval file
APR|671,Approval,방류승인 순차번호 671,HRFCO approval file
APR|672,Approval,방류승인 순차번호 672,HRFCO approval file
APR|673,Approval,방류승인 순차번호 673,HRFCO approval file
APR|674,Approval,방류승인 순차번호 674,HRFCO approval file
APR|675,Approval,방류승인 순차번호 675,HRFCO approval file
APR|676,Approval,방류승인 순차번호 676,HRFCO approval file
APR|677,Approval,방류승인 순차번호 677,HRFCO approval file
APR|678,Approval,방류승인 순차번호 678,HRFCO approval file
APR|679,Approval,방류승인 순차번호 679,HRFCO approval file
APR|680,Approval,방류승인 순차번호 680,HRFCO approval file
APR|681,Approval,방류승인 순차번호 681,HRFCO approval file
APR|682,Approval,방류승인 순차번호 682,HRFCO approval file
APR|683,Approval,방류승인 순차번호 683,HRFCO approval file
APR|684,Approval,방류승인 순차번호 684,HRFCO approval file
APR|685,Approval,방류승인 순차번호 685,HRFCO approval file
APR|686,Approval,방류승인 순차번호 686,HRFCO approval file
APR|687,Approval,방류승인 순차번호 687,HRFCO approval file
APR|688,Approval,방류승인 순차번호 688,HRFCO approval file
APR|689,Approval,방류승인 순차번호 689,HRFCO approval file
APR|690,Approval,방류승인 순차번호 690,HRFCO approval file
APR|691,Approval,방류승인 순차번호 691,HRFCO approval file
APR|692,Approval,방류승인 순차번호 692,HRFCO approval file
APR|693,Approval,방류승인 순차번호 693,HRFCO approval file
APR|694,Approval,방류승인 순차번호 694,HRFCO approval file
APR|695,Approval,방류승인 순차번호 695,HRFCO approval file
APR|696,Approval,방류승인 순차번호 696,HRFCO approval file
APR|697,Approval,방류승인 순차번호 697,HRFCO approval file
APR|698,Approval,방류승인 순차번호 698,HRFCO approval file
APR|699,Approval,방류승인 순차번호 699,HRFCO approval file
APR|700,Approval,방류승인 순차번호 700,HRFCO approval file
APR|701,Approval,방류승인 순차번호 701,HRFCO approval file
APR|702,Approval,방류승인 순차번호 702,HRFCO approval file
APR|703,Approval,방류승인 순차번호 703,HRFCO approval file
APR|704,Approval,방류승인 순차번호 704,HRFCO approval file
APR|705,Approval,방류승인 순차번호 705,HRFCO approval file
APR|706,Approval,방류승인 순차번호 706,HRFCO approval file
APR|707,Approval,방류승인 순차번호 707,HRFCO approval file
APR|708,Approval,방류승인 순차번호 708,HRFCO approval file
APR|709,Approval,방류승인 순차번호 709,HRFCO approval file
APR|710,Approval,방류승인 순차번호 710,HRFCO approval file
APR|711,Approval,방류승인 순차번호 711,HRFCO approval file
APR|712,Approval,방류승인 순차번호 712,HRFCO approval file
APR|713,Approval,방류승인 순차번호 713,HRFCO approval file
APR|714,Approval,방류승인 순차번호 714,HRFCO approval file
APR|715,Approval,방류승인 순차번호 715,HRFCO approval file
APR|716,Approval,방류승인 순차번호 716,HRFCO approval file
APR|717,Approval,방류승인 순차번호 717,HRFCO approval file
APR|718,Approval,방류승인 순차번호 718,HRFCO approval file
APR|719,Approval,방류승인 순차번호 719,HRFCO approval file
APR|720,Approval,방류승인 순차번호 720,HRFCO approval file
APR|721,Approval,방류승인 순차번호 721,HRFCO approval file
APR|722,Approval,방류승인 순차번호 722,HRFCO approval file
APR|723,Approval,방류승인 순차번호 723,HRFCO approval file
APR|724,Approval,방류승인 순차번호 724,HRFCO approval file
APR|725,Approval,방류승인 순차번호 725,HRFCO approval file
APR|726,Approval,방류승인 순차번호 726,HRFCO approval file
APR|727,Approval,방류승인 순차번호 727,HRFCO approval file
APR|728,Approval,방류승인 순차번호 728,HRFCO approval file
APR|729,Approval,방류승인 순차번호 729,HRFCO approval file
APR|730,Approval,방류승인 순차번호 730,HRFCO approval file
APR|731,Approval,방류승인 순차번호 731,HRFCO approval file
APR|732,Approval,방류승인 순차번호 732,HRFCO approval file
APR|733,Approval,방류승인 순차번호 733,HRFCO approval file
APR|734,Approval,방류승인 순차번호 734,HRFCO approval file
APR|735,Approval,방류승인 순차번호 735,HRFCO approval file
APR|736,Approval,방류승인 순차번호 736,HRFCO approval file
APR|737,Approval,방류승인 순차번호 737,HRFCO approval file
APR|738,Approval,방류승인 순차번호 738,HRFCO approval file
APR|739,Approval,방류승인 순차번호 739,HRFCO approval file
APR|740,Approval,방류승인 순차번호 740,HRFCO approval file
APR|741,Approval,방류승인 순차번호 741,HRFCO approval file
APR|742,Approval,방류승인 순차번호 742,HRFCO approval file
APR|743,Approval,방류승인 순차번호 743,HRFCO approval file
APR|744,Approval,방류승인 순차번호 744,HRFCO approval file
APR|745,Approval,방류승인 순차번호 745,HRFCO approval file
APR|746,Approval,방류승인 순차번호 746,HRFCO approval file
APR|747,Approval,방류승인 순차번호 747,HRFCO approval file
APR|748,Approval,방류승인 순차번호 748,HRFCO approval file
APR|749,Approval,방류승인 순차번호 749,HRFCO approval file
APR|750,Approval,방류승인 순차번호 750,HRFCO approval file
APR|751,Approval,방류승인 순차번호 751,HRFCO approval file
APR|752,Approval,방류승인 순차번호 752,HRFCO approval file
APR|753,Approval,방류승인 순차번호 753,HRFCO approval file
APR|754,Approval,방류승인 순차번호 754,HRFCO approval file
APR|755,Approval,방류승인 순차번호 755,HRFCO approval file
APR|756,Approval,방류승인 순차번호 756,HRFCO approval file
APR|757,Approval,방류승인 순차번호 757,HRFCO approval file
APR|758,Approval,방류승인 순차번호 758,HRFCO approval file
APR|759,Approval,방류승인 순차번호 759,HRFCO approval file
APR|760,Approval,방류승인 순차번호 760,HRFCO approval file
APR|761,Approval,방류승인 순차번호 761,HRFCO approval file
APR|762,Approval,방류승인 순차번호 762,HRFCO approval file
APR|763,Approval,방류승인 순차번호 763,HRFCO approval file
APR|764,Approval,방류승인 순차번호 764,HRFCO approval file
APR|765,Approval,방류승인 순차번호 765,HRFCO approval file
APR|766,Approval,방류승인 순차번호 766,HRFCO approval file
APR|767,Approval,방류승인 순차번호 767,HRFCO approval file
APR|768,Approval,방류승인 순차번호 768,HRFCO approval file
APR|769,Approval,방류승인 순차번호 769,HRFCO approval file
APR|770,Approval,방류승인 순차번호 770,HRFCO approval file
APR|771,Approval,방류승인 순차번호 771,HRFCO approval file
APR|772,Approval,방류승인 순차번호 772,HRFCO approval file
APR|773,Approval,방류승인 순차번호 773,HRFCO approval file
APR|774,Approval,방류승인 순차번호 774,HRFCO approval file
APR|775,Approval,방류승인 순차번호 775,HRFCO approval file
APR|776,Approval,방류승인 순차번호 776,HRFCO approval file
APR|777,Approval,방류승인 순차번호 777,HRFCO approval file
APR|778,Approval,방류승인 순차번호 778,HRFCO approval file
APR|779,Approval,방류승인 순차번호 779,HRFCO approval file
APR|780,Approval,방류승인 순차번호 780,HRFCO approval file
APR|781,Approval,방류승인 순차번호 781,HRFCO approval file
APR|782,Approval,방류승인 순차번호 782,HRFCO approval file
APR|783,Approval,방류승인 순차번호 783,HRFCO approval file
APR|784,Approval,방류승인 순차번호 784,HRFCO approval file
APR|785,Approval,방류승인 순차번호 785,HRFCO approval file
APR|786,Approval,방류승인 순차번호 786,HRFCO approval file
APR|787,Approval,방류승인 순차번호 787,HRFCO approval file
APR|788,Approval,방류승인 순차번호 788,HRFCO approval file
APR|789,Approval,방류승인 순차번호 789,HRFCO approval file
APR|790,Approval,방류승인 순차번호 790,HRFCO approval file
APR|791,Approval,방류승인 순차번호 791,HRFCO approval file
APR|792,Approval,방류승인 순차번호 792,HRFCO approval file
APR|793,Approval,방류승인 순차번호 793,HRFCO approval file
APR|794,Approval,방류승인 순차번호 794,HRFCO approval file
APR|795,Approval,방류승인 순차번호 795,HRFCO approval file
APR|796,Approval,방류승인 순차번호 796,HRFCO approval file
APR|797,Approval,방류승인 순차번호 797,HRFCO approval file
APR|798,Approval,방류승인 순차번호 798,HRFCO approval file
APR|799,Approval,방류승인 순차번호 799,HRFCO approval file
APR|800,Approval,방류승인 순차번호 800,HRFCO approval file
APR|801,Approval,방류승인 순차번호 801,HRFCO approval file
APR|802,Approval,방류승인 순차번호 802,HRFCO approval file
APR|803,Approval,방류승인 순차번호 803,HRFCO approval file
APR|804,Approval,방류승인 순차번호 804,HRFCO approval file
APR|805,Approval,방류승인 순차번호 805,HRFCO approval file
APR|806,Approval,방류승인 순차번호 806,HRFCO approval file
APR|807,Approval,방류승인 순차번호 807,HRFCO approval file
APR|808,Approval,방류승인 순차번호 808,HRFCO approval file
APR|809,Approval,방류승인 순차번호 809,HRFCO approval file
APR|810,Approval,방류승인 순차번호 810,HRFCO approval file
APR|811,Approval,방류승인 순차번호 811,HRFCO approval file
APR|812,Approval,방류승인 순차번호 812,HRFCO approval file
APR|813,Approval,방류승인 순차번호 813,HRFCO approval file
APR|814,Approval,방류승인 순차번호 814,HRFCO approval file
APR|815,Approval,방류승인 순차번호 815,HRFCO approval file
APR|816,Approval,방류승인 순차번호 816,HRFCO approval file
APR|817,Approval,방류승인 순차번호 817,HRFCO approval file
APR|818,Approval,방류승인 순차번호 818,HRFCO approval file
APR|819,Approval,방류승인 순차번호 819,HRFCO approval file
APR|820,Approval,방류승인 순차번호 820,HRFCO approval file
APR|821,Approval,방류승인 순차번호 821,HRFCO approval file
APR|822,Approval,방류승인 순차번호 822,HRFCO approval file
APR|823,Approval,방류승인 순차번호 823,HRFCO approval file
APR|824,Approval,방류승인 순차번호 824,HRFCO approval file
APR|825,Approval,방류승인 순차번호 825,HRFCO approval file
APR|826,Approval,방류승인 순차번호 826,HRFCO approval file
APR|827,Approval,방류승인 순차번호 827,HRFCO approval file
APR|828,Approval,방류승인 순차번호 828,HRFCO approval file
APR|829,Approval,방류승인 순차번호 829,HRFCO approval file
APR|830,Approval,방류승인 순차번호 830,HRFCO approval file
APR|831,Approval,방류승인 순차번호 831,HRFCO approval file
APR|832,Approval,방류승인 순차번호 832,HRFCO approval file
APR|833,Approval,방류승인 순차번호 833,HRFCO approval file
APR|834,Approval,방류승인 순차번호 834,HRFCO approval file
APR|835,Approval,방류승인 순차번호 835,HRFCO approval file
APR|836,Approval,방류승인 순차번호 836,HRFCO approval file
APR|837,Approval,방류승인 순차번호 837,HRFCO approval file
APR|838,Approval,방류승인 순차번호 838,HRFCO approval file
APR|839,Approval,방류승인 순차번호 839,HRFCO approval file
APR|840,Approval,방류승인 순차번호 840,HRFCO approval file
APR|841,Approval,방류승인 순차번호 841,HRFCO approval file
APR|842,Approval,방류승인 순차번호 842,HRFCO approval file
APR|843,Approval,방류승인 순차번호 843,HRFCO approval file
APR|844,Approval,방류승인 순차번호 844,HRFCO approval file
APR|845,Approval,방류승인 순차번호 845,HRFCO approval file
APR|846,Approval,방류승인 순차번호 846,HRFCO approval file
APR|847,Approval,방류승인 순차번호 847,HRFCO approval file
APR|848,Approval,방류승인 순차번호 848,HRFCO approval file
APR|849,Approval,방류승인 순차번호 849,HRFCO approval file
APR|850,Approval,방류승인 순차번호 850,HRFCO approval file
APR|851,Approval,방류승인 순차번호 851,HRFCO approval file
APR|852,Approval,방류승인 순차번호 852,HRFCO approval file
APR|853,Approval,방류승인 순차번호 853,HRFCO approval file
APR|854,Approval,방류승인 순차번호 854,HRFCO approval file
APR|855,Approval,방류승인 순차번호 855,HRFCO approval file
APR|856,Approval,방류승인 순차번호 856,HRFCO approval file
APR|857,Approval,방류승인 순차번호 857,HRFCO approval file
APR|858,Approval,방류승인 순차번호 858,HRFCO approval file
APR|859,Approval,방류승인 순차번호 859,HRFCO approval file
APR|860,Approval,방류승인 순차번호 860,HRFCO approval file
APR|861,Approval,방류승인 순차번호 861,HRFCO approval file
APR|862,Approval,방류승인 순차번호 862,HRFCO approval file
APR|863,Approval,방류승인 순차번호 863,HRFCO approval file
APR|864,Approval,방류승인 순차번호 864,HRFCO approval file
APR|865,Approval,방류승인 순차번호 865,HRFCO approval file
APR|866,Approval,방류승인 순차번호 866,HRFCO approval file
APR|867,Approval,방류승인 순차번호 867,HRFCO approval file
APR|868,Approval,방류승인 순차번호 868,HRFCO approval file
APR|869,Approval,방류승인 순차번호 869,HRFCO approval file
APR|870,Approval,방류승인 순차번호 870,HRFCO approval file
APR|871,Approval,방류승인 순차번호 871,HRFCO approval file
APR|872,Approval,방류승인 순차번호 872,HRFCO approval file
APR|873,Approval,방류승인 순차번호 873,HRFCO approval file
APR|874,Approval,방류승인 순차번호 874,HRFCO approval file
APR|875,Approval,방류승인 순차번호 875,HRFCO approval file
APR|876,Approval,방류승인 순차번호 876,HRFCO approval file
APR|877,Approval,방류승인 순차번호 877,HRFCO approval file
APR|878,Approval,방류승인 순차번호 878,HRFCO approval file
APR|879,Approval,방류승인 순차번호 879,HRFCO approval file
APR|880,Approval,방류승인 순차번호 880,HRFCO approval file
APR|881,Approval,방류승인 순차번호 881,HRFCO approval file
APR|882,Approval,방류승인 순차번호 882,HRFCO approval file
APR|883,Approval,방류승인 순차번호 883,HRFCO approval file
APR|884,Approval,방류승인 순차번호 884,HRFCO approval file
APR|885,Approval,방류승인 순차번호 885,HRFCO approval file
APR|886,Approval,방류승인 순차번호 886,HRFCO approval file
APR|887,Approval,방류승인 순차번호 887,HRFCO approval file
APR|888,Approval,방류승인 순차번호 888,HRFCO approval file
APR|889,Approval,방류승인 순차번호 889,HRFCO approval file
APR|890,Approval,방류승인 순차번호 890,HRFCO approval file
APR|891,Approval,방류승인 순차번호 891,HRFCO approval file
APR|892,Approval,방류승인 순차번호 892,HRFCO approval file
APR|893,Approval,방류승인 순차번호 893,HRFCO approval file
APR|894,Approval,방류승인 순차번호 894,HRFCO approval file
APR|895,Approval,방류승인 순차번호 895,HRFCO approval file
APR|896,Approval,방류승인 순차번호 896,HRFCO approval file
APR|897,Approval,방류승인 순차번호 897,HRFCO approval file
APR|898,Approval,방류승인 순차번호 898,HRFCO approval file
APR|899,Approval,방류승인 순차번호 899,HRFCO approval file
APR|900,Approval,방류승인 순차번호 900,HRFCO approval file
APR|901,Approval,방류승인 순차번호 901,HRFCO approval file
APR|902,Approval,방류승인 순차번호 902,HRFCO approval file
APR|903,Approval,방류승인 순차번호 903,HRFCO approval file
APR|904,Approval,방류승인 순차번호 904,HRFCO approval file
APR|905,Approval,방류승인 순차번호 905,HRFCO approval file
APR|906,Approval,방류승인 순차번호 906,HRFCO approval file
APR|907,Approval,방류승인 순차번호 907,HRFCO approval file
APR|908,Approval,방류승인 순차번호 908,HRFCO approval file
APR|909,Approval,방류승인 순차번호 909,HRFCO approval file
APR|910,Approval,방류승인 순차번호 910,HRFCO approval file
APR|911,Approval,방류승인 순차번호 911,HRFCO approval file
APR|912,Approval,방류승인 순차번호 912,HRFCO approval file
APR|913,Approval,방류승인 순차번호 913,HRFCO approval file
APR|914,Approval,방류승인 순차번호 914,HRFCO approval file
APR|915,Approval,방류승인 순차번호 915,HRFCO approval file
APR|916,Approval,방류승인 순차번호 916,HRFCO approval file
APR|917,Approval,방류승인 순차번호 917,HRFCO approval file
APR|918,Approval,방류승인 순차번호 918,HRFCO approval file
APR|919,Approval,방류승인 순차번호 919,HRFCO approval file
APR|920,Approval,방류승인 순차번호 920,HRFCO approval file
APR|921,Approval,방류승인 순차번호 921,HRFCO approval file
APR|922,Approval,방류승인 순차번호 922,HRFCO approval file
APR|923,Approval,방류승인 순차번호 923,HRFCO approval file
APR|924,Approval,방류승인 순차번호 924,HRFCO approval file
APR|925,Approval,방류승인 순차번호 925,HRFCO approval file
APR|926,Approval,방류승인 순차번호 926,HRFCO approval file
APR|927,Approval,방류승인 순차번호 927,HRFCO approval file
APR|928,Approval,방류승인 순차번호 928,HRFCO approval file
APR|929,Approval,방류승인 순차번호 929,HRFCO approval file
APR|930,Approval,방류승인 순차번호 930,HRFCO approval file
APR|931,Approval,방류승인 순차번호 931,HRFCO approval file
APR|932,Approval,방류승인 순차번호 932,HRFCO approval file
APR|933,Approval,방류승인 순차번호 933,HRFCO approval file
APR|934,Approval,방류승인 순차번호 934,HRFCO approval file
APR|935,Approval,방류승인 순차번호 935,HRFCO approval file
APR|936,Approval,방류승인 순차번호 936,HRFCO approval file
APR|937,Approval,방류승인 순차번호 937,HRFCO approval file
APR|938,Approval,방류승인 순차번호 938,HRFCO approval file
APR|939,Approval,방류승인 순차번호 939,HRFCO approval file
APR|940,Approval,방류승인 순차번호 940,HRFCO approval file
APR|941,Approval,방류승인 순차번호 941,HRFCO approval file
APR|942,Approval,방류승인 순차번호 942,HRFCO approval file
APR|943,Approval,방류승인 순차번호 943,HRFCO approval file
APR|944,Approval,방류승인 순차번호 944,HRFCO approval file
APR|945,Approval,방류승인 순차번호 945,HRFCO approval file
APR|946,Approval,방류승인 순차번호 946,HRFCO approval file
APR|947,Approval,방류승인 순차번호 947,HRFCO approval file
APR|948,Approval,방류승인 순차번호 948,HRFCO approval file
APR|949,Approval,방류승인 순차번호 949,HRFCO approval file
APR|950,Approval,방류승인 순차번호 950,HRFCO approval file
APR|951,Approval,방류승인 순차번호 951,HRFCO approval file
APR|952,Approval,방류승인 순차번호 952,HRFCO approval file
APR|953,Approval,방류승인 순차번호 953,HRFCO approval file
APR|954,Approval,방류승인 순차번호 954,HRFCO approval file
APR|955,Approval,방류승인 순차번호 955,HRFCO approval file
APR|956,Approval,방류승인 순차번호 956,HRFCO approval file
APR|957,Approval,방류승인 순차번호 957,HRFCO approval file
APR|958,Approval,방류승인 순차번호 958,HRFCO approval file
APR|959,Approval,방류승인 순차번호 959,HRFCO approval file
APR|960,Approval,방류승인 순차번호 960,HRFCO approval file
APR|961,Approval,방류승인 순차번호 961,HRFCO approval file
APR|962,Approval,방류승인 순차번호 962,HRFCO approval file
APR|963,Approval,방류승인 순차번호 963,HRFCO approval file
APR|964,Approval,방류승인 순차번호 964,HRFCO approval file
APR|965,Approval,방류승인 순차번호 965,HRFCO approval file
APR|966,Approval,방류승인 순차번호 966,HRFCO approval file
APR|967,Approval,방류승인 순차번호 967,HRFCO approval file
APR|968,Approval,방류승인 순차번호 968,HRFCO approval file
APR|969,Approval,방류승인 순차번호 969,HRFCO approval file
APR|970,Approval,방류승인 순차번호 970,HRFCO approval file
APR|971,Approval,방류승인 순차번호 971,HRFCO approval file
APR|972,Approval,방류승인 순차번호 972,HRFCO approval file
APR|973,Approval,방류승인 순차번호 973,HRFCO approval file
APR|974,Approval,방류승인 순차번호 974,HRFCO approval file
APR|975,Approval,방류승인 순차번호 975,HRFCO approval file
APR|976,Approval,방류승인 순차번호 976,HRFCO approval file
APR|977,Approval,방류승인 순차번호 977,HRFCO approval file
APR|978,Approval,방류승인 순차번호 978,HRFCO approval file
APR|979,Approval,방류승인 순차번호 979,HRFCO approval file
APR|980,Approval,방류승인 순차번호 980,HRFCO approval file
APR|981,Approval,방류승인 순차번호 981,HRFCO approval file
APR|982,Approval,방류승인 순차번호 982,HRFCO approval file
APR|983,Approval,방류승인 순차번호 983,HRFCO approval file
APR|984,Approval,방류승인 순차번호 984,HRFCO approval file
APR|985,Approval,방류승인 순차번호 985,HRFCO approval file
APR|986,Approval,방류승인 순차번호 986,HRFCO approval file
APR|987,Approval,방류승인 순차번호 987,HRFCO approval file
APR|988,Approval,방류승인 순차번호 988,HRFCO approval file
APR|989,Approval,방류승인 순차번호 989,HRFCO approval file
APR|990,Approval,방류승인 순차번호 990,HRFCO approval file
APR|991,Approval,방류승인 순차번호 991,HRFCO approval file
APR|992,Approval,방류승인 순차번호 992,HRFCO approval file
APR|993,Approval,방류승인 순차번호 993,HRFCO approval file
APR|994,Approval,방류승인 순차번호 994,HRFCO approval file
APR|995,Approval,방류승인 순차번호 995,HRFCO approval file
APR|996,Approval,방류승인 순차번호 996,HRFCO approval file
APR|997,Approval,방류승인 순차번호 997,HRFCO approval file
APR|998,Approval,방류승인 순차번호 998,HRFCO approval file
APR|999,Approval,방류승인 순차번호 999,HRFCO approval file
APR|1000,Approval,방류승인 순차번호 1000,HRFCO approval file
APR|1001,Approval,방류승인 순차번호 1001,HRFCO approval file
APR|1002,Approval,방류승인 순차번호 1002,HRFCO approval file
APR|1003,Approval,방류승인 순차번호 1003,HRFCO approval file
APR|1004,Approval,방류승인 순차번호 1004,HRFCO approval file
APR|1005,Approval,방류승인 순차번호 1005,HRFCO approval file
APR|1006,Approval,방류승인 순차번호 1006,HRFCO approval file
APR|1007,Approval,방류승인 순차번호 1007,HRFCO approval file
APR|1008,Approval,방류승인 순차번호 1008,HRFCO approval file
APR|1009,Approval,방류승인 순차번호 1009,HRFCO approval file
APR|1010,Approval,방류승인 순차번호 1010,HRFCO approval file
APR|1011,Approval,방류승인 순차번호 1011,HRFCO approval file
APR|1012,Approval,방류승인 순차번호 1012,HRFCO approval file
APR|1013,Approval,방류승인 순차번호 1013,HRFCO approval file
APR|1014,Approval,방류승인 순차번호 1014,HRFCO approval file
APR|1015,Approval,방류승인 순차번호 1015,HRFCO approval file
APR|1016,Approval,방류승인 순차번호 1016,HRFCO approval file
APR|1017,Approval,방류승인 순차번호 1017,HRFCO approval file
APR|1018,Approval,방류승인 순차번호 1018,HRFCO approval file
APR|1019,Approval,방류승인 순차번호 1019,HRFCO approval file
APR|1020,Approval,방류승인 순차번호 1020,HRFCO approval file
APR|1021,Approval,방류승인 순차번호 1021,HRFCO approval file
APR|1022,Approval,방류승인 순차번호 1022,HRFCO approval file
APR|1023,Approval,방류승인 순차번호 1023,HRFCO approval file
APR|1024,Approval,방류승인 순차번호 1024,HRFCO approval file
APR|1025,Approval,방류승인 순차번호 1025,HRFCO approval file
APR|1026,Approval,방류승인 순차번호 1026,HRFCO approval file
APR|1027,Approval,방류승인 순차번호 1027,HRFCO approval file
APR|1028,Approval,방류승인 순차번호 1028,HRFCO approval file
APR|1029,Approval,방류승인 순차번호 1029,HRFCO approval file
APR|1030,Approval,방류승인 순차번호 1030,HRFCO approval file
APR|1031,Approval,방류승인 순차번호 1031,HRFCO approval file
APR|1032,Approval,방류승인 순차번호 1032,HRFCO approval file
APR|1033,Approval,방류승인 순차번호 1033,HRFCO approval file
APR|1034,Approval,방류승인 순차번호 1034,HRFCO approval file
APR|1035,Approval,방류승인 순차번호 1035,HRFCO approval file
APR|1036,Approval,방류승인 순차번호 1036,HRFCO approval file
APR|1037,Approval,방류승인 순차번호 1037,HRFCO approval file
APR|1038,Approval,방류승인 순차번호 1038,HRFCO approval file
APR|1039,Approval,방류승인 순차번호 1039,HRFCO approval file
APR|1040,Approval,방류승인 순차번호 1040,HRFCO approval file
APR|1041,Approval,방류승인 순차번호 1041,HRFCO approval file
APR|1042,Approval,방류승인 순차번호 1042,HRFCO approval file
APR|1043,Approval,방류승인 순차번호 1043,HRFCO approval file
APR|1044,Approval,방류승인 순차번호 1044,HRFCO approval file
APR|1045,Approval,방류승인 순차번호 1045,HRFCO approval file
APR|1046,Approval,방류승인 순차번호 1046,HRFCO approval file
APR|1047,Approval,방류승인 순차번호 1047,HRFCO approval file
APR|1048,Approval,방류승인 순차번호 1048,HRFCO approval file
APR|1049,Approval,방류승인 순차번호 1049,HRFCO approval file
APR|1050,Approval,방류승인 순차번호 1050,HRFCO approval file
APR|1051,Approval,방류승인 순차번호 1051,HRFCO approval file
APR|1052,Approval,방류승인 순차번호 1052,HRFCO approval file
APR|1053,Approval,방류승인 순차번호 1053,HRFCO approval file
APR|1054,Approval,방류승인 순차번호 1054,HRFCO approval file
APR|1055,Approval,방류승인 순차번호 1055,HRFCO approval file
APR|1056,Approval,방류승인 순차번호 1056,HRFCO approval file
APR|1057,Approval,방류승인 순차번호 1057,HRFCO approval file
APR|1058,Approval,방류승인 순차번호 1058,HRFCO approval file
APR|1059,Approval,방류승인 순차번호 1059,HRFCO approval file
APR|1060,Approval,방류승인 순차번호 1060,HRFCO approval file
APR|1061,Approval,방류승인 순차번호 1061,HRFCO approval file
APR|1062,Approval,방류승인 순차번호 1062,HRFCO approval file
APR|1063,Approval,방류승인 순차번호 1063,HRFCO approval file
APR|1064,Approval,방류승인 순차번호 1064,HRFCO approval file
APR|1065,Approval,방류승인 순차번호 1065,HRFCO approval file
APR|1066,Approval,방류승인 순차번호 1066,HRFCO approval file
APR|1067,Approval,방류승인 순차번호 1067,HRFCO approval file
APR|1068,Approval,방류승인 순차번호 1068,HRFCO approval file
APR|1069,Approval,방류승인 순차번호 1069,HRFCO approval file
APR|1070,Approval,방류승인 순차번호 1070,HRFCO approval file
APR|1071,Approval,방류승인 순차번호 1071,HRFCO approval file
APR|1072,Approval,방류승인 순차번호 1072,HRFCO approval file
APR|1073,Approval,방류승인 순차번호 1073,HRFCO approval file
APR|1074,Approval,방류승인 순차번호 1074,HRFCO approval file
APR|1075,Approval,방류승인 순차번호 1075,HRFCO approval file
APR|1076,Approval,방류승인 순차번호 1076,HRFCO approval file
APR|1077,Approval,방류승인 순차번호 1077,HRFCO approval file
APR|1078,Approval,방류승인 순차번호 1078,HRFCO approval file
APR|1079,Approval,방류승인 순차번호 1079,HRFCO approval file
APR|1080,Approval,방류승인 순차번호 1080,HRFCO approval file
APR|1081,Approval,방류승인 순차번호 1081,HRFCO approval file
APR|1082,Approval,방류승인 순차번호 1082,HRFCO approval file
APR|1083,Approval,방류승인 순차번호 1083,HRFCO approval file
APR|1084,Approval,방류승인 순차번호 1084,HRFCO approval file
APR|1085,Approval,방류승인 순차번호 1085,HRFCO approval file
APR|1086,Approval,방류승인 순차번호 1086,HRFCO approval file
APR|1087,Approval,방류승인 순차번호 1087,HRFCO approval file
APR|1088,Approval,방류승인 순차번호 1088,HRFCO approval file
APR|1089,Approval,방류승인 순차번호 1089,HRFCO approval file
APR|1090,Approval,방류승인 순차번호 1090,HRFCO approval file
APR|1091,Approval,방류승인 순차번호 1091,HRFCO approval file
APR|1092,Approval,방류승인 순차번호 1092,HRFCO approval file
APR|1093,Approval,방류승인 순차번호 1093,HRFCO approval file
APR|1094,Approval,방류승인 순차번호 1094,HRFCO approval file
APR|1095,Approval,방류승인 순차번호 1095,HRFCO approval file
APR|1096,Approval,방류승인 순차번호 1096,HRFCO approval file
APR|1097,Approval,방류승인 순차번호 1097,HRFCO approval file
APR|1098,Approval,방류승인 순차번호 1098,HRFCO approval file
APR|1099,Approval,방류승인 순차번호 1099,HRFCO approval file
APR|1100,Approval,방류승인 순차번호 1100,HRFCO approval file
APR|1101,Approval,방류승인 순차번호 1101,HRFCO approval file
APR|1102,Approval,방류승인 순차번호 1102,HRFCO approval file
APR|1103,Approval,방류승인 순차번호 1103,HRFCO approval file
APR|1104,Approval,방류승인 순차번호 1104,HRFCO approval file
APR|1105,Approval,방류승인 순차번호 1105,HRFCO approval file
APR|1106,Approval,방류승인 순차번호 1106,HRFCO approval file
APR|1107,Approval,방류승인 순차번호 1107,HRFCO approval file
APR|1108,Approval,방류승인 순차번호 1108,HRFCO approval file
APR|1109,Approval,방류승인 순차번호 1109,HRFCO approval file
APR|1110,Approval,방류승인 순차번호 1110,HRFCO approval file
APR|1111,Approval,방류승인 순차번호 1111,HRFCO approval file
APR|1112,Approval,방류승인 순차번호 1112,HRFCO approval file
APR|1113,Approval,방류승인 순차번호 1113,HRFCO approval file
APR|1114,Approval,방류승인 순차번호 1114,HRFCO approval file
APR|1115,Approval,방류승인 순차번호 1115,HRFCO approval file
APR|1116,Approval,방류승인 순차번호 1116,HRFCO approval file
APR|1117,Approval,방류승인 순차번호 1117,HRFCO approval file
APR|1118,Approval,방류승인 순차번호 1118,HRFCO approval file
APR|1119,Approval,방류승인 순차번호 1119,HRFCO approval file
APR|1120,Approval,방류승인 순차번호 1120,HRFCO approval file
APR|1121,Approval,방류승인 순차번호 1121,HRFCO approval file
APR|1122,Approval,방류승인 순차번호 1122,HRFCO approval file
APR|1123,Approval,방류승인 순차번호 1123,HRFCO approval file
APR|1124,Approval,방류승인 순차번호 1124,HRFCO approval file
APR|1125,Approval,방류승인 순차번호 1125,HRFCO approval file
APR|1126,Approval,방류승인 순차번호 1126,HRFCO approval file
APR|1127,Approval,방류승인 순차번호 1127,HRFCO approval file
APR|1128,Approval,방류승인 순차번호 1128,HRFCO approval file
APR|1129,Approval,방류승인 순차번호 1129,HRFCO approval file
APR|1130,Approval,방류승인 순차번호 1130,HRFCO approval file
APR|1131,Approval,방류승인 순차번호 1131,HRFCO approval file
APR|1132,Approval,방류승인 순차번호 1132,HRFCO approval file
APR|1133,Approval,방류승인 순차번호 1133,HRFCO approval file
APR|1134,Approval,방류승인 순차번호 1134,HRFCO approval file
APR|1135,Approval,방류승인 순차번호 1135,HRFCO approval file
APR|1136,Approval,방류승인 순차번호 1136,HRFCO approval file
APR|1137,Approval,방류승인 순차번호 1137,HRFCO approval file
APR|1138,Approval,방류승인 순차번호 1138,HRFCO approval file
APR|1139,Approval,방류승인 순차번호 1139,HRFCO approval file
APR|1140,Approval,방류승인 순차번호 1140,HRFCO approval file
APR|1141,Approval,방류승인 순차번호 1141,HRFCO approval file
APR|1142,Approval,방류승인 순차번호 1142,HRFCO approval file
APR|1143,Approval,방류승인 순차번호 1143,HRFCO approval file
APR|1144,Approval,방류승인 순차번호 1144,HRFCO approval file
APR|1145,Approval,방류승인 순차번호 1145,HRFCO approval file
APR|1146,Approval,방류승인 순차번호 1146,HRFCO approval file
APR|1147,Approval,방류승인 순차번호 1147,HRFCO approval file
APR|1148,Approval,방류승인 순차번호 1148,HRFCO approval file
APR|1149,Approval,방류승인 순차번호 1149,HRFCO approval file
APR|1150,Approval,방류승인 순차번호 1150,HRFCO approval file
APR|1151,Approval,방류승인 순차번호 1151,HRFCO approval file
APR|1152,Approval,방류승인 순차번호 1152,HRFCO approval file
APR|1153,Approval,방류승인 순차번호 1153,HRFCO approval file
APR|1154,Approval,방류승인 순차번호 1154,HRFCO approval file
APR|1155,Approval,방류승인 순차번호 1155,HRFCO approval file
APR|1156,Approval,방류승인 순차번호 1156,HRFCO approval file
APR|1157,Approval,방류승인 순차번호 1157,HRFCO approval file
APR|1158,Approval,방류승인 순차번호 1158,HRFCO approval file
APR|1159,Approval,방류승인 순차번호 1159,HRFCO approval file
APR|1160,Approval,방류승인 순차번호 1160,HRFCO approval file
APR|1161,Approval,방류승인 순차번호 1161,HRFCO approval file
APR|1162,Approval,방류승인 순차번호 1162,HRFCO approval file
APR|1163,Approval,방류승인 순차번호 1163,HRFCO approval file
APR|1164,Approval,방류승인 순차번호 1164,HRFCO approval file
APR|1165,Approval,방류승인 순차번호 1165,HRFCO approval file
APR|1166,Approval,방류승인 순차번호 1166,HRFCO approval file
APR|1167,Approval,방류승인 순차번호 1167,HRFCO approval file
APR|1168,Approval,방류승인 순차번호 1168,HRFCO approval file
APR|1169,Approval,방류승인 순차번호 1169,HRFCO approval file
APR|1170,Approval,방류승인 순차번호 1170,HRFCO approval file
APR|1171,Approval,방류승인 순차번호 1171,HRFCO approval file
APR|1172,Approval,방류승인 순차번호 1172,HRFCO approval file
APR|1173,Approval,방류승인 순차번호 1173,HRFCO approval file
APR|1174,Approval,방류승인 순차번호 1174,HRFCO approval file
APR|1175,Approval,방류승인 순차번호 1175,HRFCO approval file
APR|1176,Approval,방류승인 순차번호 1176,HRFCO approval file
APR|1177,Approval,방류승인 순차번호 1177,HRFCO approval file
APR|1178,Approval,방류승인 순차번호 1178,HRFCO approval file
APR|1179,Approval,방류승인 순차번호 1179,HRFCO approval file
APR|1180,Approval,방류승인 순차번호 1180,HRFCO approval file
APR|1181,Approval,방류승인 순차번호 1181,HRFCO approval file
APR|1182,Approval,방류승인 순차번호 1182,HRFCO approval file
APR|1183,Approval,방류승인 순차번호 1183,HRFCO approval file
APR|1184,Approval,방류승인 순차번호 1184,HRFCO approval file
APR|1185,Approval,방류승인 순차번호 1185,HRFCO approval file
APR|1186,Approval,방류승인 순차번호 1186,HRFCO approval file
APR|1187,Approval,방류승인 순차번호 1187,HRFCO approval file
APR|1188,Approval,방류승인 순차번호 1188,HRFCO approval file
APR|1189,Approval,방류승인 순차번호 1189,HRFCO approval file
APR|1190,Approval,방류승인 순차번호 1190,HRFCO approval file
APR|1191,Approval,방류승인 순차번호 1191,HRFCO approval file
APR|1192,Approval,방류승인 순차번호 1192,HRFCO approval file
APR|1193,Approval,방류승인 순차번호 1193,HRFCO approval file
APR|1194,Approval,방류승인 순차번호 1194,HRFCO approval file
APR|1195,Approval,방류승인 순차번호 1195,HRFCO approval file
APR|1196,Approval,방류승인 순차번호 1196,HRFCO approval file
APR|1197,Approval,방류승인 순차번호 1197,HRFCO approval file
APR|1198,Approval,방류승인 순차번호 1198,HRFCO approval file
APR|1199,Approval,방류승인 순차번호 1199,HRFCO approval file
APR|1200,Approval,방류승인 순차번호 1200,HRFCO approval file
APR|1201,Approval,방류승인 순차번호 1201,HRFCO approval file
APR|1202,Approval,방류승인 순차번호 1202,HRFCO approval file
APR|1203,Approval,방류승인 순차번호 1203,HRFCO approval file
APR|1204,Approval,방류승인 순차번호 1204,HRFCO approval file
APR|1205,Approval,방류승인 순차번호 1205,HRFCO approval file
APR|1206,Approval,방류승인 순차번호 1206,HRFCO approval file
APR|1207,Approval,방류승인 순차번호 1207,HRFCO approval file
APR|1208,Approval,방류승인 순차번호 1208,HRFCO approval file
APR|1209,Approval,방류승인 순차번호 1209,HRFCO approval file
APR|1210,Approval,방류승인 순차번호 1210,HRFCO approval file
APR|1211,Approval,방류승인 순차번호 1211,HRFCO approval file
APR|1212,Approval,방류승인 순차번호 1212,HRFCO approval file
APR|1213,Approval,방류승인 순차번호 1213,HRFCO approval file
APR|1214,Approval,방류승인 순차번호 1214,HRFCO approval file
APR|1215,Approval,방류승인 순차번호 1215,HRFCO approval file
APR|1216,Approval,방류승인 순차번호 1216,HRFCO approval file
APR|1217,Approval,방류승인 순차번호 1217,HRFCO approval file
APR|1218,Approval,방류승인 순차번호 1218,HRFCO approval file
APR|1219,Approval,방류승인 순차번호 1219,HRFCO approval file
APR|1220,Approval,방류승인 순차번호 1220,HRFCO approval file
APR|1221,Approval,방류승인 순차번호 1221,HRFCO approval file
APR|1222,Approval,방류승인 순차번호 1222,HRFCO approval file
APR|1223,Approval,방류승인 순차번호 1223,HRFCO approval file
APR|1224,Approval,방류승인 순차번호 1224,HRFCO approval file
APR|1225,Approval,방류승인 순차번호 1225,HRFCO approval file
APR|1226,Approval,방류승인 순차번호 1226,HRFCO approval file
APR|1227,Approval,방류승인 순차번호 1227,HRFCO approval file
APR|1228,Approval,방류승인 순차번호 1228,HRFCO approval file
APR|1229,Approval,방류승인 순차번호 1229,HRFCO approval file
APR|1230,Approval,방류승인 순차번호 1230,HRFCO approval file
APR|1231,Approval,방류승인 순차번호 1231,HRFCO approval file
APR|1232,Approval,방류승인 순차번호 1232,HRFCO approval file
APR|1233,Approval,방류승인 순차번호 1233,HRFCO approval file
APR|1234,Approval,방류승인 순차번호 1234,HRFCO approval file
APR|1235,Approval,방류승인 순차번호 1235,HRFCO approval file
APR|1236,Approval,방류승인 순차번호 1236,HRFCO approval file
APR|1237,Approval,방류승인 순차번호 1237,HRFCO approval file
APR|1238,Approval,방류승인 순차번호 1238,HRFCO approval file
APR|1239,Approval,방류승인 순차번호 1239,HRFCO approval file
APR|1240,Approval,방류승인 순차번호 1240,HRFCO approval file
APR|1241,Approval,방류승인 순차번호 1241,HRFCO approval file
APR|1242,Approval,방류승인 순차번호 1242,HRFCO approval file
APR|1243,Approval,방류승인 순차번호 1243,HRFCO approval file
APR|1244,Approval,방류승인 순차번호 1244,HRFCO approval file
APR|1245,Approval,방류승인 순차번호 1245,HRFCO approval file
APR|1246,Approval,방류승인 순차번호 1246,HRFCO approval file
APR|1247,Approval,방류승인 순차번호 1247,HRFCO approval file
APR|1248,Approval,방류승인 순차번호 1248,HRFCO approval file
APR|1249,Approval,방류승인 순차번호 1249,HRFCO approval file
APR|1250,Approval,방류승인 순차번호 1250,HRFCO approval file
APR|1251,Approval,방류승인 순차번호 1251,HRFCO approval file
APR|1252,Approval,방류승인 순차번호 1252,HRFCO approval file
APR|1253,Approval,방류승인 순차번호 1253,HRFCO approval file
APR|1254,Approval,방류승인 순차번호 1254,HRFCO approval file
APR|1255,Approval,방류승인 순차번호 1255,HRFCO approval file
APR|1256,Approval,방류승인 순차번호 1256,HRFCO approval file
APR|1257,Approval,방류승인 순차번호 1257,HRFCO approval file
APR|1258,Approval,방류승인 순차번호 1258,HRFCO approval file
APR|1259,Approval,방류승인 순차번호 1259,HRFCO approval file
APR|1260,Approval,방류승인 순차번호 1260,HRFCO approval file
APR|1261,Approval,방류승인 순차번호 1261,HRFCO approval file
APR|1262,Approval,방류승인 순차번호 1262,HRFCO approval file
APR|1263,Approval,방류승인 순차번호 1263,HRFCO approval file
APR|1264,Approval,방류승인 순차번호 1264,HRFCO approval file
APR|1265,Approval,방류승인 순차번호 1265,HRFCO approval file
APR|1266,Approval,방류승인 순차번호 1266,HRFCO approval file
APR|1267,Approval,방류승인 순차번호 1267,HRFCO approval file
APR|1268,Approval,방류승인 순차번호 1268,HRFCO approval file
APR|1269,Approval,방류승인 순차번호 1269,HRFCO approval file
APR|1270,Approval,방류승인 순차번호 1270,HRFCO approval file
APR|1271,Approval,방류승인 순차번호 1271,HRFCO approval file
APR|1272,Approval,방류승인 순차번호 1272,HRFCO approval file
APR|1273,Approval,방류승인 순차번호 1273,HRFCO approval file
APR|1274,Approval,방류승인 순차번호 1274,HRFCO approval file
APR|1275,Approval,방류승인 순차번호 1275,HRFCO approval file
APR|1276,Approval,방류승인 순차번호 1276,HRFCO approval file
APR|1277,Approval,방류승인 순차번호 1277,HRFCO approval file
APR|1278,Approval,방류승인 순차번호 1278,HRFCO approval file
APR|1279,Approval,방류승인 순차번호 1279,HRFCO approval file
APR|1280,Approval,방류승인 순차번호 1280,HRFCO approval file
APR|1281,Approval,방류승인 순차번호 1281,HRFCO approval file
APR|1282,Approval,방류승인 순차번호 1282,HRFCO approval file
APR|1283,Approval,방류승인 순차번호 1283,HRFCO approval file
APR|1284,Approval,방류승인 순차번호 1284,HRFCO approval file
APR|1285,Approval,방류승인 순차번호 1285,HRFCO approval file
APR|1286,Approval,방류승인 순차번호 1286,HRFCO approval file
APR|1287,Approval,방류승인 순차번호 1287,HRFCO approval file
APR|1288,Approval,방류승인 순차번호 1288,HRFCO approval file
APR|1289,Approval,방류승인 순차번호 1289,HRFCO approval file
APR|1290,Approval,방류승인 순차번호 1290,HRFCO approval file
APR|1291,Approval,방류승인 순차번호 1291,HRFCO approval file
APR|1292,Approval,방류승인 순차번호 1292,HRFCO approval file
APR|1293,Approval,방류승인 순차번호 1293,HRFCO approval file
APR|1294,Approval,방류승인 순차번호 1294,HRFCO approval file
APR|1295,Approval,방류승인 순차번호 1295,HRFCO approval file
APR|1296,Approval,방류승인 순차번호 1296,HRFCO approval file
APR|1297,Approval,방류승인 순차번호 1297,HRFCO approval file
APR|1298,Approval,방류승인 순차번호 1298,HRFCO approval file
APR|1299,Approval,방류승인 순차번호 1299,HRFCO approval file
APR|1300,Approval,방류승인 순차번호 1300,HRFCO approval file
APR|1301,Approval,방류승인 순차번호 1301,HRFCO approval file
APR|1302,Approval,방류승인 순차번호 1302,HRFCO approval file
APR|1303,Approval,방류승인 순차번호 1303,HRFCO approval file
APR|1304,Approval,방류승인 순차번호 1304,HRFCO approval file
APR|1305,Approval,방류승인 순차번호 1305,HRFCO approval file
APR|1306,Approval,방류승인 순차번호 1306,HRFCO approval file
APR|1307,Approval,방류승인 순차번호 1307,HRFCO approval file
APR|1308,Approval,방류승인 순차번호 1308,HRFCO approval file
APR|1309,Approval,방류승인 순차번호 1309,HRFCO approval file
APR|1310,Approval,방류승인 순차번호 1310,HRFCO approval file
APR|1311,Approval,방류승인 순차번호 1311,HRFCO approval file
APR|1312,Approval,방류승인 순차번호 1312,HRFCO approval file
APR|1313,Approval,방류승인 순차번호 1313,HRFCO approval file
APR|1314,Approval,방류승인 순차번호 1314,HRFCO approval file
APR|1315,Approval,방류승인 순차번호 1315,HRFCO approval file
APR|1316,Approval,방류승인 순차번호 1316,HRFCO approval file
APR|1317,Approval,방류승인 순차번호 1317,HRFCO approval file
APR|1318,Approval,방류승인 순차번호 1318,HRFCO approval file
APR|1319,Approval,방류승인 순차번호 1319,HRFCO approval file
APR|1320,Approval,방류승인 순차번호 1320,HRFCO approval file
APR|1321,Approval,방류승인 순차번호 1321,HRFCO approval file
APR|1322,Approval,방류승인 순차번호 1322,HRFCO approval file
APR|1323,Approval,방류승인 순차번호 1323,HRFCO approval file
APR|1324,Approval,방류승인 순차번호 1324,HRFCO approval file
APR|1325,Approval,방류승인 순차번호 1325,HRFCO approval file
APR|1326,Approval,방류승인 순차번호 1326,HRFCO approval file
APR|1327,Approval,방류승인 순차번호 1327,HRFCO approval file
APR|1328,Approval,방류승인 순차번호 1328,HRFCO approval file
APR|1329,Approval,방류승인 순차번호 1329,HRFCO approval file
APR|1330,Approval,방류승인 순차번호 1330,HRFCO approval file
APR|1331,Approval,방류승인 순차번호 1331,HRFCO approval file
APR|1332,Approval,방류승인 순차번호 1332,HRFCO approval file
APR|1333,Approval,방류승인 순차번호 1333,HRFCO approval file
APR|1334,Approval,방류승인 순차번호 1334,HRFCO approval file
APR|1335,Approval,방류승인 순차번호 1335,HRFCO approval file
APR|1336,Approval,방류승인 순차번호 1336,HRFCO approval file
APR|1337,Approval,방류승인 순차번호 1337,HRFCO approval file
APR|1338,Approval,방류승인 순차번호 1338,HRFCO approval file
APR|1339,Approval,방류승인 순차번호 1339,HRFCO approval file
APR|1340,Approval,방류승인 순차번호 1340,HRFCO approval file
APR|1341,Approval,방류승인 순차번호 1341,HRFCO approval file
APR|1342,Approval,방류승인 순차번호 1342,HRFCO approval file
APR|1343,Approval,방류승인 순차번호 1343,HRFCO approval file
APR|1344,Approval,방류승인 순차번호 1344,HRFCO approval file
APR|1345,Approval,방류승인 순차번호 1345,HRFCO approval file
APR|1346,Approval,방류승인 순차번호 1346,HRFCO approval file
APR|1347,Approval,방류승인 순차번호 1347,HRFCO approval file
APR|1348,Approval,방류승인 순차번호 1348,HRFCO approval file
APR|1349,Approval,방류승인 순차번호 1349,HRFCO approval file
APR|1350,Approval,방류승인 순차번호 1350,HRFCO approval file
APR|1351,Approval,방류승인 순차번호 1351,HRFCO approval file
APR|1352,Approval,방류승인 순차번호 1352,HRFCO approval file
APR|1353,Approval,방류승인 순차번호 1353,HRFCO approval file
APR|1354,Approval,방류승인 순차번호 1354,HRFCO approval file
APR|1355,Approval,방류승인 순차번호 1355,HRFCO approval file
APR|1356,Approval,방류승인 순차번호 1356,HRFCO approval file
APR|1357,Approval,방류승인 순차번호 1357,HRFCO approval file
APR|1358,Approval,방류승인 순차번호 1358,HRFCO approval file
APR|1359,Approval,방류승인 순차번호 1359,HRFCO approval file
APR|1360,Approval,방류승인 순차번호 1360,HRFCO approval file
APR|1361,Approval,방류승인 순차번호 1361,HRFCO approval file
APR|1362,Approval,방류승인 순차번호 1362,HRFCO approval file
APR|1363,Approval,방류승인 순차번호 1363,HRFCO approval file
APR|1364,Approval,방류승인 순차번호 1364,HRFCO approval file
APR|1365,Approval,방류승인 순차번호 1365,HRFCO approval file
APR|1366,Approval,방류승인 순차번호 1366,HRFCO approval file
APR|1367,Approval,방류승인 순차번호 1367,HRFCO approval file
APR|1368,Approval,방류승인 순차번호 1368,HRFCO approval file
APR|1369,Approval,방류승인 순차번호 1369,HRFCO approval file
APR|1370,Approval,방류승인 순차번호 1370,HRFCO approval file
APR|1371,Approval,방류승인 순차번호 1371,HRFCO approval file
APR|1372,Approval,방류승인 순차번호 1372,HRFCO approval file
APR|1373,Approval,방류승인 순차번호 1373,HRFCO approval file
APR|1374,Approval,방류승인 순차번호 1374,HRFCO approval file
APR|1375,Approval,방류승인 순차번호 1375,HRFCO approval file
APR|1376,Approval,방류승인 순차번호 1376,HRFCO approval file
APR|1377,Approval,방류승인 순차번호 1377,HRFCO approval file
APR|1378,Approval,방류승인 순차번호 1378,HRFCO approval file
APR|1379,Approval,방류승인 순차번호 1379,HRFCO approval file
APR|1380,Approval,방류승인 순차번호 1380,HRFCO approval file
APR|1381,Approval,방류승인 순차번호 1381,HRFCO approval file
APR|1382,Approval,방류승인 순차번호 1382,HRFCO approval file
APR|1383,Approval,방류승인 순차번호 1383,HRFCO approval file
APR|1384,Approval,방류승인 순차번호 1384,HRFCO approval file
APR|1385,Approval,방류승인 순차번호 1385,HRFCO approval file
APR|1386,Approval,방류승인 순차번호 1386,HRFCO approval file
APR|1387,Approval,방류승인 순차번호 1387,HRFCO approval file
APR|1388,Approval,방류승인 순차번호 1388,HRFCO approval file
APR|1389,Approval,방류승인 순차번호 1389,HRFCO approval file
APR|1390,Approval,방류승인 순차번호 1390,HRFCO approval file
APR|1391,Approval,방류승인 순차번호 1391,HRFCO approval file
APR|1392,Approval,방류승인 순차번호 1392,HRFCO approval file
APR|1393,Approval,방류승인 순차번호 1393,HRFCO approval file
APR|1394,Approval,방류승인 순차번호 1394,HRFCO approval file
APR|1395,Approval,방류승인 순차번호 1395,HRFCO approval file
APR|1396,Approval,방류승인 순차번호 1396,HRFCO approval file
APR|1397,Approval,방류승인 순차번호 1397,HRFCO approval file
APR|1398,Approval,방류승인 순차번호 1398,HRFCO approval file
APR|1399,Approval,방류승인 순차번호 1399,HRFCO approval file
APR|1400,Approval,방류승인 순차번호 1400,HRFCO approval file
APR|1401,Approval,방류승인 순차번호 1401,HRFCO approval file
APR|1402,Approval,방류승인 순차번호 1402,HRFCO approval file
APR|1403,Approval,방류승인 순차번호 1403,HRFCO approval file
APR|1404,Approval,방류승인 순차번호 1404,HRFCO approval file
APR|1405,Approval,방류승인 순차번호 1405,HRFCO approval file
APR|1406,Approval,방류승인 순차번호 1406,HRFCO approval file
APR|1407,Approval,방류승인 순차번호 1407,HRFCO approval file
APR|1408,Approval,방류승인 순차번호 1408,HRFCO approval file
APR|1409,Approval,방류승인 순차번호 1409,HRFCO approval file
APR|1410,Approval,방류승인 순차번호 1410,HRFCO approval file
APR|1411,Approval,방류승인 순차번호 1411,HRFCO approval file
APR|1412,Approval,방류승인 순차번호 1412,HRFCO approval file
APR|1413,Approval,방류승인 순차번호 1413,HRFCO approval file
APR|1414,Approval,방류승인 순차번호 1414,HRFCO approval file
APR|1415,Approval,방류승인 순차번호 1415,HRFCO approval file
APR|1416,Approval,방류승인 순차번호 1416,HRFCO approval file
APR|1417,Approval,방류승인 순차번호 1417,HRFCO approval file
APR|1418,Approval,방류승인 순차번호 1418,HRFCO approval file
APR|1419,Approval,방류승인 순차번호 1419,HRFCO approval file
APR|1420,Approval,방류승인 순차번호 1420,HRFCO approval file
APR|1421,Approval,방류승인 순차번호 1421,HRFCO approval file
APR|1422,Approval,방류승인 순차번호 1422,HRFCO approval file
APR|1423,Approval,방류승인 순차번호 1423,HRFCO approval file
APR|1424,Approval,방류승인 순차번호 1424,HRFCO approval file
APR|1425,Approval,방류승인 순차번호 1425,HRFCO approval file
APR|1426,Approval,방류승인 순차번호 1426,HRFCO approval file
APR|1427,Approval,방류승인 순차번호 1427,HRFCO approval file
APR|1428,Approval,방류승인 순차번호 1428,HRFCO approval file
APR|1429,Approval,방류승인 순차번호 1429,HRFCO approval file
APR|1430,Approval,방류승인 순차번호 1430,HRFCO approval file
APR|1431,Approval,방류승인 순차번호 1431,HRFCO approval file
APR|1432,Approval,방류승인 순차번호 1432,HRFCO approval file
APR|1433,Approval,방류승인 순차번호 1433,HRFCO approval file
APR|1434,Approval,방류승인 순차번호 1434,HRFCO approval file
APR|1435,Approval,방류승인 순차번호 1435,HRFCO approval file
APR|1436,Approval,방류승인 순차번호 1436,HRFCO approval file
APR|1437,Approval,방류승인 순차번호 1437,HRFCO approval file
APR|1438,Approval,방류승인 순차번호 1438,HRFCO approval file
APR|1439,Approval,방류승인 순차번호 1439,HRFCO approval file
APR|1440,Approval,방류승인 순차번호 1440,HRFCO approval file
APR|1441,Approval,방류승인 순차번호 1441,HRFCO approval file
APR|1442,Approval,방류승인 순차번호 1442,HRFCO approval file
APR|1443,Approval,방류승인 순차번호 1443,HRFCO approval file
APR|1444,Approval,방류승인 순차번호 1444,HRFCO approval file
APR|1445,Approval,방류승인 순차번호 1445,HRFCO approval file
APR|1446,Approval,방류승인 순차번호 1446,HRFCO approval file
APR|1447,Approval,방류승인 순차번호 1447,HRFCO approval file
APR|1448,Approval,방류승인 순차번호 1448,HRFCO approval file
APR|1449,Approval,방류승인 순차번호 1449,HRFCO approval file
APR|1450,Approval,방류승인 순차번호 1450,HRFCO approval file
APR|1451,Approval,방류승인 순차번호 1451,HRFCO approval file
APR|1452,Approval,방류승인 순차번호 1452,HRFCO approval file
APR|1453,Approval,방류승인 순차번호 1453,HRFCO approval file
APR|1454,Approval,방류승인 순차번호 1454,HRFCO approval file
APR|1455,Approval,방류승인 순차번호 1455,HRFCO approval file
APR|1456,Approval,방류승인 순차번호 1456,HRFCO approval file
APR|1457,Approval,방류승인 순차번호 1457,HRFCO approval file
APR|1458,Approval,방류승인 순차번호 1458,HRFCO approval file
APR|1459,Approval,방류승인 순차번호 1459,HRFCO approval file
APR|1460,Approval,방류승인 순차번호 1460,HRFCO approval file
APR|1461,Approval,방류승인 순차번호 1461,HRFCO approval file
APR|1462,Approval,방류승인 순차번호 1462,HRFCO approval file
APR|1463,Approval,방류승인 순차번호 1463,HRFCO approval file
APR|1464,Approval,방류승인 순차번호 1464,HRFCO approval file
APR|1465,Approval,방류승인 순차번호 1465,HRFCO approval file
APR|1466,Approval,방류승인 순차번호 1466,HRFCO approval file
APR|1467,Approval,방류승인 순차번호 1467,HRFCO approval file
APR|1468,Approval,방류승인 순차번호 1468,HRFCO approval file
APR|1469,Approval,방류승인 순차번호 1469,HRFCO approval file
APR|1470,Approval,방류승인 순차번호 1470,HRFCO approval file
APR|1471,Approval,방류승인 순차번호 1471,HRFCO approval file
APR|1472,Approval,방류승인 순차번호 1472,HRFCO approval file
APR|1473,Approval,방류승인 순차번호 1473,HRFCO approval file
APR|1474,Approval,방류승인 순차번호 1474,HRFCO approval file
APR|1475,Approval,방류승인 순차번호 1475,HRFCO approval file
APR|1476,Approval,방류승인 순차번호 1476,HRFCO approval file
APR|1477,Approval,방류승인 순차번호 1477,HRFCO approval file
APR|1478,Approval,방류승인 순차번호 1478,HRFCO approval file
APR|1479,Approval,방류승인 순차번호 1479,HRFCO approval file
APR|1480,Approval,방류승인 순차번호 1480,HRFCO approval file
APR|1481,Approval,방류승인 순차번호 1481,HRFCO approval file
APR|1482,Approval,방류승인 순차번호 1482,HRFCO approval file
APR|1483,Approval,방류승인 순차번호 1483,HRFCO approval file
APR|1484,Approval,방류승인 순차번호 1484,HRFCO approval file
APR|1485,Approval,방류승인 순차번호 1485,HRFCO approval file
APR|1486,Approval,방류승인 순차번호 1486,HRFCO approval file
APR|1487,Approval,방류승인 순차번호 1487,HRFCO approval file
APR|1488,Approval,방류승인 순차번호 1488,HRFCO approval file
APR|1489,Approval,방류승인 순차번호 1489,HRFCO approval file
APR|1490,Approval,방류승인 순차번호 1490,HRFCO approval file
APR|1491,Approval,방류승인 순차번호 1491,HRFCO approval file
APR|1492,Approval,방류승인 순차번호 1492,HRFCO approval file
APR|1493,Approval,방류승인 순차번호 1493,HRFCO approval file
APR|1494,Approval,방류승인 순차번호 1494,HRFCO approval file
APR|1495,Approval,방류승인 순차번호 1495,HRFCO approval file
APR|1496,Approval,방류승인 순차번호 1496,HRFCO approval file
APR|1497,Approval,방류승인 순차번호 1497,HRFCO approval file
APR|1498,Approval,방류승인 순차번호 1498,HRFCO approval file
APR|1499,Approval,방류승인 순차번호 1499,HRFCO approval file
APR|1500,Approval,방류승인 순차번호 1500,HRFCO approval file
APR|1501,Approval,방류승인 순차번호 1501,HRFCO approval file
APR|1502,Approval,방류승인 순차번호 1502,HRFCO approval file
APR|1503,Approval,방류승인 순차번호 1503,HRFCO approval file
APR|1504,Approval,방류승인 순차번호 1504,HRFCO approval file
APR|1505,Approval,방류승인 순차번호 1505,HRFCO approval file
APR|1506,Approval,방류승인 순차번호 1506,HRFCO approval file
APR|1507,Approval,방류승인 순차번호 1507,HRFCO approval file
APR|1508,Approval,방류승인 순차번호 1508,HRFCO approval file
APR|1509,Approval,방류승인 순차번호 1509,HRFCO approval file
APR|1510,Approval,방류승인 순차번호 1510,HRFCO approval file
APR|1511,Approval,방류승인 순차번호 1511,HRFCO approval file
APR|1512,Approval,방류승인 순차번호 1512,HRFCO approval file
APR|1513,Approval,방류승인 순차번호 1513,HRFCO approval file
APR|1514,Approval,방류승인 순차번호 1514,HRFCO approval file
APR|1515,Approval,방류승인 순차번호 1515,HRFCO approval file
APR|1516,Approval,방류승인 순차번호 1516,HRFCO approval file
APR|1517,Approval,방류승인 순차번호 1517,HRFCO approval file
APR|1518,Approval,방류승인 순차번호 1518,HRFCO approval file
APR|1519,Approval,방류승인 순차번호 1519,HRFCO approval file
APR|1520,Approval,방류승인 순차번호 1520,HRFCO approval file
APR|1521,Approval,방류승인 순차번호 1521,HRFCO approval file
APR|1522,Approval,방류승인 순차번호 1522,HRFCO approval file
APR|1523,Approval,방류승인 순차번호 1523,HRFCO approval file
APR|1524,Approval,방류승인 순차번호 1524,HRFCO approval file
APR|1525,Approval,방류승인 순차번호 1525,HRFCO approval file
APR|1526,Approval,방류승인 순차번호 1526,HRFCO approval file
APR|1527,Approval,방류승인 순차번호 1527,HRFCO approval file
APR|1528,Approval,방류승인 순차번호 1528,HRFCO approval file
APR|1529,Approval,방류승인 순차번호 1529,HRFCO approval file
APR|1530,Approval,방류승인 순차번호 1530,HRFCO approval file
APR|1531,Approval,방류승인 순차번호 1531,HRFCO approval file
APR|1532,Approval,방류승인 순차번호 1532,HRFCO approval file
APR|1533,Approval,방류승인 순차번호 1533,HRFCO approval file
APR|1534,Approval,방류승인 순차번호 1534,HRFCO approval file
APR|1535,Approval,방류승인 순차번호 1535,HRFCO approval file
APR|1536,Approval,방류승인 순차번호 1536,HRFCO approval file
APR|1537,Approval,방류승인 순차번호 1537,HRFCO approval file
APR|1538,Approval,방류승인 순차번호 1538,HRFCO approval file
APR|1539,Approval,방류승인 순차번호 1539,HRFCO approval file
APR|1540,Approval,방류승인 순차번호 1540,HRFCO approval file
APR|1541,Approval,방류승인 순차번호 1541,HRFCO approval file
APR|1542,Approval,방류승인 순차번호 1542,HRFCO approval file
APR|1543,Approval,방류승인 순차번호 1543,HRFCO approval file
APR|1544,Approval,방류승인 순차번호 1544,HRFCO approval file
APR|1545,Approval,방류승인 순차번호 1545,HRFCO approval file
APR|1546,Approval,방류승인 순차번호 1546,HRFCO approval file
APR|1547,Approval,방류승인 순차번호 1547,HRFCO approval file
APR|1548,Approval,방류승인 순차번호 1548,HRFCO approval file
APR|1549,Approval,방류승인 순차번호 1549,HRFCO approval file
APR|1550,Approval,방류승인 순차번호 1550,HRFCO approval file
APR|1551,Approval,방류승인 순차번호 1551,HRFCO approval file
APR|1552,Approval,방류승인 순차번호 1552,HRFCO approval file
APR|1553,Approval,방류승인 순차번호 1553,HRFCO approval file
APR|1554,Approval,방류승인 순차번호 1554,HRFCO approval file
APR|1555,Approval,방류승인 순차번호 1555,HRFCO approval file
APR|1556,Approval,방류승인 순차번호 1556,HRFCO approval file
APR|1557,Approval,방류승인 순차번호 1557,HRFCO approval file
APR|1558,Approval,방류승인 순차번호 1558,HRFCO approval file
APR|1559,Approval,방류승인 순차번호 1559,HRFCO approval file
APR|1560,Approval,방류승인 순차번호 1560,HRFCO approval file
APR|1561,Approval,방류승인 순차번호 1561,HRFCO approval file
APR|1562,Approval,방류승인 순차번호 1562,HRFCO approval file
APR|1563,Approval,방류승인 순차번호 1563,HRFCO approval file
APR|1564,Approval,방류승인 순차번호 1564,HRFCO approval file
APR|1565,Approval,방류승인 순차번호 1565,HRFCO approval file
APR|1566,Approval,방류승인 순차번호 1566,HRFCO approval file
APR|1567,Approval,방류승인 순차번호 1567,HRFCO approval file
APR|1568,Approval,방류승인 순차번호 1568,HRFCO approval file
APR|1569,Approval,방류승인 순차번호 1569,HRFCO approval file
APR|1570,Approval,방류승인 순차번호 1570,HRFCO approval file
APR|1571,Approval,방류승인 순차번호 1571,HRFCO approval file
APR|1572,Approval,방류승인 순차번호 1572,HRFCO approval file
APR|1573,Approval,방류승인 순차번호 1573,HRFCO approval file
APR|1574,Approval,방류승인 순차번호 1574,HRFCO approval file
APR|1575,Approval,방류승인 순차번호 1575,HRFCO approval file
APR|1576,Approval,방류승인 순차번호 1576,HRFCO approval file
APR|1577,Approval,방류승인 순차번호 1577,HRFCO approval file
APR|1578,Approval,방류승인 순차번호 1578,HRFCO approval file
APR|1579,Approval,방류승인 순차번호 1579,HRFCO approval file
APR|1580,Approval,방류승인 순차번호 1580,HRFCO approval file
APR|1581,Approval,방류승인 순차번호 1581,HRFCO approval file
APR|1582,Approval,방류승인 순차번호 1582,HRFCO approval file
APR|1583,Approval,방류승인 순차번호 1583,HRFCO approval file
APR|1584,Approval,방류승인 순차번호 1584,HRFCO approval file
APR|1585,Approval,방류승인 순차번호 1585,HRFCO approval file
APR|1586,Approval,방류승인 순차번호 1586,HRFCO approval file
APR|1587,Approval,방류승인 순차번호 1587,HRFCO approval file
APR|1588,Approval,방류승인 순차번호 1588,HRFCO approval file
APR|1589,Approval,방류승인 순차번호 1589,HRFCO approval file
APR|1590,Approval,방류승인 순차번호 1590,HRFCO approval file
APR|1591,Approval,방류승인 순차번호 1591,HRFCO approval file
APR|1592,Approval,방류승인 순차번호 1592,HRFCO approval file
APR|1593,Approval,방류승인 순차번호 1593,HRFCO approval file
APR|1594,Approval,방류승인 순차번호 1594,HRFCO approval file
APR|1595,Approval,방류승인 순차번호 1595,HRFCO approval file
APR|1596,Approval,방류승인 순차번호 1596,HRFCO approval file
APR|1597,Approval,방류승인 순차번호 1597,HRFCO approval file
APR|1598,Approval,방류승인 순차번호 1598,HRFCO approval file
APR|1599,Approval,방류승인 순차번호 1599,HRFCO approval file
APR|1600,Approval,방류승인 순차번호 1600,HRFCO approval file
APR|1601,Approval,방류승인 순차번호 1601,HRFCO approval file
APR|1602,Approval,방류승인 순차번호 1602,HRFCO approval file
APR|1603,Approval,방류승인 순차번호 1603,HRFCO approval file
APR|1604,Approval,방류승인 순차번호 1604,HRFCO approval file
APR|1605,Approval,방류승인 순차번호 1605,HRFCO approval file
APR|1606,Approval,방류승인 순차번호 1606,HRFCO approval file
APR|1607,Approval,방류승인 순차번호 1607,HRFCO approval file
APR|1608,Approval,방류승인 순차번호 1608,HRFCO approval file
APR|1609,Approval,방류승인 순차번호 1609,HRFCO approval file
APR|1610,Approval,방류승인 순차번호 1610,HRFCO approval file
APR|1611,Approval,방류승인 순차번호 1611,HRFCO approval file
APR|1612,Approval,방류승인 순차번호 1612,HRFCO approval file
APR|1613,Approval,방류승인 순차번호 1613,HRFCO approval file
APR|1614,Approval,방류승인 순차번호 1614,HRFCO approval file
APR|1615,Approval,방류승인 순차번호 1615,HRFCO approval file
APR|1616,Approval,방류승인 순차번호 1616,HRFCO approval file
APR|1617,Approval,방류승인 순차번호 1617,HRFCO approval file
APR|1618,Approval,방류승인 순차번호 1618,HRFCO approval file
APR|1619,Approval,방류승인 순차번호 1619,HRFCO approval file
APR|1620,Approval,방류승인 순차번호 1620,HRFCO approval file
APR|1621,Approval,방류승인 순차번호 1621,HRFCO approval file
APR|1622,Approval,방류승인 순차번호 1622,HRFCO approval file
APR|1623,Approval,방류승인 순차번호 1623,HRFCO approval file
APR|1624,Approval,방류승인 순차번호 1624,HRFCO approval file
APR|1625,Approval,방류승인 순차번호 1625,HRFCO approval file
APR|1626,Approval,방류승인 순차번호 1626,HRFCO approval file
APR|1627,Approval,방류승인 순차번호 1627,HRFCO approval file
APR|1628,Approval,방류승인 순차번호 1628,HRFCO approval file
APR|1629,Approval,방류승인 순차번호 1629,HRFCO approval file
APR|1630,Approval,방류승인 순차번호 1630,HRFCO approval file
APR|1631,Approval,방류승인 순차번호 1631,HRFCO approval file
APR|1632,Approval,방류승인 순차번호 1632,HRFCO approval file
APR|1633,Approval,방류승인 순차번호 1633,HRFCO approval file
APR|1634,Approval,방류승인 순차번호 1634,HRFCO approval file
APR|1635,Approval,방류승인 순차번호 1635,HRFCO approval file
APR|1636,Approval,방류승인 순차번호 1636,HRFCO approval file
APR|1637,Approval,방류승인 순차번호 1637,HRFCO approval file
APR|1638,Approval,방류승인 순차번호 1638,HRFCO approval file
APR|1639,Approval,방류승인 순차번호 1639,HRFCO approval file
APR|1640,Approval,방류승인 순차번호 1640,HRFCO approval file
APR|1641,Approval,방류승인 순차번호 1641,HRFCO approval file
APR|1642,Approval,방류승인 순차번호 1642,HRFCO approval file
APR|1643,Approval,방류승인 순차번호 1643,HRFCO approval file
APR|1644,Approval,방류승인 순차번호 1644,HRFCO approval file
APR|1645,Approval,방류승인 순차번호 1645,HRFCO approval file
APR|1646,Approval,방류승인 순차번호 1646,HRFCO approval file
APR|1647,Approval,방류승인 순차번호 1647,HRFCO approval file
APR|1648,Approval,방류승인 순차번호 1648,HRFCO approval file
APR|1649,Approval,방류승인 순차번호 1649,HRFCO approval file
APR|1650,Approval,방류승인 순차번호 1650,HRFCO approval file
APR|1651,Approval,방류승인 순차번호 1651,HRFCO approval file
APR|1652,Approval,방류승인 순차번호 1652,HRFCO approval file
APR|1653,Approval,방류승인 순차번호 1653,HRFCO approval file
APR|1654,Approval,방류승인 순차번호 1654,HRFCO approval file
APR|1655,Approval,방류승인 순차번호 1655,HRFCO approval file
APR|1656,Approval,방류승인 순차번호 1656,HRFCO approval file
APR|1657,Approval,방류승인 순차번호 1657,HRFCO approval file
APR|1658,Approval,방류승인 순차번호 1658,HRFCO approval file
APR|1659,Approval,방류승인 순차번호 1659,HRFCO approval file
APR|1660,Approval,방류승인 순차번호 1660,HRFCO approval file
APR|1661,Approval,방류승인 순차번호 1661,HRFCO approval file
APR|1662,Approval,방류승인 순차번호 1662,HRFCO approval file
APR|1663,Approval,방류승인 순차번호 1663,HRFCO approval file
APR|1664,Approval,방류승인 순차번호 1664,HRFCO approval file
APR|1665,Approval,방류승인 순차번호 1665,HRFCO approval file
APR|1666,Approval,방류승인 순차번호 1666,HRFCO approval file
APR|1667,Approval,방류승인 순차번호 1667,HRFCO approval file
APR|1668,Approval,방류승인 순차번호 1668,HRFCO approval file
APR|1669,Approval,방류승인 순차번호 1669,HRFCO approval file
APR|1670,Approval,방류승인 순차번호 1670,HRFCO approval file
APR|1671,Approval,방류승인 순차번호 1671,HRFCO approval file
APR|1672,Approval,방류승인 순차번호 1672,HRFCO approval file
APR|1673,Approval,방류승인 순차번호 1673,HRFCO approval file
APR|1674,Approval,방류승인 순차번호 1674,HRFCO approval file
APR|1675,Approval,방류승인 순차번호 1675,HRFCO approval file
APR|1676,Approval,방류승인 순차번호 1676,HRFCO approval file
APR|1677,Approval,방류승인 순차번호 1677,HRFCO approval file
APR|1678,Approval,방류승인 순차번호 1678,HRFCO approval file
APR|1679,Approval,방류승인 순차번호 1679,HRFCO approval file
APR|1680,Approval,방류승인 순차번호 1680,HRFCO approval file
APR|1681,Approval,방류승인 순차번호 1681,HRFCO approval file
APR|1682,Approval,방류승인 순차번호 1682,HRFCO approval file
APR|1683,Approval,방류승인 순차번호 1683,HRFCO approval file
APR|1684,Approval,방류승인 순차번호 1684,HRFCO approval file
APR|1685,Approval,방류승인 순차번호 1685,HRFCO approval file
APR|1686,Approval,방류승인 순차번호 1686,HRFCO approval file
APR|1687,Approval,방류승인 순차번호 1687,HRFCO approval file
APR|1688,Approval,방류승인 순차번호 1688,HRFCO approval file
APR|1689,Approval,방류승인 순차번호 1689,HRFCO approval file
APR|1690,Approval,방류승인 순차번호 1690,HRFCO approval file
APR|1691,Approval,방류승인 순차번호 1691,HRFCO approval file
APR|1692,Approval,방류승인 순차번호 1692,HRFCO approval file
APR|1693,Approval,방류승인 순차번호 1693,HRFCO approval file
APR|1694,Approval,방류승인 순차번호 1694,HRFCO approval file
APR|1695,Approval,방류승인 순차번호 1695,HRFCO approval file
APR|1696,Approval,방류승인 순차번호 1696,HRFCO approval file
APR|1697,Approval,방류승인 순차번호 1697,HRFCO approval file
APR|1698,Approval,방류승인 순차번호 1698,HRFCO approval file
APR|1699,Approval,방류승인 순차번호 1699,HRFCO approval file
APR|1700,Approval,방류승인 순차번호 1700,HRFCO approval file
APR|1701,Approval,방류승인 순차번호 1701,HRFCO approval file
APR|1702,Approval,방류승인 순차번호 1702,HRFCO approval file
APR|1703,Approval,방류승인 순차번호 1703,HRFCO approval file
APR|1704,Approval,방류승인 순차번호 1704,HRFCO approval file
APR|1705,Approval,방류승인 순차번호 1705,HRFCO approval file
APR|1706,Approval,방류승인 순차번호 1706,HRFCO approval file
APR|1707,Approval,방류승인 순차번호 1707,HRFCO approval file
APR|1708,Approval,방류승인 순차번호 1708,HRFCO approval file
APR|1709,Approval,방류승인 순차번호 1709,HRFCO approval file
APR|1710,Approval,방류승인 순차번호 1710,HRFCO approval file
APR|1711,Approval,방류승인 순차번호 1711,HRFCO approval file
APR|1712,Approval,방류승인 순차번호 1712,HRFCO approval file
APR|1713,Approval,방류승인 순차번호 1713,HRFCO approval file
APR|1714,Approval,방류승인 순차번호 1714,HRFCO approval file
APR|1715,Approval,방류승인 순차번호 1715,HRFCO approval file
APR|1716,Approval,방류승인 순차번호 1716,HRFCO approval file
APR|1717,Approval,방류승인 순차번호 1717,HRFCO approval file
APR|1718,Approval,방류승인 순차번호 1718,HRFCO approval file
APR|1719,Approval,방류승인 순차번호 1719,HRFCO approval file
APR|1720,Approval,방류승인 순차번호 1720,HRFCO approval file
APR|1721,Approval,방류승인 순차번호 1721,HRFCO approval file
APR|1722,Approval,방류승인 순차번호 1722,HRFCO approval file
APR|1723,Approval,방류승인 순차번호 1723,HRFCO approval file
APR|1724,Approval,방류승인 순차번호 1724,HRFCO approval file
APR|1725,Approval,방류승인 순차번호 1725,HRFCO approval file
APR|1726,Approval,방류승인 순차번호 1726,HRFCO approval file
APR|1727,Approval,방류승인 순차번호 1727,HRFCO approval file
APR|1728,Approval,방류승인 순차번호 1728,HRFCO approval file
APR|1729,Approval,방류승인 순차번호 1729,HRFCO approval file
APR|1730,Approval,방류승인 순차번호 1730,HRFCO approval file
APR|1731,Approval,방류승인 순차번호 1731,HRFCO approval file
APR|1732,Approval,방류승인 순차번호 1732,HRFCO approval file
APR|1733,Approval,방류승인 순차번호 1733,HRFCO approval file
APR|1734,Approval,방류승인 순차번호 1734,HRFCO approval file
APR|1735,Approval,방류승인 순차번호 1735,HRFCO approval file
APR|1736,Approval,방류승인 순차번호 1736,HRFCO approval file
APR|1737,Approval,방류승인 순차번호 1737,HRFCO approval file
APR|1738,Approval,방류승인 순차번호 1738,HRFCO approval file
APR|1739,Approval,방류승인 순차번호 1739,HRFCO approval file
APR|1740,Approval,방류승인 순차번호 1740,HRFCO approval file
APR|1741,Approval,방류승인 순차번호 1741,HRFCO approval file
APR|1742,Approval,방류승인 순차번호 1742,HRFCO approval file
APR|1743,Approval,방류승인 순차번호 1743,HRFCO approval file
APR|1744,Approval,방류승인 순차번호 1744,HRFCO approval file
APR|1745,Approval,방류승인 순차번호 1745,HRFCO approval file
APR|1746,Approval,방류승인 순차번호 1746,HRFCO approval file
APR|1747,Approval,방류승인 순차번호 1747,HRFCO approval file
APR|1748,Approval,방류승인 순차번호 1748,HRFCO approval file
APR|1749,Approval,방류승인 순차번호 1749,HRFCO approval file
APR|1750,Approval,방류승인 순차번호 1750,HRFCO approval file
APR|1751,Approval,방류승인 순차번호 1751,HRFCO approval file
APR|1752,Approval,방류승인 순차번호 1752,HRFCO approval file
APR|1753,Approval,방류승인 순차번호 1753,HRFCO approval file
APR|1754,Approval,방류승인 순차번호 1754,HRFCO approval file
APR|1755,Approval,방류승인 순차번호 1755,HRFCO approval file
APR|1756,Approval,방류승인 순차번호 1756,HRFCO approval file
APR|1757,Approval,방류승인 순차번호 1757,HRFCO approval file
APR|1758,Approval,방류승인 순차번호 1758,HRFCO approval file
APR|1759,Approval,방류승인 순차번호 1759,HRFCO approval file
APR|1760,Approval,방류승인 순차번호 1760,HRFCO approval file
APR|1761,Approval,방류승인 순차번호 1761,HRFCO approval file
APR|1762,Approval,방류승인 순차번호 1762,HRFCO approval file
APR|1763,Approval,방류승인 순차번호 1763,HRFCO approval file
APR|1764,Approval,방류승인 순차번호 1764,HRFCO approval file
APR|1765,Approval,방류승인 순차번호 1765,HRFCO approval file
APR|1766,Approval,방류승인 순차번호 1766,HRFCO approval file
APR|1767,Approval,방류승인 순차번호 1767,HRFCO approval file
APR|1768,Approval,방류승인 순차번호 1768,HRFCO approval file
APR|1769,Approval,방류승인 순차번호 1769,HRFCO approval file
APR|1770,Approval,방류승인 순차번호 1770,HRFCO approval file
APR|1771,Approval,방류승인 순차번호 1771,HRFCO approval file
APR|1772,Approval,방류승인 순차번호 1772,HRFCO approval file
APR|1773,Approval,방류승인 순차번호 1773,HRFCO approval file
APR|1774,Approval,방류승인 순차번호 1774,HRFCO approval file
APR|1775,Approval,방류승인 순차번호 1775,HRFCO approval file
APR|1776,Approval,방류승인 순차번호 1776,HRFCO approval file
APR|1777,Approval,방류승인 순차번호 1777,HRFCO approval file
APR|1778,Approval,방류승인 순차번호 1778,HRFCO approval file
APR|1779,Approval,방류승인 순차번호 1779,HRFCO approval file
APR|1780,Approval,방류승인 순차번호 1780,HRFCO approval file
APR|1781,Approval,방류승인 순차번호 1781,HRFCO approval file
APR|1782,Approval,방류승인 순차번호 1782,HRFCO approval file
APR|1783,Approval,방류승인 순차번호 1783,HRFCO approval file
APR|1784,Approval,방류승인 순차번호 1784,HRFCO approval file
APR|1785,Approval,방류승인 순차번호 1785,HRFCO approval file
APR|1786,Approval,방류승인 순차번호 1786,HRFCO approval file
APR|1787,Approval,방류승인 순차번호 1787,HRFCO approval file
APR|1788,Approval,방류승인 순차번호 1788,HRFCO approval file
APR|1789,Approval,방류승인 순차번호 1789,HRFCO approval file
APR|1790,Approval,방류승인 순차번호 1790,HRFCO approval file
APR|1791,Approval,방류승인 순차번호 1791,HRFCO approval file
APR|1792,Approval,방류승인 순차번호 1792,HRFCO approval file
APR|1793,Approval,방류승인 순차번호 1793,HRFCO approval file
APR|1794,Approval,방류승인 순차번호 1794,HRFCO approval file
APR|1795,Approval,방류승인 순차번호 1795,HRFCO approval file
APR|1796,Approval,방류승인 순차번호 1796,HRFCO approval file
APR|1797,Approval,방류승인 순차번호 1797,HRFCO approval file
APR|1798,Approval,방류승인 순차번호 1798,HRFCO approval file
APR|1799,Approval,방류승인 순차번호 1799,HRFCO approval file
APR|1800,Approval,방류승인 순차번호 1800,HRFCO approval file
APR|1801,Approval,방류승인 순차번호 1801,HRFCO approval file
APR|1802,Approval,방류승인 순차번호 1802,HRFCO approval file
APR|1803,Approval,방류승인 순차번호 1803,HRFCO approval file
APR|1804,Approval,방류승인 순차번호 1804,HRFCO approval file
APR|1805,Approval,방류승인 순차번호 1805,HRFCO approval file
APR|1806,Approval,방류승인 순차번호 1806,HRFCO approval file
APR|1807,Approval,방류승인 순차번호 1807,HRFCO approval file
APR|1808,Approval,방류승인 순차번호 1808,HRFCO approval file
APR|1809,Approval,방류승인 순차번호 1809,HRFCO approval file
APR|1810,Approval,방류승인 순차번호 1810,HRFCO approval file
APR|1811,Approval,방류승인 순차번호 1811,HRFCO approval file
APR|1812,Approval,방류승인 순차번호 1812,HRFCO approval file
APR|1813,Approval,방류승인 순차번호 1813,HRFCO approval file
APR|1814,Approval,방류승인 순차번호 1814,HRFCO approval file
APR|1815,Approval,방류승인 순차번호 1815,HRFCO approval file
APR|1816,Approval,방류승인 순차번호 1816,HRFCO approval file
APR|1817,Approval,방류승인 순차번호 1817,HRFCO approval file
APR|1818,Approval,방류승인 순차번호 1818,HRFCO approval file
APR|1819,Approval,방류승인 순차번호 1819,HRFCO approval file
APR|1820,Approval,방류승인 순차번호 1820,HRFCO approval file
APR|1821,Approval,방류승인 순차번호 1821,HRFCO approval file
APR|1822,Approval,방류승인 순차번호 1822,HRFCO approval file
APR|1823,Approval,방류승인 순차번호 1823,HRFCO approval file
APR|1824,Approval,방류승인 순차번호 1824,HRFCO approval file
APR|1825,Approval,방류승인 순차번호 1825,HRFCO approval file
APR|1826,Approval,방류승인 순차번호 1826,HRFCO approval file
APR|1827,Approval,방류승인 순차번호 1827,HRFCO approval file
APR|1828,Approval,방류승인 순차번호 1828,HRFCO approval file
APR|1829,Approval,방류승인 순차번호 1829,HRFCO approval file
APR|1830,Approval,방류승인 순차번호 1830,HRFCO approval file
APR|1831,Approval,방류승인 순차번호 1831,HRFCO approval file
APR|1832,Approval,방류승인 순차번호 1832,HRFCO approval file
APR|1833,Approval,방류승인 순차번호 1833,HRFCO approval file
APR|1834,Approval,방류승인 순차번호 1834,HRFCO approval file
APR|1835,Approval,방류승인 순차번호 1835,HRFCO approval file
APR|1836,Approval,방류승인 순차번호 1836,HRFCO approval file
APR|1837,Approval,방류승인 순차번호 1837,HRFCO approval file
APR|1838,Approval,방류승인 순차번호 1838,HRFCO approval file
APR|1839,Approval,방류승인 순차번호 1839,HRFCO approval file
APR|1840,Approval,방류승인 순차번호 1840,HRFCO approval file
APR|1841,Approval,방류승인 순차번호 1841,HRFCO approval file
APR|1842,Approval,방류승인 순차번호 1842,HRFCO approval file
APR|1843,Approval,방류승인 순차번호 1843,HRFCO approval file
APR|1844,Approval,방류승인 순차번호 1844,HRFCO approval file
APR|1845,Approval,방류승인 순차번호 1845,HRFCO approval file
APR|1846,Approval,방류승인 순차번호 1846,HRFCO approval file
APR|1847,Approval,방류승인 순차번호 1847,HRFCO approval file
APR|1848,Approval,방류승인 순차번호 1848,HRFCO approval file
APR|1849,Approval,방류승인 순차번호 1849,HRFCO approval file
APR|1850,Approval,방류승인 순차번호 1850,HRFCO approval file
APR|1851,Approval,방류승인 순차번호 1851,HRFCO approval file
APR|1852,Approval,방류승인 순차번호 1852,HRFCO approval file
APR|1853,Approval,방류승인 순차번호 1853,HRFCO approval file
APR|1854,Approval,방류승인 순차번호 1854,HRFCO approval file
APR|1855,Approval,방류승인 순차번호 1855,HRFCO approval file
APR|1856,Approval,방류승인 순차번호 1856,HRFCO approval file
APR|1857,Approval,방류승인 순차번호 1857,HRFCO approval file
APR|1858,Approval,방류승인 순차번호 1858,HRFCO approval file
APR|1859,Approval,방류승인 순차번호 1859,HRFCO approval file
APR|1860,Approval,방류승인 순차번호 1860,HRFCO approval file
APR|1861,Approval,방류승인 순차번호 1861,HRFCO approval file
APR|1862,Approval,방류승인 순차번호 1862,HRFCO approval file
APR|1863,Approval,방류승인 순차번호 1863,HRFCO approval file
APR|1864,Approval,방류승인 순차번호 1864,HRFCO approval file
APR|1865,Approval,방류승인 순차번호 1865,HRFCO approval file
APR|1866,Approval,방류승인 순차번호 1866,HRFCO approval file
APR|1867,Approval,방류승인 순차번호 1867,HRFCO approval file
APR|1868,Approval,방류승인 순차번호 1868,HRFCO approval file
APR|1869,Approval,방류승인 순차번호 1869,HRFCO approval file
APR|1870,Approval,방류승인 순차번호 1870,HRFCO approval file
APR|1871,Approval,방류승인 순차번호 1871,HRFCO approval file
APR|1872,Approval,방류승인 순차번호 1872,HRFCO approval file
APR|1873,Approval,방류승인 순차번호 1873,HRFCO approval file
APR|1874,Approval,방류승인 순차번호 1874,HRFCO approval file
APR|1875,Approval,방류승인 순차번호 1875,HRFCO approval file
APR|1876,Approval,방류승인 순차번호 1876,HRFCO approval file
APR|1877,Approval,방류승인 순차번호 1877,HRFCO approval file
APR|1878,Approval,방류승인 순차번호 1878,HRFCO approval file
APR|1879,Approval,방류승인 순차번호 1879,HRFCO approval file
APR|1880,Approval,방류승인 순차번호 1880,HRFCO approval file
APR|1881,Approval,방류승인 순차번호 1881,HRFCO approval file
APR|1882,Approval,방류승인 순차번호 1882,HRFCO approval file
APR|1883,Approval,방류승인 순차번호 1883,HRFCO approval file
APR|1884,Approval,방류승인 순차번호 1884,HRFCO approval file
APR|1885,Approval,방류승인 순차번호 1885,HRFCO approval file
APR|1886,Approval,방류승인 순차번호 1886,HRFCO approval file
APR|1887,Approval,방류승인 순차번호 1887,HRFCO approval file
APR|1888,Approval,방류승인 순차번호 1888,HRFCO approval file
APR|1889,Approval,방류승인 순차번호 1889,HRFCO approval file
APR|1890,Approval,방류승인 순차번호 1890,HRFCO approval file
APR|1891,Approval,방류승인 순차번호 1891,HRFCO approval file
APR|1892,Approval,방류승인 순차번호 1892,HRFCO approval file
APR|1893,Approval,방류승인 순차번호 1893,HRFCO approval file
APR|1894,Approval,방류승인 순차번호 1894,HRFCO approval file
APR|1895,Approval,방류승인 순차번호 1895,HRFCO approval file
APR|1896,Approval,방류승인 순차번호 1896,HRFCO approval file
APR|1897,Approval,방류승인 순차번호 1897,HRFCO approval file
APR|1898,Approval,방류승인 순차번호 1898,HRFCO approval file
APR|1899,Approval,방류승인 순차번호 1899,HRFCO approval file
APR|1900,Approval,방류승인 순차번호 1900,HRFCO approval file
APR|1901,Approval,방류승인 순차번호 1901,HRFCO approval file
APR|1902,Approval,방류승인 순차번호 1902,HRFCO approval file
APR|1903,Approval,방류승인 순차번호 1903,HRFCO approval file
APR|1904,Approval,방류승인 순차번호 1904,HRFCO approval file
APR|1905,Approval,방류승인 순차번호 1905,HRFCO approval file
APR|1906,Approval,방류승인 순차번호 1906,HRFCO approval file
APR|1907,Approval,방류승인 순차번호 1907,HRFCO approval file
APR|1908,Approval,방류승인 순차번호 1908,HRFCO approval file
APR|1909,Approval,방류승인 순차번호 1909,HRFCO approval file
APR|1910,Approval,방류승인 순차번호 1910,HRFCO approval file
APR|1911,Approval,방류승인 순차번호 1911,HRFCO approval file
APR|1912,Approval,방류승인 순차번호 1912,HRFCO approval file
APR|1913,Approval,방류승인 순차번호 1913,HRFCO approval file
APR|1914,Approval,방류승인 순차번호 1914,HRFCO approval file
APR|1915,Approval,방류승인 순차번호 1915,HRFCO approval file
APR|1916,Approval,방류승인 순차번호 1916,HRFCO approval file
APR|1917,Approval,방류승인 순차번호 1917,HRFCO approval file
APR|1918,Approval,방류승인 순차번호 1918,HRFCO approval file
APR|1919,Approval,방류승인 순차번호 1919,HRFCO approval file
APR|1920,Approval,방류승인 순차번호 1920,HRFCO approval file
APR|1921,Approval,방류승인 순차번호 1921,HRFCO approval file
APR|1922,Approval,방류승인 순차번호 1922,HRFCO approval file
APR|1923,Approval,방류승인 순차번호 1923,HRFCO approval file
APR|1924,Approval,방류승인 순차번호 1924,HRFCO approval file
APR|1925,Approval,방류승인 순차번호 1925,HRFCO approval file
APR|1926,Approval,방류승인 순차번호 1926,HRFCO approval file
APR|1927,Approval,방류승인 순차번호 1927,HRFCO approval file
APR|1928,Approval,방류승인 순차번호 1928,HRFCO approval file
APR|1929,Approval,방류승인 순차번호 1929,HRFCO approval file
APR|1930,Approval,방류승인 순차번호 1930,HRFCO approval file
APR|1931,Approval,방류승인 순차번호 1931,HRFCO approval file
APR|1932,Approval,방류승인 순차번호 1932,HRFCO approval file
APR|1933,Approval,방류승인 순차번호 1933,HRFCO approval file
APR|1934,Approval,방류승인 순차번호 1934,HRFCO approval file
APR|1935,Approval,방류승인 순차번호 1935,HRFCO approval file
APR|1936,Approval,방류승인 순차번호 1936,HRFCO approval file
APR|1937,Approval,방류승인 순차번호 1937,HRFCO approval file
APR|1938,Approval,방류승인 순차번호 1938,HRFCO approval file
APR|1939,Approval,방류승인 순차번호 1939,HRFCO approval file
APR|1940,Approval,방류승인 순차번호 1940,HRFCO approval file
APR|1941,Approval,방류승인 순차번호 1941,HRFCO approval file
APR|1942,Approval,방류승인 순차번호 1942,HRFCO approval file
APR|1943,Approval,방류승인 순차번호 1943,HRFCO approval file
APR|1944,Approval,방류승인 순차번호 1944,HRFCO approval file
APR|1945,Approval,방류승인 순차번호 1945,HRFCO approval file
APR|1946,Approval,방류승인 순차번호 1946,HRFCO approval file
APR|1947,Approval,방류승인 순차번호 1947,HRFCO approval file
APR|1948,Approval,방류승인 순차번호 1948,HRFCO approval file
APR|1949,Approval,방류승인 순차번호 1949,HRFCO approval file
APR|1950,Approval,방류승인 순차번호 1950,HRFCO approval file
APR|1951,Approval,방류승인 순차번호 1951,HRFCO approval file
APR|1952,Approval,방류승인 순차번호 1952,HRFCO approval file
APR|1953,Approval,방류승인 순차번호 1953,HRFCO approval file
APR|1954,Approval,방류승인 순차번호 1954,HRFCO approval file
APR|1955,Approval,방류승인 순차번호 1955,HRFCO approval file
APR|1956,Approval,방류승인 순차번호 1956,HRFCO approval file
APR|1957,Approval,방류승인 순차번호 1957,HRFCO approval file
APR|1958,Approval,방류승인 순차번호 1958,HRFCO approval file
APR|1959,Approval,방류승인 순차번호 1959,HRFCO approval file
APR|1960,Approval,방류승인 순차번호 1960,HRFCO approval file
APR|1961,Approval,방류승인 순차번호 1961,HRFCO approval file
APR|1962,Approval,방류승인 순차번호 1962,HRFCO approval file
APR|1963,Approval,방류승인 순차번호 1963,HRFCO approval file
APR|1964,Approval,방류승인 순차번호 1964,HRFCO approval file
APR|1965,Approval,방류승인 순차번호 1965,HRFCO approval file
APR|1966,Approval,방류승인 순차번호 1966,HRFCO approval file
APR|1967,Approval,방류승인 순차번호 1967,HRFCO approval file
APR|1968,Approval,방류승인 순차번호 1968,HRFCO approval file
APR|1969,Approval,방류승인 순차번호 1969,HRFCO approval file
APR|1970,Approval,방류승인 순차번호 1970,HRFCO approval file
APR|1971,Approval,방류승인 순차번호 1971,HRFCO approval file
APR|1972,Approval,방류승인 순차번호 1972,HRFCO approval file
APR|1973,Approval,방류승인 순차번호 1973,HRFCO approval file
APR|1974,Approval,방류승인 순차번호 1974,HRFCO approval file
APR|1975,Approval,방류승인 순차번호 1975,HRFCO approval file
APR|1976,Approval,방류승인 순차번호 1976,HRFCO approval file
APR|1977,Approval,방류승인 순차번호 1977,HRFCO approval file
APR|1978,Approval,방류승인 순차번호 1978,HRFCO approval file
APR|1979,Approval,방류승인 순차번호 1979,HRFCO approval file
APR|1980,Approval,방류승인 순차번호 1980,HRFCO approval file
APR|1981,Approval,방류승인 순차번호 1981,HRFCO approval file
APR|1982,Approval,방류승인 순차번호 1982,HRFCO approval file
APR|1983,Approval,방류승인 순차번호 1983,HRFCO approval file
APR|1984,Approval,방류승인 순차번호 1984,HRFCO approval file
APR|1985,Approval,방류승인 순차번호 1985,HRFCO approval file
APR|1986,Approval,방류승인 순차번호 1986,HRFCO approval file
APR|1987,Approval,방류승인 순차번호 1987,HRFCO approval file
APR|1988,Approval,방류승인 순차번호 1988,HRFCO approval file
APR|1989,Approval,방류승인 순차번호 1989,HRFCO approval file
APR|1990,Approval,방류승인 순차번호 1990,HRFCO approval file
APR|1991,Approval,방류승인 순차번호 1991,HRFCO approval file
APR|1992,Approval,방류승인 순차번호 1992,HRFCO approval file
APR|1993,Approval,방류승인 순차번호 1993,HRFCO approval file
APR|1994,Approval,방류승인 순차번호 1994,HRFCO approval file
APR|1995,Approval,방류승인 순차번호 1995,HRFCO approval file
APR|1996,Approval,방류승인 순차번호 1996,HRFCO approval file
APR|1997,Approval,방류승인 순차번호 1997,HRFCO approval file
APR|1998,Approval,방류승인 순차번호 1998,HRFCO approval file
APR|1999,Approval,방류승인 순차번호 1999,HRFCO approval file
APR|2000,Approval,방류승인 순차번호 2000,HRFCO approval file
APR|2001,Approval,방류승인 순차번호 2001,HRFCO approval file
APR|2002,Approval,방류승인 순차번호 2002,HRFCO approval file
APR|2003,Approval,방류승인 순차번호 2003,HRFCO approval file
APR|2004,Approval,방류승인 순차번호 2004,HRFCO approval file
APR|2005,Approval,방류승인 순차번호 2005,HRFCO approval file
APR|2006,Approval,방류승인 순차번호 2006,HRFCO approval file
APR|2007,Approval,방류승인 순차번호 2007,HRFCO approval file
APR|2008,Approval,방류승인 순차번호 2008,HRFCO approval file
APR|2009,Approval,방류승인 순차번호 2009,HRFCO approval file
APR|2010,Approval,방류승인 순차번호 2010,HRFCO approval file
APR|2011,Approval,방류승인 순차번호 2011,HRFCO approval file
APR|2012,Approval,방류승인 순차번호 2012,HRFCO approval file
APR|2013,Approval,방류승인 순차번호 2013,HRFCO approval file
APR|2014,Approval,방류승인 순차번호 2014,HRFCO approval file
APR|2015,Approval,방류승인 순차번호 2015,HRFCO approval file
APR|2016,Approval,방류승인 순차번호 2016,HRFCO approval file
APR|2017,Approval,방류승인 순차번호 2017,HRFCO approval file
APR|2018,Approval,방류승인 순차번호 2018,HRFCO approval file
APR|2019,Approval,방류승인 순차번호 2019,HRFCO approval file
APR|2020,Approval,방류승인 순차번호 2020,HRFCO approval file
APR|2021,Approval,방류승인 순차번호 2021,HRFCO approval file
APR|2022,Approval,방류승인 순차번호 2022,HRFCO approval file
APR|2023,Approval,방류승인 순차번호 2023,HRFCO approval file
APR|2024,Approval,방류승인 순차번호 2024,HRFCO approval file
APR|2025,Approval,방류승인 순차번호 2025,HRFCO approval file
APR|2026,Approval,방류승인 순차번호 2026,HRFCO approval file
APR|2027,Approval,방류승인 순차번호 2027,HRFCO approval file
APR|2028,Approval,방류승인 순차번호 2028,HRFCO approval file
APR|2029,Approval,방류승인 순차번호 2029,HRFCO approval file
APR|2030,Approval,방류승인 순차번호 2030,HRFCO approval file
APR|2031,Approval,방류승인 순차번호 2031,HRFCO approval file
APR|2032,Approval,방류승인 순차번호 2032,HRFCO approval file
APR|2033,Approval,방류승인 순차번호 2033,HRFCO approval file
APR|2034,Approval,방류승인 순차번호 2034,HRFCO approval file
APR|2035,Approval,방류승인 순차번호 2035,HRFCO approval file
APR|2036,Approval,방류승인 순차번호 2036,HRFCO approval file
APR|2037,Approval,방류승인 순차번호 2037,HRFCO approval file
APR|2038,Approval,방류승인 순차번호 2038,HRFCO approval file
APR|2039,Approval,방류승인 순차번호 2039,HRFCO approval file
APR|2040,Approval,방류승인 순차번호 2040,HRFCO approval file
APR|2041,Approval,방류승인 순차번호 2041,HRFCO approval file
APR|2042,Approval,방류승인 순차번호 2042,HRFCO approval file
APR|2043,Approval,방류승인 순차번호 2043,HRFCO approval file
APR|2044,Approval,방류승인 순차번호 2044,HRFCO approval file
APR|2045,Approval,방류승인 순차번호 2045,HRFCO approval file
APR|2046,Approval,방류승인 순차번호 2046,HRFCO approval file
APR|2047,Approval,방류승인 순차번호 2047,HRFCO approval file
APR|2048,Approval,방류승인 순차번호 2048,HRFCO approval file
APR|2049,Approval,방류승인 순차번호 2049,HRFCO approval file
APR|2050,Approval,방류승인 순차번호 2050,HRFCO approval file
APR|2051,Approval,방류승인 순차번호 2051,HRFCO approval file
APR|2052,Approval,방류승인 순차번호 2052,HRFCO approval file
APR|2053,Approval,방류승인 순차번호 2053,HRFCO approval file
APR|2054,Approval,방류승인 순차번호 2054,HRFCO approval file
APR|2055,Approval,방류승인 순차번호 2055,HRFCO approval file
APR|2056,Approval,방류승인 순차번호 2056,HRFCO approval file
APR|2057,Approval,방류승인 순차번호 2057,HRFCO approval file
APR|2058,Approval,방류승인 순차번호 2058,HRFCO approval file
APR|2059,Approval,방류승인 순차번호 2059,HRFCO approval file
APR|2060,Approval,방류승인 순차번호 2060,HRFCO approval file
APR|2061,Approval,방류승인 순차번호 2061,HRFCO approval file
APR|2062,Approval,방류승인 순차번호 2062,HRFCO approval file
APR|2063,Approval,방류승인 순차번호 2063,HRFCO approval file
APR|2064,Approval,방류승인 순차번호 2064,HRFCO approval file
APR|2065,Approval,방류승인 순차번호 2065,HRFCO approval file
APR|2066,Approval,방류승인 순차번호 2066,HRFCO approval file
APR|2067,Approval,방류승인 순차번호 2067,HRFCO approval file
APR|2068,Approval,방류승인 순차번호 2068,HRFCO approval file
APR|2069,Approval,방류승인 순차번호 2069,HRFCO approval file
APR|2070,Approval,방류승인 순차번호 2070,HRFCO approval file
APR|2071,Approval,방류승인 순차번호 2071,HRFCO approval file
APR|2072,Approval,방류승인 순차번호 2072,HRFCO approval file
APR|2073,Approval,방류승인 순차번호 2073,HRFCO approval file
APR|2074,Approval,방류승인 순차번호 2074,HRFCO approval file
APR|2075,Approval,방류승인 순차번호 2075,HRFCO approval file
APR|2076,Approval,방류승인 순차번호 2076,HRFCO approval file
APR|2077,Approval,방류승인 순차번호 2077,HRFCO approval file
APR|2078,Approval,방류승인 순차번호 2078,HRFCO approval file
APR|2079,Approval,방류승인 순차번호 2079,HRFCO approval file
APR|2080,Approval,방류승인 순차번호 2080,HRFCO approval file
APR|2081,Approval,방류승인 순차번호 2081,HRFCO approval file
APR|2082,Approval,방류승인 순차번호 2082,HRFCO approval file
APR|2083,Approval,방류승인 순차번호 2083,HRFCO approval file
APR|2084,Approval,방류승인 순차번호 2084,HRFCO approval file
APR|2085,Approval,방류승인 순차번호 2085,HRFCO approval file
APR|2086,Approval,방류승인 순차번호 2086,HRFCO approval file
APR|2087,Approval,방류승인 순차번호 2087,HRFCO approval file
APR|2088,Approval,방류승인 순차번호 2088,HRFCO approval file
APR|2089,Approval,방류승인 순차번호 2089,HRFCO approval file
APR|2090,Approval,방류승인 순차번호 2090,HRFCO approval file
APR|2091,Approval,방류승인 순차번호 2091,HRFCO approval file
APR|2092,Approval,방류승인 순차번호 2092,HRFCO approval file
APR|2093,Approval,방류승인 순차번호 2093,HRFCO approval file
APR|2094,Approval,방류승인 순차번호 2094,HRFCO approval file
APR|2095,Approval,방류승인 순차번호 2095,HRFCO approval file
APR|2096,Approval,방류승인 순차번호 2096,HRFCO approval file
APR|2097,Approval,방류승인 순차번호 2097,HRFCO approval file
APR|2098,Approval,방류승인 순차번호 2098,HRFCO approval file
APR|2099,Approval,방류승인 순차번호 2099,HRFCO approval file
APR|2100,Approval,방류승인 순차번호 2100,HRFCO approval file
APR|2101,Approval,방류승인 순차번호 2101,HRFCO approval file
APR|2102,Approval,방류승인 순차번호 2102,HRFCO approval file
APR|2103,Approval,방류승인 순차번호 2103,HRFCO approval file
APR|2104,Approval,방류승인 순차번호 2104,HRFCO approval file
APR|2105,Approval,방류승인 순차번호 2105,HRFCO approval file
APR|2106,Approval,방류승인 순차번호 2106,HRFCO approval file
APR|2107,Approval,방류승인 순차번호 2107,HRFCO approval file
APR|2108,Approval,방류승인 순차번호 2108,HRFCO approval file
APR|2109,Approval,방류승인 순차번호 2109,HRFCO approval file
APR|2110,Approval,방류승인 순차번호 2110,HRFCO approval file
APR|2111,Approval,방류승인 순차번호 2111,HRFCO approval file
APR|2112,Approval,방류승인 순차번호 2112,HRFCO approval file
APR|2113,Approval,방류승인 순차번호 2113,HRFCO approval file
APR|2114,Approval,방류승인 순차번호 2114,HRFCO approval file
APR|2115,Approval,방류승인 순차번호 2115,HRFCO approval file
APR|2116,Approval,방류승인 순차번호 2116,HRFCO approval file
APR|2117,Approval,방류승인 순차번호 2117,HRFCO approval file
APR|2118,Approval,방류승인 순차번호 2118,HRFCO approval file
APR|2119,Approval,방류승인 순차번호 2119,HRFCO approval file
APR|2120,Approval,방류승인 순차번호 2120,HRFCO approval file
APR|2121,Approval,방류승인 순차번호 2121,HRFCO approval file
APR|2122,Approval,방류승인 순차번호 2122,HRFCO approval file
APR|2123,Approval,방류승인 순차번호 2123,HRFCO approval file
APR|2124,Approval,방류승인 순차번호 2124,HRFCO approval file
APR|2125,Approval,방류승인 순차번호 2125,HRFCO approval file
APR|2126,Approval,방류승인 순차번호 2126,HRFCO approval file
APR|2127,Approval,방류승인 순차번호 2127,HRFCO approval file
APR|2128,Approval,방류승인 순차번호 2128,HRFCO approval file
APR|2129,Approval,방류승인 순차번호 2129,HRFCO approval file
APR|2130,Approval,방류승인 순차번호 2130,HRFCO approval file
APR|2131,Approval,방류승인 순차번호 2131,HRFCO approval file
APR|2132,Approval,방류승인 순차번호 2132,HRFCO approval file
APR|2133,Approval,방류승인 순차번호 2133,HRFCO approval file
APR|2134,Approval,방류승인 순차번호 2134,HRFCO approval file
APR|2135,Approval,방류승인 순차번호 2135,HRFCO approval file
APR|2136,Approval,방류승인 순차번호 2136,HRFCO approval file
APR|2137,Approval,방류승인 순차번호 2137,HRFCO approval file
APR|2138,Approval,방류승인 순차번호 2138,HRFCO approval file
APR|2139,Approval,방류승인 순차번호 2139,HRFCO approval file
APR|2140,Approval,방류승인 순차번호 2140,HRFCO approval file
APR|2141,Approval,방류승인 순차번호 2141,HRFCO approval file
APR|2142,Approval,방류승인 순차번호 2142,HRFCO approval file
APR|2143,Approval,방류승인 순차번호 2143,HRFCO approval file
APR|2144,Approval,방류승인 순차번호 2144,HRFCO approval file
APR|2145,Approval,방류승인 순차번호 2145,HRFCO approval file
APR|2146,Approval,방류승인 순차번호 2146,HRFCO approval file
APR|2147,Approval,방류승인 순차번호 2147,HRFCO approval file
APR|2148,Approval,방류승인 순차번호 2148,HRFCO approval file
APR|2149,Approval,방류승인 순차번호 2149,HRFCO approval file
APR|2150,Approval,방류승인 순차번호 2150,HRFCO approval file
APR|2151,Approval,방류승인 순차번호 2151,HRFCO approval file
APR|2152,Approval,방류승인 순차번호 2152,HRFCO approval file
APR|2153,Approval,방류승인 순차번호 2153,HRFCO approval file
APR|2154,Approval,방류승인 순차번호 2154,HRFCO approval file
APR|2155,Approval,방류승인 순차번호 2155,HRFCO approval file
APR|2156,Approval,방류승인 순차번호 2156,HRFCO approval file
APR|2157,Approval,방류승인 순차번호 2157,HRFCO approval file
APR|2158,Approval,방류승인 순차번호 2158,HRFCO approval file
APR|2159,Approval,방류승인 순차번호 2159,HRFCO approval file
APR|2160,Approval,방류승인 순차번호 2160,HRFCO approval file
APR|2161,Approval,방류승인 순차번호 2161,HRFCO approval file
APR|2162,Approval,방류승인 순차번호 2162,HRFCO approval file
APR|2163,Approval,방류승인 순차번호 2163,HRFCO approval file
APR|2164,Approval,방류승인 순차번호 2164,HRFCO approval file
APR|2165,Approval,방류승인 순차번호 2165,HRFCO approval file
APR|2166,Approval,방류승인 순차번호 2166,HRFCO approval file
APR|2167,Approval,방류승인 순차번호 2167,HRFCO approval file
APR|2168,Approval,방류승인 순차번호 2168,HRFCO approval file
APR|2169,Approval,방류승인 순차번호 2169,HRFCO approval file
APR|2170,Approval,방류승인 순차번호 2170,HRFCO approval file
APR|2171,Approval,방류승인 순차번호 2171,HRFCO approval file
APR|2172,Approval,방류승인 순차번호 2172,HRFCO approval file
APR|2173,Approval,방류승인 순차번호 2173,HRFCO approval file
APR|2174,Approval,방류승인 순차번호 2174,HRFCO approval file
APR|2175,Approval,방류승인 순차번호 2175,HRFCO approval file
APR|2176,Approval,방류승인 순차번호 2176,HRFCO approval file
APR|2177,Approval,방류승인 순차번호 2177,HRFCO approval file
APR|2178,Approval,방류승인 순차번호 2178,HRFCO approval file
APR|2179,Approval,방류승인 순차번호 2179,HRFCO approval file
APR|2180,Approval,방류승인 순차번호 2180,HRFCO approval file
APR|2181,Approval,방류승인 순차번호 2181,HRFCO approval file
APR|2182,Approval,방류승인 순차번호 2182,HRFCO approval file
APR|2183,Approval,방류승인 순차번호 2183,HRFCO approval file
APR|2184,Approval,방류승인 순차번호 2184,HRFCO approval file
APR|2185,Approval,방류승인 순차번호 2185,HRFCO approval file
APR|2186,Approval,방류승인 순차번호 2186,HRFCO approval file
APR|2187,Approval,방류승인 순차번호 2187,HRFCO approval file
APR|2188,Approval,방류승인 순차번호 2188,HRFCO approval file
APR|2189,Approval,방류승인 순차번호 2189,HRFCO approval file
APR|2190,Approval,방류승인 순차번호 2190,HRFCO approval file
APR|2191,Approval,방류승인 순차번호 2191,HRFCO approval file
APR|2192,Approval,방류승인 순차번호 2192,HRFCO approval file
APR|2193,Approval,방류승인 순차번호 2193,HRFCO approval file
APR|2194,Approval,방류승인 순차번호 2194,HRFCO approval file
APR|2195,Approval,방류승인 순차번호 2195,HRFCO approval file
APR|2196,Approval,방류승인 순차번호 2196,HRFCO approval file
APR|2197,Approval,방류승인 순차번호 2197,HRFCO approval file
APR|2198,Approval,방류승인 순차번호 2198,HRFCO approval file
APR|2199,Approval,방류승인 순차번호 2199,HRFCO approval file
APR|2200,Approval,방류승인 순차번호 2200,HRFCO approval file
APR|2201,Approval,방류승인 순차번호 2201,HRFCO approval file
APR|2202,Approval,방류승인 순차번호 2202,HRFCO approval file
APR|2203,Approval,방류승인 순차번호 2203,HRFCO approval file
APR|2204,Approval,방류승인 순차번호 2204,HRFCO approval file
APR|2205,Approval,방류승인 순차번호 2205,HRFCO approval file
APR|2206,Approval,방류승인 순차번호 2206,HRFCO approval file
APR|2207,Approval,방류승인 순차번호 2207,HRFCO approval file
APR|2208,Approval,방류승인 순차번호 2208,HRFCO approval file
APR|2209,Approval,방류승인 순차번호 2209,HRFCO approval file
APR|2210,Approval,방류승인 순차번호 2210,HRFCO approval file
APR|2211,Approval,방류승인 순차번호 2211,HRFCO approval file
APR|2212,Approval,방류승인 순차번호 2212,HRFCO approval file
APR|2213,Approval,방류승인 순차번호 2213,HRFCO approval file
APR|2214,Approval,방류승인 순차번호 2214,HRFCO approval file
APR|2215,Approval,방류승인 순차번호 2215,HRFCO approval file
APR|2216,Approval,방류승인 순차번호 2216,HRFCO approval file
APR|2217,Approval,방류승인 순차번호 2217,HRFCO approval file
APR|2218,Approval,방류승인 순차번호 2218,HRFCO approval file
APR|2219,Approval,방류승인 순차번호 2219,HRFCO approval file
APR|2220,Approval,방류승인 순차번호 2220,HRFCO approval file
APR|2221,Approval,방류승인 순차번호 2221,HRFCO approval file
APR|2222,Approval,방류승인 순차번호 2222,HRFCO approval file
APR|2223,Approval,방류승인 순차번호 2223,HRFCO approval file
APR|2224,Approval,방류승인 순차번호 2224,HRFCO approval file
APR|2225,Approval,방류승인 순차번호 2225,HRFCO approval file
APR|2226,Approval,방류승인 순차번호 2226,HRFCO approval file
APR|2227,Approval,방류승인 순차번호 2227,HRFCO approval file
APR|2228,Approval,방류승인 순차번호 2228,HRFCO approval file
APR|2229,Approval,방류승인 순차번호 2229,HRFCO approval file
APR|2230,Approval,방류승인 순차번호 2230,HRFCO approval file
APR|2231,Approval,방류승인 순차번호 2231,HRFCO approval file
APR|2232,Approval,방류승인 순차번호 2232,HRFCO approval file
APR|2233,Approval,방류승인 순차번호 2233,HRFCO approval file
APR|2234,Approval,방류승인 순차번호 2234,HRFCO approval file
APR|2235,Approval,방류승인 순차번호 2235,HRFCO approval file
APR|2236,Approval,방류승인 순차번호 2236,HRFCO approval file
APR|2237,Approval,방류승인 순차번호 2237,HRFCO approval file
APR|2238,Approval,방류승인 순차번호 2238,HRFCO approval file
APR|2239,Approval,방류승인 순차번호 2239,HRFCO approval file
APR|2240,Approval,방류승인 순차번호 2240,HRFCO approval file
APR|2241,Approval,방류승인 순차번호 2241,HRFCO approval file
APR|2242,Approval,방류승인 순차번호 2242,HRFCO approval file
APR|2243,Approval,방류승인 순차번호 2243,HRFCO approval file
APR|2244,Approval,방류승인 순차번호 2244,HRFCO approval file
APR|2245,Approval,방류승인 순차번호 2245,HRFCO approval file
APR|2246,Approval,방류승인 순차번호 2246,HRFCO approval file
APR|2247,Approval,방류승인 순차번호 2247,HRFCO approval file
APR|2248,Approval,방류승인 순차번호 2248,HRFCO approval file
APR|2249,Approval,방류승인 순차번호 2249,HRFCO approval file
APR|2250,Approval,방류승인 순차번호 2250,HRFCO approval file
APR|2251,Approval,방류승인 순차번호 2251,HRFCO approval file
APR|2252,Approval,방류승인 순차번호 2252,HRFCO approval file
APR|2253,Approval,방류승인 순차번호 2253,HRFCO approval file
APR|2254,Approval,방류승인 순차번호 2254,HRFCO approval file
APR|2255,Approval,방류승인 순차번호 2255,HRFCO approval file
APR|2256,Approval,방류승인 순차번호 2256,HRFCO approval file
APR|2257,Approval,방류승인 순차번호 2257,HRFCO approval file
APR|2258,Approval,방류승인 순차번호 2258,HRFCO approval file
APR|2259,Approval,방류승인 순차번호 2259,HRFCO approval file
APR|2260,Approval,방류승인 순차번호 2260,HRFCO approval file
APR|2261,Approval,방류승인 순차번호 2261,HRFCO approval file
APR|2262,Approval,방류승인 순차번호 2262,HRFCO approval file
APR|2263,Approval,방류승인 순차번호 2263,HRFCO approval file
APR|2264,Approval,방류승인 순차번호 2264,HRFCO approval file
APR|2265,Approval,방류승인 순차번호 2265,HRFCO approval file
APR|2266,Approval,방류승인 순차번호 2266,HRFCO approval file
APR|2267,Approval,방류승인 순차번호 2267,HRFCO approval file
APR|2268,Approval,방류승인 순차번호 2268,HRFCO approval file
APR|2269,Approval,방류승인 순차번호 2269,HRFCO approval file
APR|2270,Approval,방류승인 순차번호 2270,HRFCO approval file
APR|2271,Approval,방류승인 순차번호 2271,HRFCO approval file
APR|2272,Approval,방류승인 순차번호 2272,HRFCO approval file
APR|2273,Approval,방류승인 순차번호 2273,HRFCO approval file
APR|2274,Approval,방류승인 순차번호 2274,HRFCO approval file
APR|2275,Approval,방류승인 순차번호 2275,HRFCO approval file
APR|2276,Approval,방류승인 순차번호 2276,HRFCO approval file
APR|2277,Approval,방류승인 순차번호 2277,HRFCO approval file
APR|2278,Approval,방류승인 순차번호 2278,HRFCO approval file
APR|2279,Approval,방류승인 순차번호 2279,HRFCO approval file
APR|2280,Approval,방류승인 순차번호 2280,HRFCO approval file
APR|2281,Approval,방류승인 순차번호 2281,HRFCO approval file
APR|2282,Approval,방류승인 순차번호 2282,HRFCO approval file
APR|2283,Approval,방류승인 순차번호 2283,HRFCO approval file
APR|2284,Approval,방류승인 순차번호 2284,HRFCO approval file
APR|2285,Approval,방류승인 순차번호 2285,HRFCO approval file
APR|2286,Approval,방류승인 순차번호 2286,HRFCO approval file
APR|2287,Approval,방류승인 순차번호 2287,HRFCO approval file
APR|2288,Approval,방류승인 순차번호 2288,HRFCO approval file
APR|2289,Approval,방류승인 순차번호 2289,HRFCO approval file
APR|2290,Approval,방류승인 순차번호 2290,HRFCO approval file
APR|2291,Approval,방류승인 순차번호 2291,HRFCO approval file
APR|2292,Approval,방류승인 순차번호 2292,HRFCO approval file
APR|2293,Approval,방류승인 순차번호 2293,HRFCO approval file
APR|2294,Approval,방류승인 순차번호 2294,HRFCO approval file
APR|2295,Approval,방류승인 순차번호 2295,HRFCO approval file
APR|2296,Approval,방류승인 순차번호 2296,HRFCO approval file
APR|2297,Approval,방류승인 순차번호 2297,HRFCO approval file
APR|2298,Approval,방류승인 순차번호 2298,HRFCO approval file
APR|2299,Approval,방류승인 순차번호 2299,HRFCO approval file
APR|2300,Approval,방류승인 순차번호 2300,HRFCO approval file
APR|2301,Approval,방류승인 순차번호 2301,HRFCO approval file
APR|2302,Approval,방류승인 순차번호 2302,HRFCO approval file
APR|2303,Approval,방류승인 순차번호 2303,HRFCO approval file
APR|2304,Approval,방류승인 순차번호 2304,HRFCO approval file
APR|2305,Approval,방류승인 순차번호 2305,HRFCO approval file
APR|2306,Approval,방류승인 순차번호 2306,HRFCO approval file
APR|2307,Approval,방류승인 순차번호 2307,HRFCO approval file
APR|2308,Approval,방류승인 순차번호 2308,HRFCO approval file
APR|2309,Approval,방류승인 순차번호 2309,HRFCO approval file
APR|2310,Approval,방류승인 순차번호 2310,HRFCO approval file
APR|2311,Approval,방류승인 순차번호 2311,HRFCO approval file
APR|2312,Approval,방류승인 순차번호 2312,HRFCO approval file
APR|2313,Approval,방류승인 순차번호 2313,HRFCO approval file
APR|2314,Approval,방류승인 순차번호 2314,HRFCO approval file
APR|2315,Approval,방류승인 순차번호 2315,HRFCO approval file
APR|2316,Approval,방류승인 순차번호 2316,HRFCO approval file
APR|2317,Approval,방류승인 순차번호 2317,HRFCO approval file
APR|2318,Approval,방류승인 순차번호 2318,HRFCO approval file
APR|2319,Approval,방류승인 순차번호 2319,HRFCO approval file
APR|2320,Approval,방류승인 순차번호 2320,HRFCO approval file
APR|2321,Approval,방류승인 순차번호 2321,HRFCO approval file
APR|2322,Approval,방류승인 순차번호 2322,HRFCO approval file
APR|2323,Approval,방류승인 순차번호 2323,HRFCO approval file
APR|2324,Approval,방류승인 순차번호 2324,HRFCO approval file
APR|2325,Approval,방류승인 순차번호 2325,HRFCO approval file
APR|2326,Approval,방류승인 순차번호 2326,HRFCO approval file
APR|2327,Approval,방류승인 순차번호 2327,HRFCO approval file
APR|2328,Approval,방류승인 순차번호 2328,HRFCO approval file
APR|2329,Approval,방류승인 순차번호 2329,HRFCO approval file
APR|2330,Approval,방류승인 순차번호 2330,HRFCO approval file
APR|2331,Approval,방류승인 순차번호 2331,HRFCO approval file
APR|2332,Approval,방류승인 순차번호 2332,HRFCO approval file
APR|2333,Approval,방류승인 순차번호 2333,HRFCO approval file
APR|2334,Approval,방류승인 순차번호 2334,HRFCO approval file
APR|2335,Approval,방류승인 순차번호 2335,HRFCO approval file
APR|2336,Approval,방류승인 순차번호 2336,HRFCO approval file
APR|2337,Approval,방류승인 순차번호 2337,HRFCO approval file
APR|2338,Approval,방류승인 순차번호 2338,HRFCO approval file
APR|2339,Approval,방류승인 순차번호 2339,HRFCO approval file
APR|2340,Approval,방류승인 순차번호 2340,HRFCO approval file
APR|2341,Approval,방류승인 순차번호 2341,HRFCO approval file
APR|2342,Approval,방류승인 순차번호 2342,HRFCO approval file
APR|2343,Approval,방류승인 순차번호 2343,HRFCO approval file
APR|2344,Approval,방류승인 순차번호 2344,HRFCO approval file
APR|2345,Approval,방류승인 순차번호 2345,HRFCO approval file
APR|2346,Approval,방류승인 순차번호 2346,HRFCO approval file
APR|2347,Approval,방류승인 순차번호 2347,HRFCO approval file
APR|2348,Approval,방류승인 순차번호 2348,HRFCO approval file
APR|2349,Approval,방류승인 순차번호 2349,HRFCO approval file
APR|2350,Approval,방류승인 순차번호 2350,HRFCO approval file
APR|2351,Approval,방류승인 순차번호 2351,HRFCO approval file
APR|2352,Approval,방류승인 순차번호 2352,HRFCO approval file
APR|2353,Approval,방류승인 순차번호 2353,HRFCO approval file
APR|2354,Approval,방류승인 순차번호 2354,HRFCO approval file
APR|2355,Approval,방류승인 순차번호 2355,HRFCO approval file
APR|2356,Approval,방류승인 순차번호 2356,HRFCO approval file
APR|2357,Approval,방류승인 순차번호 2357,HRFCO approval file
APR|2358,Approval,방류승인 순차번호 2358,HRFCO approval file
APR|2359,Approval,방류승인 순차번호 2359,HRFCO approval file
APR|2360,Approval,방류승인 순차번호 2360,HRFCO approval file
APR|2361,Approval,방류승인 순차번호 2361,HRFCO approval file
APR|2362,Approval,방류승인 순차번호 2362,HRFCO approval file
APR|2363,Approval,방류승인 순차번호 2363,HRFCO approval file
APR|2364,Approval,방류승인 순차번호 2364,HRFCO approval file
APR|2365,Approval,방류승인 순차번호 2365,HRFCO approval file
APR|2366,Approval,방류승인 순차번호 2366,HRFCO approval file
APR|2367,Approval,방류승인 순차번호 2367,HRFCO approval file
APR|2368,Approval,방류승인 순차번호 2368,HRFCO approval file
APR|2369,Approval,방류승인 순차번호 2369,HRFCO approval file
APR|2370,Approval,방류승인 순차번호 2370,HRFCO approval file
APR|2371,Approval,방류승인 순차번호 2371,HRFCO approval file
APR|2372,Approval,방류승인 순차번호 2372,HRFCO approval file
APR|2373,Approval,방류승인 순차번호 2373,HRFCO approval file
APR|2374,Approval,방류승인 순차번호 2374,HRFCO approval file
APR|2375,Approval,방류승인 순차번호 2375,HRFCO approval file
APR|2376,Approval,방류승인 순차번호 2376,HRFCO approval file
APR|2377,Approval,방류승인 순차번호 2377,HRFCO approval file
APR|2378,Approval,방류승인 순차번호 2378,HRFCO approval file
APR|2379,Approval,방류승인 순차번호 2379,HRFCO approval file
APR|2380,Approval,방류승인 순차번호 2380,HRFCO approval file
APR|2381,Approval,방류승인 순차번호 2381,HRFCO approval file
APR|2382,Approval,방류승인 순차번호 2382,HRFCO approval file
APR|2383,Approval,방류승인 순차번호 2383,HRFCO approval file
APR|2384,Approval,방류승인 순차번호 2384,HRFCO approval file
APR|2385,Approval,방류승인 순차번호 2385,HRFCO approval file
APR|2386,Approval,방류승인 순차번호 2386,HRFCO approval file
APR|2387,Approval,방류승인 순차번호 2387,HRFCO approval file
APR|2388,Approval,방류승인 순차번호 2388,HRFCO approval file
APR|2389,Approval,방류승인 순차번호 2389,HRFCO approval file
APR|2390,Approval,방류승인 순차번호 2390,HRFCO approval file
APR|2391,Approval,방류승인 순차번호 2391,HRFCO approval file
APR|2392,Approval,방류승인 순차번호 2392,HRFCO approval file
APR|2393,Approval,방류승인 순차번호 2393,HRFCO approval file
APR|2394,Approval,방류승인 순차번호 2394,HRFCO approval file
APR|2395,Approval,방류승인 순차번호 2395,HRFCO approval file
APR|2396,Approval,방류승인 순차번호 2396,HRFCO approval file
APR|2397,Approval,방류승인 순차번호 2397,HRFCO approval file
APR|2398,Approval,방류승인 순차번호 2398,HRFCO approval file
APR|2399,Approval,방류승인 순차번호 2399,HRFCO approval file
APR|2400,Approval,방류승인 순차번호 2400,HRFCO approval file
APR|2401,Approval,방류승인 순차번호 2401,HRFCO approval file
APR|2402,Approval,방류승인 순차번호 2402,HRFCO approval file
APR|2403,Approval,방류승인 순차번호 2403,HRFCO approval file
APR|2404,Approval,방류승인 순차번호 2404,HRFCO approval file
APR|2405,Approval,방류승인 순차번호 2405,HRFCO approval file
APR|2406,Approval,방류승인 순차번호 2406,HRFCO approval file
APR|2407,Approval,방류승인 순차번호 2407,HRFCO approval file
APR|2408,Approval,방류승인 순차번호 2408,HRFCO approval file
APR|2409,Approval,방류승인 순차번호 2409,HRFCO approval file
APR|2410,Approval,방류승인 순차번호 2410,HRFCO approval file
APR|2411,Approval,방류승인 순차번호 2411,HRFCO approval file
APR|2412,Approval,방류승인 순차번호 2412,HRFCO approval file
APR|2413,Approval,방류승인 순차번호 2413,HRFCO approval file
APR|2414,Approval,방류승인 순차번호 2414,HRFCO approval file
APR|2415,Approval,방류승인 순차번호 2415,HRFCO approval file
APR|2416,Approval,방류승인 순차번호 2416,HRFCO approval file
APR|2417,Approval,방류승인 순차번호 2417,HRFCO approval file
APR|2418,Approval,방류승인 순차번호 2418,HRFCO approval file
APR|2419,Approval,방류승인 순차번호 2419,HRFCO approval file
APR|2420,Approval,방류승인 순차번호 2420,HRFCO approval file
APR|2421,Approval,방류승인 순차번호 2421,HRFCO approval file
APR|2422,Approval,방류승인 순차번호 2422,HRFCO approval file
APR|2423,Approval,방류승인 순차번호 2423,HRFCO approval file
APR|2424,Approval,방류승인 순차번호 2424,HRFCO approval file
APR|2425,Approval,방류승인 순차번호 2425,HRFCO approval file
APR|2426,Approval,방류승인 순차번호 2426,HRFCO approval file
APR|2427,Approval,방류승인 순차번호 2427,HRFCO approval file
APR|2428,Approval,방류승인 순차번호 2428,HRFCO approval file
APR|2429,Approval,방류승인 순차번호 2429,HRFCO approval file
APR|2430,Approval,방류승인 순차번호 2430,HRFCO approval file
APR|2431,Approval,방류승인 순차번호 2431,HRFCO approval file
APR|2432,Approval,방류승인 순차번호 2432,HRFCO approval file
APR|2433,Approval,방류승인 순차번호 2433,HRFCO approval file
APR|2434,Approval,방류승인 순차번호 2434,HRFCO approval file
APR|2435,Approval,방류승인 순차번호 2435,HRFCO approval file
APR|2436,Approval,방류승인 순차번호 2436,HRFCO approval file
APR|2437,Approval,방류승인 순차번호 2437,HRFCO approval file
APR|2438,Approval,방류승인 순차번호 2438,HRFCO approval file
APR|2439,Approval,방류승인 순차번호 2439,HRFCO approval file
APR|2440,Approval,방류승인 순차번호 2440,HRFCO approval file
APR|2441,Approval,방류승인 순차번호 2441,HRFCO approval file
APR|2442,Approval,방류승인 순차번호 2442,HRFCO approval file
APR|2443,Approval,방류승인 순차번호 2443,HRFCO approval file
APR|2444,Approval,방류승인 순차번호 2444,HRFCO approval file
APR|2445,Approval,방류승인 순차번호 2445,HRFCO approval file
APR|2446,Approval,방류승인 순차번호 2446,HRFCO approval file
APR|2447,Approval,방류승인 순차번호 2447,HRFCO approval file
APR|2448,Approval,방류승인 순차번호 2448,HRFCO approval file
APR|2449,Approval,방류승인 순차번호 2449,HRFCO approval file
APR|2450,Approval,방류승인 순차번호 2450,HRFCO approval file
APR|2451,Approval,방류승인 순차번호 2451,HRFCO approval file
APR|2452,Approval,방류승인 순차번호 2452,HRFCO approval file
APR|2453,Approval,방류승인 순차번호 2453,HRFCO approval file
APR|2454,Approval,방류승인 순차번호 2454,HRFCO approval file
APR|2455,Approval,방류승인 순차번호 2455,HRFCO approval file
APR|2456,Approval,방류승인 순차번호 2456,HRFCO approval file
APR|2457,Approval,방류승인 순차번호 2457,HRFCO approval file
APR|2458,Approval,방류승인 순차번호 2458,HRFCO approval file
APR|2459,Approval,방류승인 순차번호 2459,HRFCO approval file
APR|2460,Approval,방류승인 순차번호 2460,HRFCO approval file
APR|2461,Approval,방류승인 순차번호 2461,HRFCO approval file
APR|2462,Approval,방류승인 순차번호 2462,HRFCO approval file
APR|2463,Approval,방류승인 순차번호 2463,HRFCO approval file
APR|2464,Approval,방류승인 순차번호 2464,HRFCO approval file
APR|2465,Approval,방류승인 순차번호 2465,HRFCO approval file
APR|2466,Approval,방류승인 순차번호 2466,HRFCO approval file
APR|2467,Approval,방류승인 순차번호 2467,HRFCO approval file
APR|2468,Approval,방류승인 순차번호 2468,HRFCO approval file
APR|2469,Approval,방류승인 순차번호 2469,HRFCO approval file
APR|2470,Approval,방류승인 순차번호 2470,HRFCO approval file
APR|2471,Approval,방류승인 순차번호 2471,HRFCO approval file
APR|2472,Approval,방류승인 순차번호 2472,HRFCO approval file
APR|2473,Approval,방류승인 순차번호 2473,HRFCO approval file
APR|2474,Approval,방류승인 순차번호 2474,HRFCO approval file
APR|2475,Approval,방류승인 순차번호 2475,HRFCO approval file
APR|2476,Approval,방류승인 순차번호 2476,HRFCO approval file
APR|2477,Approval,방류승인 순차번호 2477,HRFCO approval file
APR|2478,Approval,방류승인 순차번호 2478,HRFCO approval file
APR|2479,Approval,방류승인 순차번호 2479,HRFCO approval file
APR|2480,Approval,방류승인 순차번호 2480,HRFCO approval file
APR|2481,Approval,방류승인 순차번호 2481,HRFCO approval file
APR|2482,Approval,방류승인 순차번호 2482,HRFCO approval file
APR|2483,Approval,방류승인 순차번호 2483,HRFCO approval file
APR|2484,Approval,방류승인 순차번호 2484,HRFCO approval file
APR|2485,Approval,방류승인 순차번호 2485,HRFCO approval file
APR|2486,Approval,방류승인 순차번호 2486,HRFCO approval file
APR|2487,Approval,방류승인 순차번호 2487,HRFCO approval file
APR|2488,Approval,방류승인 순차번호 2488,HRFCO approval file
APR|2489,Approval,방류승인 순차번호 2489,HRFCO approval file
APR|2490,Approval,방류승인 순차번호 2490,HRFCO approval file
APR|2491,Approval,방류승인 순차번호 2491,HRFCO approval file
APR|2492,Approval,방류승인 순차번호 2492,HRFCO approval file
APR|2493,Approval,방류승인 순차번호 2493,HRFCO approval file
APR|2494,Approval,방류승인 순차번호 2494,HRFCO approval file
APR|2495,Approval,방류승인 순차번호 2495,HRFCO approval file
APR|2496,Approval,방류승인 순차번호 2496,HRFCO approval file
APR|2497,Approval,방류승인 순차번호 2497,HRFCO approval file
APR|2498,Approval,방류승인 순차번호 2498,HRFCO approval file
APR|2499,Approval,방류승인 순차번호 2499,HRFCO approval file
APR|2500,Approval,방류승인 순차번호 2500,HRFCO approval file
APR|2501,Approval,방류승인 순차번호 2501,HRFCO approval file
APR|2502,Approval,방류승인 순차번호 2502,HRFCO approval file
APR|2503,Approval,방류승인 순차번호 2503,HRFCO approval file
APR|2504,Approval,방류승인 순차번호 2504,HRFCO approval file
APR|2505,Approval,방류승인 순차번호 2505,HRFCO approval file
APR|2506,Approval,방류승인 순차번호 2506,HRFCO approval file
APR|2507,Approval,방류승인 순차번호 2507,HRFCO approval file
APR|2508,Approval,방류승인 순차번호 2508,HRFCO approval file
APR|2509,Approval,방류승인 순차번호 2509,HRFCO approval file
APR|2510,Approval,방류승인 순차번호 2510,HRFCO approval file
APR|2511,Approval,방류승인 순차번호 2511,HRFCO approval file
APR|2512,Approval,방류승인 순차번호 2512,HRFCO approval file
APR|2513,Approval,방류승인 순차번호 2513,HRFCO approval file
APR|2514,Approval,방류승인 순차번호 2514,HRFCO approval file
APR|2515,Approval,방류승인 순차번호 2515,HRFCO approval file
APR|2516,Approval,방류승인 순차번호 2516,HRFCO approval file
APR|2517,Approval,방류승인 순차번호 2517,HRFCO approval file
APR|2518,Approval,방류승인 순차번호 2518,HRFCO approval file
APR|2519,Approval,방류승인 순차번호 2519,HRFCO approval file
APR|2520,Approval,방류승인 순차번호 2520,HRFCO approval file
APR|2521,Approval,방류승인 순차번호 2521,HRFCO approval file
APR|2522,Approval,방류승인 순차번호 2522,HRFCO approval file
APR|2523,Approval,방류승인 순차번호 2523,HRFCO approval file
APR|2524,Approval,방류승인 순차번호 2524,HRFCO approval file
APR|2525,Approval,방류승인 순차번호 2525,HRFCO approval file
APR|2526,Approval,방류승인 순차번호 2526,HRFCO approval file
APR|2527,Approval,방류승인 순차번호 2527,HRFCO approval file
APR|2528,Approval,방류승인 순차번호 2528,HRFCO approval file
APR|2529,Approval,방류승인 순차번호 2529,HRFCO approval file
APR|2530,Approval,방류승인 순차번호 2530,HRFCO approval file
APR|2531,Approval,방류승인 순차번호 2531,HRFCO approval file
APR|2532,Approval,방류승인 순차번호 2532,HRFCO approval file
APR|2533,Approval,방류승인 순차번호 2533,HRFCO approval file
APR|2534,Approval,방류승인 순차번호 2534,HRFCO approval file
APR|2535,Approval,방류승인 순차번호 2535,HRFCO approval file
APR|2536,Approval,방류승인 순차번호 2536,HRFCO approval file
APR|2537,Approval,방류승인 순차번호 2537,HRFCO approval file
APR|2538,Approval,방류승인 순차번호 2538,HRFCO approval file
APR|2539,Approval,방류승인 순차번호 2539,HRFCO approval file
APR|2540,Approval,방류승인 순차번호 2540,HRFCO approval file
APR|2541,Approval,방류승인 순차번호 2541,HRFCO approval file
APR|2542,Approval,방류승인 순차번호 2542,HRFCO approval file
APR|2543,Approval,방류승인 순차번호 2543,HRFCO approval file
APR|2544,Approval,방류승인 순차번호 2544,HRFCO approval file
APR|2545,Approval,방류승인 순차번호 2545,HRFCO approval file
APR|2546,Approval,방류승인 순차번호 2546,HRFCO approval file
APR|2547,Approval,방류승인 순차번호 2547,HRFCO approval file
APR|2548,Approval,방류승인 순차번호 2548,HRFCO approval file
APR|2549,Approval,방류승인 순차번호 2549,HRFCO approval file
APR|2550,Approval,방류승인 순차번호 2550,HRFCO approval file
APR|2551,Approval,방류승인 순차번호 2551,HRFCO approval file
APR|2552,Approval,방류승인 순차번호 2552,HRFCO approval file
APR|2553,Approval,방류승인 순차번호 2553,HRFCO approval file
APR|2554,Approval,방류승인 순차번호 2554,HRFCO approval file
APR|2555,Approval,방류승인 순차번호 2555,HRFCO approval file
APR|2556,Approval,방류승인 순차번호 2556,HRFCO approval file
APR|2557,Approval,방류승인 순차번호 2557,HRFCO approval file
APR|2558,Approval,방류승인 순차번호 2558,HRFCO approval file
APR|2559,Approval,방류승인 순차번호 2559,HRFCO approval file
APR|2560,Approval,방류승인 순차번호 2560,HRFCO approval file
APR|2561,Approval,방류승인 순차번호 2561,HRFCO approval file
APR|2562,Approval,방류승인 순차번호 2562,HRFCO approval file
APR|2563,Approval,방류승인 순차번호 2563,HRFCO approval file
APR|2564,Approval,방류승인 순차번호 2564,HRFCO approval file
APR|2565,Approval,방류승인 순차번호 2565,HRFCO approval file
APR|2566,Approval,방류승인 순차번호 2566,HRFCO approval file
APR|2567,Approval,방류승인 순차번호 2567,HRFCO approval file
APR|2568,Approval,방류승인 순차번호 2568,HRFCO approval file
APR|2569,Approval,방류승인 순차번호 2569,HRFCO approval file
APR|2570,Approval,방류승인 순차번호 2570,HRFCO approval file
APR|2571,Approval,방류승인 순차번호 2571,HRFCO approval file
APR|2572,Approval,방류승인 순차번호 2572,HRFCO approval file
APR|2573,Approval,방류승인 순차번호 2573,HRFCO approval file
APR|2574,Approval,방류승인 순차번호 2574,HRFCO approval file
APR|2575,Approval,방류승인 순차번호 2575,HRFCO approval file
APR|2576,Approval,방류승인 순차번호 2576,HRFCO approval file
APR|2577,Approval,방류승인 순차번호 2577,HRFCO approval file
APR|2578,Approval,방류승인 순차번호 2578,HRFCO approval file
APR|2579,Approval,방류승인 순차번호 2579,HRFCO approval file
APR|2580,Approval,방류승인 순차번호 2580,HRFCO approval file
APR|2581,Approval,방류승인 순차번호 2581,HRFCO approval file
APR|2582,Approval,방류승인 순차번호 2582,HRFCO approval file
APR|2583,Approval,방류승인 순차번호 2583,HRFCO approval file
APR|2584,Approval,방류승인 순차번호 2584,HRFCO approval file
APR|2585,Approval,방류승인 순차번호 2585,HRFCO approval file
APR|2586,Approval,방류승인 순차번호 2586,HRFCO approval file
APR|2587,Approval,방류승인 순차번호 2587,HRFCO approval file
APR|2588,Approval,방류승인 순차번호 2588,HRFCO approval file
APR|2589,Approval,방류승인 순차번호 2589,HRFCO approval file
APR|2590,Approval,방류승인 순차번호 2590,HRFCO approval file
APR|2591,Approval,방류승인 순차번호 2591,HRFCO approval file
APR|2592,Approval,방류승인 순차번호 2592,HRFCO approval file
APR|2593,Approval,방류승인 순차번호 2593,HRFCO approval file
APR|2594,Approval,방류승인 순차번호 2594,HRFCO approval file
APR|2595,Approval,방류승인 순차번호 2595,HRFCO approval file
APR|2596,Approval,방류승인 순차번호 2596,HRFCO approval file
APR|2597,Approval,방류승인 순차번호 2597,HRFCO approval file
APR|2598,Approval,방류승인 순차번호 2598,HRFCO approval file
APR|2599,Approval,방류승인 순차번호 2599,HRFCO approval file
APR|2600,Approval,방류승인 순차번호 2600,HRFCO approval file
APR|2601,Approval,방류승인 순차번호 2601,HRFCO approval file
APR|2602,Approval,방류승인 순차번호 2602,HRFCO approval file
APR|2603,Approval,방류승인 순차번호 2603,HRFCO approval file
APR|2604,Approval,방류승인 순차번호 2604,HRFCO approval file
APR|2605,Approval,방류승인 순차번호 2605,HRFCO approval file
APR|2606,Approval,방류승인 순차번호 2606,HRFCO approval file
APR|2607,Approval,방류승인 순차번호 2607,HRFCO approval file
APR|2608,Approval,방류승인 순차번호 2608,HRFCO approval file
APR|2609,Approval,방류승인 순차번호 2609,HRFCO approval file
APR|2610,Approval,방류승인 순차번호 2610,HRFCO approval file
APR|2611,Approval,방류승인 순차번호 2611,HRFCO approval file
APR|2612,Approval,방류승인 순차번호 2612,HRFCO approval file
APR|2613,Approval,방류승인 순차번호 2613,HRFCO approval file
APR|2614,Approval,방류승인 순차번호 2614,HRFCO approval file
APR|2615,Approval,방류승인 순차번호 2615,HRFCO approval file
APR|2616,Approval,방류승인 순차번호 2616,HRFCO approval file
APR|2617,Approval,방류승인 순차번호 2617,HRFCO approval file
APR|2618,Approval,방류승인 순차번호 2618,HRFCO approval file
APR|2619,Approval,방류승인 순차번호 2619,HRFCO approval file
APR|2620,Approval,방류승인 순차번호 2620,HRFCO approval file
APR|2621,Approval,방류승인 순차번호 2621,HRFCO approval file
APR|2622,Approval,방류승인 순차번호 2622,HRFCO approval file
APR|2623,Approval,방류승인 순차번호 2623,HRFCO approval file
APR|2624,Approval,방류승인 순차번호 2624,HRFCO approval file
APR|2625,Approval,방류승인 순차번호 2625,HRFCO approval file
APR|2626,Approval,방류승인 순차번호 2626,HRFCO approval file
APR|2627,Approval,방류승인 순차번호 2627,HRFCO approval file
APR|2628,Approval,방류승인 순차번호 2628,HRFCO approval file
APR|2629,Approval,방류승인 순차번호 2629,HRFCO approval file
APR|2630,Approval,방류승인 순차번호 2630,HRFCO approval file
APR|2631,Approval,방류승인 순차번호 2631,HRFCO approval file
APR|2632,Approval,방류승인 순차번호 2632,HRFCO approval file
APR|2633,Approval,방류승인 순차번호 2633,HRFCO approval file
APR|2634,Approval,방류승인 순차번호 2634,HRFCO approval file
APR|2635,Approval,방류승인 순차번호 2635,HRFCO approval file
APR|2636,Approval,방류승인 순차번호 2636,HRFCO approval file
APR|2637,Approval,방류승인 순차번호 2637,HRFCO approval file
APR|2638,Approval,방류승인 순차번호 2638,HRFCO approval file
APR|2639,Approval,방류승인 순차번호 2639,HRFCO approval file
APR|2640,Approval,방류승인 순차번호 2640,HRFCO approval file
APR|2641,Approval,방류승인 순차번호 2641,HRFCO approval file
APR|2642,Approval,방류승인 순차번호 2642,HRFCO approval file
APR|2643,Approval,방류승인 순차번호 2643,HRFCO approval file
APR|2644,Approval,방류승인 순차번호 2644,HRFCO approval file
APR|2645,Approval,방류승인 순차번호 2645,HRFCO approval file
APR|2646,Approval,방류승인 순차번호 2646,HRFCO approval file
APR|2647,Approval,방류승인 순차번호 2647,HRFCO approval file
APR|2648,Approval,방류승인 순차번호 2648,HRFCO approval file
APR|2649,Approval,방류승인 순차번호 2649,HRFCO approval file
APR|2650,Approval,방류승인 순차번호 2650,HRFCO approval file
APR|2651,Approval,방류승인 순차번호 2651,HRFCO approval file
APR|2652,Approval,방류승인 순차번호 2652,HRFCO approval file
APR|2653,Approval,방류승인 순차번호 2653,HRFCO approval file
APR|2654,Approval,방류승인 순차번호 2654,HRFCO approval file
APR|2655,Approval,방류승인 순차번호 2655,HRFCO approval file
APR|2656,Approval,방류승인 순차번호 2656,HRFCO approval file
APR|2657,Approval,방류승인 순차번호 2657,HRFCO approval file
APR|2658,Approval,방류승인 순차번호 2658,HRFCO approval file
APR|2659,Approval,방류승인 순차번호 2659,HRFCO approval file
APR|2660,Approval,방류승인 순차번호 2660,HRFCO approval file
APR|2661,Approval,방류승인 순차번호 2661,HRFCO approval file
APR|2662,Approval,방류승인 순차번호 2662,HRFCO approval file
APR|2663,Approval,방류승인 순차번호 2663,HRFCO approval file
APR|2664,Approval,방류승인 순차번호 2664,HRFCO approval file
APR|2665,Approval,방류승인 순차번호 2665,HRFCO approval file
APR|2666,Approval,방류승인 순차번호 2666,HRFCO approval file
APR|2667,Approval,방류승인 순차번호 2667,HRFCO approval file
APR|2668,Approval,방류승인 순차번호 2668,HRFCO approval file
APR|2669,Approval,방류승인 순차번호 2669,HRFCO approval file
APR|2670,Approval,방류승인 순차번호 2670,HRFCO approval file
APR|2671,Approval,방류승인 순차번호 2671,HRFCO approval file
APR|2672,Approval,방류승인 순차번호 2672,HRFCO approval file
APR|2673,Approval,방류승인 순차번호 2673,HRFCO approval file
APR|2674,Approval,방류승인 순차번호 2674,HRFCO approval file
APR|2675,Approval,방류승인 순차번호 2675,HRFCO approval file
APR|2676,Approval,방류승인 순차번호 2676,HRFCO approval file
APR|2677,Approval,방류승인 순차번호 2677,HRFCO approval file
APR|2678,Approval,방류승인 순차번호 2678,HRFCO approval file
APR|2679,Approval,방류승인 순차번호 2679,HRFCO approval file
APR|2680,Approval,방류승인 순차번호 2680,HRFCO approval file
APR|2681,Approval,방류승인 순차번호 2681,HRFCO approval file
APR|2682,Approval,방류승인 순차번호 2682,HRFCO approval file
APR|2683,Approval,방류승인 순차번호 2683,HRFCO approval file
APR|2684,Approval,방류승인 순차번호 2684,HRFCO approval file
APR|2685,Approval,방류승인 순차번호 2685,HRFCO approval file
APR|2686,Approval,방류승인 순차번호 2686,HRFCO approval file
APR|2687,Approval,방류승인 순차번호 2687,HRFCO approval file
APR|2688,Approval,방류승인 순차번호 2688,HRFCO approval file
APR|2689,Approval,방류승인 순차번호 2689,HRFCO approval file
APR|2690,Approval,방류승인 순차번호 2690,HRFCO approval file
APR|2691,Approval,방류승인 순차번호 2691,HRFCO approval file
APR|2692,Approval,방류승인 순차번호 2692,HRFCO approval file
APR|2693,Approval,방류승인 순차번호 2693,HRFCO approval file
APR|2694,Approval,방류승인 순차번호 2694,HRFCO approval file
APR|2695,Approval,방류승인 순차번호 2695,HRFCO approval file
APR|2696,Approval,방류승인 순차번호 2696,HRFCO approval file
APR|2697,Approval,방류승인 순차번호 2697,HRFCO approval file
APR|2698,Approval,방류승인 순차번호 2698,HRFCO approval file
APR|2699,Approval,방류승인 순차번호 2699,HRFCO approval file
APR|2700,Approval,방류승인 순차번호 2700,HRFCO approval file
APR|2701,Approval,방류승인 순차번호 2701,HRFCO approval file
APR|2702,Approval,방류승인 순차번호 2702,HRFCO approval file
APR|2703,Approval,방류승인 순차번호 2703,HRFCO approval file
APR|2704,Approval,방류승인 순차번호 2704,HRFCO approval file
APR|2705,Approval,방류승인 순차번호 2705,HRFCO approval file
APR|2706,Approval,방류승인 순차번호 2706,HRFCO approval file
APR|2707,Approval,방류승인 순차번호 2707,HRFCO approval file
APR|2708,Approval,방류승인 순차번호 2708,HRFCO approval file
APR|2709,Approval,방류승인 순차번호 2709,HRFCO approval file
APR|2710,Approval,방류승인 순차번호 2710,HRFCO approval file
APR|2711,Approval,방류승인 순차번호 2711,HRFCO approval file
APR|2712,Approval,방류승인 순차번호 2712,HRFCO approval file
APR|2713,Approval,방류승인 순차번호 2713,HRFCO approval file
APR|2714,Approval,방류승인 순차번호 2714,HRFCO approval file
APR|2715,Approval,방류승인 순차번호 2715,HRFCO approval file
APR|2716,Approval,방류승인 순차번호 2716,HRFCO approval file
APR|2717,Approval,방류승인 순차번호 2717,HRFCO approval file
APR|2718,Approval,방류승인 순차번호 2718,HRFCO approval file
APR|2719,Approval,방류승인 순차번호 2719,HRFCO approval file
APR|2720,Approval,방류승인 순차번호 2720,HRFCO approval file
APR|2721,Approval,방류승인 순차번호 2721,HRFCO approval file
APR|2722,Approval,방류승인 순차번호 2722,HRFCO approval file
APR|2723,Approval,방류승인 순차번호 2723,HRFCO approval file
APR|2724,Approval,방류승인 순차번호 2724,HRFCO approval file
APR|2725,Approval,방류승인 순차번호 2725,HRFCO approval file
APR|2726,Approval,방류승인 순차번호 2726,HRFCO approval file
APR|2727,Approval,방류승인 순차번호 2727,HRFCO approval file
APR|2728,Approval,방류승인 순차번호 2728,HRFCO approval file
APR|2729,Approval,방류승인 순차번호 2729,HRFCO approval file
APR|2730,Approval,방류승인 순차번호 2730,HRFCO approval file
APR|2731,Approval,방류승인 순차번호 2731,HRFCO approval file
APR|2732,Approval,방류승인 순차번호 2732,HRFCO approval file
APR|2733,Approval,방류승인 순차번호 2733,HRFCO approval file
APR|2734,Approval,방류승인 순차번호 2734,HRFCO approval file
APR|2735,Approval,방류승인 순차번호 2735,HRFCO approval file
APR|2736,Approval,방류승인 순차번호 2736,HRFCO approval file
APR|2737,Approval,방류승인 순차번호 2737,HRFCO approval file
APR|2738,Approval,방류승인 순차번호 2738,HRFCO approval file
APR|2739,Approval,방류승인 순차번호 2739,HRFCO approval file
APR|2740,Approval,방류승인 순차번호 2740,HRFCO approval file
APR|2741,Approval,방류승인 순차번호 2741,HRFCO approval file
APR|2742,Approval,방류승인 순차번호 2742,HRFCO approval file
APR|2743,Approval,방류승인 순차번호 2743,HRFCO approval file
APR|2744,Approval,방류승인 순차번호 2744,HRFCO approval file
APR|2745,Approval,방류승인 순차번호 2745,HRFCO approval file
APR|2746,Approval,방류승인 순차번호 2746,HRFCO approval file
APR|2747,Approval,방류승인 순차번호 2747,HRFCO approval file
APR|2748,Approval,방류승인 순차번호 2748,HRFCO approval file
APR|2749,Approval,방류승인 순차번호 2749,HRFCO approval file
APR|2750,Approval,방류승인 순차번호 2750,HRFCO approval file
APR|2751,Approval,방류승인 순차번호 2751,HRFCO approval file
APR|2752,Approval,방류승인 순차번호 2752,HRFCO approval file
APR|2753,Approval,방류승인 순차번호 2753,HRFCO approval file
APR|2754,Approval,방류승인 순차번호 2754,HRFCO approval file
APR|2755,Approval,방류승인 순차번호 2755,HRFCO approval file
APR|2756,Approval,방류승인 순차번호 2756,HRFCO approval file
APR|2757,Approval,방류승인 순차번호 2757,HRFCO approval file
APR|2758,Approval,방류승인 순차번호 2758,HRFCO approval file
APR|2759,Approval,방류승인 순차번호 2759,HRFCO approval file
APR|2760,Approval,방류승인 순차번호 2760,HRFCO approval file
APR|2761,Approval,방류승인 순차번호 2761,HRFCO approval file
APR|2762,Approval,방류승인 순차번호 2762,HRFCO approval file
APR|2763,Approval,방류승인 순차번호 2763,HRFCO approval file
APR|2764,Approval,방류승인 순차번호 2764,HRFCO approval file
APR|2765,Approval,방류승인 순차번호 2765,HRFCO approval file
APR|2766,Approval,방류승인 순차번호 2766,HRFCO approval file
APR|2767,Approval,방류승인 순차번호 2767,HRFCO approval file
APR|2768,Approval,방류승인 순차번호 2768,HRFCO approval file
APR|2769,Approval,방류승인 순차번호 2769,HRFCO approval file
APR|2770,Approval,방류승인 순차번호 2770,HRFCO approval file
APR|2771,Approval,방류승인 순차번호 2771,HRFCO approval file
APR|2772,Approval,방류승인 순차번호 2772,HRFCO approval file
APR|2773,Approval,방류승인 순차번호 2773,HRFCO approval file
APR|2774,Approval,방류승인 순차번호 2774,HRFCO approval file
APR|2775,Approval,방류승인 순차번호 2775,HRFCO approval file
APR|2776,Approval,방류승인 순차번호 2776,HRFCO approval file
APR|2777,Approval,방류승인 순차번호 2777,HRFCO approval file
APR|2778,Approval,방류승인 순차번호 2778,HRFCO approval file
APR|2779,Approval,방류승인 순차번호 2779,HRFCO approval file
APR|2780,Approval,방류승인 순차번호 2780,HRFCO approval file
APR|2781,Approval,방류승인 순차번호 2781,HRFCO approval file
APR|2782,Approval,방류승인 순차번호 2782,HRFCO approval file
APR|2783,Approval,방류승인 순차번호 2783,HRFCO approval file
APR|2784,Approval,방류승인 순차번호 2784,HRFCO approval file
APR|2785,Approval,방류승인 순차번호 2785,HRFCO approval file
APR|2786,Approval,방류승인 순차번호 2786,HRFCO approval file
APR|2787,Approval,방류승인 순차번호 2787,HRFCO approval file
APR|2788,Approval,방류승인 순차번호 2788,HRFCO approval file
APR|2789,Approval,방류승인 순차번호 2789,HRFCO approval file
APR|2790,Approval,방류승인 순차번호 2790,HRFCO approval file
APR|2791,Approval,방류승인 순차번호 2791,HRFCO approval file
APR|2792,Approval,방류승인 순차번호 2792,HRFCO approval file
APR|2793,Approval,방류승인 순차번호 2793,HRFCO approval file
APR|2794,Approval,방류승인 순차번호 2794,HRFCO approval file
APR|2795,Approval,방류승인 순차번호 2795,HRFCO approval file
APR|2796,Approval,방류승인 순차번호 2796,HRFCO approval file
APR|2797,Approval,방류승인 순차번호 2797,HRFCO approval file
APR|2798,Approval,방류승인 순차번호 2798,HRFCO approval file
APR|2799,Approval,방류승인 순차번호 2799,HRFCO approval file
APR|2800,Approval,방류승인 순차번호 2800,HRFCO approval file
APR|2801,Approval,방류승인 순차번호 2801,HRFCO approval file
APR|2802,Approval,방류승인 순차번호 2802,HRFCO approval file
APR|2803,Approval,방류승인 순차번호 2803,HRFCO approval file
APR|2804,Approval,방류승인 순차번호 2804,HRFCO approval file
APR|2805,Approval,방류승인 순차번호 2805,HRFCO approval file
APR|2806,Approval,방류승인 순차번호 2806,HRFCO approval file
APR|2807,Approval,방류승인 순차번호 2807,HRFCO approval file
APR|2808,Approval,방류승인 순차번호 2808,HRFCO approval file
APR|2809,Approval,방류승인 순차번호 2809,HRFCO approval file
APR|2810,Approval,방류승인 순차번호 2810,HRFCO approval file
APR|2811,Approval,방류승인 순차번호 2811,HRFCO approval file
APR|2812,Approval,방류승인 순차번호 2812,HRFCO approval file
APR|2813,Approval,방류승인 순차번호 2813,HRFCO approval file
APR|2814,Approval,방류승인 순차번호 2814,HRFCO approval file
APR|2815,Approval,방류승인 순차번호 2815,HRFCO approval file
APR|2816,Approval,방류승인 순차번호 2816,HRFCO approval file
APR|2817,Approval,방류승인 순차번호 2817,HRFCO approval file
APR|2818,Approval,방류승인 순차번호 2818,HRFCO approval file
APR|2819,Approval,방류승인 순차번호 2819,HRFCO approval file
APR|2820,Approval,방류승인 순차번호 2820,HRFCO approval file
APR|2821,Approval,방류승인 순차번호 2821,HRFCO approval file
APR|2822,Approval,방류승인 순차번호 2822,HRFCO approval file
APR|2823,Approval,방류승인 순차번호 2823,HRFCO approval file
APR|2824,Approval,방류승인 순차번호 2824,HRFCO approval file
APR|2825,Approval,방류승인 순차번호 2825,HRFCO approval file
APR|2826,Approval,방류승인 순차번호 2826,HRFCO approval file
APR|2827,Approval,방류승인 순차번호 2827,HRFCO approval file
APR|2828,Approval,방류승인 순차번호 2828,HRFCO approval file
APR|2829,Approval,방류승인 순차번호 2829,HRFCO approval file
APR|2830,Approval,방류승인 순차번호 2830,HRFCO approval file
APR|2831,Approval,방류승인 순차번호 2831,HRFCO approval file
APR|2832,Approval,방류승인 순차번호 2832,HRFCO approval file
APR|2833,Approval,방류승인 순차번호 2833,HRFCO approval file
APR|2834,Approval,방류승인 순차번호 2834,HRFCO approval file
APR|2835,Approval,방류승인 순차번호 2835,HRFCO approval file
APR|2836,Approval,방류승인 순차번호 2836,HRFCO approval file
APR|2837,Approval,방류승인 순차번호 2837,HRFCO approval file
APR|2838,Approval,방류승인 순차번호 2838,HRFCO approval file
APR|2839,Approval,방류승인 순차번호 2839,HRFCO approval file
APR|2840,Approval,방류승인 순차번호 2840,HRFCO approval file
APR|2841,Approval,방류승인 순차번호 2841,HRFCO approval file
APR|2842,Approval,방류승인 순차번호 2842,HRFCO approval file
APR|2843,Approval,방류승인 순차번호 2843,HRFCO approval file
APR|2844,Approval,방류승인 순차번호 2844,HRFCO approval file
APR|2845,Approval,방류승인 순차번호 2845,HRFCO approval file
APR|2846,Approval,방류승인 순차번호 2846,HRFCO approval file
APR|2847,Approval,방류승인 순차번호 2847,HRFCO approval file
APR|2848,Approval,방류승인 순차번호 2848,HRFCO approval file
APR|2849,Approval,방류승인 순차번호 2849,HRFCO approval file
APR|2850,Approval,방류승인 순차번호 2850,HRFCO approval file
APR|2851,Approval,방류승인 순차번호 2851,HRFCO approval file
APR|2852,Approval,방류승인 순차번호 2852,HRFCO approval file
APR|2853,Approval,방류승인 순차번호 2853,HRFCO approval file
APR|2854,Approval,방류승인 순차번호 2854,HRFCO approval file
APR|2855,Approval,방류승인 순차번호 2855,HRFCO approval file
APR|2856,Approval,방류승인 순차번호 2856,HRFCO approval file
APR|2857,Approval,방류승인 순차번호 2857,HRFCO approval file
APR|2858,Approval,방류승인 순차번호 2858,HRFCO approval file
APR|2859,Approval,방류승인 순차번호 2859,HRFCO approval file
APR|2860,Approval,방류승인 순차번호 2860,HRFCO approval file
APR|2861,Approval,방류승인 순차번호 2861,HRFCO approval file
APR|2862,Approval,방류승인 순차번호 2862,HRFCO approval file
APR|2863,Approval,방류승인 순차번호 2863,HRFCO approval file
APR|2864,Approval,방류승인 순차번호 2864,HRFCO approval file
APR|2865,Approval,방류승인 순차번호 2865,HRFCO approval file
APR|2866,Approval,방류승인 순차번호 2866,HRFCO approval file
APR|2867,Approval,방류승인 순차번호 2867,HRFCO approval file
APR|2868,Approval,방류승인 순차번호 2868,HRFCO approval file
APR|2869,Approval,방류승인 순차번호 2869,HRFCO approval file
APR|2870,Approval,방류승인 순차번호 2870,HRFCO approval file
APR|2871,Approval,방류승인 순차번호 2871,HRFCO approval file
APR|2872,Approval,방류승인 순차번호 2872,HRFCO approval file
APR|2873,Approval,방류승인 순차번호 2873,HRFCO approval file
APR|2874,Approval,방류승인 순차번호 2874,HRFCO approval file
APR|2875,Approval,방류승인 순차번호 2875,HRFCO approval file
APR|2876,Approval,방류승인 순차번호 2876,HRFCO approval file
APR|2877,Approval,방류승인 순차번호 2877,HRFCO approval file
APR|2878,Approval,방류승인 순차번호 2878,HRFCO approval file
APR|2879,Approval,방류승인 순차번호 2879,HRFCO approval file
APR|2880,Approval,방류승인 순차번호 2880,HRFCO approval file
APR|2881,Approval,방류승인 순차번호 2881,HRFCO approval file
APR|2882,Approval,방류승인 순차번호 2882,HRFCO approval file
APR|2883,Approval,방류승인 순차번호 2883,HRFCO approval file
APR|2884,Approval,방류승인 순차번호 2884,HRFCO approval file
APR|2885,Approval,방류승인 순차번호 2885,HRFCO approval file
APR|2886,Approval,방류승인 순차번호 2886,HRFCO approval file
APR|2887,Approval,방류승인 순차번호 2887,HRFCO approval file
APR|2888,Approval,방류승인 순차번호 2888,HRFCO approval file
APR|2889,Approval,방류승인 순차번호 2889,HRFCO approval file
APR|2890,Approval,방류승인 순차번호 2890,HRFCO approval file
APR|2891,Approval,방류승인 순차번호 2891,HRFCO approval file
APR|2892,Approval,방류승인 순차번호 2892,HRFCO approval file
APR|2893,Approval,방류승인 순차번호 2893,HRFCO approval file
APR|2894,Approval,방류승인 순차번호 2894,HRFCO approval file
APR|2895,Approval,방류승인 순차번호 2895,HRFCO approval file
APR|2896,Approval,방류승인 순차번호 2896,HRFCO approval file
APR|2897,Approval,방류승인 순차번호 2897,HRFCO approval file
APR|2898,Approval,방류승인 순차번호 2898,HRFCO approval file
APR|2899,Approval,방류승인 순차번호 2899,HRFCO approval file
APR|2900,Approval,방류승인 순차번호 2900,HRFCO approval file
APR|2901,Approval,방류승인 순차번호 2901,HRFCO approval file
APR|2902,Approval,방류승인 순차번호 2902,HRFCO approval file
APR|2903,Approval,방류승인 순차번호 2903,HRFCO approval file
APR|2904,Approval,방류승인 순차번호 2904,HRFCO approval file
APR|2905,Approval,방류승인 순차번호 2905,HRFCO approval file
APR|2906,Approval,방류승인 순차번호 2906,HRFCO approval file
APR|2907,Approval,방류승인 순차번호 2907,HRFCO approval file
APR|2908,Approval,방류승인 순차번호 2908,HRFCO approval file
APR|2909,Approval,방류승인 순차번호 2909,HRFCO approval file
APR|2910,Approval,방류승인 순차번호 2910,HRFCO approval file
APR|2911,Approval,방류승인 순차번호 2911,HRFCO approval file
APR|2912,Approval,방류승인 순차번호 2912,HRFCO approval file
APR|2913,Approval,방류승인 순차번호 2913,HRFCO approval file
APR|2914,Approval,방류승인 순차번호 2914,HRFCO approval file
APR|2915,Approval,방류승인 순차번호 2915,HRFCO approval file
APR|2916,Approval,방류승인 순차번호 2916,HRFCO approval file
APR|2917,Approval,방류승인 순차번호 2917,HRFCO approval file
APR|2918,Approval,방류승인 순차번호 2918,HRFCO approval file
APR|2919,Approval,방류승인 순차번호 2919,HRFCO approval file
APR|2920,Approval,방류승인 순차번호 2920,HRFCO approval file
APR|2921,Approval,방류승인 순차번호 2921,HRFCO approval file
APR|2922,Approval,방류승인 순차번호 2922,HRFCO approval file
APR|2923,Approval,방류승인 순차번호 2923,HRFCO approval file
APR|2924,Approval,방류승인 순차번호 2924,HRFCO approval file
APR|2925,Approval,방류승인 순차번호 2925,HRFCO approval file
APR|2926,Approval,방류승인 순차번호 2926,HRFCO approval file
APR|2927,Approval,방류승인 순차번호 2927,HRFCO approval file
APR|2928,Approval,방류승인 순차번호 2928,HRFCO approval file
APR|2929,Approval,방류승인 순차번호 2929,HRFCO approval file
APR|2930,Approval,방류승인 순차번호 2930,HRFCO approval file
APR|2931,Approval,방류승인 순차번호 2931,HRFCO approval file
APR|2932,Approval,방류승인 순차번호 2932,HRFCO approval file
APR|2933,Approval,방류승인 순차번호 2933,HRFCO approval file
APR|2934,Approval,방류승인 순차번호 2934,HRFCO approval file
APR|2935,Approval,방류승인 순차번호 2935,HRFCO approval file
APR|2936,Approval,방류승인 순차번호 2936,HRFCO approval file
APR|2937,Approval,방류승인 순차번호 2937,HRFCO approval file
APR|2938,Approval,방류승인 순차번호 2938,HRFCO approval file
APR|2939,Approval,방류승인 순차번호 2939,HRFCO approval file
APR|2940,Approval,방류승인 순차번호 2940,HRFCO approval file
APR|2941,Approval,방류승인 순차번호 2941,HRFCO approval file
APR|2942,Approval,방류승인 순차번호 2942,HRFCO approval file
APR|2943,Approval,방류승인 순차번호 2943,HRFCO approval file
APR|2944,Approval,방류승인 순차번호 2944,HRFCO approval file
APR|2945,Approval,방류승인 순차번호 2945,HRFCO approval file
APR|2946,Approval,방류승인 순차번호 2946,HRFCO approval file
APR|2947,Approval,방류승인 순차번호 2947,HRFCO approval file
APR|2948,Approval,방류승인 순차번호 2948,HRFCO approval file
APR|2949,Approval,방류승인 순차번호 2949,HRFCO approval file
APR|2950,Approval,방류승인 순차번호 2950,HRFCO approval file
APR|2951,Approval,방류승인 순차번호 2951,HRFCO approval file
APR|2952,Approval,방류승인 순차번호 2952,HRFCO approval file
APR|2953,Approval,방류승인 순차번호 2953,HRFCO approval file
APR|2954,Approval,방류승인 순차번호 2954,HRFCO approval file
APR|2955,Approval,방류승인 순차번호 2955,HRFCO approval file
APR|2956,Approval,방류승인 순차번호 2956,HRFCO approval file
APR|2957,Approval,방류승인 순차번호 2957,HRFCO approval file
APR|2958,Approval,방류승인 순차번호 2958,HRFCO approval file
APR|2959,Approval,방류승인 순차번호 2959,HRFCO approval file
APR|2960,Approval,방류승인 순차번호 2960,HRFCO approval file
APR|2961,Approval,방류승인 순차번호 2961,HRFCO approval file
APR|2962,Approval,방류승인 순차번호 2962,HRFCO approval file
APR|2963,Approval,방류승인 순차번호 2963,HRFCO approval file
APR|2964,Approval,방류승인 순차번호 2964,HRFCO approval file
APR|2965,Approval,방류승인 순차번호 2965,HRFCO approval file
APR|2966,Approval,방류승인 순차번호 2966,HRFCO approval file
APR|2967,Approval,방류승인 순차번호 2967,HRFCO approval file
APR|2968,Approval,방류승인 순차번호 2968,HRFCO approval file
APR|2969,Approval,방류승인 순차번호 2969,HRFCO approval file
APR|2970,Approval,방류승인 순차번호 2970,HRFCO approval file
APR|2971,Approval,방류승인 순차번호 2971,HRFCO approval file
APR|2972,Approval,방류승인 순차번호 2972,HRFCO approval file
APR|2973,Approval,방류승인 순차번호 2973,HRFCO approval file
APR|2974,Approval,방류승인 순차번호 2974,HRFCO approval file
APR|2975,Approval,방류승인 순차번호 2975,HRFCO approval file
APR|2976,Approval,방류승인 순차번호 2976,HRFCO approval file
APR|2977,Approval,방류승인 순차번호 2977,HRFCO approval file
APR|2978,Approval,방류승인 순차번호 2978,HRFCO approval file
APR|2979,Approval,방류승인 순차번호 2979,HRFCO approval file
APR|2980,Approval,방류승인 순차번호 2980,HRFCO approval file
APR|2981,Approval,방류승인 순차번호 2981,HRFCO approval file
APR|2982,Approval,방류승인 순차번호 2982,HRFCO approval file
APR|2983,Approval,방류승인 순차번호 2983,HRFCO approval file
APR|2984,Approval,방류승인 순차번호 2984,HRFCO approval file
APR|2985,Approval,방류승인 순차번호 2985,HRFCO approval file
APR|2986,Approval,방류승인 순차번호 2986,HRFCO approval file
APR|2987,Approval,방류승인 순차번호 2987,HRFCO approval file
APR|2988,Approval,방류승인 순차번호 2988,HRFCO approval file
APR|2989,Approval,방류승인 순차번호 2989,HRFCO approval file
APR|2990,Approval,방류승인 순차번호 2990,HRFCO approval file
APR|2991,Approval,방류승인 순차번호 2991,HRFCO approval file
APR|2992,Approval,방류승인 순차번호 2992,HRFCO approval file
APR|2993,Approval,방류승인 순차번호 2993,HRFCO approval file
APR|2994,Approval,방류승인 순차번호 2994,HRFCO approval file
APR|2995,Approval,방류승인 순차번호 2995,HRFCO approval file
APR|2996,Approval,방류승인 순차번호 2996,HRFCO approval file
APR|2997,Approval,방류승인 순차번호 2997,HRFCO approval file
APR|2998,Approval,방류승인 순차번호 2998,HRFCO approval file
APR|2999,Approval,방류승인 순차번호 2999,HRFCO approval file
APR|3000,Approval,방류승인 순차번호 3000,HRFCO approval file
APR|3001,Approval,방류승인 순차번호 3001,HRFCO approval file
APR|3002,Approval,방류승인 순차번호 3002,HRFCO approval file
APR|3003,Approval,방류승인 순차번호 3003,HRFCO approval file
APR|3004,Approval,방류승인 순차번호 3004,HRFCO approval file
APR|3005,Approval,방류승인 순차번호 3005,HRFCO approval file
APR|3006,Approval,방류승인 순차번호 3006,HRFCO approval file
APR|3007,Approval,방류승인 순차번호 3007,HRFCO approval file
APR|3008,Approval,방류승인 순차번호 3008,HRFCO approval file
APR|3009,Approval,방류승인 순차번호 3009,HRFCO approval file
APR|3010,Approval,방류승인 순차번호 3010,HRFCO approval file
APR|3011,Approval,방류승인 순차번호 3011,HRFCO approval file
APR|3012,Approval,방류승인 순차번호 3012,HRFCO approval file
APR|3013,Approval,방류승인 순차번호 3013,HRFCO approval file
APR|3014,Approval,방류승인 순차번호 3014,HRFCO approval file
APR|3015,Approval,방류승인 순차번호 3015,HRFCO approval file
APR|3016,Approval,방류승인 순차번호 3016,HRFCO approval file
APR|3017,Approval,방류승인 순차번호 3017,HRFCO approval file
APR|3018,Approval,방류승인 순차번호 3018,HRFCO approval file
APR|3019,Approval,방류승인 순차번호 3019,HRFCO approval file
APR|3020,Approval,방류승인 순차번호 3020,HRFCO approval file
APR|3021,Approval,방류승인 순차번호 3021,HRFCO approval file
APR|3022,Approval,방류승인 순차번호 3022,HRFCO approval file
APR|3023,Approval,방류승인 순차번호 3023,HRFCO approval file
APR|3024,Approval,방류승인 순차번호 3024,HRFCO approval file
APR|3025,Approval,방류승인 순차번호 3025,HRFCO approval file
APR|3026,Approval,방류승인 순차번호 3026,HRFCO approval file
APR|3027,Approval,방류승인 순차번호 3027,HRFCO approval file
APR|3028,Approval,방류승인 순차번호 3028,HRFCO approval file
APR|3029,Approval,방류승인 순차번호 3029,HRFCO approval file
APR|3030,Approval,방류승인 순차번호 3030,HRFCO approval file
APR|3031,Approval,방류승인 순차번호 3031,HRFCO approval file
APR|3032,Approval,방류승인 순차번호 3032,HRFCO approval file
APR|3033,Approval,방류승인 순차번호 3033,HRFCO approval file
APR|3034,Approval,방류승인 순차번호 3034,HRFCO approval file
APR|3035,Approval,방류승인 순차번호 3035,HRFCO approval file
APR|3036,Approval,방류승인 순차번호 3036,HRFCO approval file
APR|3037,Approval,방류승인 순차번호 3037,HRFCO approval file
APR|3038,Approval,방류승인 순차번호 3038,HRFCO approval file
APR|3039,Approval,방류승인 순차번호 3039,HRFCO approval file
APR|3040,Approval,방류승인 순차번호 3040,HRFCO approval file
APR|3041,Approval,방류승인 순차번호 3041,HRFCO approval file
APR|3042,Approval,방류승인 순차번호 3042,HRFCO approval file
APR|3043,Approval,방류승인 순차번호 3043,HRFCO approval file
APR|3044,Approval,방류승인 순차번호 3044,HRFCO approval file
APR|3045,Approval,방류승인 순차번호 3045,HRFCO approval file
APR|3046,Approval,방류승인 순차번호 3046,HRFCO approval file
APR|3047,Approval,방류승인 순차번호 3047,HRFCO approval file
APR|3048,Approval,방류승인 순차번호 3048,HRFCO approval file
APR|3049,Approval,방류승인 순차번호 3049,HRFCO approval file
APR|3050,Approval,방류승인 순차번호 3050,HRFCO approval file
APR|3051,Approval,방류승인 순차번호 3051,HRFCO approval file
APR|3052,Approval,방류승인 순차번호 3052,HRFCO approval file
APR|3053,Approval,방류승인 순차번호 3053,HRFCO approval file
APR|3054,Approval,방류승인 순차번호 3054,HRFCO approval file
APR|3055,Approval,방류승인 순차번호 3055,HRFCO approval file
APR|3056,Approval,방류승인 순차번호 3056,HRFCO approval file
APR|3057,Approval,방류승인 순차번호 3057,HRFCO approval file
APR|3058,Approval,방류승인 순차번호 3058,HRFCO approval file
APR|3059,Approval,방류승인 순차번호 3059,HRFCO approval file
APR|3060,Approval,방류승인 순차번호 3060,HRFCO approval file
APR|3061,Approval,방류승인 순차번호 3061,HRFCO approval file
APR|3062,Approval,방류승인 순차번호 3062,HRFCO approval file
APR|3063,Approval,방류승인 순차번호 3063,HRFCO approval file
APR|3064,Approval,방류승인 순차번호 3064,HRFCO approval file
APR|3065,Approval,방류승인 순차번호 3065,HRFCO approval file
APR|3066,Approval,방류승인 순차번호 3066,HRFCO approval file
APR|3067,Approval,방류승인 순차번호 3067,HRFCO approval file
APR|3068,Approval,방류승인 순차번호 3068,HRFCO approval file
APR|3069,Approval,방류승인 순차번호 3069,HRFCO approval file
APR|3070,Approval,방류승인 순차번호 3070,HRFCO approval file
APR|3071,Approval,방류승인 순차번호 3071,HRFCO approval file
APR|3072,Approval,방류승인 순차번호 3072,HRFCO approval file
APR|3073,Approval,방류승인 순차번호 3073,HRFCO approval file
APR|3074,Approval,방류승인 순차번호 3074,HRFCO approval file
APR|3075,Approval,방류승인 순차번호 3075,HRFCO approval file
APR|3076,Approval,방류승인 순차번호 3076,HRFCO approval file
APR|3077,Approval,방류승인 순차번호 3077,HRFCO approval file
APR|3078,Approval,방류승인 순차번호 3078,HRFCO approval file
APR|3079,Approval,방류승인 순차번호 3079,HRFCO approval file
APR|3080,Approval,방류승인 순차번호 3080,HRFCO approval file
APR|3081,Approval,방류승인 순차번호 3081,HRFCO approval file
APR|3082,Approval,방류승인 순차번호 3082,HRFCO approval file
APR|3083,Approval,방류승인 순차번호 3083,HRFCO approval file
APR|3084,Approval,방류승인 순차번호 3084,HRFCO approval file
APR|3085,Approval,방류승인 순차번호 3085,HRFCO approval file
APR|3086,Approval,방류승인 순차번호 3086,HRFCO approval file
APR|3087,Approval,방류승인 순차번호 3087,HRFCO approval file
APR|3088,Approval,방류승인 순차번호 3088,HRFCO approval file
APR|3089,Approval,방류승인 순차번호 3089,HRFCO approval file
APR|3090,Approval,방류승인 순차번호 3090,HRFCO approval file
APR|3091,Approval,방류승인 순차번호 3091,HRFCO approval file
APR|3092,Approval,방류승인 순차번호 3092,HRFCO approval file
APR|3093,Approval,방류승인 순차번호 3093,HRFCO approval file
APR|3094,Approval,방류승인 순차번호 3094,HRFCO approval file
APR|3095,Approval,방류승인 순차번호 3095,HRFCO approval file
APR|3096,Approval,방류승인 순차번호 3096,HRFCO approval file
APR|3097,Approval,방류승인 순차번호 3097,HRFCO approval file
APR|3098,Approval,방류승인 순차번호 3098,HRFCO approval file
APR|3099,Approval,방류승인 순차번호 3099,HRFCO approval file
APR|3100,Approval,방류승인 순차번호 3100,HRFCO approval file
APR|3101,Approval,방류승인 순차번호 3101,HRFCO approval file
APR|3102,Approval,방류승인 순차번호 3102,HRFCO approval file
APR|3103,Approval,방류승인 순차번호 3103,HRFCO approval file
APR|3104,Approval,방류승인 순차번호 3104,HRFCO approval file
APR|3105,Approval,방류승인 순차번호 3105,HRFCO approval file
APR|3106,Approval,방류승인 순차번호 3106,HRFCO approval file
APR|3107,Approval,방류승인 순차번호 3107,HRFCO approval file
APR|3108,Approval,방류승인 순차번호 3108,HRFCO approval file
APR|3109,Approval,방류승인 순차번호 3109,HRFCO approval file
APR|3110,Approval,방류승인 순차번호 3110,HRFCO approval file
APR|3111,Approval,방류승인 순차번호 3111,HRFCO approval file
APR|3112,Approval,방류승인 순차번호 3112,HRFCO approval file
APR|3113,Approval,방류승인 순차번호 3113,HRFCO approval file
APR|3114,Approval,방류승인 순차번호 3114,HRFCO approval file
APR|3115,Approval,방류승인 순차번호 3115,HRFCO approval file
APR|3116,Approval,방류승인 순차번호 3116,HRFCO approval file
APR|3117,Approval,방류승인 순차번호 3117,HRFCO approval file
APR|3118,Approval,방류승인 순차번호 3118,HRFCO approval file
APR|3119,Approval,방류승인 순차번호 3119,HRFCO approval file
APR|3120,Approval,방류승인 순차번호 3120,HRFCO approval file
APR|3121,Approval,방류승인 순차번호 3121,HRFCO approval file
APR|3122,Approval,방류승인 순차번호 3122,HRFCO approval file
APR|3123,Approval,방류승인 순차번호 3123,HRFCO approval file
APR|3124,Approval,방류승인 순차번호 3124,HRFCO approval file
APR|3125,Approval,방류승인 순차번호 3125,HRFCO approval file
APR|3126,Approval,방류승인 순차번호 3126,HRFCO approval file
APR|3127,Approval,방류승인 순차번호 3127,HRFCO approval file
APR|3128,Approval,방류승인 순차번호 3128,HRFCO approval file
APR|3129,Approval,방류승인 순차번호 3129,HRFCO approval file
APR|3130,Approval,방류승인 순차번호 3130,HRFCO approval file
APR|3131,Approval,방류승인 순차번호 3131,HRFCO approval file
APR|3132,Approval,방류승인 순차번호 3132,HRFCO approval file
APR|3133,Approval,방류승인 순차번호 3133,HRFCO approval file
APR|3134,Approval,방류승인 순차번호 3134,HRFCO approval file
APR|3135,Approval,방류승인 순차번호 3135,HRFCO approval file
APR|3136,Approval,방류승인 순차번호 3136,HRFCO approval file
APR|3137,Approval,방류승인 순차번호 3137,HRFCO approval file
APR|3138,Approval,방류승인 순차번호 3138,HRFCO approval file
APR|3139,Approval,방류승인 순차번호 3139,HRFCO approval file
APR|3140,Approval,방류승인 순차번호 3140,HRFCO approval file
APR|3141,Approval,방류승인 순차번호 3141,HRFCO approval file
APR|3142,Approval,방류승인 순차번호 3142,HRFCO approval file
APR|3143,Approval,방류승인 순차번호 3143,HRFCO approval file
APR|3144,Approval,방류승인 순차번호 3144,HRFCO approval file
APR|3145,Approval,방류승인 순차번호 3145,HRFCO approval file
APR|3146,Approval,방류승인 순차번호 3146,HRFCO approval file
APR|3147,Approval,방류승인 순차번호 3147,HRFCO approval file
APR|3148,Approval,방류승인 순차번호 3148,HRFCO approval file
APR|3149,Approval,방류승인 순차번호 3149,HRFCO approval file
APR|3150,Approval,방류승인 순차번호 3150,HRFCO approval file
APR|3151,Approval,방류승인 순차번호 3151,HRFCO approval file
APR|3152,Approval,방류승인 순차번호 3152,HRFCO approval file
APR|3153,Approval,방류승인 순차번호 3153,HRFCO approval file
APR|3154,Approval,방류승인 순차번호 3154,HRFCO approval file
APR|3155,Approval,방류승인 순차번호 3155,HRFCO approval file
APR|3156,Approval,방류승인 순차번호 3156,HRFCO approval file
APR|3157,Approval,방류승인 순차번호 3157,HRFCO approval file
APR|3158,Approval,방류승인 순차번호 3158,HRFCO approval file
APR|3159,Approval,방류승인 순차번호 3159,HRFCO approval file
APR|3160,Approval,방류승인 순차번호 3160,HRFCO approval file
APR|3161,Approval,방류승인 순차번호 3161,HRFCO approval file
APR|3162,Approval,방류승인 순차번호 3162,HRFCO approval file
APR|3163,Approval,방류승인 순차번호 3163,HRFCO approval file
APR|3164,Approval,방류승인 순차번호 3164,HRFCO approval file
APR|3165,Approval,방류승인 순차번호 3165,HRFCO approval file
APR|3166,Approval,방류승인 순차번호 3166,HRFCO approval file
APR|3167,Approval,방류승인 순차번호 3167,HRFCO approval file
APR|3168,Approval,방류승인 순차번호 3168,HRFCO approval file
APR|3169,Approval,방류승인 순차번호 3169,HRFCO approval file
APR|3170,Approval,방류승인 순차번호 3170,HRFCO approval file
APR|3171,Approval,방류승인 순차번호 3171,HRFCO approval file
APR|3172,Approval,방류승인 순차번호 3172,HRFCO approval file
APR|3173,Approval,방류승인 순차번호 3173,HRFCO approval file
APR|3174,Approval,방류승인 순차번호 3174,HRFCO approval file
APR|3175,Approval,방류승인 순차번호 3175,HRFCO approval file
APR|3176,Approval,방류승인 순차번호 3176,HRFCO approval file
APR|3177,Approval,방류승인 순차번호 3177,HRFCO approval file
APR|3178,Approval,방류승인 순차번호 3178,HRFCO approval file
APR|3179,Approval,방류승인 순차번호 3179,HRFCO approval file
APR|3180,Approval,방류승인 순차번호 3180,HRFCO approval file
APR|3181,Approval,방류승인 순차번호 3181,HRFCO approval file
APR|3182,Approval,방류승인 순차번호 3182,HRFCO approval file
APR|3183,Approval,방류승인 순차번호 3183,HRFCO approval file
APR|3184,Approval,방류승인 순차번호 3184,HRFCO approval file
APR|3185,Approval,방류승인 순차번호 3185,HRFCO approval file
APR|3186,Approval,방류승인 순차번호 3186,HRFCO approval file
APR|3187,Approval,방류승인 순차번호 3187,HRFCO approval file
APR|3188,Approval,방류승인 순차번호 3188,HRFCO approval file
APR|3189,Approval,방류승인 순차번호 3189,HRFCO approval file
APR|3190,Approval,방류승인 순차번호 3190,HRFCO approval file
APR|3191,Approval,방류승인 순차번호 3191,HRFCO approval file
APR|3192,Approval,방류승인 순차번호 3192,HRFCO approval file
APR|3193,Approval,방류승인 순차번호 3193,HRFCO approval file
APR|3194,Approval,방류승인 순차번호 3194,HRFCO approval file
APR|3195,Approval,방류승인 순차번호 3195,HRFCO approval file
APR|3196,Approval,방류승인 순차번호 3196,HRFCO approval file
APR|3197,Approval,방류승인 순차번호 3197,HRFCO approval file
APR|3198,Approval,방류승인 순차번호 3198,HRFCO approval file
APR|3199,Approval,방류승인 순차번호 3199,HRFCO approval file
APR|3200,Approval,방류승인 순차번호 3200,HRFCO approval file
APR|3201,Approval,방류승인 순차번호 3201,HRFCO approval file
APR|3202,Approval,방류승인 순차번호 3202,HRFCO approval file
APR|3203,Approval,방류승인 순차번호 3203,HRFCO approval file
APR|3204,Approval,방류승인 순차번호 3204,HRFCO approval file
APR|3205,Approval,방류승인 순차번호 3205,HRFCO approval file
APR|3206,Approval,방류승인 순차번호 3206,HRFCO approval file
APR|3207,Approval,방류승인 순차번호 3207,HRFCO approval file
APR|3208,Approval,방류승인 순차번호 3208,HRFCO approval file
APR|3209,Approval,방류승인 순차번호 3209,HRFCO approval file
APR|3210,Approval,방류승인 순차번호 3210,HRFCO approval file
APR|3211,Approval,방류승인 순차번호 3211,HRFCO approval file
APR|3212,Approval,방류승인 순차번호 3212,HRFCO approval file
APR|3213,Approval,방류승인 순차번호 3213,HRFCO approval file
APR|3214,Approval,방류승인 순차번호 3214,HRFCO approval file
APR|3215,Approval,방류승인 순차번호 3215,HRFCO approval file
APR|3216,Approval,방류승인 순차번호 3216,HRFCO approval file
APR|3217,Approval,방류승인 순차번호 3217,HRFCO approval file
APR|3218,Approval,방류승인 순차번호 3218,HRFCO approval file
APR|3219,Approval,방류승인 순차번호 3219,HRFCO approval file
APR|3220,Approval,방류승인 순차번호 3220,HRFCO approval file
APR|3221,Approval,방류승인 순차번호 3221,HRFCO approval file
APR|3222,Approval,방류승인 순차번호 3222,HRFCO approval file
APR|3223,Approval,방류승인 순차번호 3223,HRFCO approval file
APR|3224,Approval,방류승인 순차번호 3224,HRFCO approval file
APR|3225,Approval,방류승인 순차번호 3225,HRFCO approval file
APR|3226,Approval,방류승인 순차번호 3226,HRFCO approval file
APR|3227,Approval,방류승인 순차번호 3227,HRFCO approval file
APR|3228,Approval,방류승인 순차번호 3228,HRFCO approval file
APR|3229,Approval,방류승인 순차번호 3229,HRFCO approval file
APR|3230,Approval,방류승인 순차번호 3230,HRFCO approval file
APR|3231,Approval,방류승인 순차번호 3231,HRFCO approval file
APR|3232,Approval,방류승인 순차번호 3232,HRFCO approval file
APR|3233,Approval,방류승인 순차번호 3233,HRFCO approval file
APR|3234,Approval,방류승인 순차번호 3234,HRFCO approval file
APR|3235,Approval,방류승인 순차번호 3235,HRFCO approval file
APR|3236,Approval,방류승인 순차번호 3236,HRFCO approval file
APR|3237,Approval,방류승인 순차번호 3237,HRFCO approval file
APR|3238,Approval,방류승인 순차번호 3238,HRFCO approval file
APR|3239,Approval,방류승인 순차번호 3239,HRFCO approval file
APR|3240,Approval,방류승인 순차번호 3240,HRFCO approval file
APR|3241,Approval,방류승인 순차번호 3241,HRFCO approval file
APR|3242,Approval,방류승인 순차번호 3242,HRFCO approval file
APR|3243,Approval,방류승인 순차번호 3243,HRFCO approval file
APR|3244,Approval,방류승인 순차번호 3244,HRFCO approval file
APR|3245,Approval,방류승인 순차번호 3245,HRFCO approval file
APR|3246,Approval,방류승인 순차번호 3246,HRFCO approval file
APR|3247,Approval,방류승인 순차번호 3247,HRFCO approval file
APR|3248,Approval,방류승인 순차번호 3248,HRFCO approval file
APR|3249,Approval,방류승인 순차번호 3249,HRFCO approval file
APR|3250,Approval,방류승인 순차번호 3250,HRFCO approval file
APR|3251,Approval,방류승인 순차번호 3251,HRFCO approval file
APR|3252,Approval,방류승인 순차번호 3252,HRFCO approval file
APR|3253,Approval,방류승인 순차번호 3253,HRFCO approval file
APR|3254,Approval,방류승인 순차번호 3254,HRFCO approval file
APR|3255,Approval,방류승인 순차번호 3255,HRFCO approval file
APR|3256,Approval,방류승인 순차번호 3256,HRFCO approval file
APR|3257,Approval,방류승인 순차번호 3257,HRFCO approval file
APR|3258,Approval,방류승인 순차번호 3258,HRFCO approval file
APR|3259,Approval,방류승인 순차번호 3259,HRFCO approval file
APR|3260,Approval,방류승인 순차번호 3260,HRFCO approval file
APR|3261,Approval,방류승인 순차번호 3261,HRFCO approval file
APR|3262,Approval,방류승인 순차번호 3262,HRFCO approval file
APR|3263,Approval,방류승인 순차번호 3263,HRFCO approval file
APR|3264,Approval,방류승인 순차번호 3264,HRFCO approval file
APR|3265,Approval,방류승인 순차번호 3265,HRFCO approval file
APR|3266,Approval,방류승인 순차번호 3266,HRFCO approval file
APR|3267,Approval,방류승인 순차번호 3267,HRFCO approval file
APR|3268,Approval,방류승인 순차번호 3268,HRFCO approval file
APR|3269,Approval,방류승인 순차번호 3269,HRFCO approval file
APR|3270,Approval,방류승인 순차번호 3270,HRFCO approval file
APR|3271,Approval,방류승인 순차번호 3271,HRFCO approval file
APR|3272,Approval,방류승인 순차번호 3272,HRFCO approval file
APR|3273,Approval,방류승인 순차번호 3273,HRFCO approval file
APR|3274,Approval,방류승인 순차번호 3274,HRFCO approval file
APR|3275,Approval,방류승인 순차번호 3275,HRFCO approval file
APR|3276,Approval,방류승인 순차번호 3276,HRFCO approval file
APR|3277,Approval,방류승인 순차번호 3277,HRFCO approval file
APR|3278,Approval,방류승인 순차번호 3278,HRFCO approval file
APR|3279,Approval,방류승인 순차번호 3279,HRFCO approval file
APR|3280,Approval,방류승인 순차번호 3280,HRFCO approval file
APR|3281,Approval,방류승인 순차번호 3281,HRFCO approval file
APR|3282,Approval,방류승인 순차번호 3282,HRFCO approval file
APR|3283,Approval,방류승인 순차번호 3283,HRFCO approval file
APR|3284,Approval,방류승인 순차번호 3284,HRFCO approval file
APR|3285,Approval,방류승인 순차번호 3285,HRFCO approval file
APR|3286,Approval,방류승인 순차번호 3286,HRFCO approval file
APR|3287,Approval,방류승인 순차번호 3287,HRFCO approval file
APR|3288,Approval,방류승인 순차번호 3288,HRFCO approval file
APR|3289,Approval,방류승인 순차번호 3289,HRFCO approval file
APR|3290,Approval,방류승인 순차번호 3290,HRFCO approval file
APR|3291,Approval,방류승인 순차번호 3291,HRFCO approval file
APR|3292,Approval,방류승인 순차번호 3292,HRFCO approval file
APR|3293,Approval,방류승인 순차번호 3293,HRFCO approval file
APR|3294,Approval,방류승인 순차번호 3294,HRFCO approval file
APR|3295,Approval,방류승인 순차번호 3295,HRFCO approval file
APR|3296,Approval,방류승인 순차번호 3296,HRFCO approval file
APR|3297,Approval,방류승인 순차번호 3297,HRFCO approval file
APR|3298,Approval,방류승인 순차번호 3298,HRFCO approval file
APR|3299,Approval,방류승인 순차번호 3299,HRFCO approval file
APR|3300,Approval,방류승인 순차번호 3300,HRFCO approval file
APR|3301,Approval,방류승인 순차번호 3301,HRFCO approval file
APR|3302,Approval,방류승인 순차번호 3302,HRFCO approval file
APR|3303,Approval,방류승인 순차번호 3303,HRFCO approval file
APR|3304,Approval,방류승인 순차번호 3304,HRFCO approval file
APR|3305,Approval,방류승인 순차번호 3305,HRFCO approval file
APR|3306,Approval,방류승인 순차번호 3306,HRFCO approval file
APR|3307,Approval,방류승인 순차번호 3307,HRFCO approval file
APR|3308,Approval,방류승인 순차번호 3308,HRFCO approval file
APR|3309,Approval,방류승인 순차번호 3309,HRFCO approval file
APR|3310,Approval,방류승인 순차번호 3310,HRFCO approval file
APR|3311,Approval,방류승인 순차번호 3311,HRFCO approval file
APR|3312,Approval,방류승인 순차번호 3312,HRFCO approval file
APR|3313,Approval,방류승인 순차번호 3313,HRFCO approval file
APR|3314,Approval,방류승인 순차번호 3314,HRFCO approval file
APR|3315,Approval,방류승인 순차번호 3315,HRFCO approval file
APR|3316,Approval,방류승인 순차번호 3316,HRFCO approval file
APR|3317,Approval,방류승인 순차번호 3317,HRFCO approval file
APR|3318,Approval,방류승인 순차번호 3318,HRFCO approval file
APR|3319,Approval,방류승인 순차번호 3319,HRFCO approval file
APR|3320,Approval,방류승인 순차번호 3320,HRFCO approval file
APR|3321,Approval,방류승인 순차번호 3321,HRFCO approval file
APR|3322,Approval,방류승인 순차번호 3322,HRFCO approval file
APR|3323,Approval,방류승인 순차번호 3323,HRFCO approval file
APR|3324,Approval,방류승인 순차번호 3324,HRFCO approval file
APR|3325,Approval,방류승인 순차번호 3325,HRFCO approval file
APR|3326,Approval,방류승인 순차번호 3326,HRFCO approval file
APR|3327,Approval,방류승인 순차번호 3327,HRFCO approval file
APR|3328,Approval,방류승인 순차번호 3328,HRFCO approval file
APR|3329,Approval,방류승인 순차번호 3329,HRFCO approval file
APR|3330,Approval,방류승인 순차번호 3330,HRFCO approval file
APR|3331,Approval,방류승인 순차번호 3331,HRFCO approval file
APR|3332,Approval,방류승인 순차번호 3332,HRFCO approval file
APR|3333,Approval,방류승인 순차번호 3333,HRFCO approval file
APR|3334,Approval,방류승인 순차번호 3334,HRFCO approval file
APR|3335,Approval,방류승인 순차번호 3335,HRFCO approval file
APR|3336,Approval,방류승인 순차번호 3336,HRFCO approval file
APR|3337,Approval,방류승인 순차번호 3337,HRFCO approval file
APR|3338,Approval,방류승인 순차번호 3338,HRFCO approval file
APR|3339,Approval,방류승인 순차번호 3339,HRFCO approval file
APR|3340,Approval,방류승인 순차번호 3340,HRFCO approval file
APR|3341,Approval,방류승인 순차번호 3341,HRFCO approval file
APR|3342,Approval,방류승인 순차번호 3342,HRFCO approval file
APR|3343,Approval,방류승인 순차번호 3343,HRFCO approval file
APR|3344,Approval,방류승인 순차번호 3344,HRFCO approval file
APR|3345,Approval,방류승인 순차번호 3345,HRFCO approval file
APR|3346,Approval,방류승인 순차번호 3346,HRFCO approval file
APR|3347,Approval,방류승인 순차번호 3347,HRFCO approval file
APR|3348,Approval,방류승인 순차번호 3348,HRFCO approval file
APR|3349,Approval,방류승인 순차번호 3349,HRFCO approval file
APR|3350,Approval,방류승인 순차번호 3350,HRFCO approval file
APR|3351,Approval,방류승인 순차번호 3351,HRFCO approval file
APR|3352,Approval,방류승인 순차번호 3352,HRFCO approval file
APR|3353,Approval,방류승인 순차번호 3353,HRFCO approval file
APR|3354,Approval,방류승인 순차번호 3354,HRFCO approval file
APR|3355,Approval,방류승인 순차번호 3355,HRFCO approval file
APR|3356,Approval,방류승인 순차번호 3356,HRFCO approval file
APR|3357,Approval,방류승인 순차번호 3357,HRFCO approval file
APR|3358,Approval,방류승인 순차번호 3358,HRFCO approval file
APR|3359,Approval,방류승인 순차번호 3359,HRFCO approval file
APR|3360,Approval,방류승인 순차번호 3360,HRFCO approval file
APR|3361,Approval,방류승인 순차번호 3361,HRFCO approval file
APR|3362,Approval,방류승인 순차번호 3362,HRFCO approval file
APR|3363,Approval,방류승인 순차번호 3363,HRFCO approval file
APR|3364,Approval,방류승인 순차번호 3364,HRFCO approval file
APR|3365,Approval,방류승인 순차번호 3365,HRFCO approval file
APR|3366,Approval,방류승인 순차번호 3366,HRFCO approval file
APR|3367,Approval,방류승인 순차번호 3367,HRFCO approval file
APR|3368,Approval,방류승인 순차번호 3368,HRFCO approval file
APR|3369,Approval,방류승인 순차번호 3369,HRFCO approval file
APR|3370,Approval,방류승인 순차번호 3370,HRFCO approval file
APR|3371,Approval,방류승인 순차번호 3371,HRFCO approval file
APR|3372,Approval,방류승인 순차번호 3372,HRFCO approval file
APR|3373,Approval,방류승인 순차번호 3373,HRFCO approval file
APR|3374,Approval,방류승인 순차번호 3374,HRFCO approval file
APR|3375,Approval,방류승인 순차번호 3375,HRFCO approval file
APR|3376,Approval,방류승인 순차번호 3376,HRFCO approval file
APR|3377,Approval,방류승인 순차번호 3377,HRFCO approval file
APR|3378,Approval,방류승인 순차번호 3378,HRFCO approval file
APR|3379,Approval,방류승인 순차번호 3379,HRFCO approval file
APR|3380,Approval,방류승인 순차번호 3380,HRFCO approval file
APR|3381,Approval,방류승인 순차번호 3381,HRFCO approval file
APR|3382,Approval,방류승인 순차번호 3382,HRFCO approval file
APR|3383,Approval,방류승인 순차번호 3383,HRFCO approval file
APR|3384,Approval,방류승인 순차번호 3384,HRFCO approval file
APR|3385,Approval,방류승인 순차번호 3385,HRFCO approval file
APR|3386,Approval,방류승인 순차번호 3386,HRFCO approval file
APR|3387,Approval,방류승인 순차번호 3387,HRFCO approval file
APR|3388,Approval,방류승인 순차번호 3388,HRFCO approval file
APR|3389,Approval,방류승인 순차번호 3389,HRFCO approval file
APR|3390,Approval,방류승인 순차번호 3390,HRFCO approval file
APR|3391,Approval,방류승인 순차번호 3391,HRFCO approval file
APR|3392,Approval,방류승인 순차번호 3392,HRFCO approval file
APR|3393,Approval,방류승인 순차번호 3393,HRFCO approval file
APR|3394,Approval,방류승인 순차번호 3394,HRFCO approval file
APR|3395,Approval,방류승인 순차번호 3395,HRFCO approval file
APR|3396,Approval,방류승인 순차번호 3396,HRFCO approval file
APR|3397,Approval,방류승인 순차번호 3397,HRFCO approval file
APR|3398,Approval,방류승인 순차번호 3398,HRFCO approval file
APR|3399,Approval,방류승인 순차번호 3399,HRFCO approval file
APR|3400,Approval,방류승인 순차번호 3400,HRFCO approval file
APR|3401,Approval,방류승인 순차번호 3401,HRFCO approval file
APR|3402,Approval,방류승인 순차번호 3402,HRFCO approval file
APR|3403,Approval,방류승인 순차번호 3403,HRFCO approval file
APR|3404,Approval,방류승인 순차번호 3404,HRFCO approval file
APR|3405,Approval,방류승인 순차번호 3405,HRFCO approval file
APR|3406,Approval,방류승인 순차번호 3406,HRFCO approval file
APR|3407,Approval,방류승인 순차번호 3407,HRFCO approval file
APR|3408,Approval,방류승인 순차번호 3408,HRFCO approval file
APR|3409,Approval,방류승인 순차번호 3409,HRFCO approval file
APR|3410,Approval,방류승인 순차번호 3410,HRFCO approval file
APR|3411,Approval,방류승인 순차번호 3411,HRFCO approval file
APR|3412,Approval,방류승인 순차번호 3412,HRFCO approval file
APR|3413,Approval,방류승인 순차번호 3413,HRFCO approval file
APR|3414,Approval,방류승인 순차번호 3414,HRFCO approval file
APR|3415,Approval,방류승인 순차번호 3415,HRFCO approval file
APR|3416,Approval,방류승인 순차번호 3416,HRFCO approval file
APR|3417,Approval,방류승인 순차번호 3417,HRFCO approval file
APR|3418,Approval,방류승인 순차번호 3418,HRFCO approval file
APR|3419,Approval,방류승인 순차번호 3419,HRFCO approval file
APR|3420,Approval,방류승인 순차번호 3420,HRFCO approval file
APR|3421,Approval,방류승인 순차번호 3421,HRFCO approval file
APR|3422,Approval,방류승인 순차번호 3422,HRFCO approval file
APR|3423,Approval,방류승인 순차번호 3423,HRFCO approval file
APR|3424,Approval,방류승인 순차번호 3424,HRFCO approval file
APR|3425,Approval,방류승인 순차번호 3425,HRFCO approval file
APR|3426,Approval,방류승인 순차번호 3426,HRFCO approval file
APR|3427,Approval,방류승인 순차번호 3427,HRFCO approval file
APR|3428,Approval,방류승인 순차번호 3428,HRFCO approval file
APR|3429,Approval,방류승인 순차번호 3429,HRFCO approval file
APR|3430,Approval,방류승인 순차번호 3430,HRFCO approval file
APR|3431,Approval,방류승인 순차번호 3431,HRFCO approval file
APR|3432,Approval,방류승인 순차번호 3432,HRFCO approval file
APR|3433,Approval,방류승인 순차번호 3433,HRFCO approval file
APR|3434,Approval,방류승인 순차번호 3434,HRFCO approval file
APR|3435,Approval,방류승인 순차번호 3435,HRFCO approval file
APR|3436,Approval,방류승인 순차번호 3436,HRFCO approval file
APR|3437,Approval,방류승인 순차번호 3437,HRFCO approval file
APR|3438,Approval,방류승인 순차번호 3438,HRFCO approval file
APR|3439,Approval,방류승인 순차번호 3439,HRFCO approval file
APR|3440,Approval,방류승인 순차번호 3440,HRFCO approval file
APR|3441,Approval,방류승인 순차번호 3441,HRFCO approval file
APR|3442,Approval,방류승인 순차번호 3442,HRFCO approval file
APR|3443,Approval,방류승인 순차번호 3443,HRFCO approval file
APR|3444,Approval,방류승인 순차번호 3444,HRFCO approval file
APR|3445,Approval,방류승인 순차번호 3445,HRFCO approval file
APR|3446,Approval,방류승인 순차번호 3446,HRFCO approval file
APR|3447,Approval,방류승인 순차번호 3447,HRFCO approval file
APR|3448,Approval,방류승인 순차번호 3448,HRFCO approval file
APR|3449,Approval,방류승인 순차번호 3449,HRFCO approval file
APR|3450,Approval,방류승인 순차번호 3450,HRFCO approval file
APR|3451,Approval,방류승인 순차번호 3451,HRFCO approval file
APR|3452,Approval,방류승인 순차번호 3452,HRFCO approval file
APR|3453,Approval,방류승인 순차번호 3453,HRFCO approval file
APR|3454,Approval,방류승인 순차번호 3454,HRFCO approval file
APR|3455,Approval,방류승인 순차번호 3455,HRFCO approval file
APR|3456,Approval,방류승인 순차번호 3456,HRFCO approval file
APR|3457,Approval,방류승인 순차번호 3457,HRFCO approval file
APR|3458,Approval,방류승인 순차번호 3458,HRFCO approval file
APR|3459,Approval,방류승인 순차번호 3459,HRFCO approval file
APR|3460,Approval,방류승인 순차번호 3460,HRFCO approval file
APR|3461,Approval,방류승인 순차번호 3461,HRFCO approval file
APR|3462,Approval,방류승인 순차번호 3462,HRFCO approval file
APR|3463,Approval,방류승인 순차번호 3463,HRFCO approval file
APR|3464,Approval,방류승인 순차번호 3464,HRFCO approval file
APR|3465,Approval,방류승인 순차번호 3465,HRFCO approval file
APR|3466,Approval,방류승인 순차번호 3466,HRFCO approval file
APR|3467,Approval,방류승인 순차번호 3467,HRFCO approval file
APR|3468,Approval,방류승인 순차번호 3468,HRFCO approval file
APR|3469,Approval,방류승인 순차번호 3469,HRFCO approval file
APR|3470,Approval,방류승인 순차번호 3470,HRFCO approval file
APR|3471,Approval,방류승인 순차번호 3471,HRFCO approval file
APR|3472,Approval,방류승인 순차번호 3472,HRFCO approval file
APR|3473,Approval,방류승인 순차번호 3473,HRFCO approval file
APR|3474,Approval,방류승인 순차번호 3474,HRFCO approval file
APR|3475,Approval,방류승인 순차번호 3475,HRFCO approval file
APR|3476,Approval,방류승인 순차번호 3476,HRFCO approval file
APR|3477,Approval,방류승인 순차번호 3477,HRFCO approval file
APR|3478,Approval,방류승인 순차번호 3478,HRFCO approval file
APR|3479,Approval,방류승인 순차번호 3479,HRFCO approval file
APR|3480,Approval,방류승인 순차번호 3480,HRFCO approval file
APR|3481,Approval,방류승인 순차번호 3481,HRFCO approval file
APR|3482,Approval,방류승인 순차번호 3482,HRFCO approval file
APR|3483,Approval,방류승인 순차번호 3483,HRFCO approval file
APR|3484,Approval,방류승인 순차번호 3484,HRFCO approval file
APR|3485,Approval,방류승인 순차번호 3485,HRFCO approval file
APR|3486,Approval,방류승인 순차번호 3486,HRFCO approval file
APR|3487,Approval,방류승인 순차번호 3487,HRFCO approval file
APR|3488,Approval,방류승인 순차번호 3488,HRFCO approval file
APR|3489,Approval,방류승인 순차번호 3489,HRFCO approval file
APR|3490,Approval,방류승인 순차번호 3490,HRFCO approval file
APR|3491,Approval,방류승인 순차번호 3491,HRFCO approval file
APR|3492,Approval,방류승인 순차번호 3492,HRFCO approval file
APR|3493,Approval,방류승인 순차번호 3493,HRFCO approval file
APR|3494,Approval,방류승인 순차번호 3494,HRFCO approval file
APR|3495,Approval,방류승인 순차번호 3495,HRFCO approval file
APR|3496,Approval,방류승인 순차번호 3496,HRFCO approval file
APR|3497,Approval,방류승인 순차번호 3497,HRFCO approval file
APR|3498,Approval,방류승인 순차번호 3498,HRFCO approval file
APR|3499,Approval,방류승인 순차번호 3499,HRFCO approval file
APR|3500,Approval,방류승인 순차번호 3500,HRFCO approval file
APR|3501,Approval,방류승인 순차번호 3501,HRFCO approval file
APR|3502,Approval,방류승인 순차번호 3502,HRFCO approval file
APR|3503,Approval,방류승인 순차번호 3503,HRFCO approval file
APR|3504,Approval,방류승인 순차번호 3504,HRFCO approval file
APR|3505,Approval,방류승인 순차번호 3505,HRFCO approval file
APR|3506,Approval,방류승인 순차번호 3506,HRFCO approval file
APR|3507,Approval,방류승인 순차번호 3507,HRFCO approval file
APR|3508,Approval,방류승인 순차번호 3508,HRFCO approval file
APR|3509,Approval,방류승인 순차번호 3509,HRFCO approval file
APR|3510,Approval,방류승인 순차번호 3510,HRFCO approval file
APR|3511,Approval,방류승인 순차번호 3511,HRFCO approval file
APR|3512,Approval,방류승인 순차번호 3512,HRFCO approval file
APR|3513,Approval,방류승인 순차번호 3513,HRFCO approval file
APR|3514,Approval,방류승인 순차번호 3514,HRFCO approval file
APR|3515,Approval,방류승인 순차번호 3515,HRFCO approval file
APR|3516,Approval,방류승인 순차번호 3516,HRFCO approval file
APR|3517,Approval,방류승인 순차번호 3517,HRFCO approval file
APR|3518,Approval,방류승인 순차번호 3518,HRFCO approval file
APR|3519,Approval,방류승인 순차번호 3519,HRFCO approval file
APR|3520,Approval,방류승인 순차번호 3520,HRFCO approval file
APR|3521,Approval,방류승인 순차번호 3521,HRFCO approval file
APR|3522,Approval,방류승인 순차번호 3522,HRFCO approval file
APR|3523,Approval,방류승인 순차번호 3523,HRFCO approval file
APR|3524,Approval,방류승인 순차번호 3524,HRFCO approval file
APR|3525,Approval,방류승인 순차번호 3525,HRFCO approval file
APR|3526,Approval,방류승인 순차번호 3526,HRFCO approval file
APR|3527,Approval,방류승인 순차번호 3527,HRFCO approval file
APR|3528,Approval,방류승인 순차번호 3528,HRFCO approval file
APR|3529,Approval,방류승인 순차번호 3529,HRFCO approval file
APR|3530,Approval,방류승인 순차번호 3530,HRFCO approval file
APR|3531,Approval,방류승인 순차번호 3531,HRFCO approval file
APR|3532,Approval,방류승인 순차번호 3532,HRFCO approval file
APR|3533,Approval,방류승인 순차번호 3533,HRFCO approval file
APR|3534,Approval,방류승인 순차번호 3534,HRFCO approval file
APR|3535,Approval,방류승인 순차번호 3535,HRFCO approval file
APR|3536,Approval,방류승인 순차번호 3536,HRFCO approval file
APR|3537,Approval,방류승인 순차번호 3537,HRFCO approval file
APR|3538,Approval,방류승인 순차번호 3538,HRFCO approval file
APR|3539,Approval,방류승인 순차번호 3539,HRFCO approval file
APR|3540,Approval,방류승인 순차번호 3540,HRFCO approval file
APR|3541,Approval,방류승인 순차번호 3541,HRFCO approval file
APR|3542,Approval,방류승인 순차번호 3542,HRFCO approval file
APR|3543,Approval,방류승인 순차번호 3543,HRFCO approval file
APR|3544,Approval,방류승인 순차번호 3544,HRFCO approval file
APR|3545,Approval,방류승인 순차번호 3545,HRFCO approval file
APR|3546,Approval,방류승인 순차번호 3546,HRFCO approval file
APR|3547,Approval,방류승인 순차번호 3547,HRFCO approval file
APR|3548,Approval,방류승인 순차번호 3548,HRFCO approval file
APR|3549,Approval,방류승인 순차번호 3549,HRFCO approval file
APR|3550,Approval,방류승인 순차번호 3550,HRFCO approval file
APR|3551,Approval,방류승인 순차번호 3551,HRFCO approval file
APR|3552,Approval,방류승인 순차번호 3552,HRFCO approval file
APR|3553,Approval,방류승인 순차번호 3553,HRFCO approval file
APR|3554,Approval,방류승인 순차번호 3554,HRFCO approval file
APR|3555,Approval,방류승인 순차번호 3555,HRFCO approval file
APR|3556,Approval,방류승인 순차번호 3556,HRFCO approval file
APR|3557,Approval,방류승인 순차번호 3557,HRFCO approval file
APR|3558,Approval,방류승인 순차번호 3558,HRFCO approval file
APR|3559,Approval,방류승인 순차번호 3559,HRFCO approval file
APR|3560,Approval,방류승인 순차번호 3560,HRFCO approval file
APR|3561,Approval,방류승인 순차번호 3561,HRFCO approval file
APR|3562,Approval,방류승인 순차번호 3562,HRFCO approval file
APR|3563,Approval,방류승인 순차번호 3563,HRFCO approval file
APR|3564,Approval,방류승인 순차번호 3564,HRFCO approval file
APR|3565,Approval,방류승인 순차번호 3565,HRFCO approval file
APR|3566,Approval,방류승인 순차번호 3566,HRFCO approval file
APR|3567,Approval,방류승인 순차번호 3567,HRFCO approval file
APR|3568,Approval,방류승인 순차번호 3568,HRFCO approval file
APR|3569,Approval,방류승인 순차번호 3569,HRFCO approval file
APR|3570,Approval,방류승인 순차번호 3570,HRFCO approval file
APR|3571,Approval,방류승인 순차번호 3571,HRFCO approval file
APR|3572,Approval,방류승인 순차번호 3572,HRFCO approval file
APR|3573,Approval,방류승인 순차번호 3573,HRFCO approval file
APR|3574,Approval,방류승인 순차번호 3574,HRFCO approval file
APR|3575,Approval,방류승인 순차번호 3575,HRFCO approval file
APR|3576,Approval,방류승인 순차번호 3576,HRFCO approval file
APR|3577,Approval,방류승인 순차번호 3577,HRFCO approval file
APR|3578,Approval,방류승인 순차번호 3578,HRFCO approval file
APR|3579,Approval,방류승인 순차번호 3579,HRFCO approval file
APR|3580,Approval,방류승인 순차번호 3580,HRFCO approval file
APR|3581,Approval,방류승인 순차번호 3581,HRFCO approval file
APR|3582,Approval,방류승인 순차번호 3582,HRFCO approval file
APR|3583,Approval,방류승인 순차번호 3583,HRFCO approval file
APR|3584,Approval,방류승인 순차번호 3584,HRFCO approval file
APR|3585,Approval,방류승인 순차번호 3585,HRFCO approval file
APR|3586,Approval,방류승인 순차번호 3586,HRFCO approval file
APR|3587,Approval,방류승인 순차번호 3587,HRFCO approval file
APR|3588,Approval,방류승인 순차번호 3588,HRFCO approval file
APR|3589,Approval,방류승인 순차번호 3589,HRFCO approval file
APR|3590,Approval,방류승인 순차번호 3590,HRFCO approval file
APR|3591,Approval,방류승인 순차번호 3591,HRFCO approval file
APR|3592,Approval,방류승인 순차번호 3592,HRFCO approval file
APR|3593,Approval,방류승인 순차번호 3593,HRFCO approval file
APR|3594,Approval,방류승인 순차번호 3594,HRFCO approval file
APR|3595,Approval,방류승인 순차번호 3595,HRFCO approval file
APR|3596,Approval,방류승인 순차번호 3596,HRFCO approval file
APR|3597,Approval,방류승인 순차번호 3597,HRFCO approval file
APR|3598,Approval,방류승인 순차번호 3598,HRFCO approval file
APR|3599,Approval,방류승인 순차번호 3599,HRFCO approval file
APR|3600,Approval,방류승인 순차번호 3600,HRFCO approval file
APR|3601,Approval,방류승인 순차번호 3601,HRFCO approval file
APR|3602,Approval,방류승인 순차번호 3602,HRFCO approval file
APR|3603,Approval,방류승인 순차번호 3603,HRFCO approval file
APR|3604,Approval,방류승인 순차번호 3604,HRFCO approval file
APR|3605,Approval,방류승인 순차번호 3605,HRFCO approval file
APR|3606,Approval,방류승인 순차번호 3606,HRFCO approval file
APR|3607,Approval,방류승인 순차번호 3607,HRFCO approval file
APR|3608,Approval,방류승인 순차번호 3608,HRFCO approval file
APR|3609,Approval,방류승인 순차번호 3609,HRFCO approval file
APR|3610,Approval,방류승인 순차번호 3610,HRFCO approval file
APR|3611,Approval,방류승인 순차번호 3611,HRFCO approval file
APR|3612,Approval,방류승인 순차번호 3612,HRFCO approval file
APR|3613,Approval,방류승인 순차번호 3613,HRFCO approval file
APR|3614,Approval,방류승인 순차번호 3614,HRFCO approval file
APR|3615,Approval,방류승인 순차번호 3615,HRFCO approval file
APR|3616,Approval,방류승인 순차번호 3616,HRFCO approval file
APR|3617,Approval,방류승인 순차번호 3617,HRFCO approval file
APR|3618,Approval,방류승인 순차번호 3618,HRFCO approval file
APR|3619,Approval,방류승인 순차번호 3619,HRFCO approval file
APR|3620,Approval,방류승인 순차번호 3620,HRFCO approval file
APR|3621,Approval,방류승인 순차번호 3621,HRFCO approval file
APR|3622,Approval,방류승인 순차번호 3622,HRFCO approval file
APR|3623,Approval,방류승인 순차번호 3623,HRFCO approval file
APR|3624,Approval,방류승인 순차번호 3624,HRFCO approval file
APR|3625,Approval,방류승인 순차번호 3625,HRFCO approval file
APR|3626,Approval,방류승인 순차번호 3626,HRFCO approval file
APR|3627,Approval,방류승인 순차번호 3627,HRFCO approval file
APR|3628,Approval,방류승인 순차번호 3628,HRFCO approval file
APR|3629,Approval,방류승인 순차번호 3629,HRFCO approval file
APR|3630,Approval,방류승인 순차번호 3630,HRFCO approval file
APR|3631,Approval,방류승인 순차번호 3631,HRFCO approval file
APR|3632,Approval,방류승인 순차번호 3632,HRFCO approval file
APR|3633,Approval,방류승인 순차번호 3633,HRFCO approval file
APR|3634,Approval,방류승인 순차번호 3634,HRFCO approval file
APR|3635,Approval,방류승인 순차번호 3635,HRFCO approval file
APR|3636,Approval,방류승인 순차번호 3636,HRFCO approval file
APR|3637,Approval,방류승인 순차번호 3637,HRFCO approval file
APR|3638,Approval,방류승인 순차번호 3638,HRFCO approval file
APR|3639,Approval,방류승인 순차번호 3639,HRFCO approval file
APR|3640,Approval,방류승인 순차번호 3640,HRFCO approval file
APR|3641,Approval,방류승인 순차번호 3641,HRFCO approval file
APR|3642,Approval,방류승인 순차번호 3642,HRFCO approval file
APR|3643,Approval,방류승인 순차번호 3643,HRFCO approval file
APR|3644,Approval,방류승인 순차번호 3644,HRFCO approval file
APR|3645,Approval,방류승인 순차번호 3645,HRFCO approval file
APR|3646,Approval,방류승인 순차번호 3646,HRFCO approval file
APR|3647,Approval,방류승인 순차번호 3647,HRFCO approval file
APR|3648,Approval,방류승인 순차번호 3648,HRFCO approval file
APR|3649,Approval,방류승인 순차번호 3649,HRFCO approval file
APR|3650,Approval,방류승인 순차번호 3650,HRFCO approval file
APR|3651,Approval,방류승인 순차번호 3651,HRFCO approval file
APR|3652,Approval,방류승인 순차번호 3652,HRFCO approval file
APR|3653,Approval,방류승인 순차번호 3653,HRFCO approval file
APR|3654,Approval,방류승인 순차번호 3654,HRFCO approval file
APR|3655,Approval,방류승인 순차번호 3655,HRFCO approval file
APR|3656,Approval,방류승인 순차번호 3656,HRFCO approval file
APR|3657,Approval,방류승인 순차번호 3657,HRFCO approval file
APR|3658,Approval,방류승인 순차번호 3658,HRFCO approval file
APR|3659,Approval,방류승인 순차번호 3659,HRFCO approval file
APR|3660,Approval,방류승인 순차번호 3660,HRFCO approval file
APR|3661,Approval,방류승인 순차번호 3661,HRFCO approval file
APR|3662,Approval,방류승인 순차번호 3662,HRFCO approval file
APR|3663,Approval,방류승인 순차번호 3663,HRFCO approval file
APR|3664,Approval,방류승인 순차번호 3664,HRFCO approval file
APR|3665,Approval,방류승인 순차번호 3665,HRFCO approval file
APR|3666,Approval,방류승인 순차번호 3666,HRFCO approval file
APR|3667,Approval,방류승인 순차번호 3667,HRFCO approval file
APR|3668,Approval,방류승인 순차번호 3668,HRFCO approval file
APR|3669,Approval,방류승인 순차번호 3669,HRFCO approval file
APR|3670,Approval,방류승인 순차번호 3670,HRFCO approval file
APR|3671,Approval,방류승인 순차번호 3671,HRFCO approval file
APR|3672,Approval,방류승인 순차번호 3672,HRFCO approval file
APR|3673,Approval,방류승인 순차번호 3673,HRFCO approval file
APR|3674,Approval,방류승인 순차번호 3674,HRFCO approval file
APR|3675,Approval,방류승인 순차번호 3675,HRFCO approval file
APR|3676,Approval,방류승인 순차번호 3676,HRFCO approval file
APR|3677,Approval,방류승인 순차번호 3677,HRFCO approval file
APR|3678,Approval,방류승인 순차번호 3678,HRFCO approval file
APR|3679,Approval,방류승인 순차번호 3679,HRFCO approval file
APR|3680,Approval,방류승인 순차번호 3680,HRFCO approval file
APR|3681,Approval,방류승인 순차번호 3681,HRFCO approval file
APR|3682,Approval,방류승인 순차번호 3682,HRFCO approval file
APR|3683,Approval,방류승인 순차번호 3683,HRFCO approval file
APR|3684,Approval,방류승인 순차번호 3684,HRFCO approval file
APR|3685,Approval,방류승인 순차번호 3685,HRFCO approval file
APR|3686,Approval,방류승인 순차번호 3686,HRFCO approval file
APR|3687,Approval,방류승인 순차번호 3687,HRFCO approval file
APR|3688,Approval,방류승인 순차번호 3688,HRFCO approval file
APR|3689,Approval,방류승인 순차번호 3689,HRFCO approval file
APR|3690,Approval,방류승인 순차번호 3690,HRFCO approval file
APR|3691,Approval,방류승인 순차번호 3691,HRFCO approval file
APR|3692,Approval,방류승인 순차번호 3692,HRFCO approval file
APR|3693,Approval,방류승인 순차번호 3693,HRFCO approval file
APR|3694,Approval,방류승인 순차번호 3694,HRFCO approval file
APR|3695,Approval,방류승인 순차번호 3695,HRFCO approval file
APR|3696,Approval,방류승인 순차번호 3696,HRFCO approval file
APR|3697,Approval,방류승인 순차번호 3697,HRFCO approval file
APR|3698,Approval,방류승인 순차번호 3698,HRFCO approval file
APR|3699,Approval,방류승인 순차번호 3699,HRFCO approval file
APR|3700,Approval,방류승인 순차번호 3700,HRFCO approval file
APR|3701,Approval,방류승인 순차번호 3701,HRFCO approval file
APR|3702,Approval,방류승인 순차번호 3702,HRFCO approval file
APR|3703,Approval,방류승인 순차번호 3703,HRFCO approval file
APR|3704,Approval,방류승인 순차번호 3704,HRFCO approval file
APR|3705,Approval,방류승인 순차번호 3705,HRFCO approval file
APR|3706,Approval,방류승인 순차번호 3706,HRFCO approval file
APR|3707,Approval,방류승인 순차번호 3707,HRFCO approval file
APR|3708,Approval,방류승인 순차번호 3708,HRFCO approval file
APR|3709,Approval,방류승인 순차번호 3709,HRFCO approval file
APR|3710,Approval,방류승인 순차번호 3710,HRFCO approval file
APR|3711,Approval,방류승인 순차번호 3711,HRFCO approval file
APR|3712,Approval,방류승인 순차번호 3712,HRFCO approval file
APR|3713,Approval,방류승인 순차번호 3713,HRFCO approval file
APR|3714,Approval,방류승인 순차번호 3714,HRFCO approval file
APR|3715,Approval,방류승인 순차번호 3715,HRFCO approval file
APR|3716,Approval,방류승인 순차번호 3716,HRFCO approval file
APR|3717,Approval,방류승인 순차번호 3717,HRFCO approval file
APR|3718,Approval,방류승인 순차번호 3718,HRFCO approval file
APR|3719,Approval,방류승인 순차번호 3719,HRFCO approval file
APR|3720,Approval,방류승인 순차번호 3720,HRFCO approval file
APR|3721,Approval,방류승인 순차번호 3721,HRFCO approval file
APR|3722,Approval,방류승인 순차번호 3722,HRFCO approval file
APR|3723,Approval,방류승인 순차번호 3723,HRFCO approval file
APR|3724,Approval,방류승인 순차번호 3724,HRFCO approval file
APR|3725,Approval,방류승인 순차번호 3725,HRFCO approval file
APR|3726,Approval,방류승인 순차번호 3726,HRFCO approval file
APR|3727,Approval,방류승인 순차번호 3727,HRFCO approval file
APR|3728,Approval,방류승인 순차번호 3728,HRFCO approval file
APR|3729,Approval,방류승인 순차번호 3729,HRFCO approval file
APR|3730,Approval,방류승인 순차번호 3730,HRFCO approval file
APR|3731,Approval,방류승인 순차번호 3731,HRFCO approval file
APR|3732,Approval,방류승인 순차번호 3732,HRFCO approval file
APR|3733,Approval,방류승인 순차번호 3733,HRFCO approval file
APR|3734,Approval,방류승인 순차번호 3734,HRFCO approval file
APR|3735,Approval,방류승인 순차번호 3735,HRFCO approval file
APR|3736,Approval,방류승인 순차번호 3736,HRFCO approval file
APR|3737,Approval,방류승인 순차번호 3737,HRFCO approval file
APR|3738,Approval,방류승인 순차번호 3738,HRFCO approval file
APR|3739,Approval,방류승인 순차번호 3739,HRFCO approval file
APR|3740,Approval,방류승인 순차번호 3740,HRFCO approval file
APR|3741,Approval,방류승인 순차번호 3741,HRFCO approval file
APR|3742,Approval,방류승인 순차번호 3742,HRFCO approval file
APR|3743,Approval,방류승인 순차번호 3743,HRFCO approval file
APR|3744,Approval,방류승인 순차번호 3744,HRFCO approval file
APR|3745,Approval,방류승인 순차번호 3745,HRFCO approval file
APR|3746,Approval,방류승인 순차번호 3746,HRFCO approval file
APR|3747,Approval,방류승인 순차번호 3747,HRFCO approval file
APR|3748,Approval,방류승인 순차번호 3748,HRFCO approval file
APR|3749,Approval,방류승인 순차번호 3749,HRFCO approval file
APR|3750,Approval,방류승인 순차번호 3750,HRFCO approval file
APR|3751,Approval,방류승인 순차번호 3751,HRFCO approval file
APR|3752,Approval,방류승인 순차번호 3752,HRFCO approval file
APR|3753,Approval,방류승인 순차번호 3753,HRFCO approval file
APR|3754,Approval,방류승인 순차번호 3754,HRFCO approval file
APR|3755,Approval,방류승인 순차번호 3755,HRFCO approval file
APR|3756,Approval,방류승인 순차번호 3756,HRFCO approval file
APR|3757,Approval,방류승인 순차번호 3757,HRFCO approval file
APR|3758,Approval,방류승인 순차번호 3758,HRFCO approval file
APR|3759,Approval,방류승인 순차번호 3759,HRFCO approval file
APR|3760,Approval,방류승인 순차번호 3760,HRFCO approval file
APR|3761,Approval,방류승인 순차번호 3761,HRFCO approval file
APR|3762,Approval,방류승인 순차번호 3762,HRFCO approval file
APR|3763,Approval,방류승인 순차번호 3763,HRFCO approval file
APR|3764,Approval,방류승인 순차번호 3764,HRFCO approval file
APR|3765,Approval,방류승인 순차번호 3765,HRFCO approval file
APR|3766,Approval,방류승인 순차번호 3766,HRFCO approval file
APR|3767,Approval,방류승인 순차번호 3767,HRFCO approval file
APR|3768,Approval,방류승인 순차번호 3768,HRFCO approval file
APR|3769,Approval,방류승인 순차번호 3769,HRFCO approval file
APR|3770,Approval,방류승인 순차번호 3770,HRFCO approval file
APR|3771,Approval,방류승인 순차번호 3771,HRFCO approval file
APR|3772,Approval,방류승인 순차번호 3772,HRFCO approval file
APR|3773,Approval,방류승인 순차번호 3773,HRFCO approval file
APR|3774,Approval,방류승인 순차번호 3774,HRFCO approval file
APR|3775,Approval,방류승인 순차번호 3775,HRFCO approval file
APR|3776,Approval,방류승인 순차번호 3776,HRFCO approval file
APR|3777,Approval,방류승인 순차번호 3777,HRFCO approval file
APR|3778,Approval,방류승인 순차번호 3778,HRFCO approval file
APR|3779,Approval,방류승인 순차번호 3779,HRFCO approval file
APR|3780,Approval,방류승인 순차번호 3780,HRFCO approval file
APR|3781,Approval,방류승인 순차번호 3781,HRFCO approval file
APR|3782,Approval,방류승인 순차번호 3782,HRFCO approval file
APR|3783,Approval,방류승인 순차번호 3783,HRFCO approval file
APR|3784,Approval,방류승인 순차번호 3784,HRFCO approval file
APR|3785,Approval,방류승인 순차번호 3785,HRFCO approval file
APR|3786,Approval,방류승인 순차번호 3786,HRFCO approval file
APR|3787,Approval,방류승인 순차번호 3787,HRFCO approval file
APR|3788,Approval,방류승인 순차번호 3788,HRFCO approval file
APR|3789,Approval,방류승인 순차번호 3789,HRFCO approval file
APR|3790,Approval,방류승인 순차번호 3790,HRFCO approval file
APR|3791,Approval,방류승인 순차번호 3791,HRFCO approval file
APR|3792,Approval,방류승인 순차번호 3792,HRFCO approval file
APR|3793,Approval,방류승인 순차번호 3793,HRFCO approval file
APR|3794,Approval,방류승인 순차번호 3794,HRFCO approval file
APR|3795,Approval,방류승인 순차번호 3795,HRFCO approval file
APR|3796,Approval,방류승인 순차번호 3796,HRFCO approval file
APR|3797,Approval,방류승인 순차번호 3797,HRFCO approval file
APR|3798,Approval,방류승인 순차번호 3798,HRFCO approval file
APR|3799,Approval,방류승인 순차번호 3799,HRFCO approval file
APR|3800,Approval,방류승인 순차번호 3800,HRFCO approval file
APR|3801,Approval,방류승인 순차번호 3801,HRFCO approval file
APR|3802,Approval,방류승인 순차번호 3802,HRFCO approval file
APR|3803,Approval,방류승인 순차번호 3803,HRFCO approval file
APR|3804,Approval,방류승인 순차번호 3804,HRFCO approval file
APR|3805,Approval,방류승인 순차번호 3805,HRFCO approval file
APR|3806,Approval,방류승인 순차번호 3806,HRFCO approval file
APR|3807,Approval,방류승인 순차번호 3807,HRFCO approval file
APR|3808,Approval,방류승인 순차번호 3808,HRFCO approval file
APR|3809,Approval,방류승인 순차번호 3809,HRFCO approval file
APR|3810,Approval,방류승인 순차번호 3810,HRFCO approval file
APR|3811,Approval,방류승인 순차번호 3811,HRFCO approval file
APR|3812,Approval,방류승인 순차번호 3812,HRFCO approval file
APR|3813,Approval,방류승인 순차번호 3813,HRFCO approval file
APR|3814,Approval,방류승인 순차번호 3814,HRFCO approval file
APR|3815,Approval,방류승인 순차번호 3815,HRFCO approval file
APR|3816,Approval,방류승인 순차번호 3816,HRFCO approval file
APR|3817,Approval,방류승인 순차번호 3817,HRFCO approval file
APR|3818,Approval,방류승인 순차번호 3818,HRFCO approval file
APR|3819,Approval,방류승인 순차번호 3819,HRFCO approval file
APR|3820,Approval,방류승인 순차번호 3820,HRFCO approval file
APR|3821,Approval,방류승인 순차번호 3821,HRFCO approval file
APR|3822,Approval,방류승인 순차번호 3822,HRFCO approval file
APR|3823,Approval,방류승인 순차번호 3823,HRFCO approval file
APR|3824,Approval,방류승인 순차번호 3824,HRFCO approval file
APR|3825,Approval,방류승인 순차번호 3825,HRFCO approval file
APR|3826,Approval,방류승인 순차번호 3826,HRFCO approval file
APR|3827,Approval,방류승인 순차번호 3827,HRFCO approval file
APR|3828,Approval,방류승인 순차번호 3828,HRFCO approval file
APR|3829,Approval,방류승인 순차번호 3829,HRFCO approval file
APR|3830,Approval,방류승인 순차번호 3830,HRFCO approval file
APR|3831,Approval,방류승인 순차번호 3831,HRFCO approval file
APR|3832,Approval,방류승인 순차번호 3832,HRFCO approval file
APR|3833,Approval,방류승인 순차번호 3833,HRFCO approval file
APR|3834,Approval,방류승인 순차번호 3834,HRFCO approval file
APR|3835,Approval,방류승인 순차번호 3835,HRFCO approval file
APR|3836,Approval,방류승인 순차번호 3836,HRFCO approval file
APR|3837,Approval,방류승인 순차번호 3837,HRFCO approval file
APR|3838,Approval,방류승인 순차번호 3838,HRFCO approval file
APR|3839,Approval,방류승인 순차번호 3839,HRFCO approval file
APR|3840,Approval,방류승인 순차번호 3840,HRFCO approval file
APR|3841,Approval,방류승인 순차번호 3841,HRFCO approval file
APR|3842,Approval,방류승인 순차번호 3842,HRFCO approval file
APR|3843,Approval,방류승인 순차번호 3843,HRFCO approval file
APR|3844,Approval,방류승인 순차번호 3844,HRFCO approval file
APR|3845,Approval,방류승인 순차번호 3845,HRFCO approval file
APR|3846,Approval,방류승인 순차번호 3846,HRFCO approval file
APR|3847,Approval,방류승인 순차번호 3847,HRFCO approval file
APR|3848,Approval,방류승인 순차번호 3848,HRFCO approval file
APR|3849,Approval,방류승인 순차번호 3849,HRFCO approval file
APR|3850,Approval,방류승인 순차번호 3850,HRFCO approval file
APR|3851,Approval,방류승인 순차번호 3851,HRFCO approval file
APR|3852,Approval,방류승인 순차번호 3852,HRFCO approval file
APR|3853,Approval,방류승인 순차번호 3853,HRFCO approval file
APR|3854,Approval,방류승인 순차번호 3854,HRFCO approval file
APR|3855,Approval,방류승인 순차번호 3855,HRFCO approval file
APR|3856,Approval,방류승인 순차번호 3856,HRFCO approval file
APR|3857,Approval,방류승인 순차번호 3857,HRFCO approval file
APR|3858,Approval,방류승인 순차번호 3858,HRFCO approval file
APR|3859,Approval,방류승인 순차번호 3859,HRFCO approval file
APR|3860,Approval,방류승인 순차번호 3860,HRFCO approval file
APR|3861,Approval,방류승인 순차번호 3861,HRFCO approval file
APR|3862,Approval,방류승인 순차번호 3862,HRFCO approval file
APR|3863,Approval,방류승인 순차번호 3863,HRFCO approval file
APR|3864,Approval,방류승인 순차번호 3864,HRFCO approval file
APR|3865,Approval,방류승인 순차번호 3865,HRFCO approval file
APR|3866,Approval,방류승인 순차번호 3866,HRFCO approval file
APR|3867,Approval,방류승인 순차번호 3867,HRFCO approval file
APR|3868,Approval,방류승인 순차번호 3868,HRFCO approval file
APR|3869,Approval,방류승인 순차번호 3869,HRFCO approval file
APR|3870,Approval,방류승인 순차번호 3870,HRFCO approval file
APR|3871,Approval,방류승인 순차번호 3871,HRFCO approval file
APR|3872,Approval,방류승인 순차번호 3872,HRFCO approval file
APR|3873,Approval,방류승인 순차번호 3873,HRFCO approval file
APR|3874,Approval,방류승인 순차번호 3874,HRFCO approval file
APR|3875,Approval,방류승인 순차번호 3875,HRFCO approval file
APR|3876,Approval,방류승인 순차번호 3876,HRFCO approval file
APR|3877,Approval,방류승인 순차번호 3877,HRFCO approval file
APR|3878,Approval,방류승인 순차번호 3878,HRFCO approval file
APR|3879,Approval,방류승인 순차번호 3879,HRFCO approval file
APR|3880,Approval,방류승인 순차번호 3880,HRFCO approval file
APR|3881,Approval,방류승인 순차번호 3881,HRFCO approval file
APR|3882,Approval,방류승인 순차번호 3882,HRFCO approval file
APR|3883,Approval,방류승인 순차번호 3883,HRFCO approval file
APR|3884,Approval,방류승인 순차번호 3884,HRFCO approval file
APR|3885,Approval,방류승인 순차번호 3885,HRFCO approval file
APR|3886,Approval,방류승인 순차번호 3886,HRFCO approval file
APR|3887,Approval,방류승인 순차번호 3887,HRFCO approval file
APR|3888,Approval,방류승인 순차번호 3888,HRFCO approval file
APR|3889,Approval,방류승인 순차번호 3889,HRFCO approval file
APR|3890,Approval,방류승인 순차번호 3890,HRFCO approval file
APR|3891,Approval,방류승인 순차번호 3891,HRFCO approval file
APR|3892,Approval,방류승인 순차번호 3892,HRFCO approval file
APR|3893,Approval,방류승인 순차번호 3893,HRFCO approval file
APR|3894,Approval,방류승인 순차번호 3894,HRFCO approval file
APR|3895,Approval,방류승인 순차번호 3895,HRFCO approval file
APR|3896,Approval,방류승인 순차번호 3896,HRFCO approval file
APR|3897,Approval,방류승인 순차번호 3897,HRFCO approval file
APR|3898,Approval,방류승인 순차번호 3898,HRFCO approval file
APR|3899,Approval,방류승인 순차번호 3899,HRFCO approval file
APR|3900,Approval,방류승인 순차번호 3900,HRFCO approval file
APR|3901,Approval,방류승인 순차번호 3901,HRFCO approval file
APR|3902,Approval,방류승인 순차번호 3902,HRFCO approval file
APR|3903,Approval,방류승인 순차번호 3903,HRFCO approval file
APR|3904,Approval,방류승인 순차번호 3904,HRFCO approval file
APR|3905,Approval,방류승인 순차번호 3905,HRFCO approval file
APR|3906,Approval,방류승인 순차번호 3906,HRFCO approval file
APR|3907,Approval,방류승인 순차번호 3907,HRFCO approval file
APR|3908,Approval,방류승인 순차번호 3908,HRFCO approval file
APR|3909,Approval,방류승인 순차번호 3909,HRFCO approval file
APR|3910,Approval,방류승인 순차번호 3910,HRFCO approval file
APR|3911,Approval,방류승인 순차번호 3911,HRFCO approval file
APR|3912,Approval,방류승인 순차번호 3912,HRFCO approval file
APR|3913,Approval,방류승인 순차번호 3913,HRFCO approval file
APR|3914,Approval,방류승인 순차번호 3914,HRFCO approval file
APR|3915,Approval,방류승인 순차번호 3915,HRFCO approval file
APR|3916,Approval,방류승인 순차번호 3916,HRFCO approval file
APR|3917,Approval,방류승인 순차번호 3917,HRFCO approval file
APR|3918,Approval,방류승인 순차번호 3918,HRFCO approval file
APR|3919,Approval,방류승인 순차번호 3919,HRFCO approval file
APR|3920,Approval,방류승인 순차번호 3920,HRFCO approval file
APR|3921,Approval,방류승인 순차번호 3921,HRFCO approval file
APR|3922,Approval,방류승인 순차번호 3922,HRFCO approval file
APR|3923,Approval,방류승인 순차번호 3923,HRFCO approval file
APR|3924,Approval,방류승인 순차번호 3924,HRFCO approval file
APR|3925,Approval,방류승인 순차번호 3925,HRFCO approval file
APR|3926,Approval,방류승인 순차번호 3926,HRFCO approval file
APR|3927,Approval,방류승인 순차번호 3927,HRFCO approval file
APR|3928,Approval,방류승인 순차번호 3928,HRFCO approval file
APR|3929,Approval,방류승인 순차번호 3929,HRFCO approval file
DOC|DOC-01,Document,댐과보등의연계운영규정_일부개정전문_20260708.hwpx,기후에너지환경부(법제처 게재)
DOC|DOC-02,Document,댐과보등의연계운영규정_일부개정전문_20260708.pdf,기후에너지환경부(법제처 게재)
DOC|DOC-03,Document,별표서식_별표1_연계운영대상시설.hwpx,기후에너지환경부(법제처 게재)
DOC|DOC-04,Document,별표서식_별표1_연계운영대상시설.pdf,기후에너지환경부(법제처 게재)
DOC|DOC-05,Document,지구단위홍수방어기준_시행20170726,법제처 국가법령정보 공동활용(DRF)
DOC|DOC-06,Document,한강권역하천유역수자원관리계획고시_시행20250521,법제처 국가법령정보 공동활용(DRF)
DOC|DOC-07,Document,댐시설최소유지관리기준_시행20251001,법제처 국가법령정보 공동활용(DRF)
DOC|DOC-08,Document,수문자료의공인및저장배포활용기준_시행20251007,법제처 국가법령정보 공동활용(DRF)
DOC|DOC-09,Document,홍수조절지및저류지관리규정_시행20251105,법제처 국가법령정보 공동활용(DRF)
DOC|DOC-10,Document,수문조사업무규정_시행20251111,법제처 국가법령정보 공동활용(DRF)
DOC|DOC-11,Document,댐과보등의연계운영규정_현행20260708,법제처 국가법령정보 공동활용(DRF)
DOC|DOC-12,Document,저수지댐의안전관리및재해예방에관한법률_시행20251001,법제처 국가법령정보 공동활용(DRF)
DOC|DOC-13,Document,댐건설관리및주변지역지원등에관한법률_시행20260918,법제처 국가법령정보 공동활용(DRF)
DOC|DOC-14,Document,하천법_시행20260918,법제처 국가법령정보 공동활용(DRF)
DOC|DOC-15,Document,하천법시행령_시행20260918,법제처 국가법령정보 공동활용(DRF)
DOC|DOC-16,Document,댐건설관리및주변지역지원등에관한법률시행령_시행20260918,법제처 국가법령정보 공동활용(DRF)
DOC|DOC-17,Document,kwater_damInfo.html,K-water/KHNP/기상청/공공데이터포털
DOC|DOC-18,Document,kwater_facilities_02.html,K-water/KHNP/기상청/공공데이터포털
DOC|DOC-19,Document,kwater_facilities_a.html,K-water/KHNP/기상청/공공데이터포털
DOC|DOC-20,Document,kwater_facilities_all.html,K-water/KHNP/기상청/공공데이터포털
DOC|DOC-21,Document,mywater_flood_operation_status_2026-09-29.html,K-water/KHNP/기상청/공공데이터포털
DOC|DOC-22,Document,mywater_period_page_2026-09-29.html,K-water/KHNP/기상청/공공데이터포털
DOC|DOC-23,Document,mywater_sumun_page_2026-09-29.html,K-water/KHNP/기상청/공공데이터포털
DOC|DOC-24,Document,khnp_index.html,K-water/KHNP/기상청/공공데이터포털
DOC|DOC-25,Document,khnp_realtime_water.html,K-water/KHNP/기상청/공공데이터포털
DOC|DOC-26,Document,khnp_root.html,K-water/KHNP/기상청/공공데이터포털
DOC|DOC-27,Document,kma_api_list.html,K-water/KHNP/기상청/공공데이터포털
DOC|DOC-28,Document,kma_asos_hourly_page.html,K-water/KHNP/기상청/공공데이터포털
DOC|DOC-29,Document,kma_main.html,K-water/KHNP/기상청/공공데이터포털
DOC|DOC-30,Document,kma_stat_page.html,K-water/KHNP/기상청/공공데이터포털
DOC|DOC-31,Document,15099047.html,K-water/KHNP/기상청/공공데이터포털
DOC|DOC-32,Document,15099049.html,K-water/KHNP/기상청/공공데이터포털
DOC|DOC-33,Document,15099105.html,K-water/KHNP/기상청/공공데이터포털
DOC|DOC-34,Document,15099107.html,K-water/KHNP/기상청/공공데이터포털
DOC|DOC-35,Document,15099110.html,K-water/KHNP/기상청/공공데이터포털
DOC|DOC-36,Document,15140222.html,K-water/KHNP/기상청/공공데이터포털
DOC|DOC-37,Document,15150614.html,K-water/KHNP/기상청/공공데이터포털
DOC|DOC-38,Document,15150667.html,K-water/KHNP/기상청/공공데이터포털
DOC|DOC-39,Document,15153328.html,K-water/KHNP/기상청/공공데이터포털
DOC|DOC-40,Document,15153508.html,K-water/KHNP/기상청/공공데이터포털
DOC|DOC-41,Document,3040409.html,K-water/KHNP/기상청/공공데이터포털
DOC|DOC-42,Document,response_headers_fileDownload.txt,기후에너지환경부 한강홍수통제소(공공데이터포털 게재)
DOC|DOC-43,Document,환경부_한강홍수통제소_홍수예보_댐방류승인_20220727.csv,기후에너지환경부 한강홍수통제소(공공데이터포털 게재)
DOC|DOC-44,Document,datagokr_15085926_fileData.html,기후에너지환경부 한강홍수통제소(공공데이터포털 게재)
DOC|DOC-45,Document,datagokr_15085926_fileData.json,기후에너지환경부 한강홍수통제소(공공데이터포털 게재)
CRT|CR-01,Criterion,[별표3] 댐의 홍수기 제한수위(제6조): 소양강댐,법제처 행정규칙 XML
CRT|CR-02,Criterion,[별표3] 댐의 홍수기 제한수위(제6조): 충주댐,법제처 행정규칙 XML
CRT|CR-03,Criterion,[별표3] 댐의 홍수기 제한수위(제6조): 횡성댐,법제처 행정규칙 XML
CRT|CR-04,Criterion,[별표3] 댐의 홍수기 제한수위(제6조): 화천댐,법제처 행정규칙 XML
CRT|CR-05,Criterion,[별표3] 댐의 홍수기 제한수위(제6조): 춘천댐,법제처 행정규칙 XML
CRT|CR-06,Criterion,[별표3] 댐의 홍수기 제한수위(제6조): 의암댐,법제처 행정규칙 XML
CRT|CR-07,Criterion,[별표3] 댐의 홍수기 제한수위(제6조): 청평댐,법제처 행정규칙 XML
CRT|CR-08,Criterion,[별표3] 댐의 홍수기 제한수위(제6조): 괴산댐,법제처 행정규칙 XML
CRT|CR-09,Criterion,[별표3] 댐의 홍수기 제한수위(제6조): 팔당댐,법제처 행정규칙 XML
CRT|CR-10,Criterion,제2조,법제처 행정규칙 XML
CRT|CR-11,Criterion,제6조,법제처 행정규칙 XML
CRT|CR-12,Criterion,제7조,법제처 행정규칙 XML
CRT|CR-13,Criterion,제11조,법제처 행정규칙 XML
CRT|CR-14,Criterion,제13조,법제처 행정규칙 XML
CRT|CR-15,Criterion,제14조,법제처 행정규칙 XML
STN|MYWATER|1001452,ObservationStation,태백시(상사미동),K-water MyWater getRain
STN|MYWATER|9000040,ObservationStation,삼척시(광동댐),K-water MyWater getRain
STN|MYWATER|1001420,ObservationStation,정선군(송계리),K-water MyWater getRain
STN|MYWATER|1001422,ObservationStation,평창군(상진부리),K-water MyWater getRain
STN|MYWATER|1001426,ObservationStation,평창군(수하리),K-water MyWater getRain
STN|MYWATER|1001430,ObservationStation,정선군(애산리),K-water MyWater getRain
STN|MYWATER|1001432,ObservationStation,정선군(직전리),K-water MyWater getRain
STN|MYWATER|1001434,ObservationStation,영월군(북쌍리),K-water MyWater getRain
STN|MYWATER|1001436,ObservationStation,강릉시(대기리2),K-water MyWater getRain
STN|MYWATER|1001438,ObservationStation,삼척시(광동리),K-water MyWater getRain
STN|MYWATER|1001440,ObservationStation,평창군(율치리),K-water MyWater getRain
STN|MYWATER|1001442,ObservationStation,평창군(수항리),K-water MyWater getRain
STN|MYWATER|1001444,ObservationStation,정선군(유천리),K-water MyWater getRain
STN|MYWATER|1001446,ObservationStation,정선군(덕암리),K-water MyWater getRain
STN|MYWATER|1001448,ObservationStation,평창군(회동리),K-water MyWater getRain
STN|MYWATER|1001450,ObservationStation,정선군(문곡리),K-water MyWater getRain
STN|MYWATER|1001456,ObservationStation,삼척시(광동댐),K-water MyWater getRain
STN|MYWATER|1001458,ObservationStation,태백시(상사미동),K-water MyWater getRain
STN|MYWATER|1002432,ObservationStation,평창군(원길리),K-water MyWater getRain
STN|MYWATER|1002434,ObservationStation,평창군(후평리),K-water MyWater getRain
STN|MYWATER|1002436,ObservationStation,영월군(무릉리),K-water MyWater getRain
STN|MYWATER|1002438,ObservationStation,평창군(대화리),K-water MyWater getRain
STN|MYWATER|1002440,ObservationStation,평창군(계촌리2),K-water MyWater getRain
STN|MYWATER|1002442,ObservationStation,횡성군(부곡리),K-water MyWater getRain
STN|MYWATER|1002444,ObservationStation,원주시(황둔리),K-water MyWater getRain
STN|MYWATER|1002446,ObservationStation,횡성군(상안리),K-water MyWater getRain
STN|MYWATER|1002448,ObservationStation,영월군(연덕리),K-water MyWater getRain
STN|MYWATER|1003412,ObservationStation,단양군(오사리),K-water MyWater getRain
STN|MYWATER|1003420,ObservationStation,제천시(물태리),K-water MyWater getRain
STN|MYWATER|1003422,ObservationStation,영월군(주문리),K-water MyWater getRain
STN|MYWATER|1003424,ObservationStation,단양군(하방리),K-water MyWater getRain
STN|MYWATER|1003426,ObservationStation,제천시(평동리),K-water MyWater getRain
STN|MYWATER|1003428,ObservationStation,충주시(충주댐),K-water MyWater getRain
STN|MYWATER|1003430,ObservationStation,단양군(가평리),K-water MyWater getRain
STN|MYWATER|1003432,ObservationStation,영월군(내리),K-water MyWater getRain
STN|MYWATER|1003434,ObservationStation,단양군(율곡리),K-water MyWater getRain
STN|MYWATER|1003436,ObservationStation,제천시(도전리),K-water MyWater getRain
STN|MYWATER|1003438,ObservationStation,제천시(삼거리),K-water MyWater getRain
STN|MYWATER|1002655,ObservationStation,영월군(판운교),K-water MyWater getRain
STN|MYWATER|1002656,ObservationStation,영월군(연당교),K-water MyWater getRain
STN|MYWATER|1003626,ObservationStation,영월군(삼옥교),K-water MyWater getRain
STN|MYWATER|1003655,ObservationStation,제천시(청풍교),K-water MyWater getRain
STN|MYWATER|1003656,ObservationStation,단양군(북벽교),K-water MyWater getRain
STN|MYWATER|1003696,ObservationStation,충주시(충주댐방수로),K-water MyWater getRain
STN|MYWATER|8000081,ObservationStation,우안(충주댐),K-water MyWater getRain
STN|MYWATER|9000181,ObservationStation,충주시(명서교),K-water MyWater getRain
STN|MYWATER|9000252,ObservationStation,단양군(상진대교),K-water MyWater getRain
STN|MYWATER|9000253,ObservationStation,단양군(우화교),K-water MyWater getRain
STN|MYWATER|9000273,ObservationStation,충주시(팔봉교),K-water MyWater getRain
STN|MYWATER|9000308,ObservationStation,단양군(영춘교),K-water MyWater getRain
STN|MYWATER|9000309,ObservationStation,단양군(용진대교),K-water MyWater getRain
STN|MYWATER|1004418,ObservationStation,괴산군(오가리),K-water MyWater getRain
STN|MYWATER|1004420,ObservationStation,충주시(대곡리),K-water MyWater getRain
STN|MYWATER|1004422,ObservationStation,충주시(향산리),K-water MyWater getRain
STN|MYWATER|1004424,ObservationStation,괴산군(고마리),K-water MyWater getRain
STN|MYWATER|9000005,ObservationStation,횡성군(갑천리),K-water MyWater getRain
STN|MYWATER|9000006,ObservationStation,횡성군(춘당리),K-water MyWater getRain
STN|MYWATER|9000007,ObservationStation,횡성군(횡성댐),K-water MyWater getRain
STN|MYWATER|1006610,ObservationStation,횡성군(율동리),K-water MyWater getRain
STN|MYWATER|1006612,ObservationStation,횡성군(포동2교),K-water MyWater getRain
STN|MYWATER|1009465,ObservationStation,화천군(풍산리),K-water MyWater getRain
STN|MYWATER|9000004,ObservationStation,화천군(평화의댐),K-water MyWater getRain
STN|MYWATER|1010430,ObservationStation,인제군(서성초교),K-water MyWater getRain
STN|MYWATER|1010440,ObservationStation,인제군(한계초교),K-water MyWater getRain
STN|MYWATER|1010470,ObservationStation,인제군(용대초교),K-water MyWater getRain
STN|MYWATER|1011414,ObservationStation,인제군(현리),K-water MyWater getRain
STN|MYWATER|1011416,ObservationStation,춘천시(추곡초교),K-water MyWater getRain
STN|MYWATER|1011418,ObservationStation,인제군(남전리),K-water MyWater getRain
STN|MYWATER|1011424,ObservationStation,인제군(상남초교),K-water MyWater getRain
STN|MYWATER|1011428,ObservationStation,인제군(신남리),K-water MyWater getRain
STN|MYWATER|1011430,ObservationStation,홍천군(명개리2),K-water MyWater getRain
STN|MYWATER|1011432,ObservationStation,인제군(귀둔리),K-water MyWater getRain
STN|MYWATER|1012432,ObservationStation,인제군(덕적리),K-water MyWater getRain
STN|MYWATER|9000139,ObservationStation,홍천군(창촌리),K-water MyWater getRain
STN|MYWATER|9000143,ObservationStation,춘천시(소양강댐),K-water MyWater getRain
STN|MYWATER|1010640,ObservationStation,양구군(각시교),K-water MyWater getRain
STN|MYWATER|1011650,ObservationStation,인제군(어두원교),K-water MyWater getRain
STN|MYWATER|1011690,ObservationStation,인제군(원통리),K-water MyWater getRain
STN|MYWATER|1011692,ObservationStation,춘천시(소양강댐방수로),K-water MyWater getRain
STN|MYWATER|1012110,ObservationStation,춘천시(소양강댐),K-water MyWater getRain
STN|MYWATER|1012650,ObservationStation,인제군(원대교),K-water MyWater getRain
STN|MYWATER|1012670,ObservationStation,인제군(양구교),K-water MyWater getRain
STN|MYWATER|1012682,ObservationStation,인제군(살구미교),K-water MyWater getRain
STN|MYWATER|1012702,ObservationStation,춘천시(소양6교),K-water MyWater getRain
STN|MYWATER|9000272,ObservationStation,인제군(도리촌교),K-water MyWater getRain
STN|MYWATER|1021401,ObservationStation,철원군(중세리),K-water MyWater getRain
STN|MYWATER|9000239,ObservationStation,연천군(군남댐),K-water MyWater getRain
STN|MYWATER|9000240,ObservationStation,연천군(횡산리),K-water MyWater getRain
STN|MYWATER|1022402,ObservationStation,철원군(삼합교),K-water MyWater getRain
STN|MYWATER|1022404,ObservationStation,포천시(용담교),K-water MyWater getRain
STN|MYWATER|1022406,ObservationStation,철원군(서면초교),K-water MyWater getRain
STN|MYWATER|1022408,ObservationStation,철원군(청양리),K-water MyWater getRain
STN|MYWATER|1022410,ObservationStation,철원군(오덕초교),K-water MyWater getRain
STN|MYWATER|1022412,ObservationStation,연천군(한탄강댐),K-water MyWater getRain
DS|DS-P001,MeasurementDataset,DS-P001 DATA1=저수위,K-water MyWater
DS|DS-P002,MeasurementDataset,DS-P002 DATA2=저수량,K-water MyWater
DS|DS-P003,MeasurementDataset,DS-P003 DATA3=강우량,K-water MyWater
DS|DS-P004,MeasurementDataset,DS-P004 DATA4=유입량,K-water MyWater
DS|DS-P005,MeasurementDataset,DS-P005 DATA5=자체유입량,K-water MyWater
DS|DS-P006,MeasurementDataset,DS-P006 DATA6=총방류량,K-water MyWater
DS|DS-P007,MeasurementDataset,DS-P007 DATA1=저수위,K-water MyWater
DS|DS-P008,MeasurementDataset,DS-P008 DATA2=저수량,K-water MyWater
DS|DS-P009,MeasurementDataset,DS-P009 DATA3=강우량,K-water MyWater
DS|DS-P010,MeasurementDataset,DS-P010 DATA4=유입량,K-water MyWater
DS|DS-P011,MeasurementDataset,DS-P011 DATA5=자체유입량,K-water MyWater
DS|DS-P012,MeasurementDataset,DS-P012 DATA6=총방류량,K-water MyWater
DS|DS-P013,MeasurementDataset,DS-P013 DATA1=저수위,K-water MyWater
DS|DS-P014,MeasurementDataset,DS-P014 DATA2=저수량,K-water MyWater
DS|DS-P015,MeasurementDataset,DS-P015 DATA3=강우량,K-water MyWater
DS|DS-P016,MeasurementDataset,DS-P016 DATA4=유입량,K-water MyWater
DS|DS-P017,MeasurementDataset,DS-P017 DATA5=자체유입량,K-water MyWater
DS|DS-P018,MeasurementDataset,DS-P018 DATA6=총방류량,K-water MyWater
DS|DS-P019,MeasurementDataset,DS-P019 DATA1=저수위,K-water MyWater
DS|DS-P020,MeasurementDataset,DS-P020 DATA2=저수량,K-water MyWater
DS|DS-P021,MeasurementDataset,DS-P021 DATA3=강우량,K-water MyWater
DS|DS-P022,MeasurementDataset,DS-P022 DATA4=유입량,K-water MyWater
DS|DS-P023,MeasurementDataset,DS-P023 DATA5=자체유입량,K-water MyWater
DS|DS-P024,MeasurementDataset,DS-P024 DATA6=총방류량,K-water MyWater
DS|DS-P025,MeasurementDataset,DS-P025 DATA1=저수위,K-water MyWater
DS|DS-P026,MeasurementDataset,DS-P026 DATA2=저수량,K-water MyWater
DS|DS-P027,MeasurementDataset,DS-P027 DATA3=강우량,K-water MyWater
DS|DS-P028,MeasurementDataset,DS-P028 DATA4=유입량,K-water MyWater
DS|DS-P029,MeasurementDataset,DS-P029 DATA5=자체유입량,K-water MyWater
DS|DS-P030,MeasurementDataset,DS-P030 DATA6=총방류량,K-water MyWater
DS|DS-P031,MeasurementDataset,DS-P031 DATA1=저수위,K-water MyWater
DS|DS-P032,MeasurementDataset,DS-P032 DATA1=저수위,K-water MyWater
DS|DS-P033,MeasurementDataset,DS-P033 DATA2=저수량,K-water MyWater
DS|DS-P034,MeasurementDataset,DS-P034 DATA3=강우량,K-water MyWater
DS|DS-P035,MeasurementDataset,DS-P035 DATA4=유입량,K-water MyWater
DS|DS-P036,MeasurementDataset,DS-P036 DATA5=자체유입량,K-water MyWater
DS|DS-P037,MeasurementDataset,DS-P037 DATA6=총방류량,K-water MyWater
DS|DS-S038,MeasurementDataset,DS-S038 getHydr DATA1-7,K-water MyWater
DS|DS-S039,MeasurementDataset,DS-S039 getHydr DATA1-7,K-water MyWater
DS|DS-S040,MeasurementDataset,DS-S040 getHydr DATA1-7,K-water MyWater
DS|DS-S041,MeasurementDataset,DS-S041 getHydr DATA1-7,K-water MyWater
DS|DS-S042,MeasurementDataset,DS-S042 getHydr DATA1-7,K-water MyWater
DS|DS-S043,MeasurementDataset,DS-S043 getHydr DATA1-7,K-water MyWater
DS|DS-S044,MeasurementDataset,DS-S044 getHydr DATA1-7,K-water MyWater
DS|DS-S045,MeasurementDataset,DS-S045 getHydr DATA1-7,K-water MyWater
DS|DS-S046,MeasurementDataset,DS-S046 getHydr DATA1-7,K-water MyWater
DS|DS-S047,MeasurementDataset,DS-S047 getHydr DATA1-7,K-water MyWater
DS|DS-S048,MeasurementDataset,DS-S048 getHydr DATA1-7,K-water MyWater
DS|DS-S049,MeasurementDataset,DS-S049 getHydr DATA1-7,K-water MyWater
DS|DS-S050,MeasurementDataset,DS-S050 getHydr DATA1-7,K-water MyWater
DS|DS-S051,MeasurementDataset,DS-S051 getHydr DATA1-7,K-water MyWater
DS|DS-S052,MeasurementDataset,DS-S052 getHydr DATA1-7,K-water MyWater
DS|DS-S053,MeasurementDataset,DS-S053 getHydr DATA1-7,K-water MyWater
DS|DS-S054,MeasurementDataset,DS-S054 getHydr DATA1-7,K-water MyWater
DS|DS-S055,MeasurementDataset,DS-S055 getHydr DATA1-7,K-water MyWater
DS|DS-S056,MeasurementDataset,DS-S056 getHydr DATA1-7,K-water MyWater
DS|DS-S057,MeasurementDataset,DS-S057 getHydr DATA1-7,K-water MyWater
DS|DS-S058,MeasurementDataset,DS-S058 getHydr DATA1-7,K-water MyWater
DS|DS-S059,MeasurementDataset,DS-S059 getHydr DATA1-7,K-water MyWater
DS|DS-S060,MeasurementDataset,DS-S060 getRain,K-water MyWater
DS|DS-S061,MeasurementDataset,DS-S061 getRain,K-water MyWater
DS|DS-S062,MeasurementDataset,DS-S062 getRain,K-water MyWater
DS|DS-S063,MeasurementDataset,DS-S063 getRain,K-water MyWater
DS|DS-S064,MeasurementDataset,DS-S064 getRain,K-water MyWater
DS|DS-S065,MeasurementDataset,DS-S065 getRain,K-water MyWater
DS|DS-S066,MeasurementDataset,DS-S066 getRain,K-water MyWater
DS|DS-S067,MeasurementDataset,DS-S067 getRain,K-water MyWater
DS|DS-S068,MeasurementDataset,DS-S068 getRain,K-water MyWater
DS|DS-S069,MeasurementDataset,DS-S069 getRain,K-water MyWater
DS|DS-S070,MeasurementDataset,DS-S070 getRain,K-water MyWater
DS|DS-S071,MeasurementDataset,DS-S071 getRain,K-water MyWater
