subject_id,relation,object_id,mapping_rule_id,status,note
APR|1,concernsDam,DAM|HRFCO_APPROVAL|1017310,MR-04,SUPPORTED,source-scoped to approval-file facility code
APR|2,concernsDam,DAM|HRFCO_APPROVAL|1015310,MR-04,SUPPORTED,source-scoped to approval-file facility code
APR|3,concernsDam,DAM|HRFCO_APPROVAL|1017310,MR-04,SUPPORTED,source-scoped to approval-file facility code
APR|4,concernsDam,DAM|HRFCO_APPROVAL|1015310,MR-04,SUPPORTED,source-scoped to approval-file facility code
APR|5,concernsDam,DAM|HRFCO_APPROVAL|1017310,MR-04,SUPPORTED,source-scoped to approval-file facility code
APR|6,concernsDam,DAM|HRFCO_APPROVAL|1015310,MR-04,SUPPORTED,source-scoped to approval-file facility code
APR|7,concernsDam,DAM|HRFCO_APPROVAL|1017310,MR-04,SUPPORTED,source-scoped to approval-file facility code
APR|8,concernsDam,DAM|HRFCO_APPROVAL|1017310,MR-04,SUPPORTED,source-scoped to approval-file facility code
APR|9,concernsDam,DAM|HRFCO_APPROVAL|1015310,MR-04,SUPPORTED,source-scoped to approval-file facility code
APR|10,concernsDam,DAM|HRFCO_APPROVAL|1017310,MR-04,SUPPORTED,source-scoped to approval-file facility code
APR|11,concernsDam,DAM|HRFCO_APPROVAL|1004310,MR-04,SUPPORTED,source-scoped to approval-file facility code
APR|12,concernsDam,DAM|HRFCO_APPROVAL|1017310,MR-04,SUPPORTED,source-scoped to approval-file facility code
APR|13,concernsDam,DAM|HRFCO_APPROVAL|1015310,MR-04,SUPPORTED,source-scoped to approval-file facility code
APR|14,concernsDam,DAM|HRFCO_APPROVAL|1004310,MR-04,SUPPORTED,source-scoped to approval-file facility code
APR|15,concernsDam,DAM|HRFCO_APPROVAL|1017310,MR-04,SUPPORTED,source-scoped to approval-file facility code
APR|16,concernsDam,DAM|HRFCO_APPROVAL|1015310,MR-04,SUPPORTED,source-scoped to approval-file facility code
APR|17,concernsDam,DAM|HRFCO_APPROVAL|1017310,MR-04,SUPPORTED,source-scoped to approval-file facility code
APR|18,concernsDam,DAM|HRFCO_APPROVAL|1017310,MR-04,SUPPORTED,source-scoped to approval-file facility code
APR|19,concernsDam,DAM|HRFCO_APPROVAL|1015310,MR-04,SUPPORTED,source-scoped to approval-file facility code
APR|20,concernsDam,DAM|HRFCO_APPROVAL|1004310,MR-04,SUPPORTED,source-scoped to approval-file facility code
APR|21,concernsDam,DAM|HRFCO_APPROVAL|1017310,MR-04,SUPPORTED,source-scoped to approval-file facility code
APR|22,concernsDam,DAM|HRFCO_APPROVAL|1004310,MR-04,SUPPORTED,source-scoped to approval-file facility code
APR|23,concernsDam,DAM|HRFCO_APPROVAL|1017310,MR-04,SUPPORTED,source-scoped to approval-file facility code
APR|24,concernsDam,DAM|HRFCO_APPROVAL|1004310,MR-04,SUPPORTED,source-scoped to approval-file facility code
APR|25,concernsDam,DAM|HRFCO_APPROVAL|1015310,MR-04,SUPPORTED,source-scoped to approval-file facility code
APR|26,concernsDam,DAM|HRFCO_APPROVAL|1017310,MR-04,SUPPORTED,source-scoped to approval-file facility code
APR|27,concernsDam,DAM|HRFCO_APPROVAL|1017310,MR-04,SUPPORTED,source-scoped to approval-file facility code
APR|28,concernsDam,DAM|HRFCO_APPROVAL|1015310,MR-04,SUPPORTED,source-scoped to approval-file facility code
APR|29,concernsDam,DAM|HRFCO_APPROVAL|1017310,MR-04,SUPPORTED,source-scoped to approval-file facility code
APR|30,concernsDam,DAM|HRFCO_APPROVAL|1017310,MR-04,SUPPORTED,source-scoped to approval-file facility code
APR|31,concernsDam,DAM|HRFCO_APPROVAL|1015310,MR-04,SUPPORTED,source-scoped to approval-file facility code
APR|32,concernsDam,DAM|HRFCO_APPROVAL|1017310,MR-04,SUPPORTED,source-scoped to approval-file facility code
APR|33,concernsDam,DAM|HRFCO_APPROVAL|1015310,MR-04,SUPPORTED,source-scoped to approval-file facility code
APR|34,concernsDam,DAM|HRFCO_APPROVAL|1015310,MR-04,SUPPORTED,source-scoped to approval-file facility code
APR|35,concernsDam,DAM|HRFCO_APPROVAL|1004310,MR-04,SUPPORTED,source-scoped to approval-file facility code
APR|36,concernsDam,DAM|HRFCO_APPROVAL|1004310,MR-04,SUPPORTED,source-scoped to approval-file facility code
APR|37,concernsDam,DAM|HRFCO_APPROVAL|1004310,MR-04,SUPPORTED,source-scoped to approval-file facility code
APR|38,concernsDam,DAM|HRFCO_APPROVAL|1004310,MR-04,SUPPORTED,source-scoped to approval-file facility code
APR|39,concernsDam,DAM|HRFCO_APPROVAL|1004310,MR-04,SUPPORTED,source-scoped to approval-file facility code
APR|40,concernsDam,DAM|HRFCO_APPROVAL|1004310,MR-04,SUPPORTED,source-scoped to approval-file facility code
APR|41,concernsDam,DAM|HRFCO_APPROVAL|1017310,MR-04,SUPPORTED,source-scoped to approval-file facility code
APR|42,concernsDam,DAM|HRFCO_APPROVAL|1010310,MR-04,SUPPORTED,source-scoped to approval-file facility code
APR|43,concernsDam,DAM|HRFCO_APPROVAL|1013310,MR-04,SUPPORTED,source-scoped to approval-file facility code
APR|44,concernsDam,DAM|HRFCO_APPROVAL|1015310,MR-04,SUPPORTED,source-scoped to approval-file facility code
APR|45,concernsDam,DAM|HRFCO_APPROVAL|1010310,MR-04,SUPPORTED,source-scoped to approval-file facility code
APR|46,concernsDam,DAM|HRFCO_APPROVAL|1013310,MR-04,SUPPORTED,source-scoped to approval-file facility code
APR|47,concernsDam,DAM|HRFCO_APPROVAL|1015310,MR-04,SUPPORTED,source-scoped to approval-file facility code
APR|48,concernsDam,DAM|HRFCO_APPROVAL|1017310,MR-04,SUPPORTED,source-scoped to approval-file facility code
APR|49,concernsDam,DAM|HRFCO_APPROVAL|1010310,MR-04,SUPPORTED,source-scoped to approval-file facility code
APR|50,concernsDam,DAM|HRFCO_APPROVAL|1017310,MR-04,SUPPORTED,source-scoped to approval-file facility code
APR|51,concernsDam,DAM|HRFCO_APPROVAL|1004310,MR-04,SUPPORTED,source-scoped to approval-file facility code
APR|52,concernsDam,DAM|HRFCO_APPROVAL|1015310,MR-04,SUPPORTED,source-scoped to approval-file facility code
APR|53,concernsDam,DAM|HRFCO_APPROVAL|1013310,MR-04,SUPPORTED,source-scoped to approval-file facility code
APR|54,concernsDam,DAM|HRFCO_APPROVAL|1013310,MR-04,SUPPORTED,source-scoped to approval-file facility code
APR|55,concernsDam,DAM|HRFCO_APPROVAL|1010310,MR-04,SUPPORTED,source-scoped to approval-file facility code
APR|56,concernsDam,DAM|HRFCO_APPROVAL|1015310,MR-04,SUPPORTED,source-scoped to approval-file facility code
APR|57,concernsDam,DAM|HRFCO_APPROVAL|1017310,MR-04,SUPPORTED,source-scoped to approval-file facility code
APR|58,concernsDam,DAM|HRFCO_APPROVAL|1017310,MR-04,SUPPORTED,source-scoped to approval-file facility code
APR|59,concernsDam,DAM|HRFCO_APPROVAL|1004310,MR-04,SUPPORTED,source-scoped to approval-file facility code
APR|60,concernsDam,DAM|HRFCO_APPROVAL|1013310,MR-04,SUPPORTED,source-scoped to approval-file facility code
APR|61,concernsDam,DAM|HRFCO_APPROVAL|1015310,MR-04,SUPPORTED,source-scoped to approval-file facility code
APR|62,concernsDam,DAM|HRFCO_APPROVAL|1004310,MR-04,SUPPORTED,source-scoped to approval-file facility code
APR|63,concernsDam,DAM|HRFCO_APPROVAL|1017310,MR-04,SUPPORTED,source-scoped to approval-file facility code
APR|64,concernsDam,DAM|HRFCO_APPROVAL|1010310,MR-04,SUPPORTED,source-scoped to approval-file facility code
APR|65,concernsDam,DAM|HRFCO_APPROVAL|1013310,MR-04,SUPPORTED,source-scoped to approval-file facility code
APR|66,concernsDam,DAM|HRFCO_APPROVAL|1010310,MR-04,SUPPORTED,source-scoped to approval-file facility code
APR|67,concernsDam,DAM|HRFCO_APPROVAL|1004310,MR-04,SUPPORTED,source-scoped to approval-file facility code
APR|68,concernsDam,DAM|HRFCO_APPROVAL|1013310,MR-04,SUPPORTED,source-scoped to approval-file facility code
APR|69,concernsDam,DAM|HRFCO_APPROVAL|1013310,MR-04,SUPPORTED,source-scoped to approval-file facility code
APR|70,concernsDam,DAM|HRFCO_APPROVAL|1015310,MR-04,SUPPORTED,source-scoped to approval-file facility code
APR|71,concernsDam,DAM|HRFCO_APPROVAL|1013310,MR-04,SUPPORTED,source-scoped to approval-file facility code
APR|72,concernsDam,DAM|HRFCO_APPROVAL|1004310,MR-04,SUPPORTED,source-scoped to approval-file facility code
APR|73,concernsDam,DAM|HRFCO_APPROVAL|1017310,MR-04,SUPPORTED,source-scoped to approval-file facility code
APR|74,concernsDam,DAM|HRFCO_APPROVAL|1015310,MR-04,SUPPORTED,source-scoped to approval-file facility code
APR|75,concernsDam,DAM|HRFCO_APPROVAL|1017310,MR-04,SUPPORTED,source-scoped to approval-file facility code
APR|76,concernsDam,DAM|HRFCO_APPROVAL|1015310,MR-04,SUPPORTED,source-scoped to approval-file facility code
APR|77,concernsDam,DAM|HRFCO_APPROVAL|1013310,MR-04,SUPPORTED,source-scoped to approval-file facility code
APR|78,concernsDam,DAM|HRFCO_APPROVAL|1017310,MR-04,SUPPORTED,source-scoped to approval-file facility code
APR|79,concernsDam,DAM|HRFCO_APPROVAL|1015310,MR-04,SUPPORTED,source-scoped to approval-file facility code
APR|80,concernsDam,DAM|HRFCO_APPROVAL|1017310,MR-04,SUPPORTED,source-scoped to approval-file facility code
APR|81,concernsDam,DAM|HRFCO_APPROVAL|1004310,MR-04,SUPPORTED,source-scoped to approval-file facility code
APR|82,concernsDam,DAM|HRFCO_APPROVAL|1017310,MR-04,SUPPORTED,source-scoped to approval-file facility code
APR|83,concernsDam,DAM|HRFCO_APPROVAL|1015310,MR-04,SUPPORTED,source-scoped to approval-file facility code
APR|84,concernsDam,DAM|HRFCO_APPROVAL|1004310,MR-04,SUPPORTED,source-scoped to approval-file facility code
APR|85,concernsDam,DAM|HRFCO_APPROVAL|1017310,MR-04,SUPPORTED,source-scoped to approval-file facility code
APR|86,concernsDam,DAM|HRFCO_APPROVAL|1015310,MR-04,SUPPORTED,source-scoped to approval-file facility code
APR|87,concernsDam,DAM|HRFCO_APPROVAL|1004310,MR-04,SUPPORTED,source-scoped to approval-file facility code
APR|88,concernsDam,DAM|HRFCO_APPROVAL|1017310,MR-04,SUPPORTED,source-scoped to approval-file facility code
APR|89,concernsDam,DAM|HRFCO_APPROVAL|1017310,MR-04,SUPPORTED,source-scoped to approval-file facility code
APR|90,concernsDam,DAM|HRFCO_APPROVAL|1015310,MR-04,SUPPORTED,source-scoped to approval-file facility code
APR|91,concernsDam,DAM|HRFCO_APPROVAL|1017310,MR-04,SUPPORTED,source-scoped to approval-file facility code
APR|92,concernsDam,DAM|HRFCO_APPROVAL|1004310,MR-04,SUPPORTED,source-scoped to approval-file facility code
APR|93,concernsDam,DAM|HRFCO_APPROVAL|1004310,MR-04,SUPPORTED,source-scoped to approval-file facility code
APR|94,concernsDam,DAM|HRFCO_APPROVAL|1017310,MR-04,SUPPORTED,source-scoped to approval-file facility code
APR|95,concernsDam,DAM|HRFCO_APPROVAL|1015310,MR-04,SUPPORTED,source-scoped to approval-file facility code
APR|96,concernsDam,DAM|HRFCO_APPROVAL|1004310,MR-04,SUPPORTED,source-scoped to approval-file facility code
APR|97,concernsDam,DAM|HRFCO_APPROVAL|1017310,MR-04,SUPPORTED,source-scoped to approval-file facility code
APR|98,concernsDam,DAM|HRFCO_APPROVAL|1017310,MR-04,SUPPORTED,source-scoped to approval-file facility code
APR|99,concernsDam,DAM|HRFCO_APPROVAL|1004310,MR-04,SUPPORTED,source-scoped to approval-file facility code
APR|100,concernsDam,DAM|HRFCO_APPROVAL|1015310,MR-04,SUPPORTED,source-scoped to approval-file facility code
APR|101,concernsDam,DAM|HRFCO_APPROVAL|1004310,MR-04,SUPPORTED,source-scoped to approval-file facility code
APR|102,concernsDam,DAM|HRFCO_APPROVAL|1015310,MR-04,SUPPORTED,source-scoped to approval-file facility code
APR|103,concernsDam,DAM|HRFCO_APPROVAL|1004310,MR-04,SUPPORTED,source-scoped to approval-file facility code
APR|104,concernsDam,DAM|HRFCO_APPROVAL|1017310,MR-04,SUPPORTED,source-scoped to approval-file facility code
APR|105,concernsDam,DAM|HRFCO_APPROVAL|1004310,MR-04,SUPPORTED,source-scoped to approval-file facility code
APR|106,concernsDam,DAM|HRFCO_APPROVAL|1017310,MR-04,SUPPORTED,source-scoped to approval-file facility code
APR|107,concernsDam,DAM|HRFCO_APPROVAL|1017310,MR-04,SUPPORTED,source-scoped to approval-file facility code
APR|108,concernsDam,DAM|HRFCO_APPROVAL|1004310,MR-04,SUPPORTED,source-scoped to approval-file facility code
APR|109,concernsDam,DAM|HRFCO_APPROVAL|1004310,MR-04,SUPPORTED,source-scoped to approval-file facility code
APR|110,concernsDam,DAM|HRFCO_APPROVAL|1004310,MR-04,SUPPORTED,source-scoped to approval-file facility code
APR|111,concernsDam,DAM|HRFCO_APPROVAL|1004310,MR-04,SUPPORTED,source-scoped to approval-file facility code
APR|112,concernsDam,DAM|HRFCO_APPROVAL|1004310,MR-04,SUPPORTED,source-scoped to approval-file facility code
APR|113,concernsDam,DAM|HRFCO_APPROVAL|1004310,MR-04,SUPPORTED,source-scoped to approval-file facility code
APR|114,concernsDam,DAM|HRFCO_APPROVAL|1015310,MR-04,SUPPORTED,source-scoped to approval-file facility code
APR|115,concernsDam,DAM|HRFCO_APPROVAL|1017310,MR-04,SUPPORTED,source-scoped to approval-file facility code
APR|116,concernsDam,DAM|HRFCO_APPROVAL|1004310,MR-04,SUPPORTED,source-scoped to approval-file facility code
APR|117,concernsDam,DAM|HRFCO_APPROVAL|1004310,MR-04,SUPPORTED,source-scoped to approval-file facility code
APR|118,concernsDam,DAM|HRFCO_APPROVAL|1004310,MR-04,SUPPORTED,source-scoped to approval-file facility code
APR|119,concernsDam,DAM|HRFCO_APPROVAL|1015310,MR-04,SUPPORTED,source-scoped to approval-file facility code
APR|120,concernsDam,DAM|HRFCO_APPROVAL|1017310,MR-04,SUPPORTED,source-scoped to approval-file facility code
APR|121,concernsDam,DAM|HRFCO_APPROVAL|1017310,MR-04,SUPPORTED,source-scoped to approval-file facility code
APR|122,concernsDam,DAM|HRFCO_APPROVAL|1015310,MR-04,SUPPORTED,source-scoped to approval-file facility code
APR|123,concernsDam,DAM|HRFCO_APPROVAL|1004310,MR-04,SUPPORTED,source-scoped to approval-file facility code
APR|124,concernsDam,DAM|HRFCO_APPROVAL|1017310,MR-04,SUPPORTED,source-scoped to approval-file facility code
APR|125,concernsDam,DAM|HRFCO_APPROVAL|1004310,MR-04,SUPPORTED,source-scoped to approval-file facility code
APR|126,concernsDam,DAM|HRFCO_APPROVAL|1017310,MR-04,SUPPORTED,source-scoped to approval-file facility code
APR|127,concernsDam,DAM|HRFCO_APPROVAL|1015310,MR-04,SUPPORTED,source-scoped to approval-file facility code
APR|128,concernsDam,DAM|HRFCO_APPROVAL|1004310,MR-04,SUPPORTED,source-scoped to approval-file facility code
APR|129,concernsDam,DAM|HRFCO_APPROVAL|1015310,MR-04,SUPPORTED,source-scoped to approval-file facility code
APR|130,concernsDam,DAM|HRFCO_APPROVAL|1004310,MR-04,SUPPORTED,source-scoped to approval-file facility code
APR|131,concernsDam,DAM|HRFCO_APPROVAL|1015310,MR-04,SUPPORTED,source-scoped to approval-file facility code
APR|132,concernsDam,DAM|HRFCO_APPROVAL|1017310,MR-04,SUPPORTED,source-scoped to approval-file facility code
APR|133,concernsDam,DAM|HRFCO_APPROVAL|1013310,MR-04,SUPPORTED,source-scoped to approval-file facility code
APR|134,concernsDam,DAM|HRFCO_APPROVAL|1010310,MR-04,SUPPORTED,source-scoped to approval-file facility code
APR|135,concernsDam,DAM|HRFCO_APPROVAL|1017310,MR-04,SUPPORTED,source-scoped to approval-file facility code
APR|136,concernsDam,DAM|HRFCO_APPROVAL|1015310,MR-04,SUPPORTED,source-scoped to approval-file facility code
APR|137,concernsDam,DAM|HRFCO_APPROVAL|1015310,MR-04,SUPPORTED,source-scoped to approval-file facility code
APR|138,concernsDam,DAM|HRFCO_APPROVAL|1017310,MR-04,SUPPORTED,source-scoped to approval-file facility code
APR|139,concernsDam,DAM|HRFCO_APPROVAL|1013310,MR-04,SUPPORTED,source-scoped to approval-file facility code
APR|140,concernsDam,DAM|HRFCO_APPROVAL|1017310,MR-04,SUPPORTED,source-scoped to approval-file facility code
APR|141,concernsDam,DAM|HRFCO_APPROVAL|1015310,MR-04,SUPPORTED,source-scoped to approval-file facility code
APR|142,concernsDam,DAM|HRFCO_APPROVAL|1015310,MR-04,SUPPORTED,source-scoped to approval-file facility code
APR|143,concernsDam,DAM|HRFCO_APPROVAL|1015310,MR-04,SUPPORTED,source-scoped to approval-file facility code
APR|144,concernsDam,DAM|HRFCO_APPROVAL|1017310,MR-04,SUPPORTED,source-scoped to approval-file facility code
APR|145,concernsDam,DAM|HRFCO_APPROVAL|1015310,MR-04,SUPPORTED,source-scoped to approval-file facility code
APR|146,concernsDam,DAM|HRFCO_APPROVAL|1017310,MR-04,SUPPORTED,source-scoped to approval-file facility code
APR|147,concernsDam,DAM|HRFCO_APPROVAL|1017310,MR-04,SUPPORTED,source-scoped to approval-file facility code
APR|148,concernsDam,DAM|HRFCO_APPROVAL|1013310,MR-04,SUPPORTED,source-scoped to approval-file facility code
APR|149,concernsDam,DAM|HRFCO_APPROVAL|1013310,MR-04,SUPPORTED,source-scoped to approval-file facility code
APR|150,concernsDam,DAM|HRFCO_APPROVAL|1017310,MR-04,SUPPORTED,source-scoped to approval-file facility code
APR|151,concernsDam,DAM|HRFCO_APPROVAL|1015310,MR-04,SUPPORTED,source-scoped to approval-file facility code
APR|152,concernsDam,DAM|HRFCO_APPROVAL|1010310,MR-04,SUPPORTED,source-scoped to approval-file facility code
APR|153,concernsDam,DAM|HRFCO_APPROVAL|1004310,MR-04,SUPPORTED,source-scoped to approval-file facility code
APR|154,concernsDam,DAM|HRFCO_APPROVAL|1004310,MR-04,SUPPORTED,source-scoped to approval-file facility code
APR|155,concernsDam,DAM|HRFCO_APPROVAL|1010310,MR-04,SUPPORTED,source-scoped to approval-file facility code
APR|156,concernsDam,DAM|HRFCO_APPROVAL|1013310,MR-04,SUPPORTED,source-scoped to approval-file facility code
APR|157,concernsDam,DAM|HRFCO_APPROVAL|1015310,MR-04,SUPPORTED,source-scoped to approval-file facility code
APR|158,concernsDam,DAM|HRFCO_APPROVAL|1017310,MR-04,SUPPORTED,source-scoped to approval-file facility code
APR|159,concernsDam,DAM|HRFCO_APPROVAL|1010310,MR-04,SUPPORTED,source-scoped to approval-file facility code
APR|160,concernsDam,DAM|HRFCO_APPROVAL|1017310,MR-04,SUPPORTED,source-scoped to approval-file facility code
APR|161,concernsDam,DAM|HRFCO_APPROVAL|1010310,MR-04,SUPPORTED,source-scoped to approval-file facility code
APR|162,concernsDam,DAM|HRFCO_APPROVAL|1015310,MR-04,SUPPORTED,source-scoped to approval-file facility code
APR|163,concernsDam,DAM|HRFCO_APPROVAL|1004310,MR-04,SUPPORTED,source-scoped to approval-file facility code
APR|164,concernsDam,DAM|HRFCO_APPROVAL|1010310,MR-04,SUPPORTED,source-scoped to approval-file facility code
APR|165,concernsDam,DAM|HRFCO_APPROVAL|1004310,MR-04,SUPPORTED,source-scoped to approval-file facility code
APR|166,concernsDam,DAM|HRFCO_APPROVAL|1017310,MR-04,SUPPORTED,source-scoped to approval-file facility code
APR|167,concernsDam,DAM|HRFCO_APPROVAL|1017310,MR-04,SUPPORTED,source-scoped to approval-file facility code
APR|168,concernsDam,DAM|HRFCO_APPROVAL|1004310,MR-04,SUPPORTED,source-scoped to approval-file facility code
APR|169,concernsDam,DAM|HRFCO_APPROVAL|1017310,MR-04,SUPPORTED,source-scoped to approval-file facility code
APR|170,concernsDam,DAM|HRFCO_APPROVAL|1010320,MR-04,SUPPORTED,source-scoped to approval-file facility code
APR|171,concernsDam,DAM|HRFCO_APPROVAL|1017310,MR-04,SUPPORTED,source-scoped to approval-file facility code
APR|172,concernsDam,DAM|HRFCO_APPROVAL|1015310,MR-04,SUPPORTED,source-scoped to approval-file facility code
APR|173,concernsDam,DAM|HRFCO_APPROVAL|1004310,MR-04,SUPPORTED,source-scoped to approval-file facility code
APR|174,concernsDam,DAM|HRFCO_APPROVAL|1010320,MR-04,SUPPORTED,source-scoped to approval-file facility code
APR|175,concernsDam,DAM|HRFCO_APPROVAL|1015310,MR-04,SUPPORTED,source-scoped to approval-file facility code
APR|176,concernsDam,DAM|HRFCO_APPROVAL|1017310,MR-04,SUPPORTED,source-scoped to approval-file facility code
APR|177,concernsDam,DAM|HRFCO_APPROVAL|1010310,MR-04,SUPPORTED,source-scoped to approval-file facility code
APR|178,concernsDam,DAM|HRFCO_APPROVAL|1017310,MR-04,SUPPORTED,source-scoped to approval-file facility code
APR|179,concernsDam,DAM|HRFCO_APPROVAL|1015310,MR-04,SUPPORTED,source-scoped to approval-file facility code
APR|180,concernsDam,DAM|HRFCO_APPROVAL|1010310,MR-04,SUPPORTED,source-scoped to approval-file facility code
APR|181,concernsDam,DAM|HRFCO_APPROVAL|1010320,MR-04,SUPPORTED,source-scoped to approval-file facility code
APR|182,concernsDam,DAM|HRFCO_APPROVAL|1015310,MR-04,SUPPORTED,source-scoped to approval-file facility code
APR|183,concernsDam,DAM|HRFCO_APPROVAL|1013310,MR-04,SUPPORTED,source-scoped to approval-file facility code
APR|184,concernsDam,DAM|HRFCO_APPROVAL|1017310,MR-04,SUPPORTED,source-scoped to approval-file facility code
APR|185,concernsDam,DAM|HRFCO_APPROVAL|1010310,MR-04,SUPPORTED,source-scoped to approval-file facility code
APR|186,concernsDam,DAM|HRFCO_APPROVAL|1004310,MR-04,SUPPORTED,source-scoped to approval-file facility code
APR|187,concernsDam,DAM|HRFCO_APPROVAL|1015310,MR-04,SUPPORTED,source-scoped to approval-file facility code
APR|188,concernsDam,DAM|HRFCO_APPROVAL|1013310,MR-04,SUPPORTED,source-scoped to approval-file facility code
APR|189,concernsDam,DAM|HRFCO_APPROVAL|1010310,MR-04,SUPPORTED,source-scoped to approval-file facility code
APR|190,concernsDam,DAM|HRFCO_APPROVAL|1017310,MR-04,SUPPORTED,source-scoped to approval-file facility code
APR|191,concernsDam,DAM|HRFCO_APPROVAL|1013310,MR-04,SUPPORTED,source-scoped to approval-file facility code
APR|192,concernsDam,DAM|HRFCO_APPROVAL|1015310,MR-04,SUPPORTED,source-scoped to approval-file facility code
APR|193,concernsDam,DAM|HRFCO_APPROVAL|1017310,MR-04,SUPPORTED,source-scoped to approval-file facility code
APR|194,concernsDam,DAM|HRFCO_APPROVAL|1010310,MR-04,SUPPORTED,source-scoped to approval-file facility code
APR|195,concernsDam,DAM|HRFCO_APPROVAL|1010310,MR-04,SUPPORTED,source-scoped to approval-file facility code
APR|196,concernsDam,DAM|HRFCO_APPROVAL|1015310,MR-04,SUPPORTED,source-scoped to approval-file facility code
APR|197,concernsDam,DAM|HRFCO_APPROVAL|1013310,MR-04,SUPPORTED,source-scoped to approval-file facility code
APR|198,concernsDam,DAM|HRFCO_APPROVAL|1004310,MR-04,SUPPORTED,source-scoped to approval-file facility code
APR|199,concernsDam,DAM|HRFCO_APPROVAL|1015310,MR-04,SUPPORTED,source-scoped to approval-file facility code
APR|200,concernsDam,DAM|HRFCO_APPROVAL|1013310,MR-04,SUPPORTED,source-scoped to approval-file facility code
APR|201,concernsDam,DAM|HRFCO_APPROVAL|1013310,MR-04,SUPPORTED,source-scoped to approval-file facility code
APR|202,concernsDam,DAM|HRFCO_APPROVAL|1010310,MR-04,SUPPORTED,source-scoped to approval-file facility code
APR|203,concernsDam,DAM|HRFCO_APPROVAL|1004310,MR-04,SUPPORTED,source-scoped to approval-file facility code
APR|204,concernsDam,DAM|HRFCO_APPROVAL|1015310,MR-04,SUPPORTED,source-scoped to approval-file facility code
APR|205,concernsDam,DAM|HRFCO_APPROVAL|1010310,MR-04,SUPPORTED,source-scoped to approval-file facility code
APR|206,concernsDam,DAM|HRFCO_APPROVAL|1017310,MR-04,SUPPORTED,source-scoped to approval-file facility code
APR|207,concernsDam,DAM|HRFCO_APPROVAL|1017310,MR-04,SUPPORTED,source-scoped to approval-file facility code
APR|208,concernsDam,DAM|HRFCO_APPROVAL|1015310,MR-04,SUPPORTED,source-scoped to approval-file facility code
APR|209,concernsDam,DAM|HRFCO_APPROVAL|1013310,MR-04,SUPPORTED,source-scoped to approval-file facility code
APR|210,concernsDam,DAM|HRFCO_APPROVAL|1017310,MR-04,SUPPORTED,source-scoped to approval-file facility code
APR|211,concernsDam,DAM|HRFCO_APPROVAL|1017310,MR-04,SUPPORTED,source-scoped to approval-file facility code
APR|212,concernsDam,DAM|HRFCO_APPROVAL|1015310,MR-04,SUPPORTED,source-scoped to approval-file facility code
APR|213,concernsDam,DAM|HRFCO_APPROVAL|1017310,MR-04,SUPPORTED,source-scoped to approval-file facility code
APR|214,concernsDam,DAM|HRFCO_APPROVAL|1004310,MR-04,SUPPORTED,source-scoped to approval-file facility code
APR|215,concernsDam,DAM|HRFCO_APPROVAL|1010310,MR-04,SUPPORTED,source-scoped to approval-file facility code
APR|216,concernsDam,DAM|HRFCO_APPROVAL|1017310,MR-04,SUPPORTED,source-scoped to approval-file facility code
APR|217,concernsDam,DAM|HRFCO_APPROVAL|1015310,MR-04,SUPPORTED,source-scoped to approval-file facility code
APR|218,concernsDam,DAM|HRFCO_APPROVAL|1004310,MR-04,SUPPORTED,source-scoped to approval-file facility code
APR|219,concernsDam,DAM|HRFCO_APPROVAL|1017310,MR-04,SUPPORTED,source-scoped to approval-file facility code
APR|220,concernsDam,DAM|HRFCO_APPROVAL|1015310,MR-04,SUPPORTED,source-scoped to approval-file facility code
APR|221,concernsDam,DAM|HRFCO_APPROVAL|1004310,MR-04,SUPPORTED,source-scoped to approval-file facility code
APR|222,concernsDam,DAM|HRFCO_APPROVAL|1017310,MR-04,SUPPORTED,source-scoped to approval-file facility code
APR|223,concernsDam,DAM|HRFCO_APPROVAL|1015310,MR-04,SUPPORTED,source-scoped to approval-file facility code
APR|224,concernsDam,DAM|HRFCO_APPROVAL|1017310,MR-04,SUPPORTED,source-scoped to approval-file facility code
APR|225,concernsDam,DAM|HRFCO_APPROVAL|1017310,MR-04,SUPPORTED,source-scoped to approval-file facility code
APR|226,concernsDam,DAM|HRFCO_APPROVAL|1015310,MR-04,SUPPORTED,source-scoped to approval-file facility code
APR|227,concernsDam,DAM|HRFCO_APPROVAL|1010310,MR-04,SUPPORTED,source-scoped to approval-file facility code
APR|228,concernsDam,DAM|HRFCO_APPROVAL|1015310,MR-04,SUPPORTED,source-scoped to approval-file facility code
APR|229,concernsDam,DAM|HRFCO_APPROVAL|1004310,MR-04,SUPPORTED,source-scoped to approval-file facility code
APR|230,concernsDam,DAM|HRFCO_APPROVAL|1017310,MR-04,SUPPORTED,source-scoped to approval-file facility code
APR|231,concernsDam,DAM|HRFCO_APPROVAL|1010320,MR-04,SUPPORTED,source-scoped to approval-file facility code
APR|232,concernsDam,DAM|HRFCO_APPROVAL|1010310,MR-04,SUPPORTED,source-scoped to approval-file facility code
APR|233,concernsDam,DAM|HRFCO_APPROVAL|1004310,MR-04,SUPPORTED,source-scoped to approval-file facility code
APR|234,concernsDam,DAM|HRFCO_APPROVAL|1015310,MR-04,SUPPORTED,source-scoped to approval-file facility code
APR|235,concernsDam,DAM|HRFCO_APPROVAL|1017310,MR-04,SUPPORTED,source-scoped to approval-file facility code
APR|236,concernsDam,DAM|HRFCO_APPROVAL|1004310,MR-04,SUPPORTED,source-scoped to approval-file facility code
APR|237,concernsDam,DAM|HRFCO_APPROVAL|1017310,MR-04,SUPPORTED,source-scoped to approval-file facility code
APR|238,concernsDam,DAM|HRFCO_APPROVAL|1015310,MR-04,SUPPORTED,source-scoped to approval-file facility code
APR|239,concernsDam,DAM|HRFCO_APPROVAL|1017310,MR-04,SUPPORTED,source-scoped to approval-file facility code
APR|240,concernsDam,DAM|HRFCO_APPROVAL|1004310,MR-04,SUPPORTED,source-scoped to approval-file facility code
APR|241,concernsDam,DAM|HRFCO_APPROVAL|1015310,MR-04,SUPPORTED,source-scoped to approval-file facility code
APR|242,concernsDam,DAM|HRFCO_APPROVAL|1013310,MR-04,SUPPORTED,source-scoped to approval-file facility code
APR|243,concernsDam,DAM|HRFCO_APPROVAL|1017310,MR-04,SUPPORTED,source-scoped to approval-file facility code
APR|244,concernsDam,DAM|HRFCO_APPROVAL|1017310,MR-04,SUPPORTED,source-scoped to approval-file facility code
APR|245,concernsDam,DAM|HRFCO_APPROVAL|1015310,MR-04,SUPPORTED,source-scoped to approval-file facility code
APR|246,concernsDam,DAM|HRFCO_APPROVAL|1013310,MR-04,SUPPORTED,source-scoped to approval-file facility code
APR|247,concernsDam,DAM|HRFCO_APPROVAL|1010310,MR-04,SUPPORTED,source-scoped to approval-file facility code
APR|248,concernsDam,DAM|HRFCO_APPROVAL|1013310,MR-04,SUPPORTED,source-scoped to approval-file facility code
APR|249,concernsDam,DAM|HRFCO_APPROVAL|1010310,MR-04,SUPPORTED,source-scoped to approval-file facility code
APR|250,concernsDam,DAM|HRFCO_APPROVAL|1010320,MR-04,SUPPORTED,source-scoped to approval-file facility code
APR|251,concernsDam,DAM|HRFCO_APPROVAL|1010310,MR-04,SUPPORTED,source-scoped to approval-file facility code
APR|252,concernsDam,DAM|HRFCO_APPROVAL|1010310,MR-04,SUPPORTED,source-scoped to approval-file facility code
APR|253,concernsDam,DAM|HRFCO_APPROVAL|1013310,MR-04,SUPPORTED,source-scoped to approval-file facility code
APR|254,concernsDam,DAM|HRFCO_APPROVAL|1010310,MR-04,SUPPORTED,source-scoped to approval-file facility code
APR|255,concernsDam,DAM|HRFCO_APPROVAL|1017310,MR-04,SUPPORTED,source-scoped to approval-file facility code
APR|256,concernsDam,DAM|HRFCO_APPROVAL|1017310,MR-04,SUPPORTED,source-scoped to approval-file facility code
APR|257,concernsDam,DAM|HRFCO_APPROVAL|1015310,MR-04,SUPPORTED,source-scoped to approval-file facility code
APR|258,concernsDam,DAM|HRFCO_APPROVAL|1013310,MR-04,SUPPORTED,source-scoped to approval-file facility code
APR|259,concernsDam,DAM|HRFCO_APPROVAL|1013310,MR-04,SUPPORTED,source-scoped to approval-file facility code
APR|260,concernsDam,DAM|HRFCO_APPROVAL|1017310,MR-04,SUPPORTED,source-scoped to approval-file facility code
APR|261,concernsDam,DAM|HRFCO_APPROVAL|1004310,MR-04,SUPPORTED,source-scoped to approval-file facility code
APR|262,concernsDam,DAM|HRFCO_APPROVAL|1017310,MR-04,SUPPORTED,source-scoped to approval-file facility code
APR|263,concernsDam,DAM|HRFCO_APPROVAL|1017310,MR-04,SUPPORTED,source-scoped to approval-file facility code
APR|264,concernsDam,DAM|HRFCO_APPROVAL|1017310,MR-04,SUPPORTED,source-scoped to approval-file facility code
APR|265,concernsDam,DAM|HRFCO_APPROVAL|1015310,MR-04,SUPPORTED,source-scoped to approval-file facility code
APR|266,concernsDam,DAM|HRFCO_APPROVAL|1017310,MR-04,SUPPORTED,source-scoped to approval-file facility code
APR|267,concernsDam,DAM|HRFCO_APPROVAL|1010310,MR-04,SUPPORTED,source-scoped to approval-file facility code
APR|268,concernsDam,DAM|HRFCO_APPROVAL|1010320,MR-04,SUPPORTED,source-scoped to approval-file facility code
APR|269,concernsDam,DAM|HRFCO_APPROVAL|1013310,MR-04,SUPPORTED,source-scoped to approval-file facility code
APR|270,concernsDam,DAM|HRFCO_APPROVAL|1015310,MR-04,SUPPORTED,source-scoped to approval-file facility code
APR|271,concernsDam,DAM|HRFCO_APPROVAL|1017310,MR-04,SUPPORTED,source-scoped to approval-file facility code
APR|272,concernsDam,DAM|HRFCO_APPROVAL|1010310,MR-04,SUPPORTED,source-scoped to approval-file facility code
APR|273,concernsDam,DAM|HRFCO_APPROVAL|1013310,MR-04,SUPPORTED,source-scoped to approval-file facility code
APR|274,concernsDam,DAM|HRFCO_APPROVAL|1010320,MR-04,SUPPORTED,source-scoped to approval-file facility code
APR|275,concernsDam,DAM|HRFCO_APPROVAL|1017310,MR-04,SUPPORTED,source-scoped to approval-file facility code
APR|276,concernsDam,DAM|HRFCO_APPROVAL|1010320,MR-04,SUPPORTED,source-scoped to approval-file facility code
APR|277,concernsDam,DAM|HRFCO_APPROVAL|1013310,MR-04,SUPPORTED,source-scoped to approval-file facility code
APR|278,concernsDam,DAM|HRFCO_APPROVAL|1010310,MR-04,SUPPORTED,source-scoped to approval-file facility code
APR|279,concernsDam,DAM|HRFCO_APPROVAL|1006110,MR-04,SUPPORTED,source-scoped to approval-file facility code
APR|280,concernsDam,DAM|HRFCO_APPROVAL|1017310,MR-04,SUPPORTED,source-scoped to approval-file facility code
APR|281,concernsDam,DAM|HRFCO_APPROVAL|1015310,MR-04,SUPPORTED,source-scoped to approval-file facility code
APR|282,concernsDam,DAM|HRFCO_APPROVAL|1013310,MR-04,SUPPORTED,source-scoped to approval-file facility code
APR|283,concernsDam,DAM|HRFCO_APPROVAL|1010310,MR-04,SUPPORTED,source-scoped to approval-file facility code
APR|284,concernsDam,DAM|HRFCO_APPROVAL|1017310,MR-04,SUPPORTED,source-scoped to approval-file facility code
APR|285,concernsDam,DAM|HRFCO_APPROVAL|1015310,MR-04,SUPPORTED,source-scoped to approval-file facility code
APR|286,concernsDam,DAM|HRFCO_APPROVAL|1013310,MR-04,SUPPORTED,source-scoped to approval-file facility code
APR|287,concernsDam,DAM|HRFCO_APPROVAL|1013310,MR-04,SUPPORTED,source-scoped to approval-file facility code
APR|288,concernsDam,DAM|HRFCO_APPROVAL|1015310,MR-04,SUPPORTED,source-scoped to approval-file facility code
APR|289,concernsDam,DAM|HRFCO_APPROVAL|1017310,MR-04,SUPPORTED,source-scoped to approval-file facility code
APR|290,concernsDam,DAM|HRFCO_APPROVAL|1004310,MR-04,SUPPORTED,source-scoped to approval-file facility code
APR|291,concernsDam,DAM|HRFCO_APPROVAL|1017310,MR-04,SUPPORTED,source-scoped to approval-file facility code
APR|292,concernsDam,DAM|HRFCO_APPROVAL|1015310,MR-04,SUPPORTED,source-scoped to approval-file facility code
APR|293,concernsDam,DAM|HRFCO_APPROVAL|1004310,MR-04,SUPPORTED,source-scoped to approval-file facility code
APR|294,concernsDam,DAM|HRFCO_APPROVAL|1004310,MR-04,SUPPORTED,source-scoped to approval-file facility code
APR|295,concernsDam,DAM|HRFCO_APPROVAL|1017310,MR-04,SUPPORTED,source-scoped to approval-file facility code
APR|296,concernsDam,DAM|HRFCO_APPROVAL|1004310,MR-04,SUPPORTED,source-scoped to approval-file facility code
APR|297,concernsDam,DAM|HRFCO_APPROVAL|1015310,MR-04,SUPPORTED,source-scoped to approval-file facility code
APR|298,concernsDam,DAM|HRFCO_APPROVAL|1017310,MR-04,SUPPORTED,source-scoped to approval-file facility code
APR|299,concernsDam,DAM|HRFCO_APPROVAL|1010310,MR-04,SUPPORTED,source-scoped to approval-file facility code
APR|300,concernsDam,DAM|HRFCO_APPROVAL|1010320,MR-04,SUPPORTED,source-scoped to approval-file facility code
APR|301,concernsDam,DAM|HRFCO_APPROVAL|1004310,MR-04,SUPPORTED,source-scoped to approval-file facility code
APR|302,concernsDam,DAM|HRFCO_APPROVAL|1015310,MR-04,SUPPORTED,source-scoped to approval-file facility code
APR|303,concernsDam,DAM|HRFCO_APPROVAL|1013310,MR-04,SUPPORTED,source-scoped to approval-file facility code
APR|304,concernsDam,DAM|HRFCO_APPROVAL|1010310,MR-04,SUPPORTED,source-scoped to approval-file facility code
APR|305,concernsDam,DAM|HRFCO_APPROVAL|1010320,MR-04,SUPPORTED,source-scoped to approval-file facility code
APR|306,concernsDam,DAM|HRFCO_APPROVAL|1010320,MR-04,SUPPORTED,source-scoped to approval-file facility code
APR|307,concernsDam,DAM|HRFCO_APPROVAL|1017310,MR-04,SUPPORTED,source-scoped to approval-file facility code
APR|308,concernsDam,DAM|HRFCO_APPROVAL|1015310,MR-04,SUPPORTED,source-scoped to approval-file facility code
APR|309,concernsDam,DAM|HRFCO_APPROVAL|1013310,MR-04,SUPPORTED,source-scoped to approval-file facility code
APR|310,concernsDam,DAM|HRFCO_APPROVAL|1015310,MR-04,SUPPORTED,source-scoped to approval-file facility code
APR|311,concernsDam,DAM|HRFCO_APPROVAL|1013310,MR-04,SUPPORTED,source-scoped to approval-file facility code
APR|312,concernsDam,DAM|HRFCO_APPROVAL|1010310,MR-04,SUPPORTED,source-scoped to approval-file facility code
APR|313,concernsDam,DAM|HRFCO_APPROVAL|1004310,MR-04,SUPPORTED,source-scoped to approval-file facility code
APR|314,concernsDam,DAM|HRFCO_APPROVAL|1013310,MR-04,SUPPORTED,source-scoped to approval-file facility code
APR|315,concernsDam,DAM|HRFCO_APPROVAL|1010310,MR-04,SUPPORTED,source-scoped to approval-file facility code
APR|316,concernsDam,DAM|HRFCO_APPROVAL|1010320,MR-04,SUPPORTED,source-scoped to approval-file facility code
APR|317,concernsDam,DAM|HRFCO_APPROVAL|1017310,MR-04,SUPPORTED,source-scoped to approval-file facility code
APR|318,concernsDam,DAM|HRFCO_APPROVAL|1015310,MR-04,SUPPORTED,source-scoped to approval-file facility code
APR|319,concernsDam,DAM|HRFCO_APPROVAL|1010310,MR-04,SUPPORTED,source-scoped to approval-file facility code
APR|320,concernsDam,DAM|HRFCO_APPROVAL|1015310,MR-04,SUPPORTED,source-scoped to approval-file facility code
APR|321,concernsDam,DAM|HRFCO_APPROVAL|1013310,MR-04,SUPPORTED,source-scoped to approval-file facility code
APR|322,concernsDam,DAM|HRFCO_APPROVAL|1017310,MR-04,SUPPORTED,source-scoped to approval-file facility code
APR|323,concernsDam,DAM|HRFCO_APPROVAL|1015310,MR-04,SUPPORTED,source-scoped to approval-file facility code
APR|324,concernsDam,DAM|HRFCO_APPROVAL|1015310,MR-04,SUPPORTED,source-scoped to approval-file facility code
APR|325,concernsDam,DAM|HRFCO_APPROVAL|1013310,MR-04,SUPPORTED,source-scoped to approval-file facility code
APR|326,concernsDam,DAM|HRFCO_APPROVAL|1015310,MR-04,SUPPORTED,source-scoped to approval-file facility code
APR|327,concernsDam,DAM|HRFCO_APPROVAL|1017310,MR-04,SUPPORTED,source-scoped to approval-file facility code
APR|328,concernsDam,DAM|HRFCO_APPROVAL|1017310,MR-04,SUPPORTED,source-scoped to approval-file facility code
APR|329,concernsDam,DAM|HRFCO_APPROVAL|1010320,MR-04,SUPPORTED,source-scoped to approval-file facility code
APR|330,concernsDam,DAM|HRFCO_APPROVAL|1013310,MR-04,SUPPORTED,source-scoped to approval-file facility code
APR|331,concernsDam,DAM|HRFCO_APPROVAL|1010310,MR-04,SUPPORTED,source-scoped to approval-file facility code
APR|332,concernsDam,DAM|HRFCO_APPROVAL|1015310,MR-04,SUPPORTED,source-scoped to approval-file facility code
APR|333,concernsDam,DAM|HRFCO_APPROVAL|1017310,MR-04,SUPPORTED,source-scoped to approval-file facility code
APR|334,concernsDam,DAM|HRFCO_APPROVAL|1015310,MR-04,SUPPORTED,source-scoped to approval-file facility code
APR|335,concernsDam,DAM|HRFCO_APPROVAL|1013310,MR-04,SUPPORTED,source-scoped to approval-file facility code
APR|336,concernsDam,DAM|HRFCO_APPROVAL|1017310,MR-04,SUPPORTED,source-scoped to approval-file facility code
APR|337,concernsDam,DAM|HRFCO_APPROVAL|1010320,MR-04,SUPPORTED,source-scoped to approval-file facility code
APR|338,concernsDam,DAM|HRFCO_APPROVAL|1015310,MR-04,SUPPORTED,source-scoped to approval-file facility code
APR|339,concernsDam,DAM|HRFCO_APPROVAL|1004310,MR-04,SUPPORTED,source-scoped to approval-file facility code
APR|340,concernsDam,DAM|HRFCO_APPROVAL|1013310,MR-04,SUPPORTED,source-scoped to approval-file facility code
APR|341,concernsDam,DAM|HRFCO_APPROVAL|1017310,MR-04,SUPPORTED,source-scoped to approval-file facility code
APR|342,concernsDam,DAM|HRFCO_APPROVAL|1017310,MR-04,SUPPORTED,source-scoped to approval-file facility code
APR|343,concernsDam,DAM|HRFCO_APPROVAL|1015310,MR-04,SUPPORTED,source-scoped to approval-file facility code
APR|344,concernsDam,DAM|HRFCO_APPROVAL|1017310,MR-04,SUPPORTED,source-scoped to approval-file facility code
APR|345,concernsDam,DAM|HRFCO_APPROVAL|1015310,MR-04,SUPPORTED,source-scoped to approval-file facility code
APR|346,concernsDam,DAM|HRFCO_APPROVAL|1017310,MR-04,SUPPORTED,source-scoped to approval-file facility code
APR|347,concernsDam,DAM|HRFCO_APPROVAL|1004310,MR-04,SUPPORTED,source-scoped to approval-file facility code
APR|348,concernsDam,DAM|HRFCO_APPROVAL|1015310,MR-04,SUPPORTED,source-scoped to approval-file facility code
APR|349,concernsDam,DAM|HRFCO_APPROVAL|1015310,MR-04,SUPPORTED,source-scoped to approval-file facility code
APR|350,concernsDam,DAM|HRFCO_APPROVAL|1013310,MR-04,SUPPORTED,source-scoped to approval-file facility code
APR|351,concernsDam,DAM|HRFCO_APPROVAL|1017310,MR-04,SUPPORTED,source-scoped to approval-file facility code
APR|352,concernsDam,DAM|HRFCO_APPROVAL|1010310,MR-04,SUPPORTED,source-scoped to approval-file facility code
APR|353,concernsDam,DAM|HRFCO_APPROVAL|1010320,MR-04,SUPPORTED,source-scoped to approval-file facility code
APR|354,concernsDam,DAM|HRFCO_APPROVAL|1013310,MR-04,SUPPORTED,source-scoped to approval-file facility code
APR|355,concernsDam,DAM|HRFCO_APPROVAL|1010310,MR-04,SUPPORTED,source-scoped to approval-file facility code
APR|356,concernsDam,DAM|HRFCO_APPROVAL|1017310,MR-04,SUPPORTED,source-scoped to approval-file facility code
APR|357,concernsDam,DAM|HRFCO_APPROVAL|1015310,MR-04,SUPPORTED,source-scoped to approval-file facility code
APR|358,concernsDam,DAM|HRFCO_APPROVAL|1013310,MR-04,SUPPORTED,source-scoped to approval-file facility code
APR|359,concernsDam,DAM|HRFCO_APPROVAL|1010310,MR-04,SUPPORTED,source-scoped to approval-file facility code
APR|360,concernsDam,DAM|HRFCO_APPROVAL|1010310,MR-04,SUPPORTED,source-scoped to approval-file facility code
APR|361,concernsDam,DAM|HRFCO_APPROVAL|1010320,MR-04,SUPPORTED,source-scoped to approval-file facility code
APR|362,concernsDam,DAM|HRFCO_APPROVAL|1004310,MR-04,SUPPORTED,source-scoped to approval-file facility code
APR|363,concernsDam,DAM|HRFCO_APPROVAL|1013310,MR-04,SUPPORTED,source-scoped to approval-file facility code
APR|364,concernsDam,DAM|HRFCO_APPROVAL|1010320,MR-04,SUPPORTED,source-scoped to approval-file facility code
APR|365,concernsDam,DAM|HRFCO_APPROVAL|1010310,MR-04,SUPPORTED,source-scoped to approval-file facility code
APR|366,concernsDam,DAM|HRFCO_APPROVAL|1013310,MR-04,SUPPORTED,source-scoped to approval-file facility code
APR|367,concernsDam,DAM|HRFCO_APPROVAL|1015310,MR-04,SUPPORTED,source-scoped to approval-file facility code
APR|368,concernsDam,DAM|HRFCO_APPROVAL|1017310,MR-04,SUPPORTED,source-scoped to approval-file facility code
APR|369,concernsDam,DAM|HRFCO_APPROVAL|1013310,MR-04,SUPPORTED,source-scoped to approval-file facility code
APR|370,concernsDam,DAM|HRFCO_APPROVAL|1017310,MR-04,SUPPORTED,source-scoped to approval-file facility code
APR|371,concernsDam,DAM|HRFCO_APPROVAL|1015310,MR-04,SUPPORTED,source-scoped to approval-file facility code
APR|372,concernsDam,DAM|HRFCO_APPROVAL|1004310,MR-04,SUPPORTED,source-scoped to approval-file facility code
APR|373,concernsDam,DAM|HRFCO_APPROVAL|1013310,MR-04,SUPPORTED,source-scoped to approval-file facility code
APR|374,concernsDam,DAM|HRFCO_APPROVAL|1015310,MR-04,SUPPORTED,source-scoped to approval-file facility code
APR|375,concernsDam,DAM|HRFCO_APPROVAL|1017310,MR-04,SUPPORTED,source-scoped to approval-file facility code
APR|376,concernsDam,DAM|HRFCO_APPROVAL|1013310,MR-04,SUPPORTED,source-scoped to approval-file facility code
APR|377,concernsDam,DAM|HRFCO_APPROVAL|1004310,MR-04,SUPPORTED,source-scoped to approval-file facility code
APR|378,concernsDam,DAM|HRFCO_APPROVAL|1010320,MR-04,SUPPORTED,source-scoped to approval-file facility code
APR|379,concernsDam,DAM|HRFCO_APPROVAL|1010310,MR-04,SUPPORTED,source-scoped to approval-file facility code
APR|380,concernsDam,DAM|HRFCO_APPROVAL|1015310,MR-04,SUPPORTED,source-scoped to approval-file facility code
APR|381,concernsDam,DAM|HRFCO_APPROVAL|1017310,MR-04,SUPPORTED,source-scoped to approval-file facility code
APR|382,concernsDam,DAM|HRFCO_APPROVAL|1013310,MR-04,SUPPORTED,source-scoped to approval-file facility code
APR|383,concernsDam,DAM|HRFCO_APPROVAL|1015310,MR-04,SUPPORTED,source-scoped to approval-file facility code
APR|384,concernsDam,DAM|HRFCO_APPROVAL|1013310,MR-04,SUPPORTED,source-scoped to approval-file facility code
APR|385,concernsDam,DAM|HRFCO_APPROVAL|1004310,MR-04,SUPPORTED,source-scoped to approval-file facility code
APR|386,concernsDam,DAM|HRFCO_APPROVAL|1013310,MR-04,SUPPORTED,source-scoped to approval-file facility code
APR|387,concernsDam,DAM|HRFCO_APPROVAL|1017310,MR-04,SUPPORTED,source-scoped to approval-file facility code
APR|388,concernsDam,DAM|HRFCO_APPROVAL|1017310,MR-04,SUPPORTED,source-scoped to approval-file facility code
APR|389,concernsDam,DAM|HRFCO_APPROVAL|1015310,MR-04,SUPPORTED,source-scoped to approval-file facility code
APR|390,concernsDam,DAM|HRFCO_APPROVAL|1013310,MR-04,SUPPORTED,source-scoped to approval-file facility code
APR|391,concernsDam,DAM|HRFCO_APPROVAL|1010310,MR-04,SUPPORTED,source-scoped to approval-file facility code
APR|392,concernsDam,DAM|HRFCO_APPROVAL|1017310,MR-04,SUPPORTED,source-scoped to approval-file facility code
APR|393,concernsDam,DAM|HRFCO_APPROVAL|1010320,MR-04,SUPPORTED,source-scoped to approval-file facility code
APR|394,concernsDam,DAM|HRFCO_APPROVAL|1006110,MR-04,SUPPORTED,source-scoped to approval-file facility code
APR|395,concernsDam,DAM|HRFCO_APPROVAL|1017310,MR-04,SUPPORTED,source-scoped to approval-file facility code
APR|396,concernsDam,DAM|HRFCO_APPROVAL|1017310,MR-04,SUPPORTED,source-scoped to approval-file facility code
APR|397,concernsDam,DAM|HRFCO_APPROVAL|1017310,MR-04,SUPPORTED,source-scoped to approval-file facility code
APR|398,concernsDam,DAM|HRFCO_APPROVAL|1015310,MR-04,SUPPORTED,source-scoped to approval-file facility code
APR|399,concernsDam,DAM|HRFCO_APPROVAL|1017310,MR-04,SUPPORTED,source-scoped to approval-file facility code
APR|400,concernsDam,DAM|HRFCO_APPROVAL|1017310,MR-04,SUPPORTED,source-scoped to approval-file facility code
APR|401,concernsDam,DAM|HRFCO_APPROVAL|1004310,MR-04,SUPPORTED,source-scoped to approval-file facility code
APR|402,concernsDam,DAM|HRFCO_APPROVAL|1017310,MR-04,SUPPORTED,source-scoped to approval-file facility code
APR|403,concernsDam,DAM|HRFCO_APPROVAL|1017310,MR-04,SUPPORTED,source-scoped to approval-file facility code
APR|404,concernsDam,DAM|HRFCO_APPROVAL|1015310,MR-04,SUPPORTED,source-scoped to approval-file facility code
APR|405,concernsDam,DAM|HRFCO_APPROVAL|1015310,MR-04,SUPPORTED,source-scoped to approval-file facility code
APR|406,concernsDam,DAM|HRFCO_APPROVAL|1004310,MR-04,SUPPORTED,source-scoped to approval-file facility code
APR|407,concernsDam,DAM|HRFCO_APPROVAL|1017310,MR-04,SUPPORTED,source-scoped to approval-file facility code
APR|408,concernsDam,DAM|HRFCO_APPROVAL|1017310,MR-04,SUPPORTED,source-scoped to approval-file facility code
APR|409,concernsDam,DAM|HRFCO_APPROVAL|1017310,MR-04,SUPPORTED,source-scoped to approval-file facility code
APR|410,concernsDam,DAM|HRFCO_APPROVAL|1015310,MR-04,SUPPORTED,source-scoped to approval-file facility code
APR|411,concernsDam,DAM|HRFCO_APPROVAL|1017310,MR-04,SUPPORTED,source-scoped to approval-file facility code
APR|412,concernsDam,DAM|HRFCO_APPROVAL|1017310,MR-04,SUPPORTED,source-scoped to approval-file facility code
APR|413,concernsDam,DAM|HRFCO_APPROVAL|1017310,MR-04,SUPPORTED,source-scoped to approval-file facility code
APR|414,concernsDam,DAM|HRFCO_APPROVAL|1017310,MR-04,SUPPORTED,source-scoped to approval-file facility code
APR|415,concernsDam,DAM|HRFCO_APPROVAL|1015310,MR-04,SUPPORTED,source-scoped to approval-file facility code
APR|416,concernsDam,DAM|HRFCO_APPROVAL|1015310,MR-04,SUPPORTED,source-scoped to approval-file facility code
APR|417,concernsDam,DAM|HRFCO_APPROVAL|1017310,MR-04,SUPPORTED,source-scoped to approval-file facility code
APR|418,concernsDam,DAM|HRFCO_APPROVAL|1003110,MR-04,SUPPORTED,source-scoped to approval-file facility code
APR|419,concernsDam,DAM|HRFCO_APPROVAL|1015310,MR-04,SUPPORTED,source-scoped to approval-file facility code
APR|420,concernsDam,DAM|HRFCO_APPROVAL|1017310,MR-04,SUPPORTED,source-scoped to approval-file facility code
APR|421,concernsDam,DAM|HRFCO_APPROVAL|1017310,MR-04,SUPPORTED,source-scoped to approval-file facility code
APR|422,concernsDam,DAM|HRFCO_APPROVAL|1015310,MR-04,SUPPORTED,source-scoped to approval-file facility code
APR|423,concernsDam,DAM|HRFCO_APPROVAL|1004310,MR-04,SUPPORTED,source-scoped to approval-file facility code
APR|424,concernsDam,DAM|HRFCO_APPROVAL|1015310,MR-04,SUPPORTED,source-scoped to approval-file facility code
APR|425,concernsDam,DAM|HRFCO_APPROVAL|1017310,MR-04,SUPPORTED,source-scoped to approval-file facility code
APR|426,concernsDam,DAM|HRFCO_APPROVAL|1017310,MR-04,SUPPORTED,source-scoped to approval-file facility code
APR|427,concernsDam,DAM|HRFCO_APPROVAL|1017310,MR-04,SUPPORTED,source-scoped to approval-file facility code
APR|428,concernsDam,DAM|HRFCO_APPROVAL|1017310,MR-04,SUPPORTED,source-scoped to approval-file facility code
APR|429,concernsDam,DAM|HRFCO_APPROVAL|1017310,MR-04,SUPPORTED,source-scoped to approval-file facility code
APR|430,concernsDam,DAM|HRFCO_APPROVAL|1017310,MR-04,SUPPORTED,source-scoped to approval-file facility code
APR|431,concernsDam,DAM|HRFCO_APPROVAL|1017310,MR-04,SUPPORTED,source-scoped to approval-file facility code
APR|432,concernsDam,DAM|HRFCO_APPROVAL|1017310,MR-04,SUPPORTED,source-scoped to approval-file facility code
APR|433,concernsDam,DAM|HRFCO_APPROVAL|1015310,MR-04,SUPPORTED,source-scoped to approval-file facility code
APR|434,concernsDam,DAM|HRFCO_APPROVAL|1003611,MR-04,SUPPORTED,source-scoped to approval-file facility code
APR|435,concernsDam,DAM|HRFCO_APPROVAL|1015310,MR-04,SUPPORTED,source-scoped to approval-file facility code
APR|436,concernsDam,DAM|HRFCO_APPROVAL|1017310,MR-04,SUPPORTED,source-scoped to approval-file facility code
APR|437,concernsDam,DAM|HRFCO_APPROVAL|1017310,MR-04,SUPPORTED,source-scoped to approval-file facility code
APR|438,concernsDam,DAM|HRFCO_APPROVAL|1004310,MR-04,SUPPORTED,source-scoped to approval-file facility code
APR|439,concernsDam,DAM|HRFCO_APPROVAL|1004310,MR-04,SUPPORTED,source-scoped to approval-file facility code
APR|440,concernsDam,DAM|HRFCO_APPROVAL|1004310,MR-04,SUPPORTED,source-scoped to approval-file facility code
APR|441,concernsDam,DAM|HRFCO_APPROVAL|1004310,MR-04,SUPPORTED,source-scoped to approval-file facility code
APR|442,concernsDam,DAM|HRFCO_APPROVAL|1017310,MR-04,SUPPORTED,source-scoped to approval-file facility code
APR|443,concernsDam,DAM|HRFCO_APPROVAL|1017310,MR-04,SUPPORTED,source-scoped to approval-file facility code
APR|444,concernsDam,DAM|HRFCO_APPROVAL|1003611,MR-04,SUPPORTED,source-scoped to approval-file facility code
APR|445,concernsDam,DAM|HRFCO_APPROVAL|1004310,MR-04,SUPPORTED,source-scoped to approval-file facility code
APR|446,concernsDam,DAM|HRFCO_APPROVAL|1004310,MR-04,SUPPORTED,source-scoped to approval-file facility code
APR|447,concernsDam,DAM|HRFCO_APPROVAL|1004310,MR-04,SUPPORTED,source-scoped to approval-file facility code
APR|448,concernsDam,DAM|HRFCO_APPROVAL|1003611,MR-04,SUPPORTED,source-scoped to approval-file facility code
APR|449,concernsDam,DAM|HRFCO_APPROVAL|1017310,MR-04,SUPPORTED,source-scoped to approval-file facility code
APR|450,concernsDam,DAM|HRFCO_APPROVAL|1017310,MR-04,SUPPORTED,source-scoped to approval-file facility code
APR|451,concernsDam,DAM|HRFCO_APPROVAL|1017310,MR-04,SUPPORTED,source-scoped to approval-file facility code
APR|452,concernsDam,DAM|HRFCO_APPROVAL|1004310,MR-04,SUPPORTED,source-scoped to approval-file facility code
APR|453,concernsDam,DAM|HRFCO_APPROVAL|1004310,MR-04,SUPPORTED,source-scoped to approval-file facility code
APR|454,concernsDam,DAM|HRFCO_APPROVAL|1017310,MR-04,SUPPORTED,source-scoped to approval-file facility code
APR|455,concernsDam,DAM|HRFCO_APPROVAL|1017310,MR-04,SUPPORTED,source-scoped to approval-file facility code
APR|456,concernsDam,DAM|HRFCO_APPROVAL|1004310,MR-04,SUPPORTED,source-scoped to approval-file facility code
APR|457,concernsDam,DAM|HRFCO_APPROVAL|1004310,MR-04,SUPPORTED,source-scoped to approval-file facility code
APR|458,concernsDam,DAM|HRFCO_APPROVAL|1004310,MR-04,SUPPORTED,source-scoped to approval-file facility code
APR|459,concernsDam,DAM|HRFCO_APPROVAL|1017310,MR-04,SUPPORTED,source-scoped to approval-file facility code
APR|460,concernsDam,DAM|HRFCO_APPROVAL|1017310,MR-04,SUPPORTED,source-scoped to approval-file facility code
APR|461,concernsDam,DAM|HRFCO_APPROVAL|1017310,MR-04,SUPPORTED,source-scoped to approval-file facility code
APR|462,concernsDam,DAM|HRFCO_APPROVAL|1017310,MR-04,SUPPORTED,source-scoped to approval-file facility code
APR|463,concernsDam,DAM|HRFCO_APPROVAL|1017310,MR-04,SUPPORTED,source-scoped to approval-file facility code
APR|464,concernsDam,DAM|HRFCO_APPROVAL|1003611,MR-04,SUPPORTED,source-scoped to approval-file facility code
APR|465,concernsDam,DAM|HRFCO_APPROVAL|1017310,MR-04,SUPPORTED,source-scoped to approval-file facility code
APR|466,concernsDam,DAM|HRFCO_APPROVAL|1003611,MR-04,SUPPORTED,source-scoped to approval-file facility code
APR|467,concernsDam,DAM|HRFCO_APPROVAL|1017310,MR-04,SUPPORTED,source-scoped to approval-file facility code
APR|468,concernsDam,DAM|HRFCO_APPROVAL|1004310,MR-04,SUPPORTED,source-scoped to approval-file facility code
APR|469,concernsDam,DAM|HRFCO_APPROVAL|1004310,MR-04,SUPPORTED,source-scoped to approval-file facility code
APR|470,concernsDam,DAM|HRFCO_APPROVAL|1004310,MR-04,SUPPORTED,source-scoped to approval-file facility code
APR|471,concernsDam,DAM|HRFCO_APPROVAL|1004310,MR-04,SUPPORTED,source-scoped to approval-file facility code
APR|472,concernsDam,DAM|HRFCO_APPROVAL|1004310,MR-04,SUPPORTED,source-scoped to approval-file facility code
APR|473,concernsDam,DAM|HRFCO_APPROVAL|1006110,MR-04,SUPPORTED,source-scoped to approval-file facility code
APR|474,concernsDam,DAM|HRFCO_APPROVAL|1004310,MR-04,SUPPORTED,source-scoped to approval-file facility code
APR|475,concernsDam,DAM|HRFCO_APPROVAL|1017310,MR-04,SUPPORTED,source-scoped to approval-file facility code
APR|476,concernsDam,DAM|HRFCO_APPROVAL|1004310,MR-04,SUPPORTED,source-scoped to approval-file facility code
APR|477,concernsDam,DAM|HRFCO_APPROVAL|1004310,MR-04,SUPPORTED,source-scoped to approval-file facility code
APR|478,concernsDam,DAM|HRFCO_APPROVAL|1004310,MR-04,SUPPORTED,source-scoped to approval-file facility code
APR|479,concernsDam,DAM|HRFCO_APPROVAL|1017310,MR-04,SUPPORTED,source-scoped to approval-file facility code
APR|480,concernsDam,DAM|HRFCO_APPROVAL|1003611,MR-04,SUPPORTED,source-scoped to approval-file facility code
APR|481,concernsDam,DAM|HRFCO_APPROVAL|1017310,MR-04,SUPPORTED,source-scoped to approval-file facility code
APR|482,concernsDam,DAM|HRFCO_APPROVAL|1004310,MR-04,SUPPORTED,source-scoped to approval-file facility code
APR|483,concernsDam,DAM|HRFCO_APPROVAL|1017310,MR-04,SUPPORTED,source-scoped to approval-file facility code
APR|484,concernsDam,DAM|HRFCO_APPROVAL|1004310,MR-04,SUPPORTED,source-scoped to approval-file facility code
APR|485,concernsDam,DAM|HRFCO_APPROVAL|1004310,MR-04,SUPPORTED,source-scoped to approval-file facility code
APR|486,concernsDam,DAM|HRFCO_APPROVAL|1004310,MR-04,SUPPORTED,source-scoped to approval-file facility code
APR|487,concernsDam,DAM|HRFCO_APPROVAL|1017310,MR-04,SUPPORTED,source-scoped to approval-file facility code
APR|488,concernsDam,DAM|HRFCO_APPROVAL|1015310,MR-04,SUPPORTED,source-scoped to approval-file facility code
APR|489,concernsDam,DAM|HRFCO_APPROVAL|1004310,MR-04,SUPPORTED,source-scoped to approval-file facility code
APR|490,concernsDam,DAM|HRFCO_APPROVAL|1017310,MR-04,SUPPORTED,source-scoped to approval-file facility code
APR|491,concernsDam,DAM|HRFCO_APPROVAL|1015310,MR-04,SUPPORTED,source-scoped to approval-file facility code
APR|492,concernsDam,DAM|HRFCO_APPROVAL|1015310,MR-04,SUPPORTED,source-scoped to approval-file facility code
APR|493,concernsDam,DAM|HRFCO_APPROVAL|1017310,MR-04,SUPPORTED,source-scoped to approval-file facility code
APR|494,concernsDam,DAM|HRFCO_APPROVAL|1017310,MR-04,SUPPORTED,source-scoped to approval-file facility code
APR|495,concernsDam,DAM|HRFCO_APPROVAL|1015310,MR-04,SUPPORTED,source-scoped to approval-file facility code
APR|496,concernsDam,DAM|HRFCO_APPROVAL|1004310,MR-04,SUPPORTED,source-scoped to approval-file facility code
APR|497,concernsDam,DAM|HRFCO_APPROVAL|1017310,MR-04,SUPPORTED,source-scoped to approval-file facility code
APR|498,concernsDam,DAM|HRFCO_APPROVAL|1015310,MR-04,SUPPORTED,source-scoped to approval-file facility code
APR|499,concernsDam,DAM|HRFCO_APPROVAL|1004310,MR-04,SUPPORTED,source-scoped to approval-file facility code
APR|500,concernsDam,DAM|HRFCO_APPROVAL|1017310,MR-04,SUPPORTED,source-scoped to approval-file facility code
APR|501,concernsDam,DAM|HRFCO_APPROVAL|1017310,MR-04,SUPPORTED,source-scoped to approval-file facility code
APR|502,concernsDam,DAM|HRFCO_APPROVAL|1015310,MR-04,SUPPORTED,source-scoped to approval-file facility code
APR|503,concernsDam,DAM|HRFCO_APPROVAL|1004310,MR-04,SUPPORTED,source-scoped to approval-file facility code
APR|504,concernsDam,DAM|HRFCO_APPROVAL|1003110,MR-04,SUPPORTED,source-scoped to approval-file facility code
APR|505,concernsDam,DAM|HRFCO_APPROVAL|1017310,MR-04,SUPPORTED,source-scoped to approval-file facility code
APR|506,concernsDam,DAM|HRFCO_APPROVAL|1015310,MR-04,SUPPORTED,source-scoped to approval-file facility code
APR|507,concernsDam,DAM|HRFCO_APPROVAL|1004310,MR-04,SUPPORTED,source-scoped to approval-file facility code
APR|508,concernsDam,DAM|HRFCO_APPROVAL|1017310,MR-04,SUPPORTED,source-scoped to approval-file facility code
APR|509,concernsDam,DAM|HRFCO_APPROVAL|1015310,MR-04,SUPPORTED,source-scoped to approval-file facility code
APR|510,concernsDam,DAM|HRFCO_APPROVAL|1017310,MR-04,SUPPORTED,source-scoped to approval-file facility code
APR|511,concernsDam,DAM|HRFCO_APPROVAL|1015310,MR-04,SUPPORTED,source-scoped to approval-file facility code
APR|512,concernsDam,DAM|HRFCO_APPROVAL|1013310,MR-04,SUPPORTED,source-scoped to approval-file facility code
APR|513,concernsDam,DAM|HRFCO_APPROVAL|1017310,MR-04,SUPPORTED,source-scoped to approval-file facility code
APR|514,concernsDam,DAM|HRFCO_APPROVAL|1015310,MR-04,SUPPORTED,source-scoped to approval-file facility code
APR|515,concernsDam,DAM|HRFCO_APPROVAL|1013310,MR-04,SUPPORTED,source-scoped to approval-file facility code
APR|516,concernsDam,DAM|HRFCO_APPROVAL|1010320,MR-04,SUPPORTED,source-scoped to approval-file facility code
APR|517,concernsDam,DAM|HRFCO_APPROVAL|1013310,MR-04,SUPPORTED,source-scoped to approval-file facility code
APR|518,concernsDam,DAM|HRFCO_APPROVAL|1013310,MR-04,SUPPORTED,source-scoped to approval-file facility code
APR|519,concernsDam,DAM|HRFCO_APPROVAL|1017310,MR-04,SUPPORTED,source-scoped to approval-file facility code
APR|520,concernsDam,DAM|HRFCO_APPROVAL|1015310,MR-04,SUPPORTED,source-scoped to approval-file facility code
APR|521,concernsDam,DAM|HRFCO_APPROVAL|1010320,MR-04,SUPPORTED,source-scoped to approval-file facility code
APR|522,concernsDam,DAM|HRFCO_APPROVAL|1017310,MR-04,SUPPORTED,source-scoped to approval-file facility code
APR|523,concernsDam,DAM|HRFCO_APPROVAL|1015310,MR-04,SUPPORTED,source-scoped to approval-file facility code
APR|524,concernsDam,DAM|HRFCO_APPROVAL|1013310,MR-04,SUPPORTED,source-scoped to approval-file facility code
APR|525,concernsDam,DAM|HRFCO_APPROVAL|1010320,MR-04,SUPPORTED,source-scoped to approval-file facility code
APR|526,concernsDam,DAM|HRFCO_APPROVAL|1017310,MR-04,SUPPORTED,source-scoped to approval-file facility code
APR|527,concernsDam,DAM|HRFCO_APPROVAL|1015310,MR-04,SUPPORTED,source-scoped to approval-file facility code
APR|528,concernsDam,DAM|HRFCO_APPROVAL|1013310,MR-04,SUPPORTED,source-scoped to approval-file facility code
APR|529,concernsDam,DAM|HRFCO_APPROVAL|1010320,MR-04,SUPPORTED,source-scoped to approval-file facility code
APR|530,concernsDam,DAM|HRFCO_APPROVAL|1004310,MR-04,SUPPORTED,source-scoped to approval-file facility code
APR|531,concernsDam,DAM|HRFCO_APPROVAL|1010320,MR-04,SUPPORTED,source-scoped to approval-file facility code
APR|532,concernsDam,DAM|HRFCO_APPROVAL|1017310,MR-04,SUPPORTED,source-scoped to approval-file facility code
APR|533,concernsDam,DAM|HRFCO_APPROVAL|1017310,MR-04,SUPPORTED,source-scoped to approval-file facility code
APR|534,concernsDam,DAM|HRFCO_APPROVAL|1013310,MR-04,SUPPORTED,source-scoped to approval-file facility code
APR|535,concernsDam,DAM|HRFCO_APPROVAL|1013310,MR-04,SUPPORTED,source-scoped to approval-file facility code
APR|536,concernsDam,DAM|HRFCO_APPROVAL|1015310,MR-04,SUPPORTED,source-scoped to approval-file facility code
APR|537,concernsDam,DAM|HRFCO_APPROVAL|1013310,MR-04,SUPPORTED,source-scoped to approval-file facility code
APR|538,concernsDam,DAM|HRFCO_APPROVAL|1010320,MR-04,SUPPORTED,source-scoped to approval-file facility code
APR|539,concernsDam,DAM|HRFCO_APPROVAL|1004310,MR-04,SUPPORTED,source-scoped to approval-file facility code
APR|540,concernsDam,DAM|HRFCO_APPROVAL|1015310,MR-04,SUPPORTED,source-scoped to approval-file facility code
APR|541,concernsDam,DAM|HRFCO_APPROVAL|1015310,MR-04,SUPPORTED,source-scoped to approval-file facility code
APR|542,concernsDam,DAM|HRFCO_APPROVAL|1013310,MR-04,SUPPORTED,source-scoped to approval-file facility code
APR|543,concernsDam,DAM|HRFCO_APPROVAL|1017310,MR-04,SUPPORTED,source-scoped to approval-file facility code
APR|544,concernsDam,DAM|HRFCO_APPROVAL|1015310,MR-04,SUPPORTED,source-scoped to approval-file facility code
APR|545,concernsDam,DAM|HRFCO_APPROVAL|1017310,MR-04,SUPPORTED,source-scoped to approval-file facility code
APR|546,concernsDam,DAM|HRFCO_APPROVAL|1004310,MR-04,SUPPORTED,source-scoped to approval-file facility code
APR|547,concernsDam,DAM|HRFCO_APPROVAL|1017310,MR-04,SUPPORTED,source-scoped to approval-file facility code
APR|548,concernsDam,DAM|HRFCO_APPROVAL|1017310,MR-04,SUPPORTED,source-scoped to approval-file facility code
APR|549,concernsDam,DAM|HRFCO_APPROVAL|1015310,MR-04,SUPPORTED,source-scoped to approval-file facility code
APR|550,concernsDam,DAM|HRFCO_APPROVAL|1013310,MR-04,SUPPORTED,source-scoped to approval-file facility code
APR|551,concernsDam,DAM|HRFCO_APPROVAL|1010320,MR-04,SUPPORTED,source-scoped to approval-file facility code
APR|552,concernsDam,DAM|HRFCO_APPROVAL|1017310,MR-04,SUPPORTED,source-scoped to approval-file facility code
APR|553,concernsDam,DAM|HRFCO_APPROVAL|1004310,MR-04,SUPPORTED,source-scoped to approval-file facility code
APR|554,concernsDam,DAM|HRFCO_APPROVAL|1015310,MR-04,SUPPORTED,source-scoped to approval-file facility code
APR|555,concernsDam,DAM|HRFCO_APPROVAL|1013310,MR-04,SUPPORTED,source-scoped to approval-file facility code
APR|556,concernsDam,DAM|HRFCO_APPROVAL|1015310,MR-04,SUPPORTED,source-scoped to approval-file facility code
APR|557,concernsDam,DAM|HRFCO_APPROVAL|1017310,MR-04,SUPPORTED,source-scoped to approval-file facility code
APR|558,concernsDam,DAM|HRFCO_APPROVAL|1015310,MR-04,SUPPORTED,source-scoped to approval-file facility code
APR|559,concernsDam,DAM|HRFCO_APPROVAL|1017310,MR-04,SUPPORTED,source-scoped to approval-file facility code
APR|560,concernsDam,DAM|HRFCO_APPROVAL|1015310,MR-04,SUPPORTED,source-scoped to approval-file facility code
APR|561,concernsDam,DAM|HRFCO_APPROVAL|1013310,MR-04,SUPPORTED,source-scoped to approval-file facility code
APR|562,concernsDam,DAM|HRFCO_APPROVAL|1010320,MR-04,SUPPORTED,source-scoped to approval-file facility code
APR|563,concernsDam,DAM|HRFCO_APPROVAL|1010320,MR-04,SUPPORTED,source-scoped to approval-file facility code
APR|564,concernsDam,DAM|HRFCO_APPROVAL|1013310,MR-04,SUPPORTED,source-scoped to approval-file facility code
APR|565,concernsDam,DAM|HRFCO_APPROVAL|1017310,MR-04,SUPPORTED,source-scoped to approval-file facility code
APR|566,concernsDam,DAM|HRFCO_APPROVAL|1015310,MR-04,SUPPORTED,source-scoped to approval-file facility code
APR|567,concernsDam,DAM|HRFCO_APPROVAL|1013310,MR-04,SUPPORTED,source-scoped to approval-file facility code
APR|568,concernsDam,DAM|HRFCO_APPROVAL|1015310,MR-04,SUPPORTED,source-scoped to approval-file facility code
APR|569,concernsDam,DAM|HRFCO_APPROVAL|1004310,MR-04,SUPPORTED,source-scoped to approval-file facility code
APR|570,concernsDam,DAM|HRFCO_APPROVAL|1017310,MR-04,SUPPORTED,source-scoped to approval-file facility code
APR|571,concernsDam,DAM|HRFCO_APPROVAL|1017310,MR-04,SUPPORTED,source-scoped to approval-file facility code
APR|572,concernsDam,DAM|HRFCO_APPROVAL|1015310,MR-04,SUPPORTED,source-scoped to approval-file facility code
APR|573,concernsDam,DAM|HRFCO_APPROVAL|1015310,MR-04,SUPPORTED,source-scoped to approval-file facility code
APR|574,concernsDam,DAM|HRFCO_APPROVAL|1003110,MR-04,SUPPORTED,source-scoped to approval-file facility code
APR|575,concernsDam,DAM|HRFCO_APPROVAL|1013310,MR-04,SUPPORTED,source-scoped to approval-file facility code
APR|576,concernsDam,DAM|HRFCO_APPROVAL|1015310,MR-04,SUPPORTED,source-scoped to approval-file facility code
APR|577,concernsDam,DAM|HRFCO_APPROVAL|1017310,MR-04,SUPPORTED,source-scoped to approval-file facility code
APR|578,concernsDam,DAM|HRFCO_APPROVAL|1017310,MR-04,SUPPORTED,source-scoped to approval-file facility code
APR|579,concernsDam,DAM|HRFCO_APPROVAL|1017310,MR-04,SUPPORTED,source-scoped to approval-file facility code
APR|580,concernsDam,DAM|HRFCO_APPROVAL|1004310,MR-04,SUPPORTED,source-scoped to approval-file facility code
APR|581,concernsDam,DAM|HRFCO_APPROVAL|1017310,MR-04,SUPPORTED,source-scoped to approval-file facility code
APR|582,concernsDam,DAM|HRFCO_APPROVAL|1015310,MR-04,SUPPORTED,source-scoped to approval-file facility code
APR|583,concernsDam,DAM|HRFCO_APPROVAL|1004310,MR-04,SUPPORTED,source-scoped to approval-file facility code
APR|584,concernsDam,DAM|HRFCO_APPROVAL|1013310,MR-04,SUPPORTED,source-scoped to approval-file facility code
APR|585,concernsDam,DAM|HRFCO_APPROVAL|1004310,MR-04,SUPPORTED,source-scoped to approval-file facility code
APR|586,concernsDam,DAM|HRFCO_APPROVAL|1017310,MR-04,SUPPORTED,source-scoped to approval-file facility code
APR|587,concernsDam,DAM|HRFCO_APPROVAL|1017310,MR-04,SUPPORTED,source-scoped to approval-file facility code
APR|588,concernsDam,DAM|HRFCO_APPROVAL|1017310,MR-04,SUPPORTED,source-scoped to approval-file facility code
APR|589,concernsDam,DAM|HRFCO_APPROVAL|1015310,MR-04,SUPPORTED,source-scoped to approval-file facility code
APR|590,concernsDam,DAM|HRFCO_APPROVAL|1017310,MR-04,SUPPORTED,source-scoped to approval-file facility code
APR|591,concernsDam,DAM|HRFCO_APPROVAL|1015310,MR-04,SUPPORTED,source-scoped to approval-file facility code
APR|592,concernsDam,DAM|HRFCO_APPROVAL|1013310,MR-04,SUPPORTED,source-scoped to approval-file facility code
APR|593,concernsDam,DAM|HRFCO_APPROVAL|1010320,MR-04,SUPPORTED,source-scoped to approval-file facility code
APR|594,concernsDam,DAM|HRFCO_APPROVAL|1017310,MR-04,SUPPORTED,source-scoped to approval-file facility code
APR|595,concernsDam,DAM|HRFCO_APPROVAL|1017310,MR-04,SUPPORTED,source-scoped to approval-file facility code
APR|596,concernsDam,DAM|HRFCO_APPROVAL|1017310,MR-04,SUPPORTED,source-scoped to approval-file facility code
APR|597,concernsDam,DAM|HRFCO_APPROVAL|1003110,MR-04,SUPPORTED,source-scoped to approval-file facility code
APR|598,concernsDam,DAM|HRFCO_APPROVAL|1003611,MR-04,SUPPORTED,source-scoped to approval-file facility code
APR|599,concernsDam,DAM|HRFCO_APPROVAL|1004310,MR-04,SUPPORTED,source-scoped to approval-file facility code
APR|600,concernsDam,DAM|HRFCO_APPROVAL|1004310,MR-04,SUPPORTED,source-scoped to approval-file facility code
APR|601,concernsDam,DAM|HRFCO_APPROVAL|1013310,MR-04,SUPPORTED,source-scoped to approval-file facility code
APR|602,concernsDam,DAM|HRFCO_APPROVAL|1010320,MR-04,SUPPORTED,source-scoped to approval-file facility code
APR|603,concernsDam,DAM|HRFCO_APPROVAL|1017310,MR-04,SUPPORTED,source-scoped to approval-file facility code
APR|604,concernsDam,DAM|HRFCO_APPROVAL|1013310,MR-04,SUPPORTED,source-scoped to approval-file facility code
APR|605,concernsDam,DAM|HRFCO_APPROVAL|1017310,MR-04,SUPPORTED,source-scoped to approval-file facility code
APR|606,concernsDam,DAM|HRFCO_APPROVAL|1013310,MR-04,SUPPORTED,source-scoped to approval-file facility code
APR|607,concernsDam,DAM|HRFCO_APPROVAL|1017310,MR-04,SUPPORTED,source-scoped to approval-file facility code
APR|608,concernsDam,DAM|HRFCO_APPROVAL|1015310,MR-04,SUPPORTED,source-scoped to approval-file facility code
APR|609,concernsDam,DAM|HRFCO_APPROVAL|1004310,MR-04,SUPPORTED,source-scoped to approval-file facility code
APR|610,concernsDam,DAM|HRFCO_APPROVAL|1017310,MR-04,SUPPORTED,source-scoped to approval-file facility code
APR|611,concernsDam,DAM|HRFCO_APPROVAL|1015310,MR-04,SUPPORTED,source-scoped to approval-file facility code
APR|612,concernsDam,DAM|HRFCO_APPROVAL|1006110,MR-04,SUPPORTED,source-scoped to approval-file facility code
APR|613,concernsDam,DAM|HRFCO_APPROVAL|1015310,MR-04,SUPPORTED,source-scoped to approval-file facility code
APR|614,concernsDam,DAM|HRFCO_APPROVAL|1010320,MR-04,SUPPORTED,source-scoped to approval-file facility code
APR|615,concernsDam,DAM|HRFCO_APPROVAL|1017310,MR-04,SUPPORTED,source-scoped to approval-file facility code
APR|616,concernsDam,DAM|HRFCO_APPROVAL|1010320,MR-04,SUPPORTED,source-scoped to approval-file facility code
APR|617,concernsDam,DAM|HRFCO_APPROVAL|1004310,MR-04,SUPPORTED,source-scoped to approval-file facility code
APR|618,concernsDam,DAM|HRFCO_APPROVAL|1017310,MR-04,SUPPORTED,source-scoped to approval-file facility code
APR|619,concernsDam,DAM|HRFCO_APPROVAL|1015310,MR-04,SUPPORTED,source-scoped to approval-file facility code
APR|620,concernsDam,DAM|HRFCO_APPROVAL|1010320,MR-04,SUPPORTED,source-scoped to approval-file facility code
APR|621,concernsDam,DAM|HRFCO_APPROVAL|1017310,MR-04,SUPPORTED,source-scoped to approval-file facility code
APR|622,concernsDam,DAM|HRFCO_APPROVAL|1017310,MR-04,SUPPORTED,source-scoped to approval-file facility code
APR|623,concernsDam,DAM|HRFCO_APPROVAL|1015310,MR-04,SUPPORTED,source-scoped to approval-file facility code
APR|624,concernsDam,DAM|HRFCO_APPROVAL|1015310,MR-04,SUPPORTED,source-scoped to approval-file facility code
APR|625,concernsDam,DAM|HRFCO_APPROVAL|1013310,MR-04,SUPPORTED,source-scoped to approval-file facility code
APR|626,concernsDam,DAM|HRFCO_APPROVAL|1003110,MR-04,SUPPORTED,source-scoped to approval-file facility code
APR|627,concernsDam,DAM|HRFCO_APPROVAL|1003611,MR-04,SUPPORTED,source-scoped to approval-file facility code
APR|628,concernsDam,DAM|HRFCO_APPROVAL|1015310,MR-04,SUPPORTED,source-scoped to approval-file facility code
APR|629,concernsDam,DAM|HRFCO_APPROVAL|1013310,MR-04,SUPPORTED,source-scoped to approval-file facility code
APR|630,concernsDam,DAM|HRFCO_APPROVAL|1015310,MR-04,SUPPORTED,source-scoped to approval-file facility code
APR|631,concernsDam,DAM|HRFCO_APPROVAL|1015310,MR-04,SUPPORTED,source-scoped to approval-file facility code
APR|632,concernsDam,DAM|HRFCO_APPROVAL|1004310,MR-04,SUPPORTED,source-scoped to approval-file facility code
APR|633,concernsDam,DAM|HRFCO_APPROVAL|1017310,MR-04,SUPPORTED,source-scoped to approval-file facility code
APR|634,concernsDam,DAM|HRFCO_APPROVAL|1015310,MR-04,SUPPORTED,source-scoped to approval-file facility code
APR|635,concernsDam,DAM|HRFCO_APPROVAL|1013310,MR-04,SUPPORTED,source-scoped to approval-file facility code
APR|636,concernsDam,DAM|HRFCO_APPROVAL|1010320,MR-04,SUPPORTED,source-scoped to approval-file facility code
APR|637,concernsDam,DAM|HRFCO_APPROVAL|1017310,MR-04,SUPPORTED,source-scoped to approval-file facility code
APR|638,concernsDam,DAM|HRFCO_APPROVAL|1015310,MR-04,SUPPORTED,source-scoped to approval-file facility code
APR|639,concernsDam,DAM|HRFCO_APPROVAL|1004310,MR-04,SUPPORTED,source-scoped to approval-file facility code
APR|640,concernsDam,DAM|HRFCO_APPROVAL|1017310,MR-04,SUPPORTED,source-scoped to approval-file facility code
APR|641,concernsDam,DAM|HRFCO_APPROVAL|1015310,MR-04,SUPPORTED,source-scoped to approval-file facility code
APR|642,concernsDam,DAM|HRFCO_APPROVAL|1013310,MR-04,SUPPORTED,source-scoped to approval-file facility code
APR|643,concernsDam,DAM|HRFCO_APPROVAL|1004310,MR-04,SUPPORTED,source-scoped to approval-file facility code
APR|644,concernsDam,DAM|HRFCO_APPROVAL|1004310,MR-04,SUPPORTED,source-scoped to approval-file facility code
APR|645,concernsDam,DAM|HRFCO_APPROVAL|1004310,MR-04,SUPPORTED,source-scoped to approval-file facility code
APR|646,concernsDam,DAM|HRFCO_APPROVAL|1017310,MR-04,SUPPORTED,source-scoped to approval-file facility code
APR|647,concernsDam,DAM|HRFCO_APPROVAL|1004310,MR-04,SUPPORTED,source-scoped to approval-file facility code
APR|648,concernsDam,DAM|HRFCO_APPROVAL|1017310,MR-04,SUPPORTED,source-scoped to approval-file facility code
APR|649,concernsDam,DAM|HRFCO_APPROVAL|1015310,MR-04,SUPPORTED,source-scoped to approval-file facility code
APR|650,concernsDam,DAM|HRFCO_APPROVAL|1017310,MR-04,SUPPORTED,source-scoped to approval-file facility code
APR|651,concernsDam,DAM|HRFCO_APPROVAL|1004310,MR-04,SUPPORTED,source-scoped to approval-file facility code
APR|652,concernsDam,DAM|HRFCO_APPROVAL|1017310,MR-04,SUPPORTED,source-scoped to approval-file facility code
APR|653,concernsDam,DAM|HRFCO_APPROVAL|1015310,MR-04,SUPPORTED,source-scoped to approval-file facility code
APR|654,concernsDam,DAM|HRFCO_APPROVAL|1015310,MR-04,SUPPORTED,source-scoped to approval-file facility code
APR|655,concernsDam,DAM|HRFCO_APPROVAL|1004310,MR-04,SUPPORTED,source-scoped to approval-file facility code
APR|656,concernsDam,DAM|HRFCO_APPROVAL|1013310,MR-04,SUPPORTED,source-scoped to approval-file facility code
APR|657,concernsDam,DAM|HRFCO_APPROVAL|1015310,MR-04,SUPPORTED,source-scoped to approval-file facility code
APR|658,concernsDam,DAM|HRFCO_APPROVAL|1017310,MR-04,SUPPORTED,source-scoped to approval-file facility code
APR|659,concernsDam,DAM|HRFCO_APPROVAL|1017310,MR-04,SUPPORTED,source-scoped to approval-file facility code
APR|660,concernsDam,DAM|HRFCO_APPROVAL|1017310,MR-04,SUPPORTED,source-scoped to approval-file facility code
APR|661,concernsDam,DAM|HRFCO_APPROVAL|1004310,MR-04,SUPPORTED,source-scoped to approval-file facility code
APR|662,concernsDam,DAM|HRFCO_APPROVAL|1015310,MR-04,SUPPORTED,source-scoped to approval-file facility code
APR|663,concernsDam,DAM|HRFCO_APPROVAL|1004310,MR-04,SUPPORTED,source-scoped to approval-file facility code
APR|664,concernsDam,DAM|HRFCO_APPROVAL|1017310,MR-04,SUPPORTED,source-scoped to approval-file facility code
APR|665,concernsDam,DAM|HRFCO_APPROVAL|1015310,MR-04,SUPPORTED,source-scoped to approval-file facility code
APR|666,concernsDam,DAM|HRFCO_APPROVAL|1017310,MR-04,SUPPORTED,source-scoped to approval-file facility code
APR|667,concernsDam,DAM|HRFCO_APPROVAL|1004310,MR-04,SUPPORTED,source-scoped to approval-file facility code
APR|668,concernsDam,DAM|HRFCO_APPROVAL|1004310,MR-04,SUPPORTED,source-scoped to approval-file facility code
APR|669,concernsDam,DAM|HRFCO_APPROVAL|1015310,MR-04,SUPPORTED,source-scoped to approval-file facility code
APR|670,concernsDam,DAM|HRFCO_APPROVAL|1013310,MR-04,SUPPORTED,source-scoped to approval-file facility code
APR|671,concernsDam,DAM|HRFCO_APPROVAL|1004310,MR-04,SUPPORTED,source-scoped to approval-file facility code
APR|672,concernsDam,DAM|HRFCO_APPROVAL|1017310,MR-04,SUPPORTED,source-scoped to approval-file facility code
APR|673,concernsDam,DAM|HRFCO_APPROVAL|1015310,MR-04,SUPPORTED,source-scoped to approval-file facility code
APR|674,concernsDam,DAM|HRFCO_APPROVAL|1004310,MR-04,SUPPORTED,source-scoped to approval-file facility code
APR|675,concernsDam,DAM|HRFCO_APPROVAL|1015310,MR-04,SUPPORTED,source-scoped to approval-file facility code
APR|676,concernsDam,DAM|HRFCO_APPROVAL|1017310,MR-04,SUPPORTED,source-scoped to approval-file facility code
APR|677,concernsDam,DAM|HRFCO_APPROVAL|1004310,MR-04,SUPPORTED,source-scoped to approval-file facility code
APR|678,concernsDam,DAM|HRFCO_APPROVAL|1017310,MR-04,SUPPORTED,source-scoped to approval-file facility code
APR|679,concernsDam,DAM|HRFCO_APPROVAL|1004310,MR-04,SUPPORTED,source-scoped to approval-file facility code
APR|680,concernsDam,DAM|HRFCO_APPROVAL|1004310,MR-04,SUPPORTED,source-scoped to approval-file facility code
APR|681,concernsDam,DAM|HRFCO_APPROVAL|1004310,MR-04,SUPPORTED,source-scoped to approval-file facility code
APR|682,concernsDam,DAM|HRFCO_APPROVAL|1004310,MR-04,SUPPORTED,source-scoped to approval-file facility code
APR|683,concernsDam,DAM|HRFCO_APPROVAL|1017310,MR-04,SUPPORTED,source-scoped to approval-file facility code
APR|684,concernsDam,DAM|HRFCO_APPROVAL|1015310,MR-04,SUPPORTED,source-scoped to approval-file facility code
APR|685,concernsDam,DAM|HRFCO_APPROVAL|1004310,MR-04,SUPPORTED,source-scoped to approval-file facility code
APR|686,concernsDam,DAM|HRFCO_APPROVAL|1017310,MR-04,SUPPORTED,source-scoped to approval-file facility code
APR|687,concernsDam,DAM|HRFCO_APPROVAL|1004310,MR-04,SUPPORTED,source-scoped to approval-file facility code
APR|688,concernsDam,DAM|HRFCO_APPROVAL|1004310,MR-04,SUPPORTED,source-scoped to approval-file facility code
APR|689,concernsDam,DAM|HRFCO_APPROVAL|1017310,MR-04,SUPPORTED,source-scoped to approval-file facility code
APR|690,concernsDam,DAM|HRFCO_APPROVAL|1004310,MR-04,SUPPORTED,source-scoped to approval-file facility code
APR|691,concernsDam,DAM|HRFCO_APPROVAL|1017310,MR-04,SUPPORTED,source-scoped to approval-file facility code
APR|692,concernsDam,DAM|HRFCO_APPROVAL|1015310,MR-04,SUPPORTED,source-scoped to approval-file facility code
APR|693,concernsDam,DAM|HRFCO_APPROVAL|1015310,MR-04,SUPPORTED,source-scoped to approval-file facility code
APR|694,concernsDam,DAM|HRFCO_APPROVAL|1004310,MR-04,SUPPORTED,source-scoped to approval-file facility code
APR|695,concernsDam,DAM|HRFCO_APPROVAL|1015310,MR-04,SUPPORTED,source-scoped to approval-file facility code
APR|696,concernsDam,DAM|HRFCO_APPROVAL|1017310,MR-04,SUPPORTED,source-scoped to approval-file facility code
APR|697,concernsDam,DAM|HRFCO_APPROVAL|1017310,MR-04,SUPPORTED,source-scoped to approval-file facility code
APR|698,concernsDam,DAM|HRFCO_APPROVAL|1004310,MR-04,SUPPORTED,source-scoped to approval-file facility code
APR|699,concernsDam,DAM|HRFCO_APPROVAL|1013310,MR-04,SUPPORTED,source-scoped to approval-file facility code
APR|700,concernsDam,DAM|HRFCO_APPROVAL|1013310,MR-04,SUPPORTED,source-scoped to approval-file facility code
APR|701,concernsDam,DAM|HRFCO_APPROVAL|1010320,MR-04,SUPPORTED,source-scoped to approval-file facility code
APR|702,concernsDam,DAM|HRFCO_APPROVAL|1004310,MR-04,SUPPORTED,source-scoped to approval-file facility code
APR|703,concernsDam,DAM|HRFCO_APPROVAL|1017310,MR-04,SUPPORTED,source-scoped to approval-file facility code
APR|704,concernsDam,DAM|HRFCO_APPROVAL|1015310,MR-04,SUPPORTED,source-scoped to approval-file facility code
APR|705,concernsDam,DAM|HRFCO_APPROVAL|1017310,MR-04,SUPPORTED,source-scoped to approval-file facility code
APR|706,concernsDam,DAM|HRFCO_APPROVAL|1015310,MR-04,SUPPORTED,source-scoped to approval-file facility code
APR|707,concernsDam,DAM|HRFCO_APPROVAL|1013310,MR-04,SUPPORTED,source-scoped to approval-file facility code
APR|708,concernsDam,DAM|HRFCO_APPROVAL|1004310,MR-04,SUPPORTED,source-scoped to approval-file facility code
APR|709,concernsDam,DAM|HRFCO_APPROVAL|1017310,MR-04,SUPPORTED,source-scoped to approval-file facility code
APR|710,concernsDam,DAM|HRFCO_APPROVAL|1015310,MR-04,SUPPORTED,source-scoped to approval-file facility code
APR|711,concernsDam,DAM|HRFCO_APPROVAL|1013310,MR-04,SUPPORTED,source-scoped to approval-file facility code
APR|712,concernsDam,DAM|HRFCO_APPROVAL|1017310,MR-04,SUPPORTED,source-scoped to approval-file facility code
APR|713,concernsDam,DAM|HRFCO_APPROVAL|1015310,MR-04,SUPPORTED,source-scoped to approval-file facility code
APR|714,concernsDam,DAM|HRFCO_APPROVAL|1004310,MR-04,SUPPORTED,source-scoped to approval-file facility code
APR|715,concernsDam,DAM|HRFCO_APPROVAL|1017310,MR-04,SUPPORTED,source-scoped to approval-file facility code
APR|716,concernsDam,DAM|HRFCO_APPROVAL|1015310,MR-04,SUPPORTED,source-scoped to approval-file facility code
APR|717,concernsDam,DAM|HRFCO_APPROVAL|1013310,MR-04,SUPPORTED,source-scoped to approval-file facility code
APR|718,concernsDam,DAM|HRFCO_APPROVAL|1010320,MR-04,SUPPORTED,source-scoped to approval-file facility code
APR|719,concernsDam,DAM|HRFCO_APPROVAL|1017310,MR-04,SUPPORTED,source-scoped to approval-file facility code
APR|720,concernsDam,DAM|HRFCO_APPROVAL|1015310,MR-04,SUPPORTED,source-scoped to approval-file facility code
APR|721,concernsDam,DAM|HRFCO_APPROVAL|1017310,MR-04,SUPPORTED,source-scoped to approval-file facility code
APR|722,concernsDam,DAM|HRFCO_APPROVAL|1015310,MR-04,SUPPORTED,source-scoped to approval-file facility code
APR|723,concernsDam,DAM|HRFCO_APPROVAL|1013310,MR-04,SUPPORTED,source-scoped to approval-file facility code
APR|724,concernsDam,DAM|HRFCO_APPROVAL|1010320,MR-04,SUPPORTED,source-scoped to approval-file facility code
APR|725,concernsDam,DAM|HRFCO_APPROVAL|1017310,MR-04,SUPPORTED,source-scoped to approval-file facility code
APR|726,concernsDam,DAM|HRFCO_APPROVAL|1015310,MR-04,SUPPORTED,source-scoped to approval-file facility code
APR|727,concernsDam,DAM|HRFCO_APPROVAL|1013310,MR-04,SUPPORTED,source-scoped to approval-file facility code
APR|728,concernsDam,DAM|HRFCO_APPROVAL|1010320,MR-04,SUPPORTED,source-scoped to approval-file facility code
APR|729,concernsDam,DAM|HRFCO_APPROVAL|1017310,MR-04,SUPPORTED,source-scoped to approval-file facility code
APR|730,concernsDam,DAM|HRFCO_APPROVAL|1013310,MR-04,SUPPORTED,source-scoped to approval-file facility code
APR|731,concernsDam,DAM|HRFCO_APPROVAL|1017310,MR-04,SUPPORTED,source-scoped to approval-file facility code
APR|732,concernsDam,DAM|HRFCO_APPROVAL|1010310,MR-04,SUPPORTED,source-scoped to approval-file facility code
APR|733,concernsDam,DAM|HRFCO_APPROVAL|1017310,MR-04,SUPPORTED,source-scoped to approval-file facility code
APR|734,concernsDam,DAM|HRFCO_APPROVAL|1017310,MR-04,SUPPORTED,source-scoped to approval-file facility code
APR|735,concernsDam,DAM|HRFCO_APPROVAL|1015310,MR-04,SUPPORTED,source-scoped to approval-file facility code
APR|736,concernsDam,DAM|HRFCO_APPROVAL|1015310,MR-04,SUPPORTED,source-scoped to approval-file facility code
APR|737,concernsDam,DAM|HRFCO_APPROVAL|1004310,MR-04,SUPPORTED,source-scoped to approval-file facility code
APR|738,concernsDam,DAM|HRFCO_APPROVAL|1015310,MR-04,SUPPORTED,source-scoped to approval-file facility code
APR|739,concernsDam,DAM|HRFCO_APPROVAL|1017310,MR-04,SUPPORTED,source-scoped to approval-file facility code
APR|740,concernsDam,DAM|HRFCO_APPROVAL|1017310,MR-04,SUPPORTED,source-scoped to approval-file facility code
APR|741,concernsDam,DAM|HRFCO_APPROVAL|1015310,MR-04,SUPPORTED,source-scoped to approval-file facility code
APR|742,concernsDam,DAM|HRFCO_APPROVAL|1013310,MR-04,SUPPORTED,source-scoped to approval-file facility code
APR|743,concernsDam,DAM|HRFCO_APPROVAL|1004310,MR-04,SUPPORTED,source-scoped to approval-file facility code
APR|744,concernsDam,DAM|HRFCO_APPROVAL|1015310,MR-04,SUPPORTED,source-scoped to approval-file facility code
APR|745,concernsDam,DAM|HRFCO_APPROVAL|1013310,MR-04,SUPPORTED,source-scoped to approval-file facility code
APR|746,concernsDam,DAM|HRFCO_APPROVAL|1010320,MR-04,SUPPORTED,source-scoped to approval-file facility code
APR|747,concernsDam,DAM|HRFCO_APPROVAL|1010310,MR-04,SUPPORTED,source-scoped to approval-file facility code
APR|748,concernsDam,DAM|HRFCO_APPROVAL|1015310,MR-04,SUPPORTED,source-scoped to approval-file facility code
APR|749,concernsDam,DAM|HRFCO_APPROVAL|1015310,MR-04,SUPPORTED,source-scoped to approval-file facility code
APR|750,concernsDam,DAM|HRFCO_APPROVAL|1013310,MR-04,SUPPORTED,source-scoped to approval-file facility code
APR|751,concernsDam,DAM|HRFCO_APPROVAL|1017310,MR-04,SUPPORTED,source-scoped to approval-file facility code
APR|752,concernsDam,DAM|HRFCO_APPROVAL|1010320,MR-04,SUPPORTED,source-scoped to approval-file facility code
APR|753,concernsDam,DAM|HRFCO_APPROVAL|1004310,MR-04,SUPPORTED,source-scoped to approval-file facility code
APR|754,concernsDam,DAM|HRFCO_APPROVAL|1017310,MR-04,SUPPORTED,source-scoped to approval-file facility code
APR|755,concernsDam,DAM|HRFCO_APPROVAL|1015310,MR-04,SUPPORTED,source-scoped to approval-file facility code
APR|756,concernsDam,DAM|HRFCO_APPROVAL|1013310,MR-04,SUPPORTED,source-scoped to approval-file facility code
APR|757,concernsDam,DAM|HRFCO_APPROVAL|1010320,MR-04,SUPPORTED,source-scoped to approval-file facility code
APR|758,concernsDam,DAM|HRFCO_APPROVAL|1004310,MR-04,SUPPORTED,source-scoped to approval-file facility code
APR|759,concernsDam,DAM|HRFCO_APPROVAL|1015310,MR-04,SUPPORTED,source-scoped to approval-file facility code
APR|760,concernsDam,DAM|HRFCO_APPROVAL|1017310,MR-04,SUPPORTED,source-scoped to approval-file facility code
APR|761,concernsDam,DAM|HRFCO_APPROVAL|1017310,MR-04,SUPPORTED,source-scoped to approval-file facility code
APR|762,concernsDam,DAM|HRFCO_APPROVAL|1017310,MR-04,SUPPORTED,source-scoped to approval-file facility code
APR|763,concernsDam,DAM|HRFCO_APPROVAL|1017310,MR-04,SUPPORTED,source-scoped to approval-file facility code
APR|764,concernsDam,DAM|HRFCO_APPROVAL|1015310,MR-04,SUPPORTED,source-scoped to approval-file facility code
APR|765,concernsDam,DAM|HRFCO_APPROVAL|1010320,MR-04,SUPPORTED,source-scoped to approval-file facility code
APR|766,concernsDam,DAM|HRFCO_APPROVAL|1017310,MR-04,SUPPORTED,source-scoped to approval-file facility code
APR|767,concernsDam,DAM|HRFCO_APPROVAL|1017310,MR-04,SUPPORTED,source-scoped to approval-file facility code
APR|768,concernsDam,DAM|HRFCO_APPROVAL|1017310,MR-04,SUPPORTED,source-scoped to approval-file facility code
APR|769,concernsDam,DAM|HRFCO_APPROVAL|1015310,MR-04,SUPPORTED,source-scoped to approval-file facility code
APR|770,concernsDam,DAM|HRFCO_APPROVAL|1017310,MR-04,SUPPORTED,source-scoped to approval-file facility code
APR|771,concernsDam,DAM|HRFCO_APPROVAL|1015310,MR-04,SUPPORTED,source-scoped to approval-file facility code
APR|772,concernsDam,DAM|HRFCO_APPROVAL|1013310,MR-04,SUPPORTED,source-scoped to approval-file facility code
APR|773,concernsDam,DAM|HRFCO_APPROVAL|1004310,MR-04,SUPPORTED,source-scoped to approval-file facility code
APR|774,concernsDam,DAM|HRFCO_APPROVAL|1004310,MR-04,SUPPORTED,source-scoped to approval-file facility code
APR|775,concernsDam,DAM|HRFCO_APPROVAL|1004310,MR-04,SUPPORTED,source-scoped to approval-file facility code
APR|776,concernsDam,DAM|HRFCO_APPROVAL|1004310,MR-04,SUPPORTED,source-scoped to approval-file facility code
APR|777,concernsDam,DAM|HRFCO_APPROVAL|1004310,MR-04,SUPPORTED,source-scoped to approval-file facility code
APR|778,concernsDam,DAM|HRFCO_APPROVAL|1004310,MR-04,SUPPORTED,source-scoped to approval-file facility code
APR|779,concernsDam,DAM|HRFCO_APPROVAL|1004310,MR-04,SUPPORTED,source-scoped to approval-file facility code
APR|780,concernsDam,DAM|HRFCO_APPROVAL|1017310,MR-04,SUPPORTED,source-scoped to approval-file facility code
APR|781,concernsDam,DAM|HRFCO_APPROVAL|1015310,MR-04,SUPPORTED,source-scoped to approval-file facility code
APR|782,concernsDam,DAM|HRFCO_APPROVAL|1013310,MR-04,SUPPORTED,source-scoped to approval-file facility code
APR|783,concernsDam,DAM|HRFCO_APPROVAL|1010320,MR-04,SUPPORTED,source-scoped to approval-file facility code
APR|784,concernsDam,DAM|HRFCO_APPROVAL|1017310,MR-04,SUPPORTED,source-scoped to approval-file facility code
APR|785,concernsDam,DAM|HRFCO_APPROVAL|1015310,MR-04,SUPPORTED,source-scoped to approval-file facility code
APR|786,concernsDam,DAM|HRFCO_APPROVAL|1013310,MR-04,SUPPORTED,source-scoped to approval-file facility code
APR|787,concernsDam,DAM|HRFCO_APPROVAL|1017310,MR-04,SUPPORTED,source-scoped to approval-file facility code
APR|788,concernsDam,DAM|HRFCO_APPROVAL|1017310,MR-04,SUPPORTED,source-scoped to approval-file facility code
APR|789,concernsDam,DAM|HRFCO_APPROVAL|1015310,MR-04,SUPPORTED,source-scoped to approval-file facility code
APR|790,concernsDam,DAM|HRFCO_APPROVAL|1013310,MR-04,SUPPORTED,source-scoped to approval-file facility code
APR|791,concernsDam,DAM|HRFCO_APPROVAL|1013310,MR-04,SUPPORTED,source-scoped to approval-file facility code
APR|792,concernsDam,DAM|HRFCO_APPROVAL|1010320,MR-04,SUPPORTED,source-scoped to approval-file facility code
APR|793,concernsDam,DAM|HRFCO_APPROVAL|1017310,MR-04,SUPPORTED,source-scoped to approval-file facility code
APR|794,concernsDam,DAM|HRFCO_APPROVAL|1015310,MR-04,SUPPORTED,source-scoped to approval-file facility code
APR|795,concernsDam,DAM|HRFCO_APPROVAL|1013310,MR-04,SUPPORTED,source-scoped to approval-file facility code
APR|796,concernsDam,DAM|HRFCO_APPROVAL|1010320,MR-04,SUPPORTED,source-scoped to approval-file facility code
APR|797,concernsDam,DAM|HRFCO_APPROVAL|1015310,MR-04,SUPPORTED,source-scoped to approval-file facility code
APR|798,concernsDam,DAM|HRFCO_APPROVAL|1015310,MR-04,SUPPORTED,source-scoped to approval-file facility code
APR|799,concernsDam,DAM|HRFCO_APPROVAL|1017310,MR-04,SUPPORTED,source-scoped to approval-file facility code
APR|800,concernsDam,DAM|HRFCO_APPROVAL|1010310,MR-04,SUPPORTED,source-scoped to approval-file facility code
APR|801,concernsDam,DAM|HRFCO_APPROVAL|1017310,MR-04,SUPPORTED,source-scoped to approval-file facility code
APR|802,concernsDam,DAM|HRFCO_APPROVAL|1015310,MR-04,SUPPORTED,source-scoped to approval-file facility code
APR|803,concernsDam,DAM|HRFCO_APPROVAL|1013310,MR-04,SUPPORTED,source-scoped to approval-file facility code
APR|804,concernsDam,DAM|HRFCO_APPROVAL|1010320,MR-04,SUPPORTED,source-scoped to approval-file facility code
APR|805,concernsDam,DAM|HRFCO_APPROVAL|1017310,MR-04,SUPPORTED,source-scoped to approval-file facility code
APR|806,concernsDam,DAM|HRFCO_APPROVAL|1015310,MR-04,SUPPORTED,source-scoped to approval-file facility code
APR|807,concernsDam,DAM|HRFCO_APPROVAL|1013310,MR-04,SUPPORTED,source-scoped to approval-file facility code
APR|808,concernsDam,DAM|HRFCO_APPROVAL|1010320,MR-04,SUPPORTED,source-scoped to approval-file facility code
APR|809,concernsDam,DAM|HRFCO_APPROVAL|1017310,MR-04,SUPPORTED,source-scoped to approval-file facility code
APR|810,concernsDam,DAM|HRFCO_APPROVAL|1013310,MR-04,SUPPORTED,source-scoped to approval-file facility code
APR|811,concernsDam,DAM|HRFCO_APPROVAL|1010320,MR-04,SUPPORTED,source-scoped to approval-file facility code
APR|812,concernsDam,DAM|HRFCO_APPROVAL|1015310,MR-04,SUPPORTED,source-scoped to approval-file facility code
APR|813,concernsDam,DAM|HRFCO_APPROVAL|1012110,MR-04,SUPPORTED,source-scoped to approval-file facility code
APR|814,concernsDam,DAM|HRFCO_APPROVAL|1006110,MR-04,SUPPORTED,source-scoped to approval-file facility code
APR|815,concernsDam,DAM|HRFCO_APPROVAL|1017310,MR-04,SUPPORTED,source-scoped to approval-file facility code
APR|816,concernsDam,DAM|HRFCO_APPROVAL|1010310,MR-04,SUPPORTED,source-scoped to approval-file facility code
APR|817,concernsDam,DAM|HRFCO_APPROVAL|1004310,MR-04,SUPPORTED,source-scoped to approval-file facility code
APR|818,concernsDam,DAM|HRFCO_APPROVAL|1013310,MR-04,SUPPORTED,source-scoped to approval-file facility code
APR|819,concernsDam,DAM|HRFCO_APPROVAL|1017310,MR-04,SUPPORTED,source-scoped to approval-file facility code
APR|820,concernsDam,DAM|HRFCO_APPROVAL|1015310,MR-04,SUPPORTED,source-scoped to approval-file facility code
APR|821,concernsDam,DAM|HRFCO_APPROVAL|1013310,MR-04,SUPPORTED,source-scoped to approval-file facility code
APR|822,concernsDam,DAM|HRFCO_APPROVAL|1004310,MR-04,SUPPORTED,source-scoped to approval-file facility code
APR|823,concernsDam,DAM|HRFCO_APPROVAL|1015310,MR-04,SUPPORTED,source-scoped to approval-file facility code
APR|824,concernsDam,DAM|HRFCO_APPROVAL|1010320,MR-04,SUPPORTED,source-scoped to approval-file facility code
APR|825,concernsDam,DAM|HRFCO_APPROVAL|1017310,MR-04,SUPPORTED,source-scoped to approval-file facility code
APR|826,concernsDam,DAM|HRFCO_APPROVAL|1003611,MR-04,SUPPORTED,source-scoped to approval-file facility code
APR|827,concernsDam,DAM|HRFCO_APPROVAL|1017310,MR-04,SUPPORTED,source-scoped to approval-file facility code
APR|828,concernsDam,DAM|HRFCO_APPROVAL|1013310,MR-04,SUPPORTED,source-scoped to approval-file facility code
APR|829,concernsDam,DAM|HRFCO_APPROVAL|1004310,MR-04,SUPPORTED,source-scoped to approval-file facility code
APR|830,concernsDam,DAM|HRFCO_APPROVAL|1013310,MR-04,SUPPORTED,source-scoped to approval-file facility code
APR|831,concernsDam,DAM|HRFCO_APPROVAL|1017310,MR-04,SUPPORTED,source-scoped to approval-file facility code
APR|832,concernsDam,DAM|HRFCO_APPROVAL|1015310,MR-04,SUPPORTED,source-scoped to approval-file facility code
APR|833,concernsDam,DAM|HRFCO_APPROVAL|1017310,MR-04,SUPPORTED,source-scoped to approval-file facility code
APR|834,concernsDam,DAM|HRFCO_APPROVAL|1015310,MR-04,SUPPORTED,source-scoped to approval-file facility code
APR|835,concernsDam,DAM|HRFCO_APPROVAL|1013310,MR-04,SUPPORTED,source-scoped to approval-file facility code
APR|836,concernsDam,DAM|HRFCO_APPROVAL|1015310,MR-04,SUPPORTED,source-scoped to approval-file facility code
APR|837,concernsDam,DAM|HRFCO_APPROVAL|1004310,MR-04,SUPPORTED,source-scoped to approval-file facility code
APR|838,concernsDam,DAM|HRFCO_APPROVAL|1015310,MR-04,SUPPORTED,source-scoped to approval-file facility code
APR|839,concernsDam,DAM|HRFCO_APPROVAL|1013310,MR-04,SUPPORTED,source-scoped to approval-file facility code
APR|840,concernsDam,DAM|HRFCO_APPROVAL|1010320,MR-04,SUPPORTED,source-scoped to approval-file facility code
APR|841,concernsDam,DAM|HRFCO_APPROVAL|1010310,MR-04,SUPPORTED,source-scoped to approval-file facility code
APR|842,concernsDam,DAM|HRFCO_APPROVAL|1006110,MR-04,SUPPORTED,source-scoped to approval-file facility code
APR|843,concernsDam,DAM|HRFCO_APPROVAL|1010320,MR-04,SUPPORTED,source-scoped to approval-file facility code
APR|844,concernsDam,DAM|HRFCO_APPROVAL|1010320,MR-04,SUPPORTED,source-scoped to approval-file facility code
APR|845,concernsDam,DAM|HRFCO_APPROVAL|1010310,MR-04,SUPPORTED,source-scoped to approval-file facility code
APR|846,concernsDam,DAM|HRFCO_APPROVAL|1015310,MR-04,SUPPORTED,source-scoped to approval-file facility code
APR|847,concernsDam,DAM|HRFCO_APPROVAL|1013310,MR-04,SUPPORTED,source-scoped to approval-file facility code
APR|848,concernsDam,DAM|HRFCO_APPROVAL|1010320,MR-04,SUPPORTED,source-scoped to approval-file facility code
APR|849,concernsDam,DAM|HRFCO_APPROVAL|1004310,MR-04,SUPPORTED,source-scoped to approval-file facility code
APR|850,concernsDam,DAM|HRFCO_APPROVAL|1015310,MR-04,SUPPORTED,source-scoped to approval-file facility code
APR|851,concernsDam,DAM|HRFCO_APPROVAL|1013310,MR-04,SUPPORTED,source-scoped to approval-file facility code
APR|852,concernsDam,DAM|HRFCO_APPROVAL|1013310,MR-04,SUPPORTED,source-scoped to approval-file facility code
APR|853,concernsDam,DAM|HRFCO_APPROVAL|1017310,MR-04,SUPPORTED,source-scoped to approval-file facility code
APR|854,concernsDam,DAM|HRFCO_APPROVAL|1015310,MR-04,SUPPORTED,source-scoped to approval-file facility code
APR|855,concernsDam,DAM|HRFCO_APPROVAL|1013310,MR-04,SUPPORTED,source-scoped to approval-file facility code
APR|856,concernsDam,DAM|HRFCO_APPROVAL|1010320,MR-04,SUPPORTED,source-scoped to approval-file facility code
APR|857,concernsDam,DAM|HRFCO_APPROVAL|1017310,MR-04,SUPPORTED,source-scoped to approval-file facility code
APR|858,concernsDam,DAM|HRFCO_APPROVAL|1013310,MR-04,SUPPORTED,source-scoped to approval-file facility code
APR|859,concernsDam,DAM|HRFCO_APPROVAL|1010320,MR-04,SUPPORTED,source-scoped to approval-file facility code
APR|860,concernsDam,DAM|HRFCO_APPROVAL|1017310,MR-04,SUPPORTED,source-scoped to approval-file facility code
APR|861,concernsDam,DAM|HRFCO_APPROVAL|1015310,MR-04,SUPPORTED,source-scoped to approval-file facility code
APR|862,concernsDam,DAM|HRFCO_APPROVAL|1013310,MR-04,SUPPORTED,source-scoped to approval-file facility code
APR|863,concernsDam,DAM|HRFCO_APPROVAL|1010320,MR-04,SUPPORTED,source-scoped to approval-file facility code
APR|864,concernsDam,DAM|HRFCO_APPROVAL|1015310,MR-04,SUPPORTED,source-scoped to approval-file facility code
APR|865,concernsDam,DAM|HRFCO_APPROVAL|1013310,MR-04,SUPPORTED,source-scoped to approval-file facility code
APR|866,concernsDam,DAM|HRFCO_APPROVAL|1010320,MR-04,SUPPORTED,source-scoped to approval-file facility code
APR|867,concernsDam,DAM|HRFCO_APPROVAL|1010310,MR-04,SUPPORTED,source-scoped to approval-file facility code
APR|868,concernsDam,DAM|HRFCO_APPROVAL|1015310,MR-04,SUPPORTED,source-scoped to approval-file facility code
APR|869,concernsDam,DAM|HRFCO_APPROVAL|1013310,MR-04,SUPPORTED,source-scoped to approval-file facility code
APR|870,concernsDam,DAM|HRFCO_APPROVAL|1010320,MR-04,SUPPORTED,source-scoped to approval-file facility code
APR|871,concernsDam,DAM|HRFCO_APPROVAL|1017310,MR-04,SUPPORTED,source-scoped to approval-file facility code
APR|872,concernsDam,DAM|HRFCO_APPROVAL|1013310,MR-04,SUPPORTED,source-scoped to approval-file facility code
APR|873,concernsDam,DAM|HRFCO_APPROVAL|1017310,MR-04,SUPPORTED,source-scoped to approval-file facility code
APR|874,concernsDam,DAM|HRFCO_APPROVAL|1015310,MR-04,SUPPORTED,source-scoped to approval-file facility code
APR|875,concernsDam,DAM|HRFCO_APPROVAL|1013310,MR-04,SUPPORTED,source-scoped to approval-file facility code
APR|876,concernsDam,DAM|HRFCO_APPROVAL|1010320,MR-04,SUPPORTED,source-scoped to approval-file facility code
APR|877,concernsDam,DAM|HRFCO_APPROVAL|1017310,MR-04,SUPPORTED,source-scoped to approval-file facility code
APR|878,concernsDam,DAM|HRFCO_APPROVAL|1004310,MR-04,SUPPORTED,source-scoped to approval-file facility code
APR|879,concernsDam,DAM|HRFCO_APPROVAL|1017310,MR-04,SUPPORTED,source-scoped to approval-file facility code
APR|880,concernsDam,DAM|HRFCO_APPROVAL|1015310,MR-04,SUPPORTED,source-scoped to approval-file facility code
APR|881,concernsDam,DAM|HRFCO_APPROVAL|1017310,MR-04,SUPPORTED,source-scoped to approval-file facility code
APR|882,concernsDam,DAM|HRFCO_APPROVAL|1017310,MR-04,SUPPORTED,source-scoped to approval-file facility code
APR|883,concernsDam,DAM|HRFCO_APPROVAL|1013310,MR-04,SUPPORTED,source-scoped to approval-file facility code
APR|884,concernsDam,DAM|HRFCO_APPROVAL|1004310,MR-04,SUPPORTED,source-scoped to approval-file facility code
APR|885,concernsDam,DAM|HRFCO_APPROVAL|1013310,MR-04,SUPPORTED,source-scoped to approval-file facility code
APR|886,concernsDam,DAM|HRFCO_APPROVAL|1017310,MR-04,SUPPORTED,source-scoped to approval-file facility code
APR|887,concernsDam,DAM|HRFCO_APPROVAL|1015310,MR-04,SUPPORTED,source-scoped to approval-file facility code
APR|888,concernsDam,DAM|HRFCO_APPROVAL|1017310,MR-04,SUPPORTED,source-scoped to approval-file facility code
APR|889,concernsDam,DAM|HRFCO_APPROVAL|1015310,MR-04,SUPPORTED,source-scoped to approval-file facility code
APR|890,concernsDam,DAM|HRFCO_APPROVAL|1013310,MR-04,SUPPORTED,source-scoped to approval-file facility code
APR|891,concernsDam,DAM|HRFCO_APPROVAL|1010320,MR-04,SUPPORTED,source-scoped to approval-file facility code
APR|892,concernsDam,DAM|HRFCO_APPROVAL|1017310,MR-04,SUPPORTED,source-scoped to approval-file facility code
APR|893,concernsDam,DAM|HRFCO_APPROVAL|1015310,MR-04,SUPPORTED,source-scoped to approval-file facility code
APR|894,concernsDam,DAM|HRFCO_APPROVAL|1013310,MR-04,SUPPORTED,source-scoped to approval-file facility code
APR|895,concernsDam,DAM|HRFCO_APPROVAL|1010320,MR-04,SUPPORTED,source-scoped to approval-file facility code
APR|896,concernsDam,DAM|HRFCO_APPROVAL|1017310,MR-04,SUPPORTED,source-scoped to approval-file facility code
APR|897,concernsDam,DAM|HRFCO_APPROVAL|1015310,MR-04,SUPPORTED,source-scoped to approval-file facility code
APR|898,concernsDam,DAM|HRFCO_APPROVAL|1010320,MR-04,SUPPORTED,source-scoped to approval-file facility code
APR|899,concernsDam,DAM|HRFCO_APPROVAL|1017310,MR-04,SUPPORTED,source-scoped to approval-file facility code
APR|900,concernsDam,DAM|HRFCO_APPROVAL|1015310,MR-04,SUPPORTED,source-scoped to approval-file facility code
APR|901,concernsDam,DAM|HRFCO_APPROVAL|1013310,MR-04,SUPPORTED,source-scoped to approval-file facility code
APR|902,concernsDam,DAM|HRFCO_APPROVAL|1010320,MR-04,SUPPORTED,source-scoped to approval-file facility code
APR|903,concernsDam,DAM|HRFCO_APPROVAL|1017310,MR-04,SUPPORTED,source-scoped to approval-file facility code
APR|904,concernsDam,DAM|HRFCO_APPROVAL|1015310,MR-04,SUPPORTED,source-scoped to approval-file facility code
APR|905,concernsDam,DAM|HRFCO_APPROVAL|1010320,MR-04,SUPPORTED,source-scoped to approval-file facility code
APR|906,concernsDam,DAM|HRFCO_APPROVAL|1013310,MR-04,SUPPORTED,source-scoped to approval-file facility code
APR|907,concernsDam,DAM|HRFCO_APPROVAL|1004310,MR-04,SUPPORTED,source-scoped to approval-file facility code
APR|908,concernsDam,DAM|HRFCO_APPROVAL|1017310,MR-04,SUPPORTED,source-scoped to approval-file facility code
APR|909,concernsDam,DAM|HRFCO_APPROVAL|1015310,MR-04,SUPPORTED,source-scoped to approval-file facility code
APR|910,concernsDam,DAM|HRFCO_APPROVAL|1013310,MR-04,SUPPORTED,source-scoped to approval-file facility code
APR|911,concernsDam,DAM|HRFCO_APPROVAL|1010320,MR-04,SUPPORTED,source-scoped to approval-file facility code
APR|912,concernsDam,DAM|HRFCO_APPROVAL|1004310,MR-04,SUPPORTED,source-scoped to approval-file facility code
APR|913,concernsDam,DAM|HRFCO_APPROVAL|1013310,MR-04,SUPPORTED,source-scoped to approval-file facility code
APR|914,concernsDam,DAM|HRFCO_APPROVAL|1017310,MR-04,SUPPORTED,source-scoped to approval-file facility code
APR|915,concernsDam,DAM|HRFCO_APPROVAL|1015310,MR-04,SUPPORTED,source-scoped to approval-file facility code
APR|916,concernsDam,DAM|HRFCO_APPROVAL|1010320,MR-04,SUPPORTED,source-scoped to approval-file facility code
APR|917,concernsDam,DAM|HRFCO_APPROVAL|1004310,MR-04,SUPPORTED,source-scoped to approval-file facility code
APR|918,concernsDam,DAM|HRFCO_APPROVAL|1013310,MR-04,SUPPORTED,source-scoped to approval-file facility code
APR|919,concernsDam,DAM|HRFCO_APPROVAL|1017310,MR-04,SUPPORTED,source-scoped to approval-file facility code
APR|920,concernsDam,DAM|HRFCO_APPROVAL|1017310,MR-04,SUPPORTED,source-scoped to approval-file facility code
APR|921,concernsDam,DAM|HRFCO_APPROVAL|1015310,MR-04,SUPPORTED,source-scoped to approval-file facility code
APR|922,concernsDam,DAM|HRFCO_APPROVAL|1010320,MR-04,SUPPORTED,source-scoped to approval-file facility code
APR|923,concernsDam,DAM|HRFCO_APPROVAL|1004310,MR-04,SUPPORTED,source-scoped to approval-file facility code
APR|924,concernsDam,DAM|HRFCO_APPROVAL|1013310,MR-04,SUPPORTED,source-scoped to approval-file facility code
APR|925,concernsDam,DAM|HRFCO_APPROVAL|1010310,MR-04,SUPPORTED,source-scoped to approval-file facility code
APR|926,concernsDam,DAM|HRFCO_APPROVAL|1004310,MR-04,SUPPORTED,source-scoped to approval-file facility code
APR|927,concernsDam,DAM|HRFCO_APPROVAL|1015310,MR-04,SUPPORTED,source-scoped to approval-file facility code
APR|928,concernsDam,DAM|HRFCO_APPROVAL|1017310,MR-04,SUPPORTED,source-scoped to approval-file facility code
APR|929,concernsDam,DAM|HRFCO_APPROVAL|1015310,MR-04,SUPPORTED,source-scoped to approval-file facility code
APR|930,concernsDam,DAM|HRFCO_APPROVAL|1010320,MR-04,SUPPORTED,source-scoped to approval-file facility code
APR|931,concernsDam,DAM|HRFCO_APPROVAL|1017310,MR-04,SUPPORTED,source-scoped to approval-file facility code
APR|932,concernsDam,DAM|HRFCO_APPROVAL|1015310,MR-04,SUPPORTED,source-scoped to approval-file facility code
APR|933,concernsDam,DAM|HRFCO_APPROVAL|1013310,MR-04,SUPPORTED,source-scoped to approval-file facility code
APR|934,concernsDam,DAM|HRFCO_APPROVAL|1010320,MR-04,SUPPORTED,source-scoped to approval-file facility code
APR|935,concernsDam,DAM|HRFCO_APPROVAL|1017310,MR-04,SUPPORTED,source-scoped to approval-file facility code
APR|936,concernsDam,DAM|HRFCO_APPROVAL|1015310,MR-04,SUPPORTED,source-scoped to approval-file facility code
APR|937,concernsDam,DAM|HRFCO_APPROVAL|1013310,MR-04,SUPPORTED,source-scoped to approval-file facility code
APR|938,concernsDam,DAM|HRFCO_APPROVAL|1010320,MR-04,SUPPORTED,source-scoped to approval-file facility code
APR|939,concernsDam,DAM|HRFCO_APPROVAL|1013310,MR-04,SUPPORTED,source-scoped to approval-file facility code
APR|940,concernsDam,DAM|HRFCO_APPROVAL|1013310,MR-04,SUPPORTED,source-scoped to approval-file facility code
APR|941,concernsDam,DAM|HRFCO_APPROVAL|1017310,MR-04,SUPPORTED,source-scoped to approval-file facility code
APR|942,concernsDam,DAM|HRFCO_APPROVAL|1013310,MR-04,SUPPORTED,source-scoped to approval-file facility code
APR|943,concernsDam,DAM|HRFCO_APPROVAL|1010320,MR-04,SUPPORTED,source-scoped to approval-file facility code
APR|944,concernsDam,DAM|HRFCO_APPROVAL|1017310,MR-04,SUPPORTED,source-scoped to approval-file facility code
APR|945,concernsDam,DAM|HRFCO_APPROVAL|1015310,MR-04,SUPPORTED,source-scoped to approval-file facility code
APR|946,concernsDam,DAM|HRFCO_APPROVAL|1013310,MR-04,SUPPORTED,source-scoped to approval-file facility code
APR|947,concernsDam,DAM|HRFCO_APPROVAL|1010320,MR-04,SUPPORTED,source-scoped to approval-file facility code
APR|948,concernsDam,DAM|HRFCO_APPROVAL|1015310,MR-04,SUPPORTED,source-scoped to approval-file facility code
APR|949,concernsDam,DAM|HRFCO_APPROVAL|1013310,MR-04,SUPPORTED,source-scoped to approval-file facility code
APR|950,concernsDam,DAM|HRFCO_APPROVAL|1017310,MR-04,SUPPORTED,source-scoped to approval-file facility code
APR|951,concernsDam,DAM|HRFCO_APPROVAL|1013310,MR-04,SUPPORTED,source-scoped to approval-file facility code
APR|952,concernsDam,DAM|HRFCO_APPROVAL|1010320,MR-04,SUPPORTED,source-scoped to approval-file facility code
APR|953,concernsDam,DAM|HRFCO_APPROVAL|1015310,MR-04,SUPPORTED,source-scoped to approval-file facility code
APR|954,concernsDam,DAM|HRFCO_APPROVAL|1013310,MR-04,SUPPORTED,source-scoped to approval-file facility code
APR|955,concernsDam,DAM|HRFCO_APPROVAL|1017310,MR-04,SUPPORTED,source-scoped to approval-file facility code
APR|956,concernsDam,DAM|HRFCO_APPROVAL|1015310,MR-04,SUPPORTED,source-scoped to approval-file facility code
APR|957,concernsDam,DAM|HRFCO_APPROVAL|1013310,MR-04,SUPPORTED,source-scoped to approval-file facility code
APR|958,concernsDam,DAM|HRFCO_APPROVAL|1010310,MR-04,SUPPORTED,source-scoped to approval-file facility code
APR|959,concernsDam,DAM|HRFCO_APPROVAL|1015310,MR-04,SUPPORTED,source-scoped to approval-file facility code
APR|960,concernsDam,DAM|HRFCO_APPROVAL|1010320,MR-04,SUPPORTED,source-scoped to approval-file facility code
APR|961,concernsDam,DAM|HRFCO_APPROVAL|1004310,MR-04,SUPPORTED,source-scoped to approval-file facility code
APR|962,concernsDam,DAM|HRFCO_APPROVAL|1015310,MR-04,SUPPORTED,source-scoped to approval-file facility code
APR|963,concernsDam,DAM|HRFCO_APPROVAL|1013310,MR-04,SUPPORTED,source-scoped to approval-file facility code
APR|964,concernsDam,DAM|HRFCO_APPROVAL|1010320,MR-04,SUPPORTED,source-scoped to approval-file facility code
APR|965,concernsDam,DAM|HRFCO_APPROVAL|1004310,MR-04,SUPPORTED,source-scoped to approval-file facility code
APR|966,concernsDam,DAM|HRFCO_APPROVAL|1015310,MR-04,SUPPORTED,source-scoped to approval-file facility code
APR|967,concernsDam,DAM|HRFCO_APPROVAL|1013310,MR-04,SUPPORTED,source-scoped to approval-file facility code
APR|968,concernsDam,DAM|HRFCO_APPROVAL|1017310,MR-04,SUPPORTED,source-scoped to approval-file facility code
APR|969,concernsDam,DAM|HRFCO_APPROVAL|1015310,MR-04,SUPPORTED,source-scoped to approval-file facility code
APR|970,concernsDam,DAM|HRFCO_APPROVAL|1013310,MR-04,SUPPORTED,source-scoped to approval-file facility code
APR|971,concernsDam,DAM|HRFCO_APPROVAL|1010320,MR-04,SUPPORTED,source-scoped to approval-file facility code
APR|972,concernsDam,DAM|HRFCO_APPROVAL|1015310,MR-04,SUPPORTED,source-scoped to approval-file facility code
APR|973,concernsDam,DAM|HRFCO_APPROVAL|1015310,MR-04,SUPPORTED,source-scoped to approval-file facility code
APR|974,concernsDam,DAM|HRFCO_APPROVAL|1004310,MR-04,SUPPORTED,source-scoped to approval-file facility code
APR|975,concernsDam,DAM|HRFCO_APPROVAL|1015310,MR-04,SUPPORTED,source-scoped to approval-file facility code
APR|976,concernsDam,DAM|HRFCO_APPROVAL|1017310,MR-04,SUPPORTED,source-scoped to approval-file facility code
APR|977,concernsDam,DAM|HRFCO_APPROVAL|1015310,MR-04,SUPPORTED,source-scoped to approval-file facility code
APR|978,concernsDam,DAM|HRFCO_APPROVAL|1013310,MR-04,SUPPORTED,source-scoped to approval-file facility code
APR|979,concernsDam,DAM|HRFCO_APPROVAL|1010320,MR-04,SUPPORTED,source-scoped to approval-file facility code
APR|980,concernsDam,DAM|HRFCO_APPROVAL|1017310,MR-04,SUPPORTED,source-scoped to approval-file facility code
APR|981,concernsDam,DAM|HRFCO_APPROVAL|1015310,MR-04,SUPPORTED,source-scoped to approval-file facility code
APR|982,concernsDam,DAM|HRFCO_APPROVAL|1013310,MR-04,SUPPORTED,source-scoped to approval-file facility code
APR|983,concernsDam,DAM|HRFCO_APPROVAL|1010320,MR-04,SUPPORTED,source-scoped to approval-file facility code
APR|984,concernsDam,DAM|HRFCO_APPROVAL|1004310,MR-04,SUPPORTED,source-scoped to approval-file facility code
APR|985,concernsDam,DAM|HRFCO_APPROVAL|1015310,MR-04,SUPPORTED,source-scoped to approval-file facility code
APR|986,concernsDam,DAM|HRFCO_APPROVAL|1013310,MR-04,SUPPORTED,source-scoped to approval-file facility code
APR|987,concernsDam,DAM|HRFCO_APPROVAL|1017310,MR-04,SUPPORTED,source-scoped to approval-file facility code
APR|988,concernsDam,DAM|HRFCO_APPROVAL|1015310,MR-04,SUPPORTED,source-scoped to approval-file facility code
APR|989,concernsDam,DAM|HRFCO_APPROVAL|1013310,MR-04,SUPPORTED,source-scoped to approval-file facility code
APR|990,concernsDam,DAM|HRFCO_APPROVAL|1010320,MR-04,SUPPORTED,source-scoped to approval-file facility code
APR|991,concernsDam,DAM|HRFCO_APPROVAL|1004310,MR-04,SUPPORTED,source-scoped to approval-file facility code
APR|992,concernsDam,DAM|HRFCO_APPROVAL|1004310,MR-04,SUPPORTED,source-scoped to approval-file facility code
APR|993,concernsDam,DAM|HRFCO_APPROVAL|1013310,MR-04,SUPPORTED,source-scoped to approval-file facility code
APR|994,concernsDam,DAM|HRFCO_APPROVAL|1017310,MR-04,SUPPORTED,source-scoped to approval-file facility code
APR|995,concernsDam,DAM|HRFCO_APPROVAL|1015310,MR-04,SUPPORTED,source-scoped to approval-file facility code
APR|996,concernsDam,DAM|HRFCO_APPROVAL|1010320,MR-04,SUPPORTED,source-scoped to approval-file facility code
APR|997,concernsDam,DAM|HRFCO_APPROVAL|1017310,MR-04,SUPPORTED,source-scoped to approval-file facility code
APR|998,concernsDam,DAM|HRFCO_APPROVAL|1015310,MR-04,SUPPORTED,source-scoped to approval-file facility code
APR|999,concernsDam,DAM|HRFCO_APPROVAL|1004310,MR-04,SUPPORTED,source-scoped to approval-file facility code
APR|1000,concernsDam,DAM|HRFCO_APPROVAL|1017310,MR-04,SUPPORTED,source-scoped to approval-file facility code
APR|1001,concernsDam,DAM|HRFCO_APPROVAL|1017310,MR-04,SUPPORTED,source-scoped to approval-file facility code
APR|1002,concernsDam,DAM|HRFCO_APPROVAL|1010320,MR-04,SUPPORTED,source-scoped to approval-file facility code
APR|1003,concernsDam,DAM|HRFCO_APPROVAL|1004310,MR-04,SUPPORTED,source-scoped to approval-file facility code
APR|1004,concernsDam,DAM|HRFCO_APPROVAL|1013310,MR-04,SUPPORTED,source-scoped to approval-file facility code
APR|1005,concernsDam,DAM|HRFCO_APPROVAL|1010320,MR-04,SUPPORTED,source-scoped to approval-file facility code
APR|1006,concernsDam,DAM|HRFCO_APPROVAL|1010310,MR-04,SUPPORTED,source-scoped to approval-file facility code
APR|1007,concernsDam,DAM|HRFCO_APPROVAL|1015310,MR-04,SUPPORTED,source-scoped to approval-file facility code
APR|1008,concernsDam,DAM|HRFCO_APPROVAL|1017310,MR-04,SUPPORTED,source-scoped to approval-file facility code
APR|1009,concernsDam,DAM|HRFCO_APPROVAL|1013310,MR-04,SUPPORTED,source-scoped to approval-file facility code
APR|1010,concernsDam,DAM|HRFCO_APPROVAL|1010320,MR-04,SUPPORTED,source-scoped to approval-file facility code
APR|1011,concernsDam,DAM|HRFCO_APPROVAL|1010310,MR-04,SUPPORTED,source-scoped to approval-file facility code
APR|1012,concernsDam,DAM|HRFCO_APPROVAL|1017310,MR-04,SUPPORTED,source-scoped to approval-file facility code
APR|1013,concernsDam,DAM|HRFCO_APPROVAL|1015310,MR-04,SUPPORTED,source-scoped to approval-file facility code
APR|1014,concernsDam,DAM|HRFCO_APPROVAL|1010310,MR-04,SUPPORTED,source-scoped to approval-file facility code
APR|1015,concernsDam,DAM|HRFCO_APPROVAL|1010320,MR-04,SUPPORTED,source-scoped to approval-file facility code
APR|1016,concernsDam,DAM|HRFCO_APPROVAL|1013310,MR-04,SUPPORTED,source-scoped to approval-file facility code
APR|1017,concernsDam,DAM|HRFCO_APPROVAL|1015310,MR-04,SUPPORTED,source-scoped to approval-file facility code
APR|1018,concernsDam,DAM|HRFCO_APPROVAL|1017310,MR-04,SUPPORTED,source-scoped to approval-file facility code
APR|1019,concernsDam,DAM|HRFCO_APPROVAL|1004310,MR-04,SUPPORTED,source-scoped to approval-file facility code
APR|1020,concernsDam,DAM|HRFCO_APPROVAL|1010320,MR-04,SUPPORTED,source-scoped to approval-file facility code
APR|1021,concernsDam,DAM|HRFCO_APPROVAL|1013310,MR-04,SUPPORTED,source-scoped to approval-file facility code
APR|1022,concernsDam,DAM|HRFCO_APPROVAL|1015310,MR-04,SUPPORTED,source-scoped to approval-file facility code
APR|1023,concernsDam,DAM|HRFCO_APPROVAL|1017310,MR-04,SUPPORTED,source-scoped to approval-file facility code
APR|1024,concernsDam,DAM|HRFCO_APPROVAL|1017310,MR-04,SUPPORTED,source-scoped to approval-file facility code
APR|1025,concernsDam,DAM|HRFCO_APPROVAL|1017310,MR-04,SUPPORTED,source-scoped to approval-file facility code
APR|1026,concernsDam,DAM|HRFCO_APPROVAL|1017310,MR-04,SUPPORTED,source-scoped to approval-file facility code
APR|1027,concernsDam,DAM|HRFCO_APPROVAL|1013310,MR-04,SUPPORTED,source-scoped to approval-file facility code
APR|1028,concernsDam,DAM|HRFCO_APPROVAL|1010320,MR-04,SUPPORTED,source-scoped to approval-file facility code
APR|1029,concernsDam,DAM|HRFCO_APPROVAL|1013310,MR-04,SUPPORTED,source-scoped to approval-file facility code
APR|1030,concernsDam,DAM|HRFCO_APPROVAL|1017310,MR-04,SUPPORTED,source-scoped to approval-file facility code
APR|1031,concernsDam,DAM|HRFCO_APPROVAL|1015310,MR-04,SUPPORTED,source-scoped to approval-file facility code
APR|1032,concernsDam,DAM|HRFCO_APPROVAL|1004310,MR-04,SUPPORTED,source-scoped to approval-file facility code
APR|1033,concernsDam,DAM|HRFCO_APPROVAL|1017310,MR-04,SUPPORTED,source-scoped to approval-file facility code
APR|1034,concernsDam,DAM|HRFCO_APPROVAL|1004310,MR-04,SUPPORTED,source-scoped to approval-file facility code
APR|1035,concernsDam,DAM|HRFCO_APPROVAL|1004310,MR-04,SUPPORTED,source-scoped to approval-file facility code
APR|1036,concernsDam,DAM|HRFCO_APPROVAL|1017310,MR-04,SUPPORTED,source-scoped to approval-file facility code
APR|1037,concernsDam,DAM|HRFCO_APPROVAL|1015310,MR-04,SUPPORTED,source-scoped to approval-file facility code
APR|1038,concernsDam,DAM|HRFCO_APPROVAL|1013310,MR-04,SUPPORTED,source-scoped to approval-file facility code
APR|1039,concernsDam,DAM|HRFCO_APPROVAL|1004310,MR-04,SUPPORTED,source-scoped to approval-file facility code
APR|1040,concernsDam,DAM|HRFCO_APPROVAL|1013310,MR-04,SUPPORTED,source-scoped to approval-file facility code
APR|1041,concernsDam,DAM|HRFCO_APPROVAL|1004310,MR-04,SUPPORTED,source-scoped to approval-file facility code
APR|1042,concernsDam,DAM|HRFCO_APPROVAL|1015310,MR-04,SUPPORTED,source-scoped to approval-file facility code
APR|1043,concernsDam,DAM|HRFCO_APPROVAL|1017310,MR-04,SUPPORTED,source-scoped to approval-file facility code
APR|1044,concernsDam,DAM|HRFCO_APPROVAL|1010310,MR-04,SUPPORTED,source-scoped to approval-file facility code
APR|1045,concernsDam,DAM|HRFCO_APPROVAL|1013310,MR-04,SUPPORTED,source-scoped to approval-file facility code
APR|1046,concernsDam,DAM|HRFCO_APPROVAL|1004310,MR-04,SUPPORTED,source-scoped to approval-file facility code
APR|1047,concernsDam,DAM|HRFCO_APPROVAL|1004310,MR-04,SUPPORTED,source-scoped to approval-file facility code
APR|1048,concernsDam,DAM|HRFCO_APPROVAL|1017310,MR-04,SUPPORTED,source-scoped to approval-file facility code
APR|1049,concernsDam,DAM|HRFCO_APPROVAL|1010310,MR-04,SUPPORTED,source-scoped to approval-file facility code
APR|1050,concernsDam,DAM|HRFCO_APPROVAL|1004310,MR-04,SUPPORTED,source-scoped to approval-file facility code
APR|1051,concernsDam,DAM|HRFCO_APPROVAL|1004310,MR-04,SUPPORTED,source-scoped to approval-file facility code
APR|1052,concernsDam,DAM|HRFCO_APPROVAL|1004310,MR-04,SUPPORTED,source-scoped to approval-file facility code
APR|1053,concernsDam,DAM|HRFCO_APPROVAL|1017310,MR-04,SUPPORTED,source-scoped to approval-file facility code
APR|1054,concernsDam,DAM|HRFCO_APPROVAL|1015310,MR-04,SUPPORTED,source-scoped to approval-file facility code
APR|1055,concernsDam,DAM|HRFCO_APPROVAL|1010320,MR-04,SUPPORTED,source-scoped to approval-file facility code
APR|1056,concernsDam,DAM|HRFCO_APPROVAL|1015310,MR-04,SUPPORTED,source-scoped to approval-file facility code
APR|1057,concernsDam,DAM|HRFCO_APPROVAL|1004310,MR-04,SUPPORTED,source-scoped to approval-file facility code
APR|1058,concernsDam,DAM|HRFCO_APPROVAL|1017310,MR-04,SUPPORTED,source-scoped to approval-file facility code
APR|1059,concernsDam,DAM|HRFCO_APPROVAL|1015310,MR-04,SUPPORTED,source-scoped to approval-file facility code
APR|1060,concernsDam,DAM|HRFCO_APPROVAL|1004310,MR-04,SUPPORTED,source-scoped to approval-file facility code
APR|1061,concernsDam,DAM|HRFCO_APPROVAL|1010320,MR-04,SUPPORTED,source-scoped to approval-file facility code
APR|1062,concernsDam,DAM|HRFCO_APPROVAL|1015310,MR-04,SUPPORTED,source-scoped to approval-file facility code
APR|1063,concernsDam,DAM|HRFCO_APPROVAL|1013310,MR-04,SUPPORTED,source-scoped to approval-file facility code
APR|1064,concernsDam,DAM|HRFCO_APPROVAL|1004310,MR-04,SUPPORTED,source-scoped to approval-file facility code
APR|1065,concernsDam,DAM|HRFCO_APPROVAL|1010310,MR-04,SUPPORTED,source-scoped to approval-file facility code
APR|1066,concernsDam,DAM|HRFCO_APPROVAL|1015310,MR-04,SUPPORTED,source-scoped to approval-file facility code
APR|1067,concernsDam,DAM|HRFCO_APPROVAL|1017310,MR-04,SUPPORTED,source-scoped to approval-file facility code
APR|1068,concernsDam,DAM|HRFCO_APPROVAL|1010320,MR-04,SUPPORTED,source-scoped to approval-file facility code
APR|1069,concernsDam,DAM|HRFCO_APPROVAL|1017310,MR-04,SUPPORTED,source-scoped to approval-file facility code
APR|1070,concernsDam,DAM|HRFCO_APPROVAL|1004310,MR-04,SUPPORTED,source-scoped to approval-file facility code
APR|1071,concernsDam,DAM|HRFCO_APPROVAL|1017310,MR-04,SUPPORTED,source-scoped to approval-file facility code
APR|1072,concernsDam,DAM|HRFCO_APPROVAL|1015310,MR-04,SUPPORTED,source-scoped to approval-file facility code
APR|1073,concernsDam,DAM|HRFCO_APPROVAL|1013310,MR-04,SUPPORTED,source-scoped to approval-file facility code
APR|1074,concernsDam,DAM|HRFCO_APPROVAL|1004310,MR-04,SUPPORTED,source-scoped to approval-file facility code
APR|1075,concernsDam,DAM|HRFCO_APPROVAL|1017310,MR-04,SUPPORTED,source-scoped to approval-file facility code
APR|1076,concernsDam,DAM|HRFCO_APPROVAL|1017310,MR-04,SUPPORTED,source-scoped to approval-file facility code
APR|1077,concernsDam,DAM|HRFCO_APPROVAL|1017310,MR-04,SUPPORTED,source-scoped to approval-file facility code
APR|1078,concernsDam,DAM|HRFCO_APPROVAL|1015310,MR-04,SUPPORTED,source-scoped to approval-file facility code
APR|1079,concernsDam,DAM|HRFCO_APPROVAL|1013310,MR-04,SUPPORTED,source-scoped to approval-file facility code
APR|1080,concernsDam,DAM|HRFCO_APPROVAL|1010310,MR-04,SUPPORTED,source-scoped to approval-file facility code
APR|1081,concernsDam,DAM|HRFCO_APPROVAL|1015310,MR-04,SUPPORTED,source-scoped to approval-file facility code
APR|1082,concernsDam,DAM|HRFCO_APPROVAL|1015310,MR-04,SUPPORTED,source-scoped to approval-file facility code
APR|1083,concernsDam,DAM|HRFCO_APPROVAL|1004310,MR-04,SUPPORTED,source-scoped to approval-file facility code
APR|1084,concernsDam,DAM|HRFCO_APPROVAL|1021701,MR-04,SUPPORTED,source-scoped to approval-file facility code
APR|1085,concernsDam,DAM|HRFCO_APPROVAL|1017310,MR-04,SUPPORTED,source-scoped to approval-file facility code
APR|1086,concernsDam,DAM|HRFCO_APPROVAL|1017310,MR-04,SUPPORTED,source-scoped to approval-file facility code
APR|1087,concernsDam,DAM|HRFCO_APPROVAL|1017310,MR-04,SUPPORTED,source-scoped to approval-file facility code
APR|1088,concernsDam,DAM|HRFCO_APPROVAL|1013310,MR-04,SUPPORTED,source-scoped to approval-file facility code
APR|1089,concernsDam,DAM|HRFCO_APPROVAL|1004310,MR-04,SUPPORTED,source-scoped to approval-file facility code
APR|1090,concernsDam,DAM|HRFCO_APPROVAL|1015310,MR-04,SUPPORTED,source-scoped to approval-file facility code
APR|1091,concernsDam,DAM|HRFCO_APPROVAL|1017310,MR-04,SUPPORTED,source-scoped to approval-file facility code
APR|1092,concernsDam,DAM|HRFCO_APPROVAL|1015310,MR-04,SUPPORTED,source-scoped to approval-file facility code
APR|1093,concernsDam,DAM|HRFCO_APPROVAL|1013310,MR-04,SUPPORTED,source-scoped to approval-file facility code
APR|1094,concernsDam,DAM|HRFCO_APPROVAL|1004310,MR-04,SUPPORTED,source-scoped to approval-file facility code
APR|1095,concernsDam,DAM|HRFCO_APPROVAL|1004310,MR-04,SUPPORTED,source-scoped to approval-file facility code
APR|1096,concernsDam,DAM|HRFCO_APPROVAL|1015310,MR-04,SUPPORTED,source-scoped to approval-file facility code
APR|1097,concernsDam,DAM|HRFCO_APPROVAL|1017310,MR-04,SUPPORTED,source-scoped to approval-file facility code
APR|1098,concernsDam,DAM|HRFCO_APPROVAL|1017310,MR-04,SUPPORTED,source-scoped to approval-file facility code
APR|1099,concernsDam,DAM|HRFCO_APPROVAL|1017310,MR-04,SUPPORTED,source-scoped to approval-file facility code
APR|1100,concernsDam,DAM|HRFCO_APPROVAL|1017310,MR-04,SUPPORTED,source-scoped to approval-file facility code
APR|1101,concernsDam,DAM|HRFCO_APPROVAL|1017310,MR-04,SUPPORTED,source-scoped to approval-file facility code
APR|1102,concernsDam,DAM|HRFCO_APPROVAL|1006110,MR-04,SUPPORTED,source-scoped to approval-file facility code
APR|1103,concernsDam,DAM|HRFCO_APPROVAL|1003110,MR-04,SUPPORTED,source-scoped to approval-file facility code
APR|1104,concernsDam,DAM|HRFCO_APPROVAL|1003611,MR-04,SUPPORTED,source-scoped to approval-file facility code
APR|1105,concernsDam,DAM|HRFCO_APPROVAL|1017310,MR-04,SUPPORTED,source-scoped to approval-file facility code
APR|1106,concernsDam,DAM|HRFCO_APPROVAL|1017310,MR-04,SUPPORTED,source-scoped to approval-file facility code
APR|1107,concernsDam,DAM|HRFCO_APPROVAL|1013310,MR-04,SUPPORTED,source-scoped to approval-file facility code
APR|1108,concernsDam,DAM|HRFCO_APPROVAL|1017310,MR-04,SUPPORTED,source-scoped to approval-file facility code
APR|1109,concernsDam,DAM|HRFCO_APPROVAL|1017310,MR-04,SUPPORTED,source-scoped to approval-file facility code
APR|1110,concernsDam,DAM|HRFCO_APPROVAL|1004310,MR-04,SUPPORTED,source-scoped to approval-file facility code
APR|1111,concernsDam,DAM|HRFCO_APPROVAL|1017310,MR-04,SUPPORTED,source-scoped to approval-file facility code
APR|1112,concernsDam,DAM|HRFCO_APPROVAL|1015310,MR-04,SUPPORTED,source-scoped to approval-file facility code
APR|1113,concernsDam,DAM|HRFCO_APPROVAL|1004310,MR-04,SUPPORTED,source-scoped to approval-file facility code
APR|1114,concernsDam,DAM|HRFCO_APPROVAL|1003110,MR-04,SUPPORTED,source-scoped to approval-file facility code
APR|1115,concernsDam,DAM|HRFCO_APPROVAL|1003611,MR-04,SUPPORTED,source-scoped to approval-file facility code
APR|1116,concernsDam,DAM|HRFCO_APPROVAL|1017310,MR-04,SUPPORTED,source-scoped to approval-file facility code
APR|1117,concernsDam,DAM|HRFCO_APPROVAL|1015310,MR-04,SUPPORTED,source-scoped to approval-file facility code
APR|1118,concernsDam,DAM|HRFCO_APPROVAL|1013310,MR-04,SUPPORTED,source-scoped to approval-file facility code
APR|1119,concernsDam,DAM|HRFCO_APPROVAL|1017310,MR-04,SUPPORTED,source-scoped to approval-file facility code
APR|1120,concernsDam,DAM|HRFCO_APPROVAL|1004310,MR-04,SUPPORTED,source-scoped to approval-file facility code
APR|1121,concernsDam,DAM|HRFCO_APPROVAL|1017310,MR-04,SUPPORTED,source-scoped to approval-file facility code
APR|1122,concernsDam,DAM|HRFCO_APPROVAL|1013310,MR-04,SUPPORTED,source-scoped to approval-file facility code
APR|1123,concernsDam,DAM|HRFCO_APPROVAL|1017310,MR-04,SUPPORTED,source-scoped to approval-file facility code
APR|1124,concernsDam,DAM|HRFCO_APPROVAL|1015310,MR-04,SUPPORTED,source-scoped to approval-file facility code
APR|1125,concernsDam,DAM|HRFCO_APPROVAL|1013310,MR-04,SUPPORTED,source-scoped to approval-file facility code
APR|1126,concernsDam,DAM|HRFCO_APPROVAL|1004310,MR-04,SUPPORTED,source-scoped to approval-file facility code
APR|1127,concernsDam,DAM|HRFCO_APPROVAL|1013310,MR-04,SUPPORTED,source-scoped to approval-file facility code
APR|1128,concernsDam,DAM|HRFCO_APPROVAL|1017310,MR-04,SUPPORTED,source-scoped to approval-file facility code
APR|1129,concernsDam,DAM|HRFCO_APPROVAL|1015310,MR-04,SUPPORTED,source-scoped to approval-file facility code
APR|1130,concernsDam,DAM|HRFCO_APPROVAL|1017310,MR-04,SUPPORTED,source-scoped to approval-file facility code
APR|1131,concernsDam,DAM|HRFCO_APPROVAL|1017310,MR-04,SUPPORTED,source-scoped to approval-file facility code
APR|1132,concernsDam,DAM|HRFCO_APPROVAL|1017310,MR-04,SUPPORTED,source-scoped to approval-file facility code
APR|1133,concernsDam,DAM|HRFCO_APPROVAL|1004310,MR-04,SUPPORTED,source-scoped to approval-file facility code
APR|1134,concernsDam,DAM|HRFCO_APPROVAL|1004310,MR-04,SUPPORTED,source-scoped to approval-file facility code
APR|1135,concernsDam,DAM|HRFCO_APPROVAL|1017310,MR-04,SUPPORTED,source-scoped to approval-file facility code
APR|1136,concernsDam,DAM|HRFCO_APPROVAL|1017310,MR-04,SUPPORTED,source-scoped to approval-file facility code
APR|1137,concernsDam,DAM|HRFCO_APPROVAL|1004310,MR-04,SUPPORTED,source-scoped to approval-file facility code
APR|1138,concernsDam,DAM|HRFCO_APPROVAL|1004310,MR-04,SUPPORTED,source-scoped to approval-file facility code
APR|1139,concernsDam,DAM|HRFCO_APPROVAL|1004310,MR-04,SUPPORTED,source-scoped to approval-file facility code
APR|1140,concernsDam,DAM|HRFCO_APPROVAL|1004310,MR-04,SUPPORTED,source-scoped to approval-file facility code
APR|1141,concernsDam,DAM|HRFCO_APPROVAL|1004310,MR-04,SUPPORTED,source-scoped to approval-file facility code
APR|1142,concernsDam,DAM|HRFCO_APPROVAL|1004310,MR-04,SUPPORTED,source-scoped to approval-file facility code
APR|1143,concernsDam,DAM|HRFCO_APPROVAL|1004310,MR-04,SUPPORTED,source-scoped to approval-file facility code
APR|1144,concernsDam,DAM|HRFCO_APPROVAL|1004310,MR-04,SUPPORTED,source-scoped to approval-file facility code
APR|1145,concernsDam,DAM|HRFCO_APPROVAL|1004310,MR-04,SUPPORTED,source-scoped to approval-file facility code
APR|1146,concernsDam,DAM|HRFCO_APPROVAL|1004310,MR-04,SUPPORTED,source-scoped to approval-file facility code
APR|1147,concernsDam,DAM|HRFCO_APPROVAL|1004310,MR-04,SUPPORTED,source-scoped to approval-file facility code
APR|1148,concernsDam,DAM|HRFCO_APPROVAL|1004310,MR-04,SUPPORTED,source-scoped to approval-file facility code
APR|1149,concernsDam,DAM|HRFCO_APPROVAL|1004310,MR-04,SUPPORTED,source-scoped to approval-file facility code
APR|1150,concernsDam,DAM|HRFCO_APPROVAL|1004310,MR-04,SUPPORTED,source-scoped to approval-file facility code
APR|1151,concernsDam,DAM|HRFCO_APPROVAL|1004310,MR-04,SUPPORTED,source-scoped to approval-file facility code
APR|1152,concernsDam,DAM|HRFCO_APPROVAL|1003611,MR-04,SUPPORTED,source-scoped to approval-file facility code
APR|1153,concernsDam,DAM|HRFCO_APPROVAL|1004310,MR-04,SUPPORTED,source-scoped to approval-file facility code
APR|1154,concernsDam,DAM|HRFCO_APPROVAL|1004310,MR-04,SUPPORTED,source-scoped to approval-file facility code
APR|1155,concernsDam,DAM|HRFCO_APPROVAL|1004310,MR-04,SUPPORTED,source-scoped to approval-file facility code
APR|1156,concernsDam,DAM|HRFCO_APPROVAL|1017310,MR-04,SUPPORTED,source-scoped to approval-file facility code
APR|1157,concernsDam,DAM|HRFCO_APPROVAL|1004310,MR-04,SUPPORTED,source-scoped to approval-file facility code
APR|1158,concernsDam,DAM|HRFCO_APPROVAL|1017310,MR-04,SUPPORTED,source-scoped to approval-file facility code
APR|1159,concernsDam,DAM|HRFCO_APPROVAL|1017310,MR-04,SUPPORTED,source-scoped to approval-file facility code
APR|1160,concernsDam,DAM|HRFCO_APPROVAL|1004310,MR-04,SUPPORTED,source-scoped to approval-file facility code
APR|1161,concernsDam,DAM|HRFCO_APPROVAL|1004310,MR-04,SUPPORTED,source-scoped to approval-file facility code
APR|1162,concernsDam,DAM|HRFCO_APPROVAL|1004310,MR-04,SUPPORTED,source-scoped to approval-file facility code
APR|1163,concernsDam,DAM|HRFCO_APPROVAL|1003611,MR-04,SUPPORTED,source-scoped to approval-file facility code
APR|1164,concernsDam,DAM|HRFCO_APPROVAL|1004310,MR-04,SUPPORTED,source-scoped to approval-file facility code
APR|1165,concernsDam,DAM|HRFCO_APPROVAL|1013310,MR-04,SUPPORTED,source-scoped to approval-file facility code
APR|1166,concernsDam,DAM|HRFCO_APPROVAL|1013310,MR-04,SUPPORTED,source-scoped to approval-file facility code
APR|1167,concernsDam,DAM|HRFCO_APPROVAL|1003611,MR-04,SUPPORTED,source-scoped to approval-file facility code
APR|1168,concernsDam,DAM|HRFCO_APPROVAL|1013310,MR-04,SUPPORTED,source-scoped to approval-file facility code
APR|1169,concernsDam,DAM|HRFCO_APPROVAL|1004310,MR-04,SUPPORTED,source-scoped to approval-file facility code
APR|1170,concernsDam,DAM|HRFCO_APPROVAL|1004310,MR-04,SUPPORTED,source-scoped to approval-file facility code
APR|1171,concernsDam,DAM|HRFCO_APPROVAL|1013310,MR-04,SUPPORTED,source-scoped to approval-file facility code
APR|1172,concernsDam,DAM|HRFCO_APPROVAL|1013310,MR-04,SUPPORTED,source-scoped to approval-file facility code
APR|1173,concernsDam,DAM|HRFCO_APPROVAL|1003611,MR-04,SUPPORTED,source-scoped to approval-file facility code
APR|1174,concernsDam,DAM|HRFCO_APPROVAL|1007801,MR-04,SUPPORTED,source-scoped to approval-file facility code
APR|1175,concernsDam,DAM|HRFCO_APPROVAL|1007802,MR-04,SUPPORTED,source-scoped to approval-file facility code
APR|1176,concernsDam,DAM|HRFCO_APPROVAL|1007803,MR-04,SUPPORTED,source-scoped to approval-file facility code
APR|1177,concernsDam,DAM|HRFCO_APPROVAL|1004310,MR-04,SUPPORTED,source-scoped to approval-file facility code
APR|1178,concernsDam,DAM|HRFCO_APPROVAL|1003611,MR-04,SUPPORTED,source-scoped to approval-file facility code
APR|1179,concernsDam,DAM|HRFCO_APPROVAL|1007801,MR-04,SUPPORTED,source-scoped to approval-file facility code
APR|1180,concernsDam,DAM|HRFCO_APPROVAL|1007802,MR-04,SUPPORTED,source-scoped to approval-file facility code
APR|1181,concernsDam,DAM|HRFCO_APPROVAL|1007803,MR-04,SUPPORTED,source-scoped to approval-file facility code
APR|1182,concernsDam,DAM|HRFCO_APPROVAL|1017310,MR-04,SUPPORTED,source-scoped to approval-file facility code
APR|1183,concernsDam,DAM|HRFCO_APPROVAL|1017310,MR-04,SUPPORTED,source-scoped to approval-file facility code
APR|1184,concernsDam,DAM|HRFCO_APPROVAL|1017310,MR-04,SUPPORTED,source-scoped to approval-file facility code
APR|1185,concernsDam,DAM|HRFCO_APPROVAL|1017310,MR-04,SUPPORTED,source-scoped to approval-file facility code
APR|1186,concernsDam,DAM|HRFCO_APPROVAL|1017310,MR-04,SUPPORTED,source-scoped to approval-file facility code
APR|1187,concernsDam,DAM|HRFCO_APPROVAL|1017310,MR-04,SUPPORTED,source-scoped to approval-file facility code
APR|1188,concernsDam,DAM|HRFCO_APPROVAL|1017310,MR-04,SUPPORTED,source-scoped to approval-file facility code
APR|1189,concernsDam,DAM|HRFCO_APPROVAL|1004310,MR-04,SUPPORTED,source-scoped to approval-file facility code
APR|1190,concernsDam,DAM|HRFCO_APPROVAL|1004310,MR-04,SUPPORTED,source-scoped to approval-file facility code
APR|1191,concernsDam,DAM|HRFCO_APPROVAL|1017310,MR-04,SUPPORTED,source-scoped to approval-file facility code
APR|1192,concernsDam,DAM|HRFCO_APPROVAL|1003611,MR-04,SUPPORTED,source-scoped to approval-file facility code
APR|1193,concernsDam,DAM|HRFCO_APPROVAL|1017310,MR-04,SUPPORTED,source-scoped to approval-file facility code
APR|1194,concernsDam,DAM|HRFCO_APPROVAL|1017310,MR-04,SUPPORTED,source-scoped to approval-file facility code
APR|1195,concernsDam,DAM|HRFCO_APPROVAL|1004310,MR-04,SUPPORTED,source-scoped to approval-file facility code
APR|1196,concernsDam,DAM|HRFCO_APPROVAL|1004310,MR-04,SUPPORTED,source-scoped to approval-file facility code
APR|1197,concernsDam,DAM|HRFCO_APPROVAL|1017310,MR-04,SUPPORTED,source-scoped to approval-file facility code
APR|1198,concernsDam,DAM|HRFCO_APPROVAL|1004310,MR-04,SUPPORTED,source-scoped to approval-file facility code
APR|1199,concernsDam,DAM|HRFCO_APPROVAL|1017310,MR-04,SUPPORTED,source-scoped to approval-file facility code
APR|1200,concernsDam,DAM|HRFCO_APPROVAL|1017310,MR-04,SUPPORTED,source-scoped to approval-file facility code
APR|1201,concernsDam,DAM|HRFCO_APPROVAL|1004310,MR-04,SUPPORTED,source-scoped to approval-file facility code
APR|1202,concernsDam,DAM|HRFCO_APPROVAL|1017310,MR-04,SUPPORTED,source-scoped to approval-file facility code
APR|1203,concernsDam,DAM|HRFCO_APPROVAL|1017310,MR-04,SUPPORTED,source-scoped to approval-file facility code
APR|1204,concernsDam,DAM|HRFCO_APPROVAL|1017310,MR-04,SUPPORTED,source-scoped to approval-file facility code
APR|1205,concernsDam,DAM|HRFCO_APPROVAL|1004310,MR-04,SUPPORTED,source-scoped to approval-file facility code
APR|1206,concernsDam,DAM|HRFCO_APPROVAL|1017310,MR-04,SUPPORTED,source-scoped to approval-file facility code
APR|1207,concernsDam,DAM|HRFCO_APPROVAL|1004310,MR-04,SUPPORTED,source-scoped to approval-file facility code
APR|1208,concernsDam,DAM|HRFCO_APPROVAL|1017310,MR-04,SUPPORTED,source-scoped to approval-file facility code
APR|1209,concernsDam,DAM|HRFCO_APPROVAL|1003611,MR-04,SUPPORTED,source-scoped to approval-file facility code
APR|1210,concernsDam,DAM|HRFCO_APPROVAL|1004310,MR-04,SUPPORTED,source-scoped to approval-file facility code
APR|1211,concernsDam,DAM|HRFCO_APPROVAL|1017310,MR-04,SUPPORTED,source-scoped to approval-file facility code
APR|1212,concernsDam,DAM|HRFCO_APPROVAL|1017310,MR-04,SUPPORTED,source-scoped to approval-file facility code
APR|1213,concernsDam,DAM|HRFCO_APPROVAL|1017310,MR-04,SUPPORTED,source-scoped to approval-file facility code
APR|1214,concernsDam,DAM|HRFCO_APPROVAL|1017310,MR-04,SUPPORTED,source-scoped to approval-file facility code
APR|1215,concernsDam,DAM|HRFCO_APPROVAL|1017310,MR-04,SUPPORTED,source-scoped to approval-file facility code
APR|1216,concernsDam,DAM|HRFCO_APPROVAL|1004310,MR-04,SUPPORTED,source-scoped to approval-file facility code
APR|1217,concernsDam,DAM|HRFCO_APPROVAL|1017310,MR-04,SUPPORTED,source-scoped to approval-file facility code
APR|1218,concernsDam,DAM|HRFCO_APPROVAL|1017310,MR-04,SUPPORTED,source-scoped to approval-file facility code
APR|1219,concernsDam,DAM|HRFCO_APPROVAL|1015310,MR-04,SUPPORTED,source-scoped to approval-file facility code
APR|1220,concernsDam,DAM|HRFCO_APPROVAL|1015310,MR-04,SUPPORTED,source-scoped to approval-file facility code
APR|1221,concernsDam,DAM|HRFCO_APPROVAL|1015310,MR-04,SUPPORTED,source-scoped to approval-file facility code
APR|1222,concernsDam,DAM|HRFCO_APPROVAL|1004310,MR-04,SUPPORTED,source-scoped to approval-file facility code
APR|1223,concernsDam,DAM|HRFCO_APPROVAL|1015310,MR-04,SUPPORTED,source-scoped to approval-file facility code
APR|1224,concernsDam,DAM|HRFCO_APPROVAL|1017310,MR-04,SUPPORTED,source-scoped to approval-file facility code
APR|1225,concernsDam,DAM|HRFCO_APPROVAL|1015310,MR-04,SUPPORTED,source-scoped to approval-file facility code
APR|1226,concernsDam,DAM|HRFCO_APPROVAL|1015310,MR-04,SUPPORTED,source-scoped to approval-file facility code
APR|1227,concernsDam,DAM|HRFCO_APPROVAL|1017310,MR-04,SUPPORTED,source-scoped to approval-file facility code
APR|1228,concernsDam,DAM|HRFCO_APPROVAL|1004310,MR-04,SUPPORTED,source-scoped to approval-file facility code
APR|1229,concernsDam,DAM|HRFCO_APPROVAL|1017310,MR-04,SUPPORTED,source-scoped to approval-file facility code
APR|1230,concernsDam,DAM|HRFCO_APPROVAL|1004310,MR-04,SUPPORTED,source-scoped to approval-file facility code
APR|1231,concernsDam,DAM|HRFCO_APPROVAL|1004310,MR-04,SUPPORTED,source-scoped to approval-file facility code
APR|1232,concernsDam,DAM|HRFCO_APPROVAL|1004310,MR-04,SUPPORTED,source-scoped to approval-file facility code
APR|1233,concernsDam,DAM|HRFCO_APPROVAL|1004310,MR-04,SUPPORTED,source-scoped to approval-file facility code
APR|1234,concernsDam,DAM|HRFCO_APPROVAL|1017310,MR-04,SUPPORTED,source-scoped to approval-file facility code
APR|1235,concernsDam,DAM|HRFCO_APPROVAL|1017310,MR-04,SUPPORTED,source-scoped to approval-file facility code
APR|1236,concernsDam,DAM|HRFCO_APPROVAL|1004310,MR-04,SUPPORTED,source-scoped to approval-file facility code
APR|1237,concernsDam,DAM|HRFCO_APPROVAL|1004310,MR-04,SUPPORTED,source-scoped to approval-file facility code
APR|1238,concernsDam,DAM|HRFCO_APPROVAL|1017310,MR-04,SUPPORTED,source-scoped to approval-file facility code
APR|1239,concernsDam,DAM|HRFCO_APPROVAL|1004310,MR-04,SUPPORTED,source-scoped to approval-file facility code
APR|1240,concernsDam,DAM|HRFCO_APPROVAL|1015310,MR-04,SUPPORTED,source-scoped to approval-file facility code
APR|1241,concernsDam,DAM|HRFCO_APPROVAL|1004310,MR-04,SUPPORTED,source-scoped to approval-file facility code
APR|1242,concernsDam,DAM|HRFCO_APPROVAL|1015310,MR-04,SUPPORTED,source-scoped to approval-file facility code
APR|1243,concernsDam,DAM|HRFCO_APPROVAL|1015310,MR-04,SUPPORTED,source-scoped to approval-file facility code
APR|1244,concernsDam,DAM|HRFCO_APPROVAL|1017310,MR-04,SUPPORTED,source-scoped to approval-file facility code
APR|1245,concernsDam,DAM|HRFCO_APPROVAL|1017310,MR-04,SUPPORTED,source-scoped to approval-file facility code
APR|1246,concernsDam,DAM|HRFCO_APPROVAL|1015310,MR-04,SUPPORTED,source-scoped to approval-file facility code
APR|1247,concernsDam,DAM|HRFCO_APPROVAL|1004310,MR-04,SUPPORTED,source-scoped to approval-file facility code
APR|1248,concernsDam,DAM|HRFCO_APPROVAL|1017310,MR-04,SUPPORTED,source-scoped to approval-file facility code
APR|1249,concernsDam,DAM|HRFCO_APPROVAL|1004310,MR-04,SUPPORTED,source-scoped to approval-file facility code
APR|1250,concernsDam,DAM|HRFCO_APPROVAL|1004310,MR-04,SUPPORTED,source-scoped to approval-file facility code
APR|1251,concernsDam,DAM|HRFCO_APPROVAL|1015310,MR-04,SUPPORTED,source-scoped to approval-file facility code
APR|1252,concernsDam,DAM|HRFCO_APPROVAL|1017310,MR-04,SUPPORTED,source-scoped to approval-file facility code
APR|1253,concernsDam,DAM|HRFCO_APPROVAL|1004310,MR-04,SUPPORTED,source-scoped to approval-file facility code
APR|1254,concernsDam,DAM|HRFCO_APPROVAL|1017310,MR-04,SUPPORTED,source-scoped to approval-file facility code
APR|1255,concernsDam,DAM|HRFCO_APPROVAL|1017310,MR-04,SUPPORTED,source-scoped to approval-file facility code
APR|1256,concernsDam,DAM|HRFCO_APPROVAL|1004310,MR-04,SUPPORTED,source-scoped to approval-file facility code
APR|1257,concernsDam,DAM|HRFCO_APPROVAL|1004310,MR-04,SUPPORTED,source-scoped to approval-file facility code
APR|1258,concernsDam,DAM|HRFCO_APPROVAL|1004310,MR-04,SUPPORTED,source-scoped to approval-file facility code
APR|1259,concernsDam,DAM|HRFCO_APPROVAL|1004310,MR-04,SUPPORTED,source-scoped to approval-file facility code
APR|1260,concernsDam,DAM|HRFCO_APPROVAL|1004310,MR-04,SUPPORTED,source-scoped to approval-file facility code
APR|1261,concernsDam,DAM|HRFCO_APPROVAL|1004310,MR-04,SUPPORTED,source-scoped to approval-file facility code
APR|1262,concernsDam,DAM|HRFCO_APPROVAL|1004310,MR-04,SUPPORTED,source-scoped to approval-file facility code
APR|1263,concernsDam,DAM|HRFCO_APPROVAL|1004310,MR-04,SUPPORTED,source-scoped to approval-file facility code
APR|1264,concernsDam,DAM|HRFCO_APPROVAL|1003611,MR-04,SUPPORTED,source-scoped to approval-file facility code
APR|1265,concernsDam,DAM|HRFCO_APPROVAL|1004310,MR-04,SUPPORTED,source-scoped to approval-file facility code
APR|1266,concernsDam,DAM|HRFCO_APPROVAL|1017310,MR-04,SUPPORTED,source-scoped to approval-file facility code
APR|1267,concernsDam,DAM|HRFCO_APPROVAL|1004310,MR-04,SUPPORTED,source-scoped to approval-file facility code
APR|1268,concernsDam,DAM|HRFCO_APPROVAL|1004310,MR-04,SUPPORTED,source-scoped to approval-file facility code
APR|1269,concernsDam,DAM|HRFCO_APPROVAL|1017310,MR-04,SUPPORTED,source-scoped to approval-file facility code
APR|1270,concernsDam,DAM|HRFCO_APPROVAL|1004310,MR-04,SUPPORTED,source-scoped to approval-file facility code
APR|1271,concernsDam,DAM|HRFCO_APPROVAL|1017310,MR-04,SUPPORTED,source-scoped to approval-file facility code
APR|1272,concernsDam,DAM|HRFCO_APPROVAL|1004310,MR-04,SUPPORTED,source-scoped to approval-file facility code
APR|1273,concernsDam,DAM|HRFCO_APPROVAL|1004310,MR-04,SUPPORTED,source-scoped to approval-file facility code
APR|1274,concernsDam,DAM|HRFCO_APPROVAL|1017310,MR-04,SUPPORTED,source-scoped to approval-file facility code
APR|1275,concernsDam,DAM|HRFCO_APPROVAL|1003611,MR-04,SUPPORTED,source-scoped to approval-file facility code
APR|1276,concernsDam,DAM|HRFCO_APPROVAL|1017310,MR-04,SUPPORTED,source-scoped to approval-file facility code
APR|1277,concernsDam,DAM|HRFCO_APPROVAL|1017310,MR-04,SUPPORTED,source-scoped to approval-file facility code
APR|1278,concernsDam,DAM|HRFCO_APPROVAL|1017310,MR-04,SUPPORTED,source-scoped to approval-file facility code
APR|1279,concernsDam,DAM|HRFCO_APPROVAL|1017310,MR-04,SUPPORTED,source-scoped to approval-file facility code
APR|1280,concernsDam,DAM|HRFCO_APPROVAL|1004310,MR-04,SUPPORTED,source-scoped to approval-file facility code
APR|1281,concernsDam,DAM|HRFCO_APPROVAL|1015310,MR-04,SUPPORTED,source-scoped to approval-file facility code
APR|1282,concernsDam,DAM|HRFCO_APPROVAL|1004310,MR-04,SUPPORTED,source-scoped to approval-file facility code
APR|1283,concernsDam,DAM|HRFCO_APPROVAL|1015310,MR-04,SUPPORTED,source-scoped to approval-file facility code
APR|1284,concernsDam,DAM|HRFCO_APPROVAL|1004310,MR-04,SUPPORTED,source-scoped to approval-file facility code
APR|1285,concernsDam,DAM|HRFCO_APPROVAL|1004310,MR-04,SUPPORTED,source-scoped to approval-file facility code
APR|1286,concernsDam,DAM|HRFCO_APPROVAL|1017310,MR-04,SUPPORTED,source-scoped to approval-file facility code
APR|1287,concernsDam,DAM|HRFCO_APPROVAL|1004310,MR-04,SUPPORTED,source-scoped to approval-file facility code
APR|1288,concernsDam,DAM|HRFCO_APPROVAL|1004310,MR-04,SUPPORTED,source-scoped to approval-file facility code
APR|1289,concernsDam,DAM|HRFCO_APPROVAL|1004310,MR-04,SUPPORTED,source-scoped to approval-file facility code
APR|1290,concernsDam,DAM|HRFCO_APPROVAL|1017310,MR-04,SUPPORTED,source-scoped to approval-file facility code
APR|1291,concernsDam,DAM|HRFCO_APPROVAL|1017310,MR-04,SUPPORTED,source-scoped to approval-file facility code
APR|1292,concernsDam,DAM|HRFCO_APPROVAL|1015310,MR-04,SUPPORTED,source-scoped to approval-file facility code
APR|1293,concernsDam,DAM|HRFCO_APPROVAL|1004310,MR-04,SUPPORTED,source-scoped to approval-file facility code
APR|1294,concernsDam,DAM|HRFCO_APPROVAL|1015310,MR-04,SUPPORTED,source-scoped to approval-file facility code
APR|1295,concernsDam,DAM|HRFCO_APPROVAL|1015310,MR-04,SUPPORTED,source-scoped to approval-file facility code
APR|1296,concernsDam,DAM|HRFCO_APPROVAL|1004310,MR-04,SUPPORTED,source-scoped to approval-file facility code
APR|1297,concernsDam,DAM|HRFCO_APPROVAL|1015310,MR-04,SUPPORTED,source-scoped to approval-file facility code
APR|1298,concernsDam,DAM|HRFCO_APPROVAL|1004310,MR-04,SUPPORTED,source-scoped to approval-file facility code
APR|1299,concernsDam,DAM|HRFCO_APPROVAL|1017310,MR-04,SUPPORTED,source-scoped to approval-file facility code
APR|1300,concernsDam,DAM|HRFCO_APPROVAL|1017310,MR-04,SUPPORTED,source-scoped to approval-file facility code
APR|1301,concernsDam,DAM|HRFCO_APPROVAL|1004310,MR-04,SUPPORTED,source-scoped to approval-file facility code
APR|1302,concernsDam,DAM|HRFCO_APPROVAL|1017310,MR-04,SUPPORTED,source-scoped to approval-file facility code
APR|1303,concernsDam,DAM|HRFCO_APPROVAL|1017310,MR-04,SUPPORTED,source-scoped to approval-file facility code
APR|1304,concernsDam,DAM|HRFCO_APPROVAL|1017310,MR-04,SUPPORTED,source-scoped to approval-file facility code
APR|1305,concernsDam,DAM|HRFCO_APPROVAL|1004310,MR-04,SUPPORTED,source-scoped to approval-file facility code
APR|1306,concernsDam,DAM|HRFCO_APPROVAL|1017310,MR-04,SUPPORTED,source-scoped to approval-file facility code
APR|1307,concernsDam,DAM|HRFCO_APPROVAL|1004310,MR-04,SUPPORTED,source-scoped to approval-file facility code
APR|1308,concernsDam,DAM|HRFCO_APPROVAL|1004310,MR-04,SUPPORTED,source-scoped to approval-file facility code
APR|1309,concernsDam,DAM|HRFCO_APPROVAL|1004310,MR-04,SUPPORTED,source-scoped to approval-file facility code
APR|1310,concernsDam,DAM|HRFCO_APPROVAL|1004310,MR-04,SUPPORTED,source-scoped to approval-file facility code
APR|1311,concernsDam,DAM|HRFCO_APPROVAL|1017310,MR-04,SUPPORTED,source-scoped to approval-file facility code
APR|1312,concernsDam,DAM|HRFCO_APPROVAL|1004310,MR-04,SUPPORTED,source-scoped to approval-file facility code
APR|1313,concernsDam,DAM|HRFCO_APPROVAL|1017310,MR-04,SUPPORTED,source-scoped to approval-file facility code
APR|1314,concernsDam,DAM|HRFCO_APPROVAL|1017310,MR-04,SUPPORTED,source-scoped to approval-file facility code
APR|1315,concernsDam,DAM|HRFCO_APPROVAL|1017310,MR-04,SUPPORTED,source-scoped to approval-file facility code
APR|1316,concernsDam,DAM|HRFCO_APPROVAL|1017310,MR-04,SUPPORTED,source-scoped to approval-file facility code
APR|1317,concernsDam,DAM|HRFCO_APPROVAL|1015310,MR-04,SUPPORTED,source-scoped to approval-file facility code
APR|1318,concernsDam,DAM|HRFCO_APPROVAL|1017310,MR-04,SUPPORTED,source-scoped to approval-file facility code
APR|1319,concernsDam,DAM|HRFCO_APPROVAL|1017310,MR-04,SUPPORTED,source-scoped to approval-file facility code
APR|1320,concernsDam,DAM|HRFCO_APPROVAL|1015310,MR-04,SUPPORTED,source-scoped to approval-file facility code
APR|1321,concernsDam,DAM|HRFCO_APPROVAL|1017310,MR-04,SUPPORTED,source-scoped to approval-file facility code
APR|1322,concernsDam,DAM|HRFCO_APPROVAL|1017310,MR-04,SUPPORTED,source-scoped to approval-file facility code
APR|1323,concernsDam,DAM|HRFCO_APPROVAL|1015310,MR-04,SUPPORTED,source-scoped to approval-file facility code
APR|1324,concernsDam,DAM|HRFCO_APPROVAL|1017310,MR-04,SUPPORTED,source-scoped to approval-file facility code
APR|1325,concernsDam,DAM|HRFCO_APPROVAL|1015310,MR-04,SUPPORTED,source-scoped to approval-file facility code
APR|1326,concernsDam,DAM|HRFCO_APPROVAL|1015310,MR-04,SUPPORTED,source-scoped to approval-file facility code
APR|1327,concernsDam,DAM|HRFCO_APPROVAL|1017310,MR-04,SUPPORTED,source-scoped to approval-file facility code
APR|1328,concernsDam,DAM|HRFCO_APPROVAL|1017310,MR-04,SUPPORTED,source-scoped to approval-file facility code
APR|1329,concernsDam,DAM|HRFCO_APPROVAL|1015310,MR-04,SUPPORTED,source-scoped to approval-file facility code
APR|1330,concernsDam,DAM|HRFCO_APPROVAL|1013310,MR-04,SUPPORTED,source-scoped to approval-file facility code
APR|1331,concernsDam,DAM|HRFCO_APPROVAL|1017310,MR-04,SUPPORTED,source-scoped to approval-file facility code
APR|1332,concernsDam,DAM|HRFCO_APPROVAL|1015310,MR-04,SUPPORTED,source-scoped to approval-file facility code
APR|1333,concernsDam,DAM|HRFCO_APPROVAL|1010320,MR-04,SUPPORTED,source-scoped to approval-file facility code
APR|1334,concernsDam,DAM|HRFCO_APPROVAL|1013310,MR-04,SUPPORTED,source-scoped to approval-file facility code
APR|1335,concernsDam,DAM|HRFCO_APPROVAL|1015310,MR-04,SUPPORTED,source-scoped to approval-file facility code
APR|1336,concernsDam,DAM|HRFCO_APPROVAL|1017310,MR-04,SUPPORTED,source-scoped to approval-file facility code
APR|1337,concernsDam,DAM|HRFCO_APPROVAL|1015310,MR-04,SUPPORTED,source-scoped to approval-file facility code
APR|1338,concernsDam,DAM|HRFCO_APPROVAL|1017310,MR-04,SUPPORTED,source-scoped to approval-file facility code
APR|1339,concernsDam,DAM|HRFCO_APPROVAL|1015310,MR-04,SUPPORTED,source-scoped to approval-file facility code
APR|1340,concernsDam,DAM|HRFCO_APPROVAL|1010320,MR-04,SUPPORTED,source-scoped to approval-file facility code
APR|1341,concernsDam,DAM|HRFCO_APPROVAL|1017310,MR-04,SUPPORTED,source-scoped to approval-file facility code
APR|1342,concernsDam,DAM|HRFCO_APPROVAL|1015310,MR-04,SUPPORTED,source-scoped to approval-file facility code
APR|1343,concernsDam,DAM|HRFCO_APPROVAL|1010320,MR-04,SUPPORTED,source-scoped to approval-file facility code
APR|1344,concernsDam,DAM|HRFCO_APPROVAL|1013310,MR-04,SUPPORTED,source-scoped to approval-file facility code
APR|1345,concernsDam,DAM|HRFCO_APPROVAL|1015310,MR-04,SUPPORTED,source-scoped to approval-file facility code
APR|1346,concernsDam,DAM|HRFCO_APPROVAL|1013310,MR-04,SUPPORTED,source-scoped to approval-file facility code
APR|1347,concernsDam,DAM|HRFCO_APPROVAL|1010320,MR-04,SUPPORTED,source-scoped to approval-file facility code
APR|1348,concernsDam,DAM|HRFCO_APPROVAL|1010320,MR-04,SUPPORTED,source-scoped to approval-file facility code
APR|1349,concernsDam,DAM|HRFCO_APPROVAL|1017310,MR-04,SUPPORTED,source-scoped to approval-file facility code
APR|1350,concernsDam,DAM|HRFCO_APPROVAL|1015310,MR-04,SUPPORTED,source-scoped to approval-file facility code
APR|1351,concernsDam,DAM|HRFCO_APPROVAL|1013310,MR-04,SUPPORTED,source-scoped to approval-file facility code
APR|1352,concernsDam,DAM|HRFCO_APPROVAL|1004310,MR-04,SUPPORTED,source-scoped to approval-file facility code
APR|1353,concernsDam,DAM|HRFCO_APPROVAL|1017310,MR-04,SUPPORTED,source-scoped to approval-file facility code
APR|1354,concernsDam,DAM|HRFCO_APPROVAL|1015310,MR-04,SUPPORTED,source-scoped to approval-file facility code
APR|1355,concernsDam,DAM|HRFCO_APPROVAL|1004310,MR-04,SUPPORTED,source-scoped to approval-file facility code
APR|1356,concernsDam,DAM|HRFCO_APPROVAL|1013310,MR-04,SUPPORTED,source-scoped to approval-file facility code
APR|1357,concernsDam,DAM|HRFCO_APPROVAL|1010320,MR-04,SUPPORTED,source-scoped to approval-file facility code
APR|1358,concernsDam,DAM|HRFCO_APPROVAL|1004310,MR-04,SUPPORTED,source-scoped to approval-file facility code
APR|1359,concernsDam,DAM|HRFCO_APPROVAL|1004310,MR-04,SUPPORTED,source-scoped to approval-file facility code
APR|1360,concernsDam,DAM|HRFCO_APPROVAL|1017310,MR-04,SUPPORTED,source-scoped to approval-file facility code
APR|1361,concernsDam,DAM|HRFCO_APPROVAL|1015310,MR-04,SUPPORTED,source-scoped to approval-file facility code
APR|1362,concernsDam,DAM|HRFCO_APPROVAL|1004310,MR-04,SUPPORTED,source-scoped to approval-file facility code
APR|1363,concernsDam,DAM|HRFCO_APPROVAL|1015310,MR-04,SUPPORTED,source-scoped to approval-file facility code
APR|1364,concernsDam,DAM|HRFCO_APPROVAL|1017310,MR-04,SUPPORTED,source-scoped to approval-file facility code
APR|1365,concernsDam,DAM|HRFCO_APPROVAL|1004310,MR-04,SUPPORTED,source-scoped to approval-file facility code
APR|1366,concernsDam,DAM|HRFCO_APPROVAL|1017310,MR-04,SUPPORTED,source-scoped to approval-file facility code
APR|1367,concernsDam,DAM|HRFCO_APPROVAL|1017310,MR-04,SUPPORTED,source-scoped to approval-file facility code
APR|1368,concernsDam,DAM|HRFCO_APPROVAL|1003110,MR-04,SUPPORTED,source-scoped to approval-file facility code
APR|1369,concernsDam,DAM|HRFCO_APPROVAL|1006110,MR-04,SUPPORTED,source-scoped to approval-file facility code
APR|1370,concernsDam,DAM|HRFCO_APPROVAL|1004310,MR-04,SUPPORTED,source-scoped to approval-file facility code
APR|1371,concernsDam,DAM|HRFCO_APPROVAL|1017310,MR-04,SUPPORTED,source-scoped to approval-file facility code
APR|1372,concernsDam,DAM|HRFCO_APPROVAL|1017310,MR-04,SUPPORTED,source-scoped to approval-file facility code
APR|1373,concernsDam,DAM|HRFCO_APPROVAL|1017310,MR-04,SUPPORTED,source-scoped to approval-file facility code
APR|1374,concernsDam,DAM|HRFCO_APPROVAL|1017310,MR-04,SUPPORTED,source-scoped to approval-file facility code
APR|1375,concernsDam,DAM|HRFCO_APPROVAL|1004310,MR-04,SUPPORTED,source-scoped to approval-file facility code
APR|1376,concernsDam,DAM|HRFCO_APPROVAL|1017310,MR-04,SUPPORTED,source-scoped to approval-file facility code
APR|1377,concernsDam,DAM|HRFCO_APPROVAL|1004310,MR-04,SUPPORTED,source-scoped to approval-file facility code
APR|1378,concernsDam,DAM|HRFCO_APPROVAL|1017310,MR-04,SUPPORTED,source-scoped to approval-file facility code
APR|1379,concernsDam,DAM|HRFCO_APPROVAL|1004310,MR-04,SUPPORTED,source-scoped to approval-file facility code
APR|1380,concernsDam,DAM|HRFCO_APPROVAL|1017310,MR-04,SUPPORTED,source-scoped to approval-file facility code
APR|1381,concernsDam,DAM|HRFCO_APPROVAL|1017310,MR-04,SUPPORTED,source-scoped to approval-file facility code
APR|1382,concernsDam,DAM|HRFCO_APPROVAL|1004310,MR-04,SUPPORTED,source-scoped to approval-file facility code
APR|1383,concernsDam,DAM|HRFCO_APPROVAL|1017310,MR-04,SUPPORTED,source-scoped to approval-file facility code
APR|1384,concernsDam,DAM|HRFCO_APPROVAL|1004310,MR-04,SUPPORTED,source-scoped to approval-file facility code
APR|1385,concernsDam,DAM|HRFCO_APPROVAL|1017310,MR-04,SUPPORTED,source-scoped to approval-file facility code
APR|1386,concernsDam,DAM|HRFCO_APPROVAL|1004310,MR-04,SUPPORTED,source-scoped to approval-file facility code
APR|1387,concernsDam,DAM|HRFCO_APPROVAL|1017310,MR-04,SUPPORTED,source-scoped to approval-file facility code
APR|1388,concernsDam,DAM|HRFCO_APPROVAL|1004310,MR-04,SUPPORTED,source-scoped to approval-file facility code
APR|1389,concernsDam,DAM|HRFCO_APPROVAL|1017310,MR-04,SUPPORTED,source-scoped to approval-file facility code
APR|1390,concernsDam,DAM|HRFCO_APPROVAL|1004310,MR-04,SUPPORTED,source-scoped to approval-file facility code
APR|1391,concernsDam,DAM|HRFCO_APPROVAL|1003611,MR-04,SUPPORTED,source-scoped to approval-file facility code
APR|1392,concernsDam,DAM|HRFCO_APPROVAL|1004310,MR-04,SUPPORTED,source-scoped to approval-file facility code
APR|1393,concernsDam,DAM|HRFCO_APPROVAL|1004310,MR-04,SUPPORTED,source-scoped to approval-file facility code
APR|1394,concernsDam,DAM|HRFCO_APPROVAL|1017310,MR-04,SUPPORTED,source-scoped to approval-file facility code
APR|1395,concernsDam,DAM|HRFCO_APPROVAL|1004310,MR-04,SUPPORTED,source-scoped to approval-file facility code
APR|1396,concernsDam,DAM|HRFCO_APPROVAL|1017310,MR-04,SUPPORTED,source-scoped to approval-file facility code
APR|1397,concernsDam,DAM|HRFCO_APPROVAL|1004310,MR-04,SUPPORTED,source-scoped to approval-file facility code
APR|1398,concernsDam,DAM|HRFCO_APPROVAL|1017310,MR-04,SUPPORTED,source-scoped to approval-file facility code
APR|1399,concernsDam,DAM|HRFCO_APPROVAL|1017310,MR-04,SUPPORTED,source-scoped to approval-file facility code
APR|1400,concernsDam,DAM|HRFCO_APPROVAL|1004310,MR-04,SUPPORTED,source-scoped to approval-file facility code
APR|1401,concernsDam,DAM|HRFCO_APPROVAL|1017310,MR-04,SUPPORTED,source-scoped to approval-file facility code
APR|1402,concernsDam,DAM|HRFCO_APPROVAL|1017310,MR-04,SUPPORTED,source-scoped to approval-file facility code
APR|1403,concernsDam,DAM|HRFCO_APPROVAL|1017310,MR-04,SUPPORTED,source-scoped to approval-file facility code
APR|1404,concernsDam,DAM|HRFCO_APPROVAL|1004310,MR-04,SUPPORTED,source-scoped to approval-file facility code
APR|1405,concernsDam,DAM|HRFCO_APPROVAL|1017310,MR-04,SUPPORTED,source-scoped to approval-file facility code
APR|1406,concernsDam,DAM|HRFCO_APPROVAL|1017310,MR-04,SUPPORTED,source-scoped to approval-file facility code
APR|1407,concernsDam,DAM|HRFCO_APPROVAL|1004310,MR-04,SUPPORTED,source-scoped to approval-file facility code
APR|1408,concernsDam,DAM|HRFCO_APPROVAL|1017310,MR-04,SUPPORTED,source-scoped to approval-file facility code
APR|1409,concernsDam,DAM|HRFCO_APPROVAL|1017310,MR-04,SUPPORTED,source-scoped to approval-file facility code
APR|1410,concernsDam,DAM|HRFCO_APPROVAL|1017310,MR-04,SUPPORTED,source-scoped to approval-file facility code
APR|1411,concernsDam,DAM|HRFCO_APPROVAL|1004310,MR-04,SUPPORTED,source-scoped to approval-file facility code
APR|1412,concernsDam,DAM|HRFCO_APPROVAL|1004310,MR-04,SUPPORTED,source-scoped to approval-file facility code
APR|1413,concernsDam,DAM|HRFCO_APPROVAL|1017310,MR-04,SUPPORTED,source-scoped to approval-file facility code
APR|1414,concernsDam,DAM|HRFCO_APPROVAL|1004310,MR-04,SUPPORTED,source-scoped to approval-file facility code
APR|1415,concernsDam,DAM|HRFCO_APPROVAL|1004310,MR-04,SUPPORTED,source-scoped to approval-file facility code
APR|1416,concernsDam,DAM|HRFCO_APPROVAL|1017310,MR-04,SUPPORTED,source-scoped to approval-file facility code
APR|1417,concernsDam,DAM|HRFCO_APPROVAL|1004310,MR-04,SUPPORTED,source-scoped to approval-file facility code
APR|1418,concernsDam,DAM|HRFCO_APPROVAL|1017310,MR-04,SUPPORTED,source-scoped to approval-file facility code
APR|1419,concernsDam,DAM|HRFCO_APPROVAL|1004310,MR-04,SUPPORTED,source-scoped to approval-file facility code
APR|1420,concernsDam,DAM|HRFCO_APPROVAL|1017310,MR-04,SUPPORTED,source-scoped to approval-file facility code
APR|1421,concernsDam,DAM|HRFCO_APPROVAL|1017310,MR-04,SUPPORTED,source-scoped to approval-file facility code
APR|1422,concernsDam,DAM|HRFCO_APPROVAL|1004310,MR-04,SUPPORTED,source-scoped to approval-file facility code
APR|1423,concernsDam,DAM|HRFCO_APPROVAL|1004310,MR-04,SUPPORTED,source-scoped to approval-file facility code
APR|1424,concernsDam,DAM|HRFCO_APPROVAL|1017310,MR-04,SUPPORTED,source-scoped to approval-file facility code
APR|1425,concernsDam,DAM|HRFCO_APPROVAL|1004310,MR-04,SUPPORTED,source-scoped to approval-file facility code
APR|1426,concernsDam,DAM|HRFCO_APPROVAL|1017310,MR-04,SUPPORTED,source-scoped to approval-file facility code
APR|1427,concernsDam,DAM|HRFCO_APPROVAL|1004310,MR-04,SUPPORTED,source-scoped to approval-file facility code
APR|1428,concernsDam,DAM|HRFCO_APPROVAL|1017310,MR-04,SUPPORTED,source-scoped to approval-file facility code
APR|1429,concernsDam,DAM|HRFCO_APPROVAL|1017310,MR-04,SUPPORTED,source-scoped to approval-file facility code
APR|1430,concernsDam,DAM|HRFCO_APPROVAL|1017310,MR-04,SUPPORTED,source-scoped to approval-file facility code
APR|1431,concernsDam,DAM|HRFCO_APPROVAL|1004310,MR-04,SUPPORTED,source-scoped to approval-file facility code
APR|1432,concernsDam,DAM|HRFCO_APPROVAL|1017310,MR-04,SUPPORTED,source-scoped to approval-file facility code
APR|1433,concernsDam,DAM|HRFCO_APPROVAL|1017310,MR-04,SUPPORTED,source-scoped to approval-file facility code
APR|1434,concernsDam,DAM|HRFCO_APPROVAL|1004310,MR-04,SUPPORTED,source-scoped to approval-file facility code
APR|1435,concernsDam,DAM|HRFCO_APPROVAL|1017310,MR-04,SUPPORTED,source-scoped to approval-file facility code
APR|1436,concernsDam,DAM|HRFCO_APPROVAL|1004310,MR-04,SUPPORTED,source-scoped to approval-file facility code
APR|1437,concernsDam,DAM|HRFCO_APPROVAL|1017310,MR-04,SUPPORTED,source-scoped to approval-file facility code
APR|1438,concernsDam,DAM|HRFCO_APPROVAL|1017310,MR-04,SUPPORTED,source-scoped to approval-file facility code
APR|1439,concernsDam,DAM|HRFCO_APPROVAL|1004310,MR-04,SUPPORTED,source-scoped to approval-file facility code
APR|1440,concernsDam,DAM|HRFCO_APPROVAL|1017310,MR-04,SUPPORTED,source-scoped to approval-file facility code
APR|1441,concernsDam,DAM|HRFCO_APPROVAL|1017310,MR-04,SUPPORTED,source-scoped to approval-file facility code
APR|1442,concernsDam,DAM|HRFCO_APPROVAL|1017310,MR-04,SUPPORTED,source-scoped to approval-file facility code
APR|1443,concernsDam,DAM|HRFCO_APPROVAL|1004310,MR-04,SUPPORTED,source-scoped to approval-file facility code
APR|1444,concernsDam,DAM|HRFCO_APPROVAL|1004310,MR-04,SUPPORTED,source-scoped to approval-file facility code
APR|1445,concernsDam,DAM|HRFCO_APPROVAL|1003110,MR-04,SUPPORTED,source-scoped to approval-file facility code
APR|1446,concernsDam,DAM|HRFCO_APPROVAL|1006110,MR-04,SUPPORTED,source-scoped to approval-file facility code
APR|1447,concernsDam,DAM|HRFCO_APPROVAL|1017310,MR-04,SUPPORTED,source-scoped to approval-file facility code
APR|1448,concernsDam,DAM|HRFCO_APPROVAL|1017310,MR-04,SUPPORTED,source-scoped to approval-file facility code
APR|1449,concernsDam,DAM|HRFCO_APPROVAL|1017310,MR-04,SUPPORTED,source-scoped to approval-file facility code
APR|1450,concernsDam,DAM|HRFCO_APPROVAL|1004310,MR-04,SUPPORTED,source-scoped to approval-file facility code
APR|1451,concernsDam,DAM|HRFCO_APPROVAL|1004310,MR-04,SUPPORTED,source-scoped to approval-file facility code
APR|1452,concernsDam,DAM|HRFCO_APPROVAL|1017310,MR-04,SUPPORTED,source-scoped to approval-file facility code
APR|1453,concernsDam,DAM|HRFCO_APPROVAL|1004310,MR-04,SUPPORTED,source-scoped to approval-file facility code
APR|1454,concernsDam,DAM|HRFCO_APPROVAL|1017310,MR-04,SUPPORTED,source-scoped to approval-file facility code
APR|1455,concernsDam,DAM|HRFCO_APPROVAL|1017310,MR-04,SUPPORTED,source-scoped to approval-file facility code
APR|1456,concernsDam,DAM|HRFCO_APPROVAL|1004310,MR-04,SUPPORTED,source-scoped to approval-file facility code
APR|1457,concernsDam,DAM|HRFCO_APPROVAL|1017310,MR-04,SUPPORTED,source-scoped to approval-file facility code
APR|1458,concernsDam,DAM|HRFCO_APPROVAL|1004310,MR-04,SUPPORTED,source-scoped to approval-file facility code
APR|1459,concernsDam,DAM|HRFCO_APPROVAL|1017310,MR-04,SUPPORTED,source-scoped to approval-file facility code
APR|1460,concernsDam,DAM|HRFCO_APPROVAL|1004310,MR-04,SUPPORTED,source-scoped to approval-file facility code
APR|1461,concernsDam,DAM|HRFCO_APPROVAL|1017310,MR-04,SUPPORTED,source-scoped to approval-file facility code
APR|1462,concernsDam,DAM|HRFCO_APPROVAL|1017310,MR-04,SUPPORTED,source-scoped to approval-file facility code
APR|1463,concernsDam,DAM|HRFCO_APPROVAL|1017310,MR-04,SUPPORTED,source-scoped to approval-file facility code
APR|1464,concernsDam,DAM|HRFCO_APPROVAL|1004310,MR-04,SUPPORTED,source-scoped to approval-file facility code
APR|1465,concernsDam,DAM|HRFCO_APPROVAL|1004310,MR-04,SUPPORTED,source-scoped to approval-file facility code
APR|1466,concernsDam,DAM|HRFCO_APPROVAL|1004310,MR-04,SUPPORTED,source-scoped to approval-file facility code
APR|1467,concernsDam,DAM|HRFCO_APPROVAL|1017310,MR-04,SUPPORTED,source-scoped to approval-file facility code
APR|1468,concernsDam,DAM|HRFCO_APPROVAL|1017310,MR-04,SUPPORTED,source-scoped to approval-file facility code
APR|1469,concernsDam,DAM|HRFCO_APPROVAL|1017310,MR-04,SUPPORTED,source-scoped to approval-file facility code
APR|1470,concernsDam,DAM|HRFCO_APPROVAL|1017310,MR-04,SUPPORTED,source-scoped to approval-file facility code
APR|1471,concernsDam,DAM|HRFCO_APPROVAL|1013310,MR-04,SUPPORTED,source-scoped to approval-file facility code
APR|1472,concernsDam,DAM|HRFCO_APPROVAL|1004310,MR-04,SUPPORTED,source-scoped to approval-file facility code
APR|1473,concernsDam,DAM|HRFCO_APPROVAL|1004310,MR-04,SUPPORTED,source-scoped to approval-file facility code
APR|1474,concernsDam,DAM|HRFCO_APPROVAL|1004310,MR-04,SUPPORTED,source-scoped to approval-file facility code
APR|1475,concernsDam,DAM|HRFCO_APPROVAL|1004310,MR-04,SUPPORTED,source-scoped to approval-file facility code
APR|1476,concernsDam,DAM|HRFCO_APPROVAL|1004310,MR-04,SUPPORTED,source-scoped to approval-file facility code
APR|1477,concernsDam,DAM|HRFCO_APPROVAL|1004310,MR-04,SUPPORTED,source-scoped to approval-file facility code
APR|1478,concernsDam,DAM|HRFCO_APPROVAL|1017310,MR-04,SUPPORTED,source-scoped to approval-file facility code
APR|1479,concernsDam,DAM|HRFCO_APPROVAL|1004310,MR-04,SUPPORTED,source-scoped to approval-file facility code
APR|1480,concernsDam,DAM|HRFCO_APPROVAL|1017310,MR-04,SUPPORTED,source-scoped to approval-file facility code
APR|1481,concernsDam,DAM|HRFCO_APPROVAL|1004310,MR-04,SUPPORTED,source-scoped to approval-file facility code
APR|1482,concernsDam,DAM|HRFCO_APPROVAL|1017310,MR-04,SUPPORTED,source-scoped to approval-file facility code
APR|1483,concernsDam,DAM|HRFCO_APPROVAL|1004310,MR-04,SUPPORTED,source-scoped to approval-file facility code
APR|1484,concernsDam,DAM|HRFCO_APPROVAL|1017310,MR-04,SUPPORTED,source-scoped to approval-file facility code
APR|1485,concernsDam,DAM|HRFCO_APPROVAL|1017310,MR-04,SUPPORTED,source-scoped to approval-file facility code
APR|1486,concernsDam,DAM|HRFCO_APPROVAL|1017310,MR-04,SUPPORTED,source-scoped to approval-file facility code
APR|1487,concernsDam,DAM|HRFCO_APPROVAL|1017310,MR-04,SUPPORTED,source-scoped to approval-file facility code
APR|1488,concernsDam,DAM|HRFCO_APPROVAL|1017310,MR-04,SUPPORTED,source-scoped to approval-file facility code
APR|1489,concernsDam,DAM|HRFCO_APPROVAL|1004310,MR-04,SUPPORTED,source-scoped to approval-file facility code
APR|1490,concernsDam,DAM|HRFCO_APPROVAL|1004310,MR-04,SUPPORTED,source-scoped to approval-file facility code
APR|1491,concernsDam,DAM|HRFCO_APPROVAL|1004310,MR-04,SUPPORTED,source-scoped to approval-file facility code
APR|1492,concernsDam,DAM|HRFCO_APPROVAL|1007801,MR-04,SUPPORTED,source-scoped to approval-file facility code
APR|1493,concernsDam,DAM|HRFCO_APPROVAL|1007802,MR-04,SUPPORTED,source-scoped to approval-file facility code
APR|1494,concernsDam,DAM|HRFCO_APPROVAL|1007803,MR-04,SUPPORTED,source-scoped to approval-file facility code
APR|1495,concernsDam,DAM|HRFCO_APPROVAL|1004310,MR-04,SUPPORTED,source-scoped to approval-file facility code
APR|1496,concernsDam,DAM|HRFCO_APPROVAL|1004310,MR-04,SUPPORTED,source-scoped to approval-file facility code
APR|1497,concernsDam,DAM|HRFCO_APPROVAL|1004310,MR-04,SUPPORTED,source-scoped to approval-file facility code
APR|1498,concernsDam,DAM|HRFCO_APPROVAL|1004310,MR-04,SUPPORTED,source-scoped to approval-file facility code
APR|1499,concernsDam,DAM|HRFCO_APPROVAL|1017310,MR-04,SUPPORTED,source-scoped to approval-file facility code
APR|1500,concernsDam,DAM|HRFCO_APPROVAL|1017310,MR-04,SUPPORTED,source-scoped to approval-file facility code
APR|1501,concernsDam,DAM|HRFCO_APPROVAL|1017310,MR-04,SUPPORTED,source-scoped to approval-file facility code
APR|1502,concernsDam,DAM|HRFCO_APPROVAL|1017310,MR-04,SUPPORTED,source-scoped to approval-file facility code
APR|1503,concernsDam,DAM|HRFCO_APPROVAL|1004310,MR-04,SUPPORTED,source-scoped to approval-file facility code
APR|1504,concernsDam,DAM|HRFCO_APPROVAL|1004310,MR-04,SUPPORTED,source-scoped to approval-file facility code
APR|1505,concernsDam,DAM|HRFCO_APPROVAL|1017310,MR-04,SUPPORTED,source-scoped to approval-file facility code
APR|1506,concernsDam,DAM|HRFCO_APPROVAL|1017310,MR-04,SUPPORTED,source-scoped to approval-file facility code
APR|1507,concernsDam,DAM|HRFCO_APPROVAL|1004310,MR-04,SUPPORTED,source-scoped to approval-file facility code
APR|1508,concernsDam,DAM|HRFCO_APPROVAL|1017310,MR-04,SUPPORTED,source-scoped to approval-file facility code
APR|1509,concernsDam,DAM|HRFCO_APPROVAL|1004310,MR-04,SUPPORTED,source-scoped to approval-file facility code
APR|1510,concernsDam,DAM|HRFCO_APPROVAL|1004310,MR-04,SUPPORTED,source-scoped to approval-file facility code
APR|1511,concernsDam,DAM|HRFCO_APPROVAL|1004310,MR-04,SUPPORTED,source-scoped to approval-file facility code
APR|1512,concernsDam,DAM|HRFCO_APPROVAL|1007801,MR-04,SUPPORTED,source-scoped to approval-file facility code
APR|1513,concernsDam,DAM|HRFCO_APPROVAL|1007802,MR-04,SUPPORTED,source-scoped to approval-file facility code
APR|1514,concernsDam,DAM|HRFCO_APPROVAL|1007803,MR-04,SUPPORTED,source-scoped to approval-file facility code
APR|1515,concernsDam,DAM|HRFCO_APPROVAL|1004310,MR-04,SUPPORTED,source-scoped to approval-file facility code
APR|1516,concernsDam,DAM|HRFCO_APPROVAL|1004310,MR-04,SUPPORTED,source-scoped to approval-file facility code
APR|1517,concernsDam,DAM|HRFCO_APPROVAL|1004310,MR-04,SUPPORTED,source-scoped to approval-file facility code
APR|1518,concernsDam,DAM|HRFCO_APPROVAL|1004310,MR-04,SUPPORTED,source-scoped to approval-file facility code
APR|1519,concernsDam,DAM|HRFCO_APPROVAL|1004310,MR-04,SUPPORTED,source-scoped to approval-file facility code
APR|1520,concernsDam,DAM|HRFCO_APPROVAL|1004310,MR-04,SUPPORTED,source-scoped to approval-file facility code
APR|1521,concernsDam,DAM|HRFCO_APPROVAL|1004310,MR-04,SUPPORTED,source-scoped to approval-file facility code
APR|1522,concernsDam,DAM|HRFCO_APPROVAL|1004310,MR-04,SUPPORTED,source-scoped to approval-file facility code
APR|1523,concernsDam,DAM|HRFCO_APPROVAL|1017310,MR-04,SUPPORTED,source-scoped to approval-file facility code
APR|1524,concernsDam,DAM|HRFCO_APPROVAL|1015310,MR-04,SUPPORTED,source-scoped to approval-file facility code
APR|1525,concernsDam,DAM|HRFCO_APPROVAL|1013310,MR-04,SUPPORTED,source-scoped to approval-file facility code
APR|1526,concernsDam,DAM|HRFCO_APPROVAL|1010320,MR-04,SUPPORTED,source-scoped to approval-file facility code
APR|1527,concernsDam,DAM|HRFCO_APPROVAL|1017310,MR-04,SUPPORTED,source-scoped to approval-file facility code
APR|1528,concernsDam,DAM|HRFCO_APPROVAL|1015310,MR-04,SUPPORTED,source-scoped to approval-file facility code
APR|1529,concernsDam,DAM|HRFCO_APPROVAL|1013310,MR-04,SUPPORTED,source-scoped to approval-file facility code
APR|1530,concernsDam,DAM|HRFCO_APPROVAL|1010320,MR-04,SUPPORTED,source-scoped to approval-file facility code
APR|1531,concernsDam,DAM|HRFCO_APPROVAL|1017310,MR-04,SUPPORTED,source-scoped to approval-file facility code
APR|1532,concernsDam,DAM|HRFCO_APPROVAL|1015310,MR-04,SUPPORTED,source-scoped to approval-file facility code
APR|1533,concernsDam,DAM|HRFCO_APPROVAL|1013310,MR-04,SUPPORTED,source-scoped to approval-file facility code
APR|1534,concernsDam,DAM|HRFCO_APPROVAL|1010320,MR-04,SUPPORTED,source-scoped to approval-file facility code
APR|1535,concernsDam,DAM|HRFCO_APPROVAL|1017310,MR-04,SUPPORTED,source-scoped to approval-file facility code
APR|1536,concernsDam,DAM|HRFCO_APPROVAL|1010320,MR-04,SUPPORTED,source-scoped to approval-file facility code
APR|1537,concernsDam,DAM|HRFCO_APPROVAL|1015310,MR-04,SUPPORTED,source-scoped to approval-file facility code
APR|1538,concernsDam,DAM|HRFCO_APPROVAL|1013310,MR-04,SUPPORTED,source-scoped to approval-file facility code
APR|1539,concernsDam,DAM|HRFCO_APPROVAL|1017310,MR-04,SUPPORTED,source-scoped to approval-file facility code
APR|1540,concernsDam,DAM|HRFCO_APPROVAL|1015310,MR-04,SUPPORTED,source-scoped to approval-file facility code
APR|1541,concernsDam,DAM|HRFCO_APPROVAL|1013310,MR-04,SUPPORTED,source-scoped to approval-file facility code
APR|1542,concernsDam,DAM|HRFCO_APPROVAL|1010320,MR-04,SUPPORTED,source-scoped to approval-file facility code
APR|1543,concernsDam,DAM|HRFCO_APPROVAL|1010320,MR-04,SUPPORTED,source-scoped to approval-file facility code
APR|1544,concernsDam,DAM|HRFCO_APPROVAL|1013310,MR-04,SUPPORTED,source-scoped to approval-file facility code
APR|1545,concernsDam,DAM|HRFCO_APPROVAL|1013310,MR-04,SUPPORTED,source-scoped to approval-file facility code
APR|1546,concernsDam,DAM|HRFCO_APPROVAL|1015310,MR-04,SUPPORTED,source-scoped to approval-file facility code
APR|1547,concernsDam,DAM|HRFCO_APPROVAL|1017310,MR-04,SUPPORTED,source-scoped to approval-file facility code
APR|1548,concernsDam,DAM|HRFCO_APPROVAL|1015310,MR-04,SUPPORTED,source-scoped to approval-file facility code
APR|1549,concernsDam,DAM|HRFCO_APPROVAL|1010320,MR-04,SUPPORTED,source-scoped to approval-file facility code
APR|1550,concernsDam,DAM|HRFCO_APPROVAL|1004310,MR-04,SUPPORTED,source-scoped to approval-file facility code
APR|1551,concernsDam,DAM|HRFCO_APPROVAL|1004310,MR-04,SUPPORTED,source-scoped to approval-file facility code
APR|1552,concernsDam,DAM|HRFCO_APPROVAL|1017310,MR-04,SUPPORTED,source-scoped to approval-file facility code
APR|1553,concernsDam,DAM|HRFCO_APPROVAL|1015310,MR-04,SUPPORTED,source-scoped to approval-file facility code
APR|1554,concernsDam,DAM|HRFCO_APPROVAL|1004310,MR-04,SUPPORTED,source-scoped to approval-file facility code
APR|1555,concernsDam,DAM|HRFCO_APPROVAL|1004310,MR-04,SUPPORTED,source-scoped to approval-file facility code
APR|1556,concernsDam,DAM|HRFCO_APPROVAL|1015310,MR-04,SUPPORTED,source-scoped to approval-file facility code
APR|1557,concernsDam,DAM|HRFCO_APPROVAL|1017310,MR-04,SUPPORTED,source-scoped to approval-file facility code
APR|1558,concernsDam,DAM|HRFCO_APPROVAL|1010320,MR-04,SUPPORTED,source-scoped to approval-file facility code
APR|1559,concernsDam,DAM|HRFCO_APPROVAL|1013310,MR-04,SUPPORTED,source-scoped to approval-file facility code
APR|1560,concernsDam,DAM|HRFCO_APPROVAL|1017310,MR-04,SUPPORTED,source-scoped to approval-file facility code
APR|1561,concernsDam,DAM|HRFCO_APPROVAL|1015310,MR-04,SUPPORTED,source-scoped to approval-file facility code
APR|1562,concernsDam,DAM|HRFCO_APPROVAL|1015310,MR-04,SUPPORTED,source-scoped to approval-file facility code
APR|1563,concernsDam,DAM|HRFCO_APPROVAL|1017310,MR-04,SUPPORTED,source-scoped to approval-file facility code
APR|1564,concernsDam,DAM|HRFCO_APPROVAL|1010320,MR-04,SUPPORTED,source-scoped to approval-file facility code
APR|1565,concernsDam,DAM|HRFCO_APPROVAL|1013310,MR-04,SUPPORTED,source-scoped to approval-file facility code
APR|1566,concernsDam,DAM|HRFCO_APPROVAL|1015310,MR-04,SUPPORTED,source-scoped to approval-file facility code
APR|1567,concernsDam,DAM|HRFCO_APPROVAL|1017310,MR-04,SUPPORTED,source-scoped to approval-file facility code
APR|1568,concernsDam,DAM|HRFCO_APPROVAL|1015310,MR-04,SUPPORTED,source-scoped to approval-file facility code
APR|1569,concernsDam,DAM|HRFCO_APPROVAL|1013310,MR-04,SUPPORTED,source-scoped to approval-file facility code
APR|1570,concernsDam,DAM|HRFCO_APPROVAL|1010320,MR-04,SUPPORTED,source-scoped to approval-file facility code
APR|1571,concernsDam,DAM|HRFCO_APPROVAL|1010320,MR-04,SUPPORTED,source-scoped to approval-file facility code
APR|1572,concernsDam,DAM|HRFCO_APPROVAL|1017310,MR-04,SUPPORTED,source-scoped to approval-file facility code
APR|1573,concernsDam,DAM|HRFCO_APPROVAL|1015310,MR-04,SUPPORTED,source-scoped to approval-file facility code
APR|1574,concernsDam,DAM|HRFCO_APPROVAL|1017310,MR-04,SUPPORTED,source-scoped to approval-file facility code
APR|1575,concernsDam,DAM|HRFCO_APPROVAL|1015310,MR-04,SUPPORTED,source-scoped to approval-file facility code
APR|1576,concernsDam,DAM|HRFCO_APPROVAL|1017310,MR-04,SUPPORTED,source-scoped to approval-file facility code
APR|1577,concernsDam,DAM|HRFCO_APPROVAL|1017310,MR-04,SUPPORTED,source-scoped to approval-file facility code
APR|1578,concernsDam,DAM|HRFCO_APPROVAL|1015310,MR-04,SUPPORTED,source-scoped to approval-file facility code
APR|1579,concernsDam,DAM|HRFCO_APPROVAL|1017310,MR-04,SUPPORTED,source-scoped to approval-file facility code
APR|1580,concernsDam,DAM|HRFCO_APPROVAL|1006110,MR-04,SUPPORTED,source-scoped to approval-file facility code
APR|1581,concernsDam,DAM|HRFCO_APPROVAL|1015310,MR-04,SUPPORTED,source-scoped to approval-file facility code
APR|1582,concernsDam,DAM|HRFCO_APPROVAL|1013310,MR-04,SUPPORTED,source-scoped to approval-file facility code
APR|1583,concernsDam,DAM|HRFCO_APPROVAL|1010320,MR-04,SUPPORTED,source-scoped to approval-file facility code
APR|1584,concernsDam,DAM|HRFCO_APPROVAL|1015310,MR-04,SUPPORTED,source-scoped to approval-file facility code
APR|1585,concernsDam,DAM|HRFCO_APPROVAL|1017310,MR-04,SUPPORTED,source-scoped to approval-file facility code
APR|1586,concernsDam,DAM|HRFCO_APPROVAL|1015310,MR-04,SUPPORTED,source-scoped to approval-file facility code
APR|1587,concernsDam,DAM|HRFCO_APPROVAL|1017310,MR-04,SUPPORTED,source-scoped to approval-file facility code
APR|1588,concernsDam,DAM|HRFCO_APPROVAL|1015310,MR-04,SUPPORTED,source-scoped to approval-file facility code
APR|1589,concernsDam,DAM|HRFCO_APPROVAL|1013310,MR-04,SUPPORTED,source-scoped to approval-file facility code
APR|1590,concernsDam,DAM|HRFCO_APPROVAL|1013310,MR-04,SUPPORTED,source-scoped to approval-file facility code
APR|1591,concernsDam,DAM|HRFCO_APPROVAL|1010320,MR-04,SUPPORTED,source-scoped to approval-file facility code
APR|1592,concernsDam,DAM|HRFCO_APPROVAL|1015310,MR-04,SUPPORTED,source-scoped to approval-file facility code
APR|1593,concernsDam,DAM|HRFCO_APPROVAL|1013310,MR-04,SUPPORTED,source-scoped to approval-file facility code
APR|1594,concernsDam,DAM|HRFCO_APPROVAL|1010320,MR-04,SUPPORTED,source-scoped to approval-file facility code
APR|1595,concernsDam,DAM|HRFCO_APPROVAL|1010320,MR-04,SUPPORTED,source-scoped to approval-file facility code
APR|1596,concernsDam,DAM|HRFCO_APPROVAL|1013310,MR-04,SUPPORTED,source-scoped to approval-file facility code
APR|1597,concernsDam,DAM|HRFCO_APPROVAL|1010320,MR-04,SUPPORTED,source-scoped to approval-file facility code
APR|1598,concernsDam,DAM|HRFCO_APPROVAL|1013310,MR-04,SUPPORTED,source-scoped to approval-file facility code
APR|1599,concernsDam,DAM|HRFCO_APPROVAL|1013310,MR-04,SUPPORTED,source-scoped to approval-file facility code
APR|1600,concernsDam,DAM|HRFCO_APPROVAL|1010320,MR-04,SUPPORTED,source-scoped to approval-file facility code
APR|1601,concernsDam,DAM|HRFCO_APPROVAL|1015310,MR-04,SUPPORTED,source-scoped to approval-file facility code
APR|1602,concernsDam,DAM|HRFCO_APPROVAL|1017310,MR-04,SUPPORTED,source-scoped to approval-file facility code
APR|1603,concernsDam,DAM|HRFCO_APPROVAL|1015310,MR-04,SUPPORTED,source-scoped to approval-file facility code
APR|1604,concernsDam,DAM|HRFCO_APPROVAL|1013310,MR-04,SUPPORTED,source-scoped to approval-file facility code
APR|1605,concernsDam,DAM|HRFCO_APPROVAL|1010320,MR-04,SUPPORTED,source-scoped to approval-file facility code
APR|1606,concernsDam,DAM|HRFCO_APPROVAL|1017310,MR-04,SUPPORTED,source-scoped to approval-file facility code
APR|1607,concernsDam,DAM|HRFCO_APPROVAL|1015310,MR-04,SUPPORTED,source-scoped to approval-file facility code
APR|1608,concernsDam,DAM|HRFCO_APPROVAL|1010320,MR-04,SUPPORTED,source-scoped to approval-file facility code
APR|1609,concernsDam,DAM|HRFCO_APPROVAL|1010310,MR-04,SUPPORTED,source-scoped to approval-file facility code
APR|1610,concernsDam,DAM|HRFCO_APPROVAL|1013310,MR-04,SUPPORTED,source-scoped to approval-file facility code
APR|1611,concernsDam,DAM|HRFCO_APPROVAL|1010320,MR-04,SUPPORTED,source-scoped to approval-file facility code
APR|1612,concernsDam,DAM|HRFCO_APPROVAL|1004310,MR-04,SUPPORTED,source-scoped to approval-file facility code
APR|1613,concernsDam,DAM|HRFCO_APPROVAL|1010320,MR-04,SUPPORTED,source-scoped to approval-file facility code
APR|1614,concernsDam,DAM|HRFCO_APPROVAL|1013310,MR-04,SUPPORTED,source-scoped to approval-file facility code
APR|1615,concernsDam,DAM|HRFCO_APPROVAL|1017310,MR-04,SUPPORTED,source-scoped to approval-file facility code
APR|1616,concernsDam,DAM|HRFCO_APPROVAL|1015310,MR-04,SUPPORTED,source-scoped to approval-file facility code
APR|1617,concernsDam,DAM|HRFCO_APPROVAL|1013310,MR-04,SUPPORTED,source-scoped to approval-file facility code
APR|1618,concernsDam,DAM|HRFCO_APPROVAL|1017310,MR-04,SUPPORTED,source-scoped to approval-file facility code
APR|1619,concernsDam,DAM|HRFCO_APPROVAL|1010320,MR-04,SUPPORTED,source-scoped to approval-file facility code
APR|1620,concernsDam,DAM|HRFCO_APPROVAL|1010310,MR-04,SUPPORTED,source-scoped to approval-file facility code
APR|1621,concernsDam,DAM|HRFCO_APPROVAL|1004310,MR-04,SUPPORTED,source-scoped to approval-file facility code
APR|1622,concernsDam,DAM|HRFCO_APPROVAL|1015310,MR-04,SUPPORTED,source-scoped to approval-file facility code
APR|1623,concernsDam,DAM|HRFCO_APPROVAL|1010310,MR-04,SUPPORTED,source-scoped to approval-file facility code
APR|1624,concernsDam,DAM|HRFCO_APPROVAL|1013310,MR-04,SUPPORTED,source-scoped to approval-file facility code
APR|1625,concernsDam,DAM|HRFCO_APPROVAL|1015310,MR-04,SUPPORTED,source-scoped to approval-file facility code
APR|1626,concernsDam,DAM|HRFCO_APPROVAL|1017310,MR-04,SUPPORTED,source-scoped to approval-file facility code
APR|1627,concernsDam,DAM|HRFCO_APPROVAL|1010310,MR-04,SUPPORTED,source-scoped to approval-file facility code
APR|1628,concernsDam,DAM|HRFCO_APPROVAL|1017310,MR-04,SUPPORTED,source-scoped to approval-file facility code
APR|1629,concernsDam,DAM|HRFCO_APPROVAL|1004310,MR-04,SUPPORTED,source-scoped to approval-file facility code
APR|1630,concernsDam,DAM|HRFCO_APPROVAL|1015310,MR-04,SUPPORTED,source-scoped to approval-file facility code
APR|1631,concernsDam,DAM|HRFCO_APPROVAL|1013310,MR-04,SUPPORTED,source-scoped to approval-file facility code
APR|1632,concernsDam,DAM|HRFCO_APPROVAL|1010320,MR-04,SUPPORTED,source-scoped to approval-file facility code
APR|1633,concernsDam,DAM|HRFCO_APPROVAL|1010320,MR-04,SUPPORTED,source-scoped to approval-file facility code
APR|1634,concernsDam,DAM|HRFCO_APPROVAL|1017310,MR-04,SUPPORTED,source-scoped to approval-file facility code
APR|1635,concernsDam,DAM|HRFCO_APPROVAL|1013310,MR-04,SUPPORTED,source-scoped to approval-file facility code
APR|1636,concernsDam,DAM|HRFCO_APPROVAL|1013310,MR-04,SUPPORTED,source-scoped to approval-file facility code
APR|1637,concernsDam,DAM|HRFCO_APPROVAL|1010320,MR-04,SUPPORTED,source-scoped to approval-file facility code
APR|1638,concernsDam,DAM|HRFCO_APPROVAL|1017310,MR-04,SUPPORTED,source-scoped to approval-file facility code
APR|1639,concernsDam,DAM|HRFCO_APPROVAL|1015310,MR-04,SUPPORTED,source-scoped to approval-file facility code
APR|1640,concernsDam,DAM|HRFCO_APPROVAL|1010320,MR-04,SUPPORTED,source-scoped to approval-file facility code
APR|1641,concernsDam,DAM|HRFCO_APPROVAL|1017310,MR-04,SUPPORTED,source-scoped to approval-file facility code
APR|1642,concernsDam,DAM|HRFCO_APPROVAL|1010320,MR-04,SUPPORTED,source-scoped to approval-file facility code
APR|1643,concernsDam,DAM|HRFCO_APPROVAL|1013310,MR-04,SUPPORTED,source-scoped to approval-file facility code
APR|1644,concernsDam,DAM|HRFCO_APPROVAL|1013310,MR-04,SUPPORTED,source-scoped to approval-file facility code
APR|1645,concernsDam,DAM|HRFCO_APPROVAL|1015310,MR-04,SUPPORTED,source-scoped to approval-file facility code
APR|1646,concernsDam,DAM|HRFCO_APPROVAL|1017310,MR-04,SUPPORTED,source-scoped to approval-file facility code
APR|1647,concernsDam,DAM|HRFCO_APPROVAL|1015310,MR-04,SUPPORTED,source-scoped to approval-file facility code
APR|1648,concernsDam,DAM|HRFCO_APPROVAL|1013310,MR-04,SUPPORTED,source-scoped to approval-file facility code
APR|1649,concernsDam,DAM|HRFCO_APPROVAL|1013310,MR-04,SUPPORTED,source-scoped to approval-file facility code
APR|1650,concernsDam,DAM|HRFCO_APPROVAL|1017310,MR-04,SUPPORTED,source-scoped to approval-file facility code
APR|1651,concernsDam,DAM|HRFCO_APPROVAL|1015310,MR-04,SUPPORTED,source-scoped to approval-file facility code
APR|1652,concernsDam,DAM|HRFCO_APPROVAL|1013310,MR-04,SUPPORTED,source-scoped to approval-file facility code
APR|1653,concernsDam,DAM|HRFCO_APPROVAL|1010320,MR-04,SUPPORTED,source-scoped to approval-file facility code
APR|1654,concernsDam,DAM|HRFCO_APPROVAL|1010310,MR-04,SUPPORTED,source-scoped to approval-file facility code
APR|1655,concernsDam,DAM|HRFCO_APPROVAL|1017310,MR-04,SUPPORTED,source-scoped to approval-file facility code
APR|1656,concernsDam,DAM|HRFCO_APPROVAL|1015310,MR-04,SUPPORTED,source-scoped to approval-file facility code
APR|1657,concernsDam,DAM|HRFCO_APPROVAL|1017310,MR-04,SUPPORTED,source-scoped to approval-file facility code
APR|1658,concernsDam,DAM|HRFCO_APPROVAL|1015310,MR-04,SUPPORTED,source-scoped to approval-file facility code
APR|1659,concernsDam,DAM|HRFCO_APPROVAL|1013310,MR-04,SUPPORTED,source-scoped to approval-file facility code
APR|1660,concernsDam,DAM|HRFCO_APPROVAL|1013310,MR-04,SUPPORTED,source-scoped to approval-file facility code
APR|1661,concernsDam,DAM|HRFCO_APPROVAL|1010320,MR-04,SUPPORTED,source-scoped to approval-file facility code
APR|1662,concernsDam,DAM|HRFCO_APPROVAL|1010310,MR-04,SUPPORTED,source-scoped to approval-file facility code
APR|1663,concernsDam,DAM|HRFCO_APPROVAL|1017310,MR-04,SUPPORTED,source-scoped to approval-file facility code
APR|1664,concernsDam,DAM|HRFCO_APPROVAL|1010320,MR-04,SUPPORTED,source-scoped to approval-file facility code
APR|1665,concernsDam,DAM|HRFCO_APPROVAL|1017310,MR-04,SUPPORTED,source-scoped to approval-file facility code
APR|1666,concernsDam,DAM|HRFCO_APPROVAL|1015310,MR-04,SUPPORTED,source-scoped to approval-file facility code
APR|1667,concernsDam,DAM|HRFCO_APPROVAL|1013310,MR-04,SUPPORTED,source-scoped to approval-file facility code
APR|1668,concernsDam,DAM|HRFCO_APPROVAL|1010320,MR-04,SUPPORTED,source-scoped to approval-file facility code
APR|1669,concernsDam,DAM|HRFCO_APPROVAL|1006110,MR-04,SUPPORTED,source-scoped to approval-file facility code
APR|1670,concernsDam,DAM|HRFCO_APPROVAL|1006110,MR-04,SUPPORTED,source-scoped to approval-file facility code
APR|1671,concernsDam,DAM|HRFCO_APPROVAL|1017310,MR-04,SUPPORTED,source-scoped to approval-file facility code
APR|1672,concernsDam,DAM|HRFCO_APPROVAL|1015310,MR-04,SUPPORTED,source-scoped to approval-file facility code
APR|1673,concernsDam,DAM|HRFCO_APPROVAL|1013310,MR-04,SUPPORTED,source-scoped to approval-file facility code
APR|1674,concernsDam,DAM|HRFCO_APPROVAL|1010320,MR-04,SUPPORTED,source-scoped to approval-file facility code
APR|1675,concernsDam,DAM|HRFCO_APPROVAL|1015310,MR-04,SUPPORTED,source-scoped to approval-file facility code
APR|1676,concernsDam,DAM|HRFCO_APPROVAL|1013310,MR-04,SUPPORTED,source-scoped to approval-file facility code
APR|1677,concernsDam,DAM|HRFCO_APPROVAL|1017310,MR-04,SUPPORTED,source-scoped to approval-file facility code
APR|1678,concernsDam,DAM|HRFCO_APPROVAL|1015310,MR-04,SUPPORTED,source-scoped to approval-file facility code
APR|1679,concernsDam,DAM|HRFCO_APPROVAL|1013310,MR-04,SUPPORTED,source-scoped to approval-file facility code
APR|1680,concernsDam,DAM|HRFCO_APPROVAL|1010320,MR-04,SUPPORTED,source-scoped to approval-file facility code
APR|1681,concernsDam,DAM|HRFCO_APPROVAL|1015310,MR-04,SUPPORTED,source-scoped to approval-file facility code
APR|1682,concernsDam,DAM|HRFCO_APPROVAL|1013310,MR-04,SUPPORTED,source-scoped to approval-file facility code
APR|1683,concernsDam,DAM|HRFCO_APPROVAL|1017310,MR-04,SUPPORTED,source-scoped to approval-file facility code
APR|1684,concernsDam,DAM|HRFCO_APPROVAL|1015310,MR-04,SUPPORTED,source-scoped to approval-file facility code
APR|1685,concernsDam,DAM|HRFCO_APPROVAL|1010320,MR-04,SUPPORTED,source-scoped to approval-file facility code
APR|1686,concernsDam,DAM|HRFCO_APPROVAL|1013310,MR-04,SUPPORTED,source-scoped to approval-file facility code
APR|1687,concernsDam,DAM|HRFCO_APPROVAL|1006110,MR-04,SUPPORTED,source-scoped to approval-file facility code
APR|1688,concernsDam,DAM|HRFCO_APPROVAL|1015310,MR-04,SUPPORTED,source-scoped to approval-file facility code
APR|1689,concernsDam,DAM|HRFCO_APPROVAL|1013310,MR-04,SUPPORTED,source-scoped to approval-file facility code
APR|1690,concernsDam,DAM|HRFCO_APPROVAL|1015310,MR-04,SUPPORTED,source-scoped to approval-file facility code
APR|1691,concernsDam,DAM|HRFCO_APPROVAL|1013310,MR-04,SUPPORTED,source-scoped to approval-file facility code
APR|1692,concernsDam,DAM|HRFCO_APPROVAL|1010320,MR-04,SUPPORTED,source-scoped to approval-file facility code
APR|1693,concernsDam,DAM|HRFCO_APPROVAL|1017310,MR-04,SUPPORTED,source-scoped to approval-file facility code
APR|1694,concernsDam,DAM|HRFCO_APPROVAL|1015310,MR-04,SUPPORTED,source-scoped to approval-file facility code
APR|1695,concernsDam,DAM|HRFCO_APPROVAL|1015310,MR-04,SUPPORTED,source-scoped to approval-file facility code
APR|1696,concernsDam,DAM|HRFCO_APPROVAL|1017310,MR-04,SUPPORTED,source-scoped to approval-file facility code
APR|1697,concernsDam,DAM|HRFCO_APPROVAL|1015310,MR-04,SUPPORTED,source-scoped to approval-file facility code
APR|1698,concernsDam,DAM|HRFCO_APPROVAL|1017310,MR-04,SUPPORTED,source-scoped to approval-file facility code
APR|1699,concernsDam,DAM|HRFCO_APPROVAL|1015310,MR-04,SUPPORTED,source-scoped to approval-file facility code
APR|1700,concernsDam,DAM|HRFCO_APPROVAL|1013310,MR-04,SUPPORTED,source-scoped to approval-file facility code
APR|1701,concernsDam,DAM|HRFCO_APPROVAL|1010320,MR-04,SUPPORTED,source-scoped to approval-file facility code
APR|1702,concernsDam,DAM|HRFCO_APPROVAL|1017310,MR-04,SUPPORTED,source-scoped to approval-file facility code
APR|1703,concernsDam,DAM|HRFCO_APPROVAL|1015310,MR-04,SUPPORTED,source-scoped to approval-file facility code
APR|1704,concernsDam,DAM|HRFCO_APPROVAL|1017310,MR-04,SUPPORTED,source-scoped to approval-file facility code
APR|1705,concernsDam,DAM|HRFCO_APPROVAL|1015310,MR-04,SUPPORTED,source-scoped to approval-file facility code
APR|1706,concernsDam,DAM|HRFCO_APPROVAL|1010320,MR-04,SUPPORTED,source-scoped to approval-file facility code
APR|1707,concernsDam,DAM|HRFCO_APPROVAL|1013310,MR-04,SUPPORTED,source-scoped to approval-file facility code
APR|1708,concernsDam,DAM|HRFCO_APPROVAL|1015310,MR-04,SUPPORTED,source-scoped to approval-file facility code
APR|1709,concernsDam,DAM|HRFCO_APPROVAL|1004310,MR-04,SUPPORTED,source-scoped to approval-file facility code
APR|1710,concernsDam,DAM|HRFCO_APPROVAL|1015310,MR-04,SUPPORTED,source-scoped to approval-file facility code
APR|1711,concernsDam,DAM|HRFCO_APPROVAL|1017310,MR-04,SUPPORTED,source-scoped to approval-file facility code
APR|1712,concernsDam,DAM|HRFCO_APPROVAL|1013310,MR-04,SUPPORTED,source-scoped to approval-file facility code
APR|1713,concernsDam,DAM|HRFCO_APPROVAL|1010320,MR-04,SUPPORTED,source-scoped to approval-file facility code
APR|1714,concernsDam,DAM|HRFCO_APPROVAL|1010320,MR-04,SUPPORTED,source-scoped to approval-file facility code
APR|1715,concernsDam,DAM|HRFCO_APPROVAL|1017310,MR-04,SUPPORTED,source-scoped to approval-file facility code
APR|1716,concernsDam,DAM|HRFCO_APPROVAL|1017310,MR-04,SUPPORTED,source-scoped to approval-file facility code
APR|1717,concernsDam,DAM|HRFCO_APPROVAL|1015310,MR-04,SUPPORTED,source-scoped to approval-file facility code
APR|1718,concernsDam,DAM|HRFCO_APPROVAL|1013310,MR-04,SUPPORTED,source-scoped to approval-file facility code
APR|1719,concernsDam,DAM|HRFCO_APPROVAL|1017310,MR-04,SUPPORTED,source-scoped to approval-file facility code
APR|1720,concernsDam,DAM|HRFCO_APPROVAL|1015310,MR-04,SUPPORTED,source-scoped to approval-file facility code
APR|1721,concernsDam,DAM|HRFCO_APPROVAL|1013310,MR-04,SUPPORTED,source-scoped to approval-file facility code
APR|1722,concernsDam,DAM|HRFCO_APPROVAL|1010320,MR-04,SUPPORTED,source-scoped to approval-file facility code
APR|1723,concernsDam,DAM|HRFCO_APPROVAL|1017310,MR-04,SUPPORTED,source-scoped to approval-file facility code
APR|1724,concernsDam,DAM|HRFCO_APPROVAL|1015310,MR-04,SUPPORTED,source-scoped to approval-file facility code
APR|1725,concernsDam,DAM|HRFCO_APPROVAL|1013310,MR-04,SUPPORTED,source-scoped to approval-file facility code
APR|1726,concernsDam,DAM|HRFCO_APPROVAL|1010320,MR-04,SUPPORTED,source-scoped to approval-file facility code
APR|1727,concernsDam,DAM|HRFCO_APPROVAL|1004310,MR-04,SUPPORTED,source-scoped to approval-file facility code
APR|1728,concernsDam,DAM|HRFCO_APPROVAL|1017310,MR-04,SUPPORTED,source-scoped to approval-file facility code
APR|1729,concernsDam,DAM|HRFCO_APPROVAL|1015310,MR-04,SUPPORTED,source-scoped to approval-file facility code
APR|1730,concernsDam,DAM|HRFCO_APPROVAL|1013310,MR-04,SUPPORTED,source-scoped to approval-file facility code
APR|1731,concernsDam,DAM|HRFCO_APPROVAL|1015310,MR-04,SUPPORTED,source-scoped to approval-file facility code
APR|1732,concernsDam,DAM|HRFCO_APPROVAL|1004310,MR-04,SUPPORTED,source-scoped to approval-file facility code
APR|1733,concernsDam,DAM|HRFCO_APPROVAL|1013310,MR-04,SUPPORTED,source-scoped to approval-file facility code
APR|1734,concernsDam,DAM|HRFCO_APPROVAL|1004310,MR-04,SUPPORTED,source-scoped to approval-file facility code
APR|1735,concernsDam,DAM|HRFCO_APPROVAL|1010320,MR-04,SUPPORTED,source-scoped to approval-file facility code
APR|1736,concernsDam,DAM|HRFCO_APPROVAL|1017310,MR-04,SUPPORTED,source-scoped to approval-file facility code
APR|1737,concernsDam,DAM|HRFCO_APPROVAL|1015310,MR-04,SUPPORTED,source-scoped to approval-file facility code
APR|1738,concernsDam,DAM|HRFCO_APPROVAL|1013310,MR-04,SUPPORTED,source-scoped to approval-file facility code
APR|1739,concernsDam,DAM|HRFCO_APPROVAL|1010320,MR-04,SUPPORTED,source-scoped to approval-file facility code
APR|1740,concernsDam,DAM|HRFCO_APPROVAL|1017310,MR-04,SUPPORTED,source-scoped to approval-file facility code
APR|1741,concernsDam,DAM|HRFCO_APPROVAL|1015310,MR-04,SUPPORTED,source-scoped to approval-file facility code
APR|1742,concernsDam,DAM|HRFCO_APPROVAL|1013310,MR-04,SUPPORTED,source-scoped to approval-file facility code
APR|1743,concernsDam,DAM|HRFCO_APPROVAL|1010320,MR-04,SUPPORTED,source-scoped to approval-file facility code
APR|1744,concernsDam,DAM|HRFCO_APPROVAL|1015310,MR-04,SUPPORTED,source-scoped to approval-file facility code
APR|1745,concernsDam,DAM|HRFCO_APPROVAL|1017310,MR-04,SUPPORTED,source-scoped to approval-file facility code
APR|1746,concernsDam,DAM|HRFCO_APPROVAL|1015310,MR-04,SUPPORTED,source-scoped to approval-file facility code
APR|1747,concernsDam,DAM|HRFCO_APPROVAL|1013310,MR-04,SUPPORTED,source-scoped to approval-file facility code
APR|1748,concernsDam,DAM|HRFCO_APPROVAL|1010320,MR-04,SUPPORTED,source-scoped to approval-file facility code
APR|1749,concernsDam,DAM|HRFCO_APPROVAL|1017310,MR-04,SUPPORTED,source-scoped to approval-file facility code
APR|1750,concernsDam,DAM|HRFCO_APPROVAL|1015310,MR-04,SUPPORTED,source-scoped to approval-file facility code
APR|1751,concernsDam,DAM|HRFCO_APPROVAL|1015310,MR-04,SUPPORTED,source-scoped to approval-file facility code
APR|1752,concernsDam,DAM|HRFCO_APPROVAL|1013310,MR-04,SUPPORTED,source-scoped to approval-file facility code
APR|1753,concernsDam,DAM|HRFCO_APPROVAL|1015310,MR-04,SUPPORTED,source-scoped to approval-file facility code
APR|1754,concernsDam,DAM|HRFCO_APPROVAL|1017310,MR-04,SUPPORTED,source-scoped to approval-file facility code
APR|1755,concernsDam,DAM|HRFCO_APPROVAL|1015310,MR-04,SUPPORTED,source-scoped to approval-file facility code
APR|1756,concernsDam,DAM|HRFCO_APPROVAL|1013310,MR-04,SUPPORTED,source-scoped to approval-file facility code
APR|1757,concernsDam,DAM|HRFCO_APPROVAL|1010320,MR-04,SUPPORTED,source-scoped to approval-file facility code
APR|1758,concernsDam,DAM|HRFCO_APPROVAL|1017310,MR-04,SUPPORTED,source-scoped to approval-file facility code
APR|1759,concernsDam,DAM|HRFCO_APPROVAL|1015310,MR-04,SUPPORTED,source-scoped to approval-file facility code
APR|1760,concernsDam,DAM|HRFCO_APPROVAL|1013310,MR-04,SUPPORTED,source-scoped to approval-file facility code
APR|1761,concernsDam,DAM|HRFCO_APPROVAL|1010320,MR-04,SUPPORTED,source-scoped to approval-file facility code
APR|1762,concernsDam,DAM|HRFCO_APPROVAL|1013310,MR-04,SUPPORTED,source-scoped to approval-file facility code
APR|1763,concernsDam,DAM|HRFCO_APPROVAL|1013310,MR-04,SUPPORTED,source-scoped to approval-file facility code
APR|1764,concernsDam,DAM|HRFCO_APPROVAL|1017310,MR-04,SUPPORTED,source-scoped to approval-file facility code
APR|1765,concernsDam,DAM|HRFCO_APPROVAL|1010320,MR-04,SUPPORTED,source-scoped to approval-file facility code
APR|1766,concernsDam,DAM|HRFCO_APPROVAL|1013310,MR-04,SUPPORTED,source-scoped to approval-file facility code
APR|1767,concernsDam,DAM|HRFCO_APPROVAL|1015310,MR-04,SUPPORTED,source-scoped to approval-file facility code
APR|1768,concernsDam,DAM|HRFCO_APPROVAL|1017310,MR-04,SUPPORTED,source-scoped to approval-file facility code
APR|1769,concernsDam,DAM|HRFCO_APPROVAL|1010320,MR-04,SUPPORTED,source-scoped to approval-file facility code
APR|1770,concernsDam,DAM|HRFCO_APPROVAL|1013310,MR-04,SUPPORTED,source-scoped to approval-file facility code
APR|1771,concernsDam,DAM|HRFCO_APPROVAL|1010320,MR-04,SUPPORTED,source-scoped to approval-file facility code
APR|1772,concernsDam,DAM|HRFCO_APPROVAL|1013310,MR-04,SUPPORTED,source-scoped to approval-file facility code
APR|1773,concernsDam,DAM|HRFCO_APPROVAL|1015310,MR-04,SUPPORTED,source-scoped to approval-file facility code
APR|1774,concernsDam,DAM|HRFCO_APPROVAL|1017310,MR-04,SUPPORTED,source-scoped to approval-file facility code
APR|1775,concernsDam,DAM|HRFCO_APPROVAL|1010320,MR-04,SUPPORTED,source-scoped to approval-file facility code
APR|1776,concernsDam,DAM|HRFCO_APPROVAL|1017310,MR-04,SUPPORTED,source-scoped to approval-file facility code
APR|1777,concernsDam,DAM|HRFCO_APPROVAL|1015310,MR-04,SUPPORTED,source-scoped to approval-file facility code
APR|1778,concernsDam,DAM|HRFCO_APPROVAL|1013310,MR-04,SUPPORTED,source-scoped to approval-file facility code
APR|1779,concernsDam,DAM|HRFCO_APPROVAL|1015310,MR-04,SUPPORTED,source-scoped to approval-file facility code
APR|1780,concernsDam,DAM|HRFCO_APPROVAL|1013310,MR-04,SUPPORTED,source-scoped to approval-file facility code
APR|1781,concernsDam,DAM|HRFCO_APPROVAL|1010320,MR-04,SUPPORTED,source-scoped to approval-file facility code
APR|1782,concernsDam,DAM|HRFCO_APPROVAL|1015310,MR-04,SUPPORTED,source-scoped to approval-file facility code
APR|1783,concernsDam,DAM|HRFCO_APPROVAL|1017310,MR-04,SUPPORTED,source-scoped to approval-file facility code
APR|1784,concernsDam,DAM|HRFCO_APPROVAL|1010310,MR-04,SUPPORTED,source-scoped to approval-file facility code
APR|1785,concernsDam,DAM|HRFCO_APPROVAL|1017310,MR-04,SUPPORTED,source-scoped to approval-file facility code
APR|1786,concernsDam,DAM|HRFCO_APPROVAL|1015310,MR-04,SUPPORTED,source-scoped to approval-file facility code
APR|1787,concernsDam,DAM|HRFCO_APPROVAL|1013310,MR-04,SUPPORTED,source-scoped to approval-file facility code
APR|1788,concernsDam,DAM|HRFCO_APPROVAL|1017310,MR-04,SUPPORTED,source-scoped to approval-file facility code
APR|1789,concernsDam,DAM|HRFCO_APPROVAL|1013310,MR-04,SUPPORTED,source-scoped to approval-file facility code
APR|1790,concernsDam,DAM|HRFCO_APPROVAL|1010320,MR-04,SUPPORTED,source-scoped to approval-file facility code
APR|1791,concernsDam,DAM|HRFCO_APPROVAL|1015310,MR-04,SUPPORTED,source-scoped to approval-file facility code
APR|1792,concernsDam,DAM|HRFCO_APPROVAL|1013310,MR-04,SUPPORTED,source-scoped to approval-file facility code
APR|1793,concernsDam,DAM|HRFCO_APPROVAL|1010320,MR-04,SUPPORTED,source-scoped to approval-file facility code
APR|1794,concernsDam,DAM|HRFCO_APPROVAL|1017310,MR-04,SUPPORTED,source-scoped to approval-file facility code
APR|1795,concernsDam,DAM|HRFCO_APPROVAL|1017310,MR-04,SUPPORTED,source-scoped to approval-file facility code
APR|1796,concernsDam,DAM|HRFCO_APPROVAL|1017310,MR-04,SUPPORTED,source-scoped to approval-file facility code
APR|1797,concernsDam,DAM|HRFCO_APPROVAL|1017310,MR-04,SUPPORTED,source-scoped to approval-file facility code
APR|1798,concernsDam,DAM|HRFCO_APPROVAL|1017310,MR-04,SUPPORTED,source-scoped to approval-file facility code
APR|1799,concernsDam,DAM|HRFCO_APPROVAL|1017310,MR-04,SUPPORTED,source-scoped to approval-file facility code
APR|1800,concernsDam,DAM|HRFCO_APPROVAL|1017310,MR-04,SUPPORTED,source-scoped to approval-file facility code
APR|1801,concernsDam,DAM|HRFCO_APPROVAL|1015310,MR-04,SUPPORTED,source-scoped to approval-file facility code
APR|1802,concernsDam,DAM|HRFCO_APPROVAL|1013310,MR-04,SUPPORTED,source-scoped to approval-file facility code
APR|1803,concernsDam,DAM|HRFCO_APPROVAL|1017310,MR-04,SUPPORTED,source-scoped to approval-file facility code
APR|1804,concernsDam,DAM|HRFCO_APPROVAL|1015310,MR-04,SUPPORTED,source-scoped to approval-file facility code
APR|1805,concernsDam,DAM|HRFCO_APPROVAL|1017310,MR-04,SUPPORTED,source-scoped to approval-file facility code
APR|1806,concernsDam,DAM|HRFCO_APPROVAL|1017310,MR-04,SUPPORTED,source-scoped to approval-file facility code
APR|1807,concernsDam,DAM|HRFCO_APPROVAL|1017310,MR-04,SUPPORTED,source-scoped to approval-file facility code
APR|1808,concernsDam,DAM|HRFCO_APPROVAL|1015310,MR-04,SUPPORTED,source-scoped to approval-file facility code
APR|1809,concernsDam,DAM|HRFCO_APPROVAL|1017310,MR-04,SUPPORTED,source-scoped to approval-file facility code
APR|1810,concernsDam,DAM|HRFCO_APPROVAL|1015310,MR-04,SUPPORTED,source-scoped to approval-file facility code
APR|1811,concernsDam,DAM|HRFCO_APPROVAL|1010320,MR-04,SUPPORTED,source-scoped to approval-file facility code
APR|1812,concernsDam,DAM|HRFCO_APPROVAL|1010310,MR-04,SUPPORTED,source-scoped to approval-file facility code
APR|1813,concernsDam,DAM|HRFCO_APPROVAL|1015310,MR-04,SUPPORTED,source-scoped to approval-file facility code
APR|1814,concernsDam,DAM|HRFCO_APPROVAL|1013310,MR-04,SUPPORTED,source-scoped to approval-file facility code
APR|1815,concernsDam,DAM|HRFCO_APPROVAL|1013310,MR-04,SUPPORTED,source-scoped to approval-file facility code
APR|1816,concernsDam,DAM|HRFCO_APPROVAL|1010320,MR-04,SUPPORTED,source-scoped to approval-file facility code
APR|1817,concernsDam,DAM|HRFCO_APPROVAL|1010310,MR-04,SUPPORTED,source-scoped to approval-file facility code
APR|1818,concernsDam,DAM|HRFCO_APPROVAL|1017310,MR-04,SUPPORTED,source-scoped to approval-file facility code
APR|1819,concernsDam,DAM|HRFCO_APPROVAL|1015310,MR-04,SUPPORTED,source-scoped to approval-file facility code
APR|1820,concernsDam,DAM|HRFCO_APPROVAL|1013310,MR-04,SUPPORTED,source-scoped to approval-file facility code
APR|1821,concernsDam,DAM|HRFCO_APPROVAL|1010320,MR-04,SUPPORTED,source-scoped to approval-file facility code
APR|1822,concernsDam,DAM|HRFCO_APPROVAL|1017310,MR-04,SUPPORTED,source-scoped to approval-file facility code
APR|1823,concernsDam,DAM|HRFCO_APPROVAL|1015310,MR-04,SUPPORTED,source-scoped to approval-file facility code
APR|1824,concernsDam,DAM|HRFCO_APPROVAL|1013310,MR-04,SUPPORTED,source-scoped to approval-file facility code
APR|1825,concernsDam,DAM|HRFCO_APPROVAL|1017310,MR-04,SUPPORTED,source-scoped to approval-file facility code
APR|1826,concernsDam,DAM|HRFCO_APPROVAL|1013310,MR-04,SUPPORTED,source-scoped to approval-file facility code
APR|1827,concernsDam,DAM|HRFCO_APPROVAL|1010320,MR-04,SUPPORTED,source-scoped to approval-file facility code
APR|1828,concernsDam,DAM|HRFCO_APPROVAL|1004310,MR-04,SUPPORTED,source-scoped to approval-file facility code
APR|1829,concernsDam,DAM|HRFCO_APPROVAL|1004310,MR-04,SUPPORTED,source-scoped to approval-file facility code
APR|1830,concernsDam,DAM|HRFCO_APPROVAL|1013310,MR-04,SUPPORTED,source-scoped to approval-file facility code
APR|1831,concernsDam,DAM|HRFCO_APPROVAL|1010320,MR-04,SUPPORTED,source-scoped to approval-file facility code
APR|1832,concernsDam,DAM|HRFCO_APPROVAL|1015310,MR-04,SUPPORTED,source-scoped to approval-file facility code
APR|1833,concernsDam,DAM|HRFCO_APPROVAL|1017310,MR-04,SUPPORTED,source-scoped to approval-file facility code
APR|1834,concernsDam,DAM|HRFCO_APPROVAL|1017310,MR-04,SUPPORTED,source-scoped to approval-file facility code
APR|1835,concernsDam,DAM|HRFCO_APPROVAL|1015310,MR-04,SUPPORTED,source-scoped to approval-file facility code
APR|1836,concernsDam,DAM|HRFCO_APPROVAL|1013310,MR-04,SUPPORTED,source-scoped to approval-file facility code
APR|1837,concernsDam,DAM|HRFCO_APPROVAL|1010320,MR-04,SUPPORTED,source-scoped to approval-file facility code
APR|1838,concernsDam,DAM|HRFCO_APPROVAL|1017310,MR-04,SUPPORTED,source-scoped to approval-file facility code
APR|1839,concernsDam,DAM|HRFCO_APPROVAL|1015310,MR-04,SUPPORTED,source-scoped to approval-file facility code
APR|1840,concernsDam,DAM|HRFCO_APPROVAL|1010320,MR-04,SUPPORTED,source-scoped to approval-file facility code
APR|1841,concernsDam,DAM|HRFCO_APPROVAL|1017310,MR-04,SUPPORTED,source-scoped to approval-file facility code
APR|1842,concernsDam,DAM|HRFCO_APPROVAL|1013310,MR-04,SUPPORTED,source-scoped to approval-file facility code
APR|1843,concernsDam,DAM|HRFCO_APPROVAL|1010320,MR-04,SUPPORTED,source-scoped to approval-file facility code
APR|1844,concernsDam,DAM|HRFCO_APPROVAL|1017310,MR-04,SUPPORTED,source-scoped to approval-file facility code
APR|1845,concernsDam,DAM|HRFCO_APPROVAL|1015310,MR-04,SUPPORTED,source-scoped to approval-file facility code
APR|1846,concernsDam,DAM|HRFCO_APPROVAL|1015310,MR-04,SUPPORTED,source-scoped to approval-file facility code
APR|1847,concernsDam,DAM|HRFCO_APPROVAL|1013310,MR-04,SUPPORTED,source-scoped to approval-file facility code
APR|1848,concernsDam,DAM|HRFCO_APPROVAL|1010320,MR-04,SUPPORTED,source-scoped to approval-file facility code
APR|1849,concernsDam,DAM|HRFCO_APPROVAL|1017310,MR-04,SUPPORTED,source-scoped to approval-file facility code
APR|1850,concernsDam,DAM|HRFCO_APPROVAL|1015310,MR-04,SUPPORTED,source-scoped to approval-file facility code
APR|1851,concernsDam,DAM|HRFCO_APPROVAL|1010310,MR-04,SUPPORTED,source-scoped to approval-file facility code
APR|1852,concernsDam,DAM|HRFCO_APPROVAL|1013310,MR-04,SUPPORTED,source-scoped to approval-file facility code
APR|1853,concernsDam,DAM|HRFCO_APPROVAL|1010320,MR-04,SUPPORTED,source-scoped to approval-file facility code
APR|1854,concernsDam,DAM|HRFCO_APPROVAL|1013310,MR-04,SUPPORTED,source-scoped to approval-file facility code
APR|1855,concernsDam,DAM|HRFCO_APPROVAL|1010320,MR-04,SUPPORTED,source-scoped to approval-file facility code
APR|1856,concernsDam,DAM|HRFCO_APPROVAL|1017310,MR-04,SUPPORTED,source-scoped to approval-file facility code
APR|1857,concernsDam,DAM|HRFCO_APPROVAL|1015310,MR-04,SUPPORTED,source-scoped to approval-file facility code
APR|1858,concernsDam,DAM|HRFCO_APPROVAL|1013310,MR-04,SUPPORTED,source-scoped to approval-file facility code
APR|1859,concernsDam,DAM|HRFCO_APPROVAL|1010320,MR-04,SUPPORTED,source-scoped to approval-file facility code
APR|1860,concernsDam,DAM|HRFCO_APPROVAL|1017310,MR-04,SUPPORTED,source-scoped to approval-file facility code
APR|1861,concernsDam,DAM|HRFCO_APPROVAL|1015310,MR-04,SUPPORTED,source-scoped to approval-file facility code
APR|1862,concernsDam,DAM|HRFCO_APPROVAL|1013310,MR-04,SUPPORTED,source-scoped to approval-file facility code
APR|1863,concernsDam,DAM|HRFCO_APPROVAL|1010320,MR-04,SUPPORTED,source-scoped to approval-file facility code
APR|1864,concernsDam,DAM|HRFCO_APPROVAL|1010310,MR-04,SUPPORTED,source-scoped to approval-file facility code
APR|1865,concernsDam,DAM|HRFCO_APPROVAL|1013310,MR-04,SUPPORTED,source-scoped to approval-file facility code
APR|1866,concernsDam,DAM|HRFCO_APPROVAL|1017310,MR-04,SUPPORTED,source-scoped to approval-file facility code
APR|1867,concernsDam,DAM|HRFCO_APPROVAL|1010310,MR-04,SUPPORTED,source-scoped to approval-file facility code
APR|1868,concernsDam,DAM|HRFCO_APPROVAL|1010320,MR-04,SUPPORTED,source-scoped to approval-file facility code
APR|1869,concernsDam,DAM|HRFCO_APPROVAL|1013310,MR-04,SUPPORTED,source-scoped to approval-file facility code
APR|1870,concernsDam,DAM|HRFCO_APPROVAL|1015310,MR-04,SUPPORTED,source-scoped to approval-file facility code
APR|1871,concernsDam,DAM|HRFCO_APPROVAL|1017310,MR-04,SUPPORTED,source-scoped to approval-file facility code
APR|1872,concernsDam,DAM|HRFCO_APPROVAL|1017310,MR-04,SUPPORTED,source-scoped to approval-file facility code
APR|1873,concernsDam,DAM|HRFCO_APPROVAL|1015310,MR-04,SUPPORTED,source-scoped to approval-file facility code
APR|1874,concernsDam,DAM|HRFCO_APPROVAL|1010320,MR-04,SUPPORTED,source-scoped to approval-file facility code
APR|1875,concernsDam,DAM|HRFCO_APPROVAL|1013310,MR-04,SUPPORTED,source-scoped to approval-file facility code
APR|1876,concernsDam,DAM|HRFCO_APPROVAL|1015310,MR-04,SUPPORTED,source-scoped to approval-file facility code
APR|1877,concernsDam,DAM|HRFCO_APPROVAL|1017310,MR-04,SUPPORTED,source-scoped to approval-file facility code
APR|1878,concernsDam,DAM|HRFCO_APPROVAL|1010320,MR-04,SUPPORTED,source-scoped to approval-file facility code
APR|1879,concernsDam,DAM|HRFCO_APPROVAL|1013310,MR-04,SUPPORTED,source-scoped to approval-file facility code
APR|1880,concernsDam,DAM|HRFCO_APPROVAL|1017310,MR-04,SUPPORTED,source-scoped to approval-file facility code
APR|1881,concernsDam,DAM|HRFCO_APPROVAL|1015310,MR-04,SUPPORTED,source-scoped to approval-file facility code
APR|1882,concernsDam,DAM|HRFCO_APPROVAL|1004310,MR-04,SUPPORTED,source-scoped to approval-file facility code
APR|1883,concernsDam,DAM|HRFCO_APPROVAL|1017310,MR-04,SUPPORTED,source-scoped to approval-file facility code
APR|1884,concernsDam,DAM|HRFCO_APPROVAL|1010320,MR-04,SUPPORTED,source-scoped to approval-file facility code
APR|1885,concernsDam,DAM|HRFCO_APPROVAL|1004310,MR-04,SUPPORTED,source-scoped to approval-file facility code
APR|1886,concernsDam,DAM|HRFCO_APPROVAL|1015310,MR-04,SUPPORTED,source-scoped to approval-file facility code
APR|1887,concernsDam,DAM|HRFCO_APPROVAL|1013310,MR-04,SUPPORTED,source-scoped to approval-file facility code
APR|1888,concernsDam,DAM|HRFCO_APPROVAL|1010320,MR-04,SUPPORTED,source-scoped to approval-file facility code
APR|1889,concernsDam,DAM|HRFCO_APPROVAL|1004310,MR-04,SUPPORTED,source-scoped to approval-file facility code
APR|1890,concernsDam,DAM|HRFCO_APPROVAL|1017310,MR-04,SUPPORTED,source-scoped to approval-file facility code
APR|1891,concernsDam,DAM|HRFCO_APPROVAL|1010310,MR-04,SUPPORTED,source-scoped to approval-file facility code
APR|1892,concernsDam,DAM|HRFCO_APPROVAL|1010320,MR-04,SUPPORTED,source-scoped to approval-file facility code
APR|1893,concernsDam,DAM|HRFCO_APPROVAL|1013310,MR-04,SUPPORTED,source-scoped to approval-file facility code
APR|1894,concernsDam,DAM|HRFCO_APPROVAL|1017310,MR-04,SUPPORTED,source-scoped to approval-file facility code
APR|1895,concernsDam,DAM|HRFCO_APPROVAL|1015310,MR-04,SUPPORTED,source-scoped to approval-file facility code
APR|1896,concernsDam,DAM|HRFCO_APPROVAL|1004310,MR-04,SUPPORTED,source-scoped to approval-file facility code
APR|1897,concernsDam,DAM|HRFCO_APPROVAL|1017310,MR-04,SUPPORTED,source-scoped to approval-file facility code
APR|1898,concernsDam,DAM|HRFCO_APPROVAL|1015310,MR-04,SUPPORTED,source-scoped to approval-file facility code
APR|1899,concernsDam,DAM|HRFCO_APPROVAL|1004310,MR-04,SUPPORTED,source-scoped to approval-file facility code
APR|1900,concernsDam,DAM|HRFCO_APPROVAL|1017310,MR-04,SUPPORTED,source-scoped to approval-file facility code
APR|1901,concernsDam,DAM|HRFCO_APPROVAL|1017310,MR-04,SUPPORTED,source-scoped to approval-file facility code
APR|1902,concernsDam,DAM|HRFCO_APPROVAL|1004310,MR-04,SUPPORTED,source-scoped to approval-file facility code
APR|1903,concernsDam,DAM|HRFCO_APPROVAL|1013310,MR-04,SUPPORTED,source-scoped to approval-file facility code
APR|1904,concernsDam,DAM|HRFCO_APPROVAL|1013310,MR-04,SUPPORTED,source-scoped to approval-file facility code
APR|1905,concernsDam,DAM|HRFCO_APPROVAL|1010320,MR-04,SUPPORTED,source-scoped to approval-file facility code
APR|1906,concernsDam,DAM|HRFCO_APPROVAL|1017310,MR-04,SUPPORTED,source-scoped to approval-file facility code
APR|1907,concernsDam,DAM|HRFCO_APPROVAL|1015310,MR-04,SUPPORTED,source-scoped to approval-file facility code
APR|1908,concernsDam,DAM|HRFCO_APPROVAL|1004310,MR-04,SUPPORTED,source-scoped to approval-file facility code
APR|1909,concernsDam,DAM|HRFCO_APPROVAL|1010320,MR-04,SUPPORTED,source-scoped to approval-file facility code
APR|1910,concernsDam,DAM|HRFCO_APPROVAL|1013310,MR-04,SUPPORTED,source-scoped to approval-file facility code
APR|1911,concernsDam,DAM|HRFCO_APPROVAL|1017310,MR-04,SUPPORTED,source-scoped to approval-file facility code
APR|1912,concernsDam,DAM|HRFCO_APPROVAL|1015310,MR-04,SUPPORTED,source-scoped to approval-file facility code
APR|1913,concernsDam,DAM|HRFCO_APPROVAL|1017310,MR-04,SUPPORTED,source-scoped to approval-file facility code
APR|1914,concernsDam,DAM|HRFCO_APPROVAL|1015310,MR-04,SUPPORTED,source-scoped to approval-file facility code
APR|1915,concernsDam,DAM|HRFCO_APPROVAL|1013310,MR-04,SUPPORTED,source-scoped to approval-file facility code
APR|1916,concernsDam,DAM|HRFCO_APPROVAL|1010320,MR-04,SUPPORTED,source-scoped to approval-file facility code
APR|1917,concernsDam,DAM|HRFCO_APPROVAL|1017310,MR-04,SUPPORTED,source-scoped to approval-file facility code
APR|1918,concernsDam,DAM|HRFCO_APPROVAL|1017310,MR-04,SUPPORTED,source-scoped to approval-file facility code
APR|1919,concernsDam,DAM|HRFCO_APPROVAL|1004310,MR-04,SUPPORTED,source-scoped to approval-file facility code
APR|1920,concernsDam,DAM|HRFCO_APPROVAL|1013310,MR-04,SUPPORTED,source-scoped to approval-file facility code
APR|1921,concernsDam,DAM|HRFCO_APPROVAL|1017310,MR-04,SUPPORTED,source-scoped to approval-file facility code
APR|1922,concernsDam,DAM|HRFCO_APPROVAL|1013310,MR-04,SUPPORTED,source-scoped to approval-file facility code
APR|1923,concernsDam,DAM|HRFCO_APPROVAL|1013310,MR-04,SUPPORTED,source-scoped to approval-file facility code
APR|1924,concernsDam,DAM|HRFCO_APPROVAL|1017310,MR-04,SUPPORTED,source-scoped to approval-file facility code
APR|1925,concernsDam,DAM|HRFCO_APPROVAL|1013310,MR-04,SUPPORTED,source-scoped to approval-file facility code
APR|1926,concernsDam,DAM|HRFCO_APPROVAL|1010320,MR-04,SUPPORTED,source-scoped to approval-file facility code
APR|1927,concernsDam,DAM|HRFCO_APPROVAL|1010310,MR-04,SUPPORTED,source-scoped to approval-file facility code
APR|1928,concernsDam,DAM|HRFCO_APPROVAL|1017310,MR-04,SUPPORTED,source-scoped to approval-file facility code
APR|1929,concernsDam,DAM|HRFCO_APPROVAL|1015310,MR-04,SUPPORTED,source-scoped to approval-file facility code
APR|1930,concernsDam,DAM|HRFCO_APPROVAL|1017310,MR-04,SUPPORTED,source-scoped to approval-file facility code
APR|1931,concernsDam,DAM|HRFCO_APPROVAL|1004310,MR-04,SUPPORTED,source-scoped to approval-file facility code
APR|1932,concernsDam,DAM|HRFCO_APPROVAL|1013310,MR-04,SUPPORTED,source-scoped to approval-file facility code
APR|1933,concernsDam,DAM|HRFCO_APPROVAL|1010320,MR-04,SUPPORTED,source-scoped to approval-file facility code
APR|1934,concernsDam,DAM|HRFCO_APPROVAL|1015310,MR-04,SUPPORTED,source-scoped to approval-file facility code
APR|1935,concernsDam,DAM|HRFCO_APPROVAL|1017310,MR-04,SUPPORTED,source-scoped to approval-file facility code
APR|1936,concernsDam,DAM|HRFCO_APPROVAL|1004310,MR-04,SUPPORTED,source-scoped to approval-file facility code
APR|1937,concernsDam,DAM|HRFCO_APPROVAL|1013310,MR-04,SUPPORTED,source-scoped to approval-file facility code
APR|1938,concernsDam,DAM|HRFCO_APPROVAL|1017310,MR-04,SUPPORTED,source-scoped to approval-file facility code
APR|1939,concernsDam,DAM|HRFCO_APPROVAL|1013310,MR-04,SUPPORTED,source-scoped to approval-file facility code
APR|1940,concernsDam,DAM|HRFCO_APPROVAL|1010320,MR-04,SUPPORTED,source-scoped to approval-file facility code
APR|1941,concernsDam,DAM|HRFCO_APPROVAL|1017310,MR-04,SUPPORTED,source-scoped to approval-file facility code
APR|1942,concernsDam,DAM|HRFCO_APPROVAL|1015310,MR-04,SUPPORTED,source-scoped to approval-file facility code
APR|1943,concernsDam,DAM|HRFCO_APPROVAL|1013310,MR-04,SUPPORTED,source-scoped to approval-file facility code
APR|1944,concernsDam,DAM|HRFCO_APPROVAL|1010320,MR-04,SUPPORTED,source-scoped to approval-file facility code
APR|1945,concernsDam,DAM|HRFCO_APPROVAL|1015310,MR-04,SUPPORTED,source-scoped to approval-file facility code
APR|1946,concernsDam,DAM|HRFCO_APPROVAL|1013310,MR-04,SUPPORTED,source-scoped to approval-file facility code
APR|1947,concernsDam,DAM|HRFCO_APPROVAL|1017310,MR-04,SUPPORTED,source-scoped to approval-file facility code
APR|1948,concernsDam,DAM|HRFCO_APPROVAL|1015310,MR-04,SUPPORTED,source-scoped to approval-file facility code
APR|1949,concernsDam,DAM|HRFCO_APPROVAL|1013310,MR-04,SUPPORTED,source-scoped to approval-file facility code
APR|1950,concernsDam,DAM|HRFCO_APPROVAL|1013310,MR-04,SUPPORTED,source-scoped to approval-file facility code
APR|1951,concernsDam,DAM|HRFCO_APPROVAL|1010320,MR-04,SUPPORTED,source-scoped to approval-file facility code
APR|1952,concernsDam,DAM|HRFCO_APPROVAL|1015310,MR-04,SUPPORTED,source-scoped to approval-file facility code
APR|1953,concernsDam,DAM|HRFCO_APPROVAL|1010320,MR-04,SUPPORTED,source-scoped to approval-file facility code
APR|1954,concernsDam,DAM|HRFCO_APPROVAL|1013310,MR-04,SUPPORTED,source-scoped to approval-file facility code
APR|1955,concernsDam,DAM|HRFCO_APPROVAL|1013310,MR-04,SUPPORTED,source-scoped to approval-file facility code
APR|1956,concernsDam,DAM|HRFCO_APPROVAL|1010320,MR-04,SUPPORTED,source-scoped to approval-file facility code
APR|1957,concernsDam,DAM|HRFCO_APPROVAL|1010310,MR-04,SUPPORTED,source-scoped to approval-file facility code
APR|1958,concernsDam,DAM|HRFCO_APPROVAL|1015310,MR-04,SUPPORTED,source-scoped to approval-file facility code
APR|1959,concernsDam,DAM|HRFCO_APPROVAL|1017310,MR-04,SUPPORTED,source-scoped to approval-file facility code
APR|1960,concernsDam,DAM|HRFCO_APPROVAL|1017310,MR-04,SUPPORTED,source-scoped to approval-file facility code
APR|1961,concernsDam,DAM|HRFCO_APPROVAL|1010310,MR-04,SUPPORTED,source-scoped to approval-file facility code
APR|1962,concernsDam,DAM|HRFCO_APPROVAL|1010320,MR-04,SUPPORTED,source-scoped to approval-file facility code
APR|1963,concernsDam,DAM|HRFCO_APPROVAL|1017310,MR-04,SUPPORTED,source-scoped to approval-file facility code
APR|1964,concernsDam,DAM|HRFCO_APPROVAL|1015310,MR-04,SUPPORTED,source-scoped to approval-file facility code
APR|1965,concernsDam,DAM|HRFCO_APPROVAL|1013310,MR-04,SUPPORTED,source-scoped to approval-file facility code
APR|1966,concernsDam,DAM|HRFCO_APPROVAL|1013310,MR-04,SUPPORTED,source-scoped to approval-file facility code
APR|1967,concernsDam,DAM|HRFCO_APPROVAL|1010320,MR-04,SUPPORTED,source-scoped to approval-file facility code
APR|1968,concernsDam,DAM|HRFCO_APPROVAL|1017310,MR-04,SUPPORTED,source-scoped to approval-file facility code
APR|1969,concernsDam,DAM|HRFCO_APPROVAL|1015310,MR-04,SUPPORTED,source-scoped to approval-file facility code
APR|1970,concernsDam,DAM|HRFCO_APPROVAL|1013310,MR-04,SUPPORTED,source-scoped to approval-file facility code
APR|1971,concernsDam,DAM|HRFCO_APPROVAL|1010320,MR-04,SUPPORTED,source-scoped to approval-file facility code
APR|1972,concernsDam,DAM|HRFCO_APPROVAL|1010310,MR-04,SUPPORTED,source-scoped to approval-file facility code
APR|1973,concernsDam,DAM|HRFCO_APPROVAL|1015310,MR-04,SUPPORTED,source-scoped to approval-file facility code
APR|1974,concernsDam,DAM|HRFCO_APPROVAL|1013310,MR-04,SUPPORTED,source-scoped to approval-file facility code
APR|1975,concernsDam,DAM|HRFCO_APPROVAL|1010320,MR-04,SUPPORTED,source-scoped to approval-file facility code
APR|1976,concernsDam,DAM|HRFCO_APPROVAL|1010310,MR-04,SUPPORTED,source-scoped to approval-file facility code
APR|1977,concernsDam,DAM|HRFCO_APPROVAL|1017310,MR-04,SUPPORTED,source-scoped to approval-file facility code
APR|1978,concernsDam,DAM|HRFCO_APPROVAL|1015310,MR-04,SUPPORTED,source-scoped to approval-file facility code
APR|1979,concernsDam,DAM|HRFCO_APPROVAL|1010320,MR-04,SUPPORTED,source-scoped to approval-file facility code
APR|1980,concernsDam,DAM|HRFCO_APPROVAL|1010310,MR-04,SUPPORTED,source-scoped to approval-file facility code
APR|1981,concernsDam,DAM|HRFCO_APPROVAL|1004310,MR-04,SUPPORTED,source-scoped to approval-file facility code
APR|1982,concernsDam,DAM|HRFCO_APPROVAL|1013310,MR-04,SUPPORTED,source-scoped to approval-file facility code
APR|1983,concernsDam,DAM|HRFCO_APPROVAL|1007801,MR-04,SUPPORTED,source-scoped to approval-file facility code
APR|1984,concernsDam,DAM|HRFCO_APPROVAL|1007802,MR-04,SUPPORTED,source-scoped to approval-file facility code
APR|1985,concernsDam,DAM|HRFCO_APPROVAL|1007803,MR-04,SUPPORTED,source-scoped to approval-file facility code
APR|1986,concernsDam,DAM|HRFCO_APPROVAL|1004310,MR-04,SUPPORTED,source-scoped to approval-file facility code
APR|1987,concernsDam,DAM|HRFCO_APPROVAL|1017310,MR-04,SUPPORTED,source-scoped to approval-file facility code
APR|1988,concernsDam,DAM|HRFCO_APPROVAL|1015310,MR-04,SUPPORTED,source-scoped to approval-file facility code
APR|1989,concernsDam,DAM|HRFCO_APPROVAL|1015310,MR-04,SUPPORTED,source-scoped to approval-file facility code
APR|1990,concernsDam,DAM|HRFCO_APPROVAL|1017310,MR-04,SUPPORTED,source-scoped to approval-file facility code
APR|1991,concernsDam,DAM|HRFCO_APPROVAL|1004310,MR-04,SUPPORTED,source-scoped to approval-file facility code
APR|1992,concernsDam,DAM|HRFCO_APPROVAL|1006110,MR-04,SUPPORTED,source-scoped to approval-file facility code
APR|1993,concernsDam,DAM|HRFCO_APPROVAL|1004310,MR-04,SUPPORTED,source-scoped to approval-file facility code
APR|1994,concernsDam,DAM|HRFCO_APPROVAL|1004310,MR-04,SUPPORTED,source-scoped to approval-file facility code
APR|1995,concernsDam,DAM|HRFCO_APPROVAL|1004310,MR-04,SUPPORTED,source-scoped to approval-file facility code
APR|1996,concernsDam,DAM|HRFCO_APPROVAL|1004310,MR-04,SUPPORTED,source-scoped to approval-file facility code
APR|1997,concernsDam,DAM|HRFCO_APPROVAL|1004310,MR-04,SUPPORTED,source-scoped to approval-file facility code
APR|1998,concernsDam,DAM|HRFCO_APPROVAL|1013310,MR-04,SUPPORTED,source-scoped to approval-file facility code
APR|1999,concernsDam,DAM|HRFCO_APPROVAL|1017310,MR-04,SUPPORTED,source-scoped to approval-file facility code
APR|2000,concernsDam,DAM|HRFCO_APPROVAL|1015310,MR-04,SUPPORTED,source-scoped to approval-file facility code
APR|2001,concernsDam,DAM|HRFCO_APPROVAL|1013310,MR-04,SUPPORTED,source-scoped to approval-file facility code
APR|2002,concernsDam,DAM|HRFCO_APPROVAL|1010320,MR-04,SUPPORTED,source-scoped to approval-file facility code
APR|2003,concernsDam,DAM|HRFCO_APPROVAL|1015310,MR-04,SUPPORTED,source-scoped to approval-file facility code
APR|2004,concernsDam,DAM|HRFCO_APPROVAL|1013310,MR-04,SUPPORTED,source-scoped to approval-file facility code
APR|2005,concernsDam,DAM|HRFCO_APPROVAL|1010320,MR-04,SUPPORTED,source-scoped to approval-file facility code
APR|2006,concernsDam,DAM|HRFCO_APPROVAL|1015310,MR-04,SUPPORTED,source-scoped to approval-file facility code
APR|2007,concernsDam,DAM|HRFCO_APPROVAL|1010310,MR-04,SUPPORTED,source-scoped to approval-file facility code
APR|2008,concernsDam,DAM|HRFCO_APPROVAL|1017310,MR-04,SUPPORTED,source-scoped to approval-file facility code
APR|2009,concernsDam,DAM|HRFCO_APPROVAL|1017310,MR-04,SUPPORTED,source-scoped to approval-file facility code
APR|2010,concernsDam,DAM|HRFCO_APPROVAL|1015310,MR-04,SUPPORTED,source-scoped to approval-file facility code
APR|2011,concernsDam,DAM|HRFCO_APPROVAL|1010320,MR-04,SUPPORTED,source-scoped to approval-file facility code
APR|2012,concernsDam,DAM|HRFCO_APPROVAL|1004310,MR-04,SUPPORTED,source-scoped to approval-file facility code
APR|2013,concernsDam,DAM|HRFCO_APPROVAL|1010310,MR-04,SUPPORTED,source-scoped to approval-file facility code
APR|2014,concernsDam,DAM|HRFCO_APPROVAL|1015310,MR-04,SUPPORTED,source-scoped to approval-file facility code
APR|2015,concernsDam,DAM|HRFCO_APPROVAL|1013310,MR-04,SUPPORTED,source-scoped to approval-file facility code
APR|2016,concernsDam,DAM|HRFCO_APPROVAL|1010320,MR-04,SUPPORTED,source-scoped to approval-file facility code
APR|2017,concernsDam,DAM|HRFCO_APPROVAL|1010310,MR-04,SUPPORTED,source-scoped to approval-file facility code
APR|2018,concernsDam,DAM|HRFCO_APPROVAL|1004310,MR-04,SUPPORTED,source-scoped to approval-file facility code
APR|2019,concernsDam,DAM|HRFCO_APPROVAL|1017310,MR-04,SUPPORTED,source-scoped to approval-file facility code
APR|2020,concernsDam,DAM|HRFCO_APPROVAL|1015310,MR-04,SUPPORTED,source-scoped to approval-file facility code
APR|2021,concernsDam,DAM|HRFCO_APPROVAL|1017310,MR-04,SUPPORTED,source-scoped to approval-file facility code
APR|2022,concernsDam,DAM|HRFCO_APPROVAL|1015310,MR-04,SUPPORTED,source-scoped to approval-file facility code
APR|2023,concernsDam,DAM|HRFCO_APPROVAL|1013310,MR-04,SUPPORTED,source-scoped to approval-file facility code
APR|2024,concernsDam,DAM|HRFCO_APPROVAL|1010320,MR-04,SUPPORTED,source-scoped to approval-file facility code
APR|2025,concernsDam,DAM|HRFCO_APPROVAL|1010310,MR-04,SUPPORTED,source-scoped to approval-file facility code
APR|2026,concernsDam,DAM|HRFCO_APPROVAL|1004310,MR-04,SUPPORTED,source-scoped to approval-file facility code
APR|2027,concernsDam,DAM|HRFCO_APPROVAL|1013310,MR-04,SUPPORTED,source-scoped to approval-file facility code
APR|2028,concernsDam,DAM|HRFCO_APPROVAL|1017310,MR-04,SUPPORTED,source-scoped to approval-file facility code
APR|2029,concernsDam,DAM|HRFCO_APPROVAL|1017310,MR-04,SUPPORTED,source-scoped to approval-file facility code
APR|2030,concernsDam,DAM|HRFCO_APPROVAL|1015310,MR-04,SUPPORTED,source-scoped to approval-file facility code
APR|2031,concernsDam,DAM|HRFCO_APPROVAL|1015310,MR-04,SUPPORTED,source-scoped to approval-file facility code
APR|2032,concernsDam,DAM|HRFCO_APPROVAL|1017310,MR-04,SUPPORTED,source-scoped to approval-file facility code
APR|2033,concernsDam,DAM|HRFCO_APPROVAL|1017310,MR-04,SUPPORTED,source-scoped to approval-file facility code
APR|2034,concernsDam,DAM|HRFCO_APPROVAL|1017310,MR-04,SUPPORTED,source-scoped to approval-file facility code
APR|2035,concernsDam,DAM|HRFCO_APPROVAL|1017310,MR-04,SUPPORTED,source-scoped to approval-file facility code
APR|2036,concernsDam,DAM|HRFCO_APPROVAL|1017310,MR-04,SUPPORTED,source-scoped to approval-file facility code
APR|2037,concernsDam,DAM|HRFCO_APPROVAL|1015310,MR-04,SUPPORTED,source-scoped to approval-file facility code
APR|2038,concernsDam,DAM|HRFCO_APPROVAL|1004310,MR-04,SUPPORTED,source-scoped to approval-file facility code
APR|2039,concernsDam,DAM|HRFCO_APPROVAL|1017310,MR-04,SUPPORTED,source-scoped to approval-file facility code
APR|2040,concernsDam,DAM|HRFCO_APPROVAL|1015310,MR-04,SUPPORTED,source-scoped to approval-file facility code
APR|2041,concernsDam,DAM|HRFCO_APPROVAL|1017310,MR-04,SUPPORTED,source-scoped to approval-file facility code
APR|2042,concernsDam,DAM|HRFCO_APPROVAL|1017310,MR-04,SUPPORTED,source-scoped to approval-file facility code
APR|2043,concernsDam,DAM|HRFCO_APPROVAL|1015310,MR-04,SUPPORTED,source-scoped to approval-file facility code
APR|2044,concernsDam,DAM|HRFCO_APPROVAL|1004310,MR-04,SUPPORTED,source-scoped to approval-file facility code
APR|2045,concernsDam,DAM|HRFCO_APPROVAL|1017310,MR-04,SUPPORTED,source-scoped to approval-file facility code
APR|2046,concernsDam,DAM|HRFCO_APPROVAL|1015310,MR-04,SUPPORTED,source-scoped to approval-file facility code
APR|2047,concernsDam,DAM|HRFCO_APPROVAL|1004310,MR-04,SUPPORTED,source-scoped to approval-file facility code
APR|2048,concernsDam,DAM|HRFCO_APPROVAL|1017310,MR-04,SUPPORTED,source-scoped to approval-file facility code
APR|2049,concernsDam,DAM|HRFCO_APPROVAL|1004310,MR-04,SUPPORTED,source-scoped to approval-file facility code
APR|2050,concernsDam,DAM|HRFCO_APPROVAL|1004310,MR-04,SUPPORTED,source-scoped to approval-file facility code
APR|2051,concernsDam,DAM|HRFCO_APPROVAL|1004310,MR-04,SUPPORTED,source-scoped to approval-file facility code
APR|2052,concernsDam,DAM|HRFCO_APPROVAL|1015310,MR-04,SUPPORTED,source-scoped to approval-file facility code
APR|2053,concernsDam,DAM|HRFCO_APPROVAL|1017310,MR-04,SUPPORTED,source-scoped to approval-file facility code
APR|2054,concernsDam,DAM|HRFCO_APPROVAL|1017310,MR-04,SUPPORTED,source-scoped to approval-file facility code
APR|2055,concernsDam,DAM|HRFCO_APPROVAL|1017310,MR-04,SUPPORTED,source-scoped to approval-file facility code
APR|2056,concernsDam,DAM|HRFCO_APPROVAL|1013310,MR-04,SUPPORTED,source-scoped to approval-file facility code
APR|2057,concernsDam,DAM|HRFCO_APPROVAL|1004310,MR-04,SUPPORTED,source-scoped to approval-file facility code
APR|2058,concernsDam,DAM|HRFCO_APPROVAL|1017310,MR-04,SUPPORTED,source-scoped to approval-file facility code
APR|2059,concernsDam,DAM|HRFCO_APPROVAL|1004310,MR-04,SUPPORTED,source-scoped to approval-file facility code
APR|2060,concernsDam,DAM|HRFCO_APPROVAL|1004310,MR-04,SUPPORTED,source-scoped to approval-file facility code
APR|2061,concernsDam,DAM|HRFCO_APPROVAL|1004310,MR-04,SUPPORTED,source-scoped to approval-file facility code
APR|2062,concernsDam,DAM|HRFCO_APPROVAL|1004310,MR-04,SUPPORTED,source-scoped to approval-file facility code
APR|2063,concernsDam,DAM|HRFCO_APPROVAL|1004310,MR-04,SUPPORTED,source-scoped to approval-file facility code
APR|2064,concernsDam,DAM|HRFCO_APPROVAL|1004310,MR-04,SUPPORTED,source-scoped to approval-file facility code
APR|2065,concernsDam,DAM|HRFCO_APPROVAL|1007801,MR-04,SUPPORTED,source-scoped to approval-file facility code
APR|2066,concernsDam,DAM|HRFCO_APPROVAL|1007802,MR-04,SUPPORTED,source-scoped to approval-file facility code
APR|2067,concernsDam,DAM|HRFCO_APPROVAL|1007803,MR-04,SUPPORTED,source-scoped to approval-file facility code
APR|2068,concernsDam,DAM|HRFCO_APPROVAL|1007801,MR-04,SUPPORTED,source-scoped to approval-file facility code
APR|2069,concernsDam,DAM|HRFCO_APPROVAL|1007802,MR-04,SUPPORTED,source-scoped to approval-file facility code
APR|2070,concernsDam,DAM|HRFCO_APPROVAL|1007803,MR-04,SUPPORTED,source-scoped to approval-file facility code
APR|2071,concernsDam,DAM|HRFCO_APPROVAL|1004310,MR-04,SUPPORTED,source-scoped to approval-file facility code
APR|2072,concernsDam,DAM|HRFCO_APPROVAL|1004310,MR-04,SUPPORTED,source-scoped to approval-file facility code
APR|2073,concernsDam,DAM|HRFCO_APPROVAL|1004310,MR-04,SUPPORTED,source-scoped to approval-file facility code
APR|2074,concernsDam,DAM|HRFCO_APPROVAL|1004310,MR-04,SUPPORTED,source-scoped to approval-file facility code
APR|2075,concernsDam,DAM|HRFCO_APPROVAL|1004310,MR-04,SUPPORTED,source-scoped to approval-file facility code
APR|2076,concernsDam,DAM|HRFCO_APPROVAL|1004310,MR-04,SUPPORTED,source-scoped to approval-file facility code
APR|2077,concernsDam,DAM|HRFCO_APPROVAL|1004310,MR-04,SUPPORTED,source-scoped to approval-file facility code
APR|2078,concernsDam,DAM|HRFCO_APPROVAL|1004310,MR-04,SUPPORTED,source-scoped to approval-file facility code
APR|2079,concernsDam,DAM|HRFCO_APPROVAL|1007801,MR-04,SUPPORTED,source-scoped to approval-file facility code
APR|2080,concernsDam,DAM|HRFCO_APPROVAL|1007802,MR-04,SUPPORTED,source-scoped to approval-file facility code
APR|2081,concernsDam,DAM|HRFCO_APPROVAL|1007803,MR-04,SUPPORTED,source-scoped to approval-file facility code
APR|2082,concernsDam,DAM|HRFCO_APPROVAL|1004310,MR-04,SUPPORTED,source-scoped to approval-file facility code
APR|2083,concernsDam,DAM|HRFCO_APPROVAL|1004310,MR-04,SUPPORTED,source-scoped to approval-file facility code
APR|2084,concernsDam,DAM|HRFCO_APPROVAL|1004310,MR-04,SUPPORTED,source-scoped to approval-file facility code
APR|2085,concernsDam,DAM|HRFCO_APPROVAL|1004310,MR-04,SUPPORTED,source-scoped to approval-file facility code
APR|2086,concernsDam,DAM|HRFCO_APPROVAL|1017310,MR-04,SUPPORTED,source-scoped to approval-file facility code
APR|2087,concernsDam,DAM|HRFCO_APPROVAL|1017310,MR-04,SUPPORTED,source-scoped to approval-file facility code
APR|2088,concernsDam,DAM|HRFCO_APPROVAL|1004310,MR-04,SUPPORTED,source-scoped to approval-file facility code
APR|2089,concernsDam,DAM|HRFCO_APPROVAL|1017310,MR-04,SUPPORTED,source-scoped to approval-file facility code
APR|2090,concernsDam,DAM|HRFCO_APPROVAL|1017310,MR-04,SUPPORTED,source-scoped to approval-file facility code
APR|2091,concernsDam,DAM|HRFCO_APPROVAL|1004310,MR-04,SUPPORTED,source-scoped to approval-file facility code
APR|2092,concernsDam,DAM|HRFCO_APPROVAL|1017310,MR-04,SUPPORTED,source-scoped to approval-file facility code
APR|2093,concernsDam,DAM|HRFCO_APPROVAL|1017310,MR-04,SUPPORTED,source-scoped to approval-file facility code
APR|2094,concernsDam,DAM|HRFCO_APPROVAL|1004310,MR-04,SUPPORTED,source-scoped to approval-file facility code
APR|2095,concernsDam,DAM|HRFCO_APPROVAL|1004310,MR-04,SUPPORTED,source-scoped to approval-file facility code
APR|2096,concernsDam,DAM|HRFCO_APPROVAL|1004310,MR-04,SUPPORTED,source-scoped to approval-file facility code
APR|2097,concernsDam,DAM|HRFCO_APPROVAL|1007801,MR-04,SUPPORTED,source-scoped to approval-file facility code
APR|2098,concernsDam,DAM|HRFCO_APPROVAL|1007802,MR-04,SUPPORTED,source-scoped to approval-file facility code
APR|2099,concernsDam,DAM|HRFCO_APPROVAL|1007803,MR-04,SUPPORTED,source-scoped to approval-file facility code
APR|2100,concernsDam,DAM|HRFCO_APPROVAL|1004310,MR-04,SUPPORTED,source-scoped to approval-file facility code
APR|2101,concernsDam,DAM|HRFCO_APPROVAL|1004310,MR-04,SUPPORTED,source-scoped to approval-file facility code
APR|2102,concernsDam,DAM|HRFCO_APPROVAL|1004310,MR-04,SUPPORTED,source-scoped to approval-file facility code
APR|2103,concernsDam,DAM|HRFCO_APPROVAL|1004310,MR-04,SUPPORTED,source-scoped to approval-file facility code
APR|2104,concernsDam,DAM|HRFCO_APPROVAL|1007801,MR-04,SUPPORTED,source-scoped to approval-file facility code
APR|2105,concernsDam,DAM|HRFCO_APPROVAL|1007802,MR-04,SUPPORTED,source-scoped to approval-file facility code
APR|2106,concernsDam,DAM|HRFCO_APPROVAL|1007803,MR-04,SUPPORTED,source-scoped to approval-file facility code
APR|2107,concernsDam,DAM|HRFCO_APPROVAL|1017310,MR-04,SUPPORTED,source-scoped to approval-file facility code
APR|2108,concernsDam,DAM|HRFCO_APPROVAL|1004310,MR-04,SUPPORTED,source-scoped to approval-file facility code
APR|2109,concernsDam,DAM|HRFCO_APPROVAL|1004310,MR-04,SUPPORTED,source-scoped to approval-file facility code
APR|2110,concernsDam,DAM|HRFCO_APPROVAL|1004310,MR-04,SUPPORTED,source-scoped to approval-file facility code
APR|2111,concernsDam,DAM|HRFCO_APPROVAL|1004310,MR-04,SUPPORTED,source-scoped to approval-file facility code
APR|2112,concernsDam,DAM|HRFCO_APPROVAL|1017310,MR-04,SUPPORTED,source-scoped to approval-file facility code
APR|2113,concernsDam,DAM|HRFCO_APPROVAL|1004310,MR-04,SUPPORTED,source-scoped to approval-file facility code
APR|2114,concernsDam,DAM|HRFCO_APPROVAL|1004310,MR-04,SUPPORTED,source-scoped to approval-file facility code
APR|2115,concernsDam,DAM|HRFCO_APPROVAL|1004310,MR-04,SUPPORTED,source-scoped to approval-file facility code
APR|2116,concernsDam,DAM|HRFCO_APPROVAL|1004310,MR-04,SUPPORTED,source-scoped to approval-file facility code
APR|2117,concernsDam,DAM|HRFCO_APPROVAL|1004310,MR-04,SUPPORTED,source-scoped to approval-file facility code
APR|2118,concernsDam,DAM|HRFCO_APPROVAL|1013310,MR-04,SUPPORTED,source-scoped to approval-file facility code
APR|2119,concernsDam,DAM|HRFCO_APPROVAL|1007801,MR-04,SUPPORTED,source-scoped to approval-file facility code
APR|2120,concernsDam,DAM|HRFCO_APPROVAL|1007802,MR-04,SUPPORTED,source-scoped to approval-file facility code
APR|2121,concernsDam,DAM|HRFCO_APPROVAL|1007803,MR-04,SUPPORTED,source-scoped to approval-file facility code
APR|2122,concernsDam,DAM|HRFCO_APPROVAL|1004310,MR-04,SUPPORTED,source-scoped to approval-file facility code
APR|2123,concernsDam,DAM|HRFCO_APPROVAL|1004310,MR-04,SUPPORTED,source-scoped to approval-file facility code
APR|2124,concernsDam,DAM|HRFCO_APPROVAL|1007801,MR-04,SUPPORTED,source-scoped to approval-file facility code
APR|2125,concernsDam,DAM|HRFCO_APPROVAL|1007802,MR-04,SUPPORTED,source-scoped to approval-file facility code
APR|2126,concernsDam,DAM|HRFCO_APPROVAL|1007803,MR-04,SUPPORTED,source-scoped to approval-file facility code
APR|2127,concernsDam,DAM|HRFCO_APPROVAL|1010320,MR-04,SUPPORTED,source-scoped to approval-file facility code
APR|2128,concernsDam,DAM|HRFCO_APPROVAL|1013310,MR-04,SUPPORTED,source-scoped to approval-file facility code
APR|2129,concernsDam,DAM|HRFCO_APPROVAL|1013310,MR-04,SUPPORTED,source-scoped to approval-file facility code
APR|2130,concernsDam,DAM|HRFCO_APPROVAL|1010320,MR-04,SUPPORTED,source-scoped to approval-file facility code
APR|2131,concernsDam,DAM|HRFCO_APPROVAL|1010320,MR-04,SUPPORTED,source-scoped to approval-file facility code
APR|2132,concernsDam,DAM|HRFCO_APPROVAL|1017310,MR-04,SUPPORTED,source-scoped to approval-file facility code
APR|2133,concernsDam,DAM|HRFCO_APPROVAL|1015310,MR-04,SUPPORTED,source-scoped to approval-file facility code
APR|2134,concernsDam,DAM|HRFCO_APPROVAL|1013310,MR-04,SUPPORTED,source-scoped to approval-file facility code
APR|2135,concernsDam,DAM|HRFCO_APPROVAL|1013310,MR-04,SUPPORTED,source-scoped to approval-file facility code
APR|2136,concernsDam,DAM|HRFCO_APPROVAL|1013310,MR-04,SUPPORTED,source-scoped to approval-file facility code
APR|2137,concernsDam,DAM|HRFCO_APPROVAL|1010320,MR-04,SUPPORTED,source-scoped to approval-file facility code
APR|2138,concernsDam,DAM|HRFCO_APPROVAL|1010320,MR-04,SUPPORTED,source-scoped to approval-file facility code
APR|2139,concernsDam,DAM|HRFCO_APPROVAL|1013310,MR-04,SUPPORTED,source-scoped to approval-file facility code
APR|2140,concernsDam,DAM|HRFCO_APPROVAL|1015310,MR-04,SUPPORTED,source-scoped to approval-file facility code
APR|2141,concernsDam,DAM|HRFCO_APPROVAL|1004310,MR-04,SUPPORTED,source-scoped to approval-file facility code
APR|2142,concernsDam,DAM|HRFCO_APPROVAL|1017310,MR-04,SUPPORTED,source-scoped to approval-file facility code
APR|2143,concernsDam,DAM|HRFCO_APPROVAL|1015310,MR-04,SUPPORTED,source-scoped to approval-file facility code
APR|2144,concernsDam,DAM|HRFCO_APPROVAL|1010320,MR-04,SUPPORTED,source-scoped to approval-file facility code
APR|2145,concernsDam,DAM|HRFCO_APPROVAL|1015310,MR-04,SUPPORTED,source-scoped to approval-file facility code
APR|2146,concernsDam,DAM|HRFCO_APPROVAL|1013310,MR-04,SUPPORTED,source-scoped to approval-file facility code
APR|2147,concernsDam,DAM|HRFCO_APPROVAL|1010320,MR-04,SUPPORTED,source-scoped to approval-file facility code
APR|2148,concernsDam,DAM|HRFCO_APPROVAL|1004310,MR-04,SUPPORTED,source-scoped to approval-file facility code
APR|2149,concernsDam,DAM|HRFCO_APPROVAL|1017310,MR-04,SUPPORTED,source-scoped to approval-file facility code
APR|2150,concernsDam,DAM|HRFCO_APPROVAL|1017310,MR-04,SUPPORTED,source-scoped to approval-file facility code
APR|2151,concernsDam,DAM|HRFCO_APPROVAL|1017310,MR-04,SUPPORTED,source-scoped to approval-file facility code
APR|2152,concernsDam,DAM|HRFCO_APPROVAL|1017310,MR-04,SUPPORTED,source-scoped to approval-file facility code
APR|2153,concernsDam,DAM|HRFCO_APPROVAL|1017310,MR-04,SUPPORTED,source-scoped to approval-file facility code
APR|2154,concernsDam,DAM|HRFCO_APPROVAL|1017310,MR-04,SUPPORTED,source-scoped to approval-file facility code
APR|2155,concernsDam,DAM|HRFCO_APPROVAL|1017310,MR-04,SUPPORTED,source-scoped to approval-file facility code
APR|2156,concernsDam,DAM|HRFCO_APPROVAL|1015310,MR-04,SUPPORTED,source-scoped to approval-file facility code
APR|2157,concernsDam,DAM|HRFCO_APPROVAL|1013310,MR-04,SUPPORTED,source-scoped to approval-file facility code
APR|2158,concernsDam,DAM|HRFCO_APPROVAL|1010320,MR-04,SUPPORTED,source-scoped to approval-file facility code
APR|2159,concernsDam,DAM|HRFCO_APPROVAL|1013310,MR-04,SUPPORTED,source-scoped to approval-file facility code
APR|2160,concernsDam,DAM|HRFCO_APPROVAL|1010320,MR-04,SUPPORTED,source-scoped to approval-file facility code
APR|2161,concernsDam,DAM|HRFCO_APPROVAL|1013310,MR-04,SUPPORTED,source-scoped to approval-file facility code
APR|2162,concernsDam,DAM|HRFCO_APPROVAL|1010320,MR-04,SUPPORTED,source-scoped to approval-file facility code
APR|2163,concernsDam,DAM|HRFCO_APPROVAL|1017310,MR-04,SUPPORTED,source-scoped to approval-file facility code
APR|2164,concernsDam,DAM|HRFCO_APPROVAL|1015310,MR-04,SUPPORTED,source-scoped to approval-file facility code
APR|2165,concernsDam,DAM|HRFCO_APPROVAL|1015310,MR-04,SUPPORTED,source-scoped to approval-file facility code
APR|2166,concernsDam,DAM|HRFCO_APPROVAL|1017310,MR-04,SUPPORTED,source-scoped to approval-file facility code
APR|2167,concernsDam,DAM|HRFCO_APPROVAL|1017310,MR-04,SUPPORTED,source-scoped to approval-file facility code
APR|2168,concernsDam,DAM|HRFCO_APPROVAL|1007801,MR-04,SUPPORTED,source-scoped to approval-file facility code
APR|2169,concernsDam,DAM|HRFCO_APPROVAL|1007802,MR-04,SUPPORTED,source-scoped to approval-file facility code
APR|2170,concernsDam,DAM|HRFCO_APPROVAL|1007803,MR-04,SUPPORTED,source-scoped to approval-file facility code
APR|2171,concernsDam,DAM|HRFCO_APPROVAL|1007801,MR-04,SUPPORTED,source-scoped to approval-file facility code
APR|2172,concernsDam,DAM|HRFCO_APPROVAL|1007802,MR-04,SUPPORTED,source-scoped to approval-file facility code
APR|2173,concernsDam,DAM|HRFCO_APPROVAL|1007803,MR-04,SUPPORTED,source-scoped to approval-file facility code
APR|2174,concernsDam,DAM|HRFCO_APPROVAL|1004310,MR-04,SUPPORTED,source-scoped to approval-file facility code
APR|2175,concernsDam,DAM|HRFCO_APPROVAL|1004310,MR-04,SUPPORTED,source-scoped to approval-file facility code
APR|2176,concernsDam,DAM|HRFCO_APPROVAL|1004310,MR-04,SUPPORTED,source-scoped to approval-file facility code
APR|2177,concernsDam,DAM|HRFCO_APPROVAL|1007801,MR-04,SUPPORTED,source-scoped to approval-file facility code
APR|2178,concernsDam,DAM|HRFCO_APPROVAL|1007802,MR-04,SUPPORTED,source-scoped to approval-file facility code
APR|2179,concernsDam,DAM|HRFCO_APPROVAL|1007803,MR-04,SUPPORTED,source-scoped to approval-file facility code
APR|2180,concernsDam,DAM|HRFCO_APPROVAL|1004310,MR-04,SUPPORTED,source-scoped to approval-file facility code
APR|2181,concernsDam,DAM|HRFCO_APPROVAL|1004310,MR-04,SUPPORTED,source-scoped to approval-file facility code
APR|2182,concernsDam,DAM|HRFCO_APPROVAL|1004310,MR-04,SUPPORTED,source-scoped to approval-file facility code
APR|2183,concernsDam,DAM|HRFCO_APPROVAL|1004310,MR-04,SUPPORTED,source-scoped to approval-file facility code
APR|2184,concernsDam,DAM|HRFCO_APPROVAL|1007801,MR-04,SUPPORTED,source-scoped to approval-file facility code
APR|2185,concernsDam,DAM|HRFCO_APPROVAL|1007802,MR-04,SUPPORTED,source-scoped to approval-file facility code
APR|2186,concernsDam,DAM|HRFCO_APPROVAL|1007803,MR-04,SUPPORTED,source-scoped to approval-file facility code
APR|2187,concernsDam,DAM|HRFCO_APPROVAL|1007801,MR-04,SUPPORTED,source-scoped to approval-file facility code
APR|2188,concernsDam,DAM|HRFCO_APPROVAL|1007802,MR-04,SUPPORTED,source-scoped to approval-file facility code
APR|2189,concernsDam,DAM|HRFCO_APPROVAL|1007803,MR-04,SUPPORTED,source-scoped to approval-file facility code
APR|2190,concernsDam,DAM|HRFCO_APPROVAL|1017310,MR-04,SUPPORTED,source-scoped to approval-file facility code
APR|2191,concernsDam,DAM|HRFCO_APPROVAL|1017310,MR-04,SUPPORTED,source-scoped to approval-file facility code
APR|2192,concernsDam,DAM|HRFCO_APPROVAL|1017310,MR-04,SUPPORTED,source-scoped to approval-file facility code
APR|2193,concernsDam,DAM|HRFCO_APPROVAL|1015310,MR-04,SUPPORTED,source-scoped to approval-file facility code
APR|2194,concernsDam,DAM|HRFCO_APPROVAL|1004310,MR-04,SUPPORTED,source-scoped to approval-file facility code
APR|2195,concernsDam,DAM|HRFCO_APPROVAL|1017310,MR-04,SUPPORTED,source-scoped to approval-file facility code
APR|2196,concernsDam,DAM|HRFCO_APPROVAL|1015310,MR-04,SUPPORTED,source-scoped to approval-file facility code
APR|2197,concernsDam,DAM|HRFCO_APPROVAL|1015310,MR-04,SUPPORTED,source-scoped to approval-file facility code
APR|2198,concernsDam,DAM|HRFCO_APPROVAL|1017310,MR-04,SUPPORTED,source-scoped to approval-file facility code
APR|2199,concernsDam,DAM|HRFCO_APPROVAL|1017310,MR-04,SUPPORTED,source-scoped to approval-file facility code
APR|2200,concernsDam,DAM|HRFCO_APPROVAL|1015310,MR-04,SUPPORTED,source-scoped to approval-file facility code
APR|2201,concernsDam,DAM|HRFCO_APPROVAL|1004310,MR-04,SUPPORTED,source-scoped to approval-file facility code
APR|2202,concernsDam,DAM|HRFCO_APPROVAL|1017310,MR-04,SUPPORTED,source-scoped to approval-file facility code
APR|2203,concernsDam,DAM|HRFCO_APPROVAL|1015310,MR-04,SUPPORTED,source-scoped to approval-file facility code
APR|2204,concernsDam,DAM|HRFCO_APPROVAL|1015310,MR-04,SUPPORTED,source-scoped to approval-file facility code
APR|2205,concernsDam,DAM|HRFCO_APPROVAL|1017310,MR-04,SUPPORTED,source-scoped to approval-file facility code
APR|2206,concernsDam,DAM|HRFCO_APPROVAL|1004310,MR-04,SUPPORTED,source-scoped to approval-file facility code
APR|2207,concernsDam,DAM|HRFCO_APPROVAL|1017310,MR-04,SUPPORTED,source-scoped to approval-file facility code
APR|2208,concernsDam,DAM|HRFCO_APPROVAL|1004310,MR-04,SUPPORTED,source-scoped to approval-file facility code
APR|2209,concernsDam,DAM|HRFCO_APPROVAL|1004310,MR-04,SUPPORTED,source-scoped to approval-file facility code
APR|2210,concernsDam,DAM|HRFCO_APPROVAL|1004310,MR-04,SUPPORTED,source-scoped to approval-file facility code
APR|2211,concernsDam,DAM|HRFCO_APPROVAL|1004310,MR-04,SUPPORTED,source-scoped to approval-file facility code
APR|2212,concernsDam,DAM|HRFCO_APPROVAL|1004310,MR-04,SUPPORTED,source-scoped to approval-file facility code
APR|2213,concernsDam,DAM|HRFCO_APPROVAL|1007801,MR-04,SUPPORTED,source-scoped to approval-file facility code
APR|2214,concernsDam,DAM|HRFCO_APPROVAL|1007802,MR-04,SUPPORTED,source-scoped to approval-file facility code
APR|2215,concernsDam,DAM|HRFCO_APPROVAL|1007803,MR-04,SUPPORTED,source-scoped to approval-file facility code
APR|2216,concernsDam,DAM|HRFCO_APPROVAL|1004310,MR-04,SUPPORTED,source-scoped to approval-file facility code
APR|2217,concernsDam,DAM|HRFCO_APPROVAL|1017310,MR-04,SUPPORTED,source-scoped to approval-file facility code
APR|2218,concernsDam,DAM|HRFCO_APPROVAL|1001210,MR-04,SUPPORTED,source-scoped to approval-file facility code
APR|2219,concernsDam,DAM|HRFCO_APPROVAL|1001210,MR-04,SUPPORTED,source-scoped to approval-file facility code
APR|2220,concernsDam,DAM|HRFCO_APPROVAL|1001210,MR-04,SUPPORTED,source-scoped to approval-file facility code
APR|2221,concernsDam,DAM|HRFCO_APPROVAL|1015310,MR-04,SUPPORTED,source-scoped to approval-file facility code
APR|2222,concernsDam,DAM|HRFCO_APPROVAL|1017310,MR-04,SUPPORTED,source-scoped to approval-file facility code
APR|2223,concernsDam,DAM|HRFCO_APPROVAL|1004310,MR-04,SUPPORTED,source-scoped to approval-file facility code
APR|2224,concernsDam,DAM|HRFCO_APPROVAL|1017310,MR-04,SUPPORTED,source-scoped to approval-file facility code
APR|2225,concernsDam,DAM|HRFCO_APPROVAL|1004310,MR-04,SUPPORTED,source-scoped to approval-file facility code
APR|2226,concernsDam,DAM|HRFCO_APPROVAL|1017310,MR-04,SUPPORTED,source-scoped to approval-file facility code
APR|2227,concernsDam,DAM|HRFCO_APPROVAL|1015310,MR-04,SUPPORTED,source-scoped to approval-file facility code
APR|2228,concernsDam,DAM|HRFCO_APPROVAL|1004310,MR-04,SUPPORTED,source-scoped to approval-file facility code
APR|2229,concernsDam,DAM|HRFCO_APPROVAL|1010320,MR-04,SUPPORTED,source-scoped to approval-file facility code
APR|2230,concernsDam,DAM|HRFCO_APPROVAL|1015310,MR-04,SUPPORTED,source-scoped to approval-file facility code
APR|2231,concernsDam,DAM|HRFCO_APPROVAL|1013310,MR-04,SUPPORTED,source-scoped to approval-file facility code
APR|2232,concernsDam,DAM|HRFCO_APPROVAL|1017310,MR-04,SUPPORTED,source-scoped to approval-file facility code
APR|2233,concernsDam,DAM|HRFCO_APPROVAL|1015310,MR-04,SUPPORTED,source-scoped to approval-file facility code
APR|2234,concernsDam,DAM|HRFCO_APPROVAL|1013310,MR-04,SUPPORTED,source-scoped to approval-file facility code
APR|2235,concernsDam,DAM|HRFCO_APPROVAL|1010320,MR-04,SUPPORTED,source-scoped to approval-file facility code
APR|2236,concernsDam,DAM|HRFCO_APPROVAL|1017310,MR-04,SUPPORTED,source-scoped to approval-file facility code
APR|2237,concernsDam,DAM|HRFCO_APPROVAL|1004310,MR-04,SUPPORTED,source-scoped to approval-file facility code
APR|2238,concernsDam,DAM|HRFCO_APPROVAL|1017310,MR-04,SUPPORTED,source-scoped to approval-file facility code
APR|2239,concernsDam,DAM|HRFCO_APPROVAL|1015310,MR-04,SUPPORTED,source-scoped to approval-file facility code
APR|2240,concernsDam,DAM|HRFCO_APPROVAL|1013310,MR-04,SUPPORTED,source-scoped to approval-file facility code
APR|2241,concernsDam,DAM|HRFCO_APPROVAL|1013310,MR-04,SUPPORTED,source-scoped to approval-file facility code
APR|2242,concernsDam,DAM|HRFCO_APPROVAL|1010320,MR-04,SUPPORTED,source-scoped to approval-file facility code
APR|2243,concernsDam,DAM|HRFCO_APPROVAL|1017310,MR-04,SUPPORTED,source-scoped to approval-file facility code
APR|2244,concernsDam,DAM|HRFCO_APPROVAL|1015310,MR-04,SUPPORTED,source-scoped to approval-file facility code
APR|2245,concernsDam,DAM|HRFCO_APPROVAL|1013310,MR-04,SUPPORTED,source-scoped to approval-file facility code
APR|2246,concernsDam,DAM|HRFCO_APPROVAL|1010320,MR-04,SUPPORTED,source-scoped to approval-file facility code
APR|2247,concernsDam,DAM|HRFCO_APPROVAL|1010320,MR-04,SUPPORTED,source-scoped to approval-file facility code
APR|2248,concernsDam,DAM|HRFCO_APPROVAL|1017310,MR-04,SUPPORTED,source-scoped to approval-file facility code
APR|2249,concernsDam,DAM|HRFCO_APPROVAL|1013310,MR-04,SUPPORTED,source-scoped to approval-file facility code
APR|2250,concernsDam,DAM|HRFCO_APPROVAL|1010320,MR-04,SUPPORTED,source-scoped to approval-file facility code
APR|2251,concernsDam,DAM|HRFCO_APPROVAL|1004310,MR-04,SUPPORTED,source-scoped to approval-file facility code
APR|2252,concernsDam,DAM|HRFCO_APPROVAL|1017310,MR-04,SUPPORTED,source-scoped to approval-file facility code
APR|2253,concernsDam,DAM|HRFCO_APPROVAL|1015310,MR-04,SUPPORTED,source-scoped to approval-file facility code
APR|2254,concernsDam,DAM|HRFCO_APPROVAL|1013310,MR-04,SUPPORTED,source-scoped to approval-file facility code
APR|2255,concernsDam,DAM|HRFCO_APPROVAL|1010320,MR-04,SUPPORTED,source-scoped to approval-file facility code
APR|2256,concernsDam,DAM|HRFCO_APPROVAL|1015310,MR-04,SUPPORTED,source-scoped to approval-file facility code
APR|2257,concernsDam,DAM|HRFCO_APPROVAL|1013310,MR-04,SUPPORTED,source-scoped to approval-file facility code
APR|2258,concernsDam,DAM|HRFCO_APPROVAL|1017310,MR-04,SUPPORTED,source-scoped to approval-file facility code
APR|2259,concernsDam,DAM|HRFCO_APPROVAL|1010320,MR-04,SUPPORTED,source-scoped to approval-file facility code
APR|2260,concernsDam,DAM|HRFCO_APPROVAL|1010320,MR-04,SUPPORTED,source-scoped to approval-file facility code
APR|2261,concernsDam,DAM|HRFCO_APPROVAL|1017310,MR-04,SUPPORTED,source-scoped to approval-file facility code
APR|2262,concernsDam,DAM|HRFCO_APPROVAL|1015310,MR-04,SUPPORTED,source-scoped to approval-file facility code
APR|2263,concernsDam,DAM|HRFCO_APPROVAL|1004310,MR-04,SUPPORTED,source-scoped to approval-file facility code
APR|2264,concernsDam,DAM|HRFCO_APPROVAL|1013310,MR-04,SUPPORTED,source-scoped to approval-file facility code
APR|2265,concernsDam,DAM|HRFCO_APPROVAL|1010320,MR-04,SUPPORTED,source-scoped to approval-file facility code
APR|2266,concernsDam,DAM|HRFCO_APPROVAL|1017310,MR-04,SUPPORTED,source-scoped to approval-file facility code
APR|2267,concernsDam,DAM|HRFCO_APPROVAL|1013310,MR-04,SUPPORTED,source-scoped to approval-file facility code
APR|2268,concernsDam,DAM|HRFCO_APPROVAL|1017310,MR-04,SUPPORTED,source-scoped to approval-file facility code
APR|2269,concernsDam,DAM|HRFCO_APPROVAL|1015310,MR-04,SUPPORTED,source-scoped to approval-file facility code
APR|2270,concernsDam,DAM|HRFCO_APPROVAL|1013310,MR-04,SUPPORTED,source-scoped to approval-file facility code
APR|2271,concernsDam,DAM|HRFCO_APPROVAL|1010320,MR-04,SUPPORTED,source-scoped to approval-file facility code
APR|2272,concernsDam,DAM|HRFCO_APPROVAL|1017310,MR-04,SUPPORTED,source-scoped to approval-file facility code
APR|2273,concernsDam,DAM|HRFCO_APPROVAL|1010320,MR-04,SUPPORTED,source-scoped to approval-file facility code
APR|2274,concernsDam,DAM|HRFCO_APPROVAL|1015310,MR-04,SUPPORTED,source-scoped to approval-file facility code
APR|2275,concernsDam,DAM|HRFCO_APPROVAL|1013310,MR-04,SUPPORTED,source-scoped to approval-file facility code
APR|2276,concernsDam,DAM|HRFCO_APPROVAL|1004310,MR-04,SUPPORTED,source-scoped to approval-file facility code
APR|2277,concernsDam,DAM|HRFCO_APPROVAL|1017310,MR-04,SUPPORTED,source-scoped to approval-file facility code
APR|2278,concernsDam,DAM|HRFCO_APPROVAL|1013310,MR-04,SUPPORTED,source-scoped to approval-file facility code
APR|2279,concernsDam,DAM|HRFCO_APPROVAL|1015310,MR-04,SUPPORTED,source-scoped to approval-file facility code
APR|2280,concernsDam,DAM|HRFCO_APPROVAL|1013310,MR-04,SUPPORTED,source-scoped to approval-file facility code
APR|2281,concernsDam,DAM|HRFCO_APPROVAL|1004310,MR-04,SUPPORTED,source-scoped to approval-file facility code
APR|2282,concernsDam,DAM|HRFCO_APPROVAL|1017310,MR-04,SUPPORTED,source-scoped to approval-file facility code
APR|2283,concernsDam,DAM|HRFCO_APPROVAL|1015310,MR-04,SUPPORTED,source-scoped to approval-file facility code
APR|2284,concernsDam,DAM|HRFCO_APPROVAL|1010320,MR-04,SUPPORTED,source-scoped to approval-file facility code
APR|2285,concernsDam,DAM|HRFCO_APPROVAL|1015310,MR-04,SUPPORTED,source-scoped to approval-file facility code
APR|2286,concernsDam,DAM|HRFCO_APPROVAL|1010320,MR-04,SUPPORTED,source-scoped to approval-file facility code
APR|2287,concernsDam,DAM|HRFCO_APPROVAL|1015310,MR-04,SUPPORTED,source-scoped to approval-file facility code
APR|2288,concernsDam,DAM|HRFCO_APPROVAL|1017310,MR-04,SUPPORTED,source-scoped to approval-file facility code
APR|2289,concernsDam,DAM|HRFCO_APPROVAL|1017310,MR-04,SUPPORTED,source-scoped to approval-file facility code
APR|2290,concernsDam,DAM|HRFCO_APPROVAL|1013310,MR-04,SUPPORTED,source-scoped to approval-file facility code
APR|2291,concernsDam,DAM|HRFCO_APPROVAL|1010320,MR-04,SUPPORTED,source-scoped to approval-file facility code
APR|2292,concernsDam,DAM|HRFCO_APPROVAL|1017310,MR-04,SUPPORTED,source-scoped to approval-file facility code
APR|2293,concernsDam,DAM|HRFCO_APPROVAL|1015310,MR-04,SUPPORTED,source-scoped to approval-file facility code
APR|2294,concernsDam,DAM|HRFCO_APPROVAL|1017310,MR-04,SUPPORTED,source-scoped to approval-file facility code
APR|2295,concernsDam,DAM|HRFCO_APPROVAL|1015310,MR-04,SUPPORTED,source-scoped to approval-file facility code
APR|2296,concernsDam,DAM|HRFCO_APPROVAL|1013310,MR-04,SUPPORTED,source-scoped to approval-file facility code
APR|2297,concernsDam,DAM|HRFCO_APPROVAL|1010320,MR-04,SUPPORTED,source-scoped to approval-file facility code
APR|2298,concernsDam,DAM|HRFCO_APPROVAL|1004310,MR-04,SUPPORTED,source-scoped to approval-file facility code
APR|2299,concernsDam,DAM|HRFCO_APPROVAL|1017310,MR-04,SUPPORTED,source-scoped to approval-file facility code
APR|2300,concernsDam,DAM|HRFCO_APPROVAL|1015310,MR-04,SUPPORTED,source-scoped to approval-file facility code
APR|2301,concernsDam,DAM|HRFCO_APPROVAL|1013310,MR-04,SUPPORTED,source-scoped to approval-file facility code
APR|2302,concernsDam,DAM|HRFCO_APPROVAL|1013310,MR-04,SUPPORTED,source-scoped to approval-file facility code
APR|2303,concernsDam,DAM|HRFCO_APPROVAL|1015310,MR-04,SUPPORTED,source-scoped to approval-file facility code
APR|2304,concernsDam,DAM|HRFCO_APPROVAL|1017310,MR-04,SUPPORTED,source-scoped to approval-file facility code
APR|2305,concernsDam,DAM|HRFCO_APPROVAL|1017310,MR-04,SUPPORTED,source-scoped to approval-file facility code
APR|2306,concernsDam,DAM|HRFCO_APPROVAL|1015310,MR-04,SUPPORTED,source-scoped to approval-file facility code
APR|2307,concernsDam,DAM|HRFCO_APPROVAL|1004310,MR-04,SUPPORTED,source-scoped to approval-file facility code
APR|2308,concernsDam,DAM|HRFCO_APPROVAL|1017310,MR-04,SUPPORTED,source-scoped to approval-file facility code
APR|2309,concernsDam,DAM|HRFCO_APPROVAL|1015310,MR-04,SUPPORTED,source-scoped to approval-file facility code
APR|2310,concernsDam,DAM|HRFCO_APPROVAL|1004310,MR-04,SUPPORTED,source-scoped to approval-file facility code
APR|2311,concernsDam,DAM|HRFCO_APPROVAL|1013310,MR-04,SUPPORTED,source-scoped to approval-file facility code
APR|2312,concernsDam,DAM|HRFCO_APPROVAL|1013310,MR-04,SUPPORTED,source-scoped to approval-file facility code
APR|2313,concernsDam,DAM|HRFCO_APPROVAL|1017310,MR-04,SUPPORTED,source-scoped to approval-file facility code
APR|2314,concernsDam,DAM|HRFCO_APPROVAL|1004310,MR-04,SUPPORTED,source-scoped to approval-file facility code
APR|2315,concernsDam,DAM|HRFCO_APPROVAL|1007801,MR-04,SUPPORTED,source-scoped to approval-file facility code
APR|2316,concernsDam,DAM|HRFCO_APPROVAL|1007802,MR-04,SUPPORTED,source-scoped to approval-file facility code
APR|2317,concernsDam,DAM|HRFCO_APPROVAL|1007803,MR-04,SUPPORTED,source-scoped to approval-file facility code
APR|2318,concernsDam,DAM|HRFCO_APPROVAL|1013310,MR-04,SUPPORTED,source-scoped to approval-file facility code
APR|2319,concernsDam,DAM|HRFCO_APPROVAL|1004310,MR-04,SUPPORTED,source-scoped to approval-file facility code
APR|2320,concernsDam,DAM|HRFCO_APPROVAL|1017310,MR-04,SUPPORTED,source-scoped to approval-file facility code
APR|2321,concernsDam,DAM|HRFCO_APPROVAL|1004310,MR-04,SUPPORTED,source-scoped to approval-file facility code
APR|2322,concernsDam,DAM|HRFCO_APPROVAL|1017310,MR-04,SUPPORTED,source-scoped to approval-file facility code
APR|2323,concernsDam,DAM|HRFCO_APPROVAL|1013310,MR-04,SUPPORTED,source-scoped to approval-file facility code
APR|2324,concernsDam,DAM|HRFCO_APPROVAL|1017310,MR-04,SUPPORTED,source-scoped to approval-file facility code
APR|2325,concernsDam,DAM|HRFCO_APPROVAL|1017310,MR-04,SUPPORTED,source-scoped to approval-file facility code
APR|2326,concernsDam,DAM|HRFCO_APPROVAL|1017310,MR-04,SUPPORTED,source-scoped to approval-file facility code
APR|2327,concernsDam,DAM|HRFCO_APPROVAL|1001210,MR-04,SUPPORTED,source-scoped to approval-file facility code
APR|2328,concernsDam,DAM|HRFCO_APPROVAL|1004310,MR-04,SUPPORTED,source-scoped to approval-file facility code
APR|2329,concernsDam,DAM|HRFCO_APPROVAL|1017310,MR-04,SUPPORTED,source-scoped to approval-file facility code
APR|2330,concernsDam,DAM|HRFCO_APPROVAL|1017310,MR-04,SUPPORTED,source-scoped to approval-file facility code
APR|2331,concernsDam,DAM|HRFCO_APPROVAL|1017310,MR-04,SUPPORTED,source-scoped to approval-file facility code
APR|2332,concernsDam,DAM|HRFCO_APPROVAL|1017310,MR-04,SUPPORTED,source-scoped to approval-file facility code
APR|2333,concernsDam,DAM|HRFCO_APPROVAL|1017310,MR-04,SUPPORTED,source-scoped to approval-file facility code
APR|2334,concernsDam,DAM|HRFCO_APPROVAL|1017310,MR-04,SUPPORTED,source-scoped to approval-file facility code
APR|2335,concernsDam,DAM|HRFCO_APPROVAL|1004310,MR-04,SUPPORTED,source-scoped to approval-file facility code
APR|2336,concernsDam,DAM|HRFCO_APPROVAL|1017310,MR-04,SUPPORTED,source-scoped to approval-file facility code
APR|2337,concernsDam,DAM|HRFCO_APPROVAL|1004310,MR-04,SUPPORTED,source-scoped to approval-file facility code
APR|2338,concernsDam,DAM|HRFCO_APPROVAL|1017310,MR-04,SUPPORTED,source-scoped to approval-file facility code
APR|2339,concernsDam,DAM|HRFCO_APPROVAL|1017310,MR-04,SUPPORTED,source-scoped to approval-file facility code
APR|2340,concernsDam,DAM|HRFCO_APPROVAL|1017310,MR-04,SUPPORTED,source-scoped to approval-file facility code
APR|2341,concernsDam,DAM|HRFCO_APPROVAL|1007801,MR-04,SUPPORTED,source-scoped to approval-file facility code
APR|2342,concernsDam,DAM|HRFCO_APPROVAL|1007802,MR-04,SUPPORTED,source-scoped to approval-file facility code
APR|2343,concernsDam,DAM|HRFCO_APPROVAL|1007803,MR-04,SUPPORTED,source-scoped to approval-file facility code
APR|2344,concernsDam,DAM|HRFCO_APPROVAL|1001210,MR-04,SUPPORTED,source-scoped to approval-file facility code
APR|2345,concernsDam,DAM|HRFCO_APPROVAL|1004310,MR-04,SUPPORTED,source-scoped to approval-file facility code
APR|2346,concernsDam,DAM|HRFCO_APPROVAL|1004310,MR-04,SUPPORTED,source-scoped to approval-file facility code
APR|2347,concernsDam,DAM|HRFCO_APPROVAL|1007801,MR-04,SUPPORTED,source-scoped to approval-file facility code
APR|2348,concernsDam,DAM|HRFCO_APPROVAL|1007802,MR-04,SUPPORTED,source-scoped to approval-file facility code
APR|2349,concernsDam,DAM|HRFCO_APPROVAL|1007803,MR-04,SUPPORTED,source-scoped to approval-file facility code
APR|2350,concernsDam,DAM|HRFCO_APPROVAL|1001210,MR-04,SUPPORTED,source-scoped to approval-file facility code
APR|2351,concernsDam,DAM|HRFCO_APPROVAL|1007801,MR-04,SUPPORTED,source-scoped to approval-file facility code
APR|2352,concernsDam,DAM|HRFCO_APPROVAL|1007802,MR-04,SUPPORTED,source-scoped to approval-file facility code
APR|2353,concernsDam,DAM|HRFCO_APPROVAL|1007803,MR-04,SUPPORTED,source-scoped to approval-file facility code
APR|2354,concernsDam,DAM|HRFCO_APPROVAL|1017310,MR-04,SUPPORTED,source-scoped to approval-file facility code
APR|2355,concernsDam,DAM|HRFCO_APPROVAL|1015310,MR-04,SUPPORTED,source-scoped to approval-file facility code
APR|2356,concernsDam,DAM|HRFCO_APPROVAL|1017310,MR-04,SUPPORTED,source-scoped to approval-file facility code
APR|2357,concernsDam,DAM|HRFCO_APPROVAL|1015310,MR-04,SUPPORTED,source-scoped to approval-file facility code
APR|2358,concernsDam,DAM|HRFCO_APPROVAL|1004310,MR-04,SUPPORTED,source-scoped to approval-file facility code
APR|2359,concernsDam,DAM|HRFCO_APPROVAL|1017310,MR-04,SUPPORTED,source-scoped to approval-file facility code
APR|2360,concernsDam,DAM|HRFCO_APPROVAL|1015310,MR-04,SUPPORTED,source-scoped to approval-file facility code
APR|2361,concernsDam,DAM|HRFCO_APPROVAL|1004310,MR-04,SUPPORTED,source-scoped to approval-file facility code
APR|2362,concernsDam,DAM|HRFCO_APPROVAL|1015310,MR-04,SUPPORTED,source-scoped to approval-file facility code
APR|2363,concernsDam,DAM|HRFCO_APPROVAL|1017310,MR-04,SUPPORTED,source-scoped to approval-file facility code
APR|2364,concernsDam,DAM|HRFCO_APPROVAL|1015310,MR-04,SUPPORTED,source-scoped to approval-file facility code
APR|2365,concernsDam,DAM|HRFCO_APPROVAL|1015310,MR-04,SUPPORTED,source-scoped to approval-file facility code
APR|2366,concernsDam,DAM|HRFCO_APPROVAL|1017310,MR-04,SUPPORTED,source-scoped to approval-file facility code
APR|2367,concernsDam,DAM|HRFCO_APPROVAL|1015310,MR-04,SUPPORTED,source-scoped to approval-file facility code
APR|2368,concernsDam,DAM|HRFCO_APPROVAL|1001210,MR-04,SUPPORTED,source-scoped to approval-file facility code
APR|2369,concernsDam,DAM|HRFCO_APPROVAL|1004310,MR-04,SUPPORTED,source-scoped to approval-file facility code
APR|2370,concernsDam,DAM|HRFCO_APPROVAL|1007801,MR-04,SUPPORTED,source-scoped to approval-file facility code
APR|2371,concernsDam,DAM|HRFCO_APPROVAL|1007802,MR-04,SUPPORTED,source-scoped to approval-file facility code
APR|2372,concernsDam,DAM|HRFCO_APPROVAL|1007803,MR-04,SUPPORTED,source-scoped to approval-file facility code
APR|2373,concernsDam,DAM|HRFCO_APPROVAL|1004310,MR-04,SUPPORTED,source-scoped to approval-file facility code
APR|2374,concernsDam,DAM|HRFCO_APPROVAL|1017310,MR-04,SUPPORTED,source-scoped to approval-file facility code
APR|2375,concernsDam,DAM|HRFCO_APPROVAL|1004310,MR-04,SUPPORTED,source-scoped to approval-file facility code
APR|2376,concernsDam,DAM|HRFCO_APPROVAL|1015310,MR-04,SUPPORTED,source-scoped to approval-file facility code
APR|2377,concernsDam,DAM|HRFCO_APPROVAL|1015310,MR-04,SUPPORTED,source-scoped to approval-file facility code
APR|2378,concernsDam,DAM|HRFCO_APPROVAL|1004310,MR-04,SUPPORTED,source-scoped to approval-file facility code
APR|2379,concernsDam,DAM|HRFCO_APPROVAL|1017310,MR-04,SUPPORTED,source-scoped to approval-file facility code
APR|2380,concernsDam,DAM|HRFCO_APPROVAL|1004310,MR-04,SUPPORTED,source-scoped to approval-file facility code
APR|2381,concernsDam,DAM|HRFCO_APPROVAL|1017310,MR-04,SUPPORTED,source-scoped to approval-file facility code
APR|2382,concernsDam,DAM|HRFCO_APPROVAL|1004310,MR-04,SUPPORTED,source-scoped to approval-file facility code
APR|2383,concernsDam,DAM|HRFCO_APPROVAL|1017310,MR-04,SUPPORTED,source-scoped to approval-file facility code
APR|2384,concernsDam,DAM|HRFCO_APPROVAL|1004310,MR-04,SUPPORTED,source-scoped to approval-file facility code
APR|2385,concernsDam,DAM|HRFCO_APPROVAL|1017310,MR-04,SUPPORTED,source-scoped to approval-file facility code
APR|2386,concernsDam,DAM|HRFCO_APPROVAL|1017310,MR-04,SUPPORTED,source-scoped to approval-file facility code
APR|2387,concernsDam,DAM|HRFCO_APPROVAL|1004310,MR-04,SUPPORTED,source-scoped to approval-file facility code
APR|2388,concernsDam,DAM|HRFCO_APPROVAL|1004310,MR-04,SUPPORTED,source-scoped to approval-file facility code
APR|2389,concernsDam,DAM|HRFCO_APPROVAL|1004310,MR-04,SUPPORTED,source-scoped to approval-file facility code
APR|2390,concernsDam,DAM|HRFCO_APPROVAL|1007801,MR-04,SUPPORTED,source-scoped to approval-file facility code
APR|2391,concernsDam,DAM|HRFCO_APPROVAL|1007802,MR-04,SUPPORTED,source-scoped to approval-file facility code
APR|2392,concernsDam,DAM|HRFCO_APPROVAL|1007803,MR-04,SUPPORTED,source-scoped to approval-file facility code
APR|2393,concernsDam,DAM|HRFCO_APPROVAL|1017310,MR-04,SUPPORTED,source-scoped to approval-file facility code
APR|2394,concernsDam,DAM|HRFCO_APPROVAL|1004310,MR-04,SUPPORTED,source-scoped to approval-file facility code
APR|2395,concernsDam,DAM|HRFCO_APPROVAL|1010320,MR-04,SUPPORTED,source-scoped to approval-file facility code
APR|2396,concernsDam,DAM|HRFCO_APPROVAL|1013310,MR-04,SUPPORTED,source-scoped to approval-file facility code
APR|2397,concernsDam,DAM|HRFCO_APPROVAL|1015310,MR-04,SUPPORTED,source-scoped to approval-file facility code
APR|2398,concernsDam,DAM|HRFCO_APPROVAL|1013310,MR-04,SUPPORTED,source-scoped to approval-file facility code
APR|2399,concernsDam,DAM|HRFCO_APPROVAL|1013310,MR-04,SUPPORTED,source-scoped to approval-file facility code
APR|2400,concernsDam,DAM|HRFCO_APPROVAL|1010320,MR-04,SUPPORTED,source-scoped to approval-file facility code
APR|2401,concernsDam,DAM|HRFCO_APPROVAL|1010320,MR-04,SUPPORTED,source-scoped to approval-file facility code
APR|2402,concernsDam,DAM|HRFCO_APPROVAL|1004310,MR-04,SUPPORTED,source-scoped to approval-file facility code
APR|2403,concernsDam,DAM|HRFCO_APPROVAL|1017310,MR-04,SUPPORTED,source-scoped to approval-file facility code
APR|2404,concernsDam,DAM|HRFCO_APPROVAL|1015310,MR-04,SUPPORTED,source-scoped to approval-file facility code
APR|2405,concernsDam,DAM|HRFCO_APPROVAL|1017310,MR-04,SUPPORTED,source-scoped to approval-file facility code
APR|2406,concernsDam,DAM|HRFCO_APPROVAL|1015310,MR-04,SUPPORTED,source-scoped to approval-file facility code
APR|2407,concernsDam,DAM|HRFCO_APPROVAL|1015310,MR-04,SUPPORTED,source-scoped to approval-file facility code
APR|2408,concernsDam,DAM|HRFCO_APPROVAL|1017310,MR-04,SUPPORTED,source-scoped to approval-file facility code
APR|2409,concernsDam,DAM|HRFCO_APPROVAL|1017310,MR-04,SUPPORTED,source-scoped to approval-file facility code
APR|2410,concernsDam,DAM|HRFCO_APPROVAL|1017310,MR-04,SUPPORTED,source-scoped to approval-file facility code
APR|2411,concernsDam,DAM|HRFCO_APPROVAL|1017310,MR-04,SUPPORTED,source-scoped to approval-file facility code
APR|2412,concernsDam,DAM|HRFCO_APPROVAL|1017310,MR-04,SUPPORTED,source-scoped to approval-file facility code
APR|2413,concernsDam,DAM|HRFCO_APPROVAL|1015310,MR-04,SUPPORTED,source-scoped to approval-file facility code
APR|2414,concernsDam,DAM|HRFCO_APPROVAL|1010320,MR-04,SUPPORTED,source-scoped to approval-file facility code
APR|2415,concernsDam,DAM|HRFCO_APPROVAL|1013310,MR-04,SUPPORTED,source-scoped to approval-file facility code
APR|2416,concernsDam,DAM|HRFCO_APPROVAL|1015310,MR-04,SUPPORTED,source-scoped to approval-file facility code
APR|2417,concernsDam,DAM|HRFCO_APPROVAL|1017310,MR-04,SUPPORTED,source-scoped to approval-file facility code
APR|2418,concernsDam,DAM|HRFCO_APPROVAL|1010320,MR-04,SUPPORTED,source-scoped to approval-file facility code
APR|2419,concernsDam,DAM|HRFCO_APPROVAL|1013310,MR-04,SUPPORTED,source-scoped to approval-file facility code
APR|2420,concernsDam,DAM|HRFCO_APPROVAL|1015310,MR-04,SUPPORTED,source-scoped to approval-file facility code
APR|2421,concernsDam,DAM|HRFCO_APPROVAL|1017310,MR-04,SUPPORTED,source-scoped to approval-file facility code
APR|2422,concernsDam,DAM|HRFCO_APPROVAL|1015310,MR-04,SUPPORTED,source-scoped to approval-file facility code
APR|2423,concernsDam,DAM|HRFCO_APPROVAL|1017310,MR-04,SUPPORTED,source-scoped to approval-file facility code
APR|2424,concernsDam,DAM|HRFCO_APPROVAL|1017310,MR-04,SUPPORTED,source-scoped to approval-file facility code
APR|2425,concernsDam,DAM|HRFCO_APPROVAL|1007801,MR-04,SUPPORTED,source-scoped to approval-file facility code
APR|2426,concernsDam,DAM|HRFCO_APPROVAL|1007802,MR-04,SUPPORTED,source-scoped to approval-file facility code
APR|2427,concernsDam,DAM|HRFCO_APPROVAL|1007803,MR-04,SUPPORTED,source-scoped to approval-file facility code
APR|2428,concernsDam,DAM|HRFCO_APPROVAL|1006110,MR-04,SUPPORTED,source-scoped to approval-file facility code
APR|2429,concernsDam,DAM|HRFCO_APPROVAL|1004310,MR-04,SUPPORTED,source-scoped to approval-file facility code
APR|2430,concernsDam,DAM|HRFCO_APPROVAL|1010320,MR-04,SUPPORTED,source-scoped to approval-file facility code
APR|2431,concernsDam,DAM|HRFCO_APPROVAL|1013310,MR-04,SUPPORTED,source-scoped to approval-file facility code
APR|2432,concernsDam,DAM|HRFCO_APPROVAL|1015310,MR-04,SUPPORTED,source-scoped to approval-file facility code
APR|2433,concernsDam,DAM|HRFCO_APPROVAL|1010320,MR-04,SUPPORTED,source-scoped to approval-file facility code
APR|2434,concernsDam,DAM|HRFCO_APPROVAL|1013310,MR-04,SUPPORTED,source-scoped to approval-file facility code
APR|2435,concernsDam,DAM|HRFCO_APPROVAL|1015310,MR-04,SUPPORTED,source-scoped to approval-file facility code
APR|2436,concernsDam,DAM|HRFCO_APPROVAL|1010320,MR-04,SUPPORTED,source-scoped to approval-file facility code
APR|2437,concernsDam,DAM|HRFCO_APPROVAL|1015310,MR-04,SUPPORTED,source-scoped to approval-file facility code
APR|2438,concernsDam,DAM|HRFCO_APPROVAL|1017310,MR-04,SUPPORTED,source-scoped to approval-file facility code
APR|2439,concernsDam,DAM|HRFCO_APPROVAL|1017310,MR-04,SUPPORTED,source-scoped to approval-file facility code
APR|2440,concernsDam,DAM|HRFCO_APPROVAL|1015310,MR-04,SUPPORTED,source-scoped to approval-file facility code
APR|2441,concernsDam,DAM|HRFCO_APPROVAL|1017310,MR-04,SUPPORTED,source-scoped to approval-file facility code
APR|2442,concernsDam,DAM|HRFCO_APPROVAL|1004310,MR-04,SUPPORTED,source-scoped to approval-file facility code
APR|2443,concernsDam,DAM|HRFCO_APPROVAL|1013310,MR-04,SUPPORTED,source-scoped to approval-file facility code
APR|2444,concernsDam,DAM|HRFCO_APPROVAL|1017310,MR-04,SUPPORTED,source-scoped to approval-file facility code
APR|2445,concernsDam,DAM|HRFCO_APPROVAL|1015310,MR-04,SUPPORTED,source-scoped to approval-file facility code
APR|2446,concernsDam,DAM|HRFCO_APPROVAL|1015310,MR-04,SUPPORTED,source-scoped to approval-file facility code
APR|2447,concernsDam,DAM|HRFCO_APPROVAL|1017310,MR-04,SUPPORTED,source-scoped to approval-file facility code
APR|2448,concernsDam,DAM|HRFCO_APPROVAL|1017310,MR-04,SUPPORTED,source-scoped to approval-file facility code
APR|2449,concernsDam,DAM|HRFCO_APPROVAL|1015310,MR-04,SUPPORTED,source-scoped to approval-file facility code
APR|2450,concernsDam,DAM|HRFCO_APPROVAL|1015310,MR-04,SUPPORTED,source-scoped to approval-file facility code
APR|2451,concernsDam,DAM|HRFCO_APPROVAL|1017310,MR-04,SUPPORTED,source-scoped to approval-file facility code
APR|2452,concernsDam,DAM|HRFCO_APPROVAL|1017310,MR-04,SUPPORTED,source-scoped to approval-file facility code
APR|2453,concernsDam,DAM|HRFCO_APPROVAL|1004310,MR-04,SUPPORTED,source-scoped to approval-file facility code
APR|2454,concernsDam,DAM|HRFCO_APPROVAL|1017310,MR-04,SUPPORTED,source-scoped to approval-file facility code
APR|2455,concernsDam,DAM|HRFCO_APPROVAL|1017310,MR-04,SUPPORTED,source-scoped to approval-file facility code
APR|2456,concernsDam,DAM|HRFCO_APPROVAL|1007801,MR-04,SUPPORTED,source-scoped to approval-file facility code
APR|2457,concernsDam,DAM|HRFCO_APPROVAL|1007802,MR-04,SUPPORTED,source-scoped to approval-file facility code
APR|2458,concernsDam,DAM|HRFCO_APPROVAL|1007803,MR-04,SUPPORTED,source-scoped to approval-file facility code
APR|2459,concernsDam,DAM|HRFCO_APPROVAL|1004310,MR-04,SUPPORTED,source-scoped to approval-file facility code
APR|2460,concernsDam,DAM|HRFCO_APPROVAL|1004310,MR-04,SUPPORTED,source-scoped to approval-file facility code
APR|2461,concernsDam,DAM|HRFCO_APPROVAL|1017310,MR-04,SUPPORTED,source-scoped to approval-file facility code
APR|2462,concernsDam,DAM|HRFCO_APPROVAL|1004310,MR-04,SUPPORTED,source-scoped to approval-file facility code
APR|2463,concernsDam,DAM|HRFCO_APPROVAL|1017310,MR-04,SUPPORTED,source-scoped to approval-file facility code
APR|2464,concernsDam,DAM|HRFCO_APPROVAL|1017310,MR-04,SUPPORTED,source-scoped to approval-file facility code
APR|2465,concernsDam,DAM|HRFCO_APPROVAL|1007801,MR-04,SUPPORTED,source-scoped to approval-file facility code
APR|2466,concernsDam,DAM|HRFCO_APPROVAL|1007802,MR-04,SUPPORTED,source-scoped to approval-file facility code
APR|2467,concernsDam,DAM|HRFCO_APPROVAL|1007803,MR-04,SUPPORTED,source-scoped to approval-file facility code
APR|2468,concernsDam,DAM|HRFCO_APPROVAL|1017310,MR-04,SUPPORTED,source-scoped to approval-file facility code
APR|2469,concernsDam,DAM|HRFCO_APPROVAL|1017310,MR-04,SUPPORTED,source-scoped to approval-file facility code
APR|2470,concernsDam,DAM|HRFCO_APPROVAL|1004310,MR-04,SUPPORTED,source-scoped to approval-file facility code
APR|2471,concernsDam,DAM|HRFCO_APPROVAL|1004310,MR-04,SUPPORTED,source-scoped to approval-file facility code
APR|2472,concernsDam,DAM|HRFCO_APPROVAL|1004310,MR-04,SUPPORTED,source-scoped to approval-file facility code
APR|2473,concernsDam,DAM|HRFCO_APPROVAL|1004310,MR-04,SUPPORTED,source-scoped to approval-file facility code
APR|2474,concernsDam,DAM|HRFCO_APPROVAL|1004310,MR-04,SUPPORTED,source-scoped to approval-file facility code
APR|2475,concernsDam,DAM|HRFCO_APPROVAL|1017310,MR-04,SUPPORTED,source-scoped to approval-file facility code
APR|2476,concernsDam,DAM|HRFCO_APPROVAL|1004310,MR-04,SUPPORTED,source-scoped to approval-file facility code
APR|2477,concernsDam,DAM|HRFCO_APPROVAL|1017310,MR-04,SUPPORTED,source-scoped to approval-file facility code
APR|2478,concernsDam,DAM|HRFCO_APPROVAL|1004310,MR-04,SUPPORTED,source-scoped to approval-file facility code
APR|2479,concernsDam,DAM|HRFCO_APPROVAL|1007801,MR-04,SUPPORTED,source-scoped to approval-file facility code
APR|2480,concernsDam,DAM|HRFCO_APPROVAL|1007802,MR-04,SUPPORTED,source-scoped to approval-file facility code
APR|2481,concernsDam,DAM|HRFCO_APPROVAL|1007803,MR-04,SUPPORTED,source-scoped to approval-file facility code
APR|2482,concernsDam,DAM|HRFCO_APPROVAL|1004310,MR-04,SUPPORTED,source-scoped to approval-file facility code
APR|2483,concernsDam,DAM|HRFCO_APPROVAL|1007801,MR-04,SUPPORTED,source-scoped to approval-file facility code
APR|2484,concernsDam,DAM|HRFCO_APPROVAL|1007802,MR-04,SUPPORTED,source-scoped to approval-file facility code
APR|2485,concernsDam,DAM|HRFCO_APPROVAL|1007803,MR-04,SUPPORTED,source-scoped to approval-file facility code
APR|2486,concernsDam,DAM|HRFCO_APPROVAL|1004310,MR-04,SUPPORTED,source-scoped to approval-file facility code
APR|2487,concernsDam,DAM|HRFCO_APPROVAL|1017310,MR-04,SUPPORTED,source-scoped to approval-file facility code
APR|2488,concernsDam,DAM|HRFCO_APPROVAL|1004310,MR-04,SUPPORTED,source-scoped to approval-file facility code
APR|2489,concernsDam,DAM|HRFCO_APPROVAL|1017310,MR-04,SUPPORTED,source-scoped to approval-file facility code
APR|2490,concernsDam,DAM|HRFCO_APPROVAL|1004310,MR-04,SUPPORTED,source-scoped to approval-file facility code
APR|2491,concernsDam,DAM|HRFCO_APPROVAL|1004310,MR-04,SUPPORTED,source-scoped to approval-file facility code
APR|2492,concernsDam,DAM|HRFCO_APPROVAL|1007802,MR-04,SUPPORTED,source-scoped to approval-file facility code
APR|2493,concernsDam,DAM|HRFCO_APPROVAL|1007803,MR-04,SUPPORTED,source-scoped to approval-file facility code
APR|2494,concernsDam,DAM|HRFCO_APPROVAL|1017310,MR-04,SUPPORTED,source-scoped to approval-file facility code
APR|2495,concernsDam,DAM|HRFCO_APPROVAL|1017310,MR-04,SUPPORTED,source-scoped to approval-file facility code
APR|2496,concernsDam,DAM|HRFCO_APPROVAL|1017310,MR-04,SUPPORTED,source-scoped to approval-file facility code
APR|2497,concernsDam,DAM|HRFCO_APPROVAL|1004310,MR-04,SUPPORTED,source-scoped to approval-file facility code
APR|2498,concernsDam,DAM|HRFCO_APPROVAL|1017310,MR-04,SUPPORTED,source-scoped to approval-file facility code
APR|2499,concernsDam,DAM|HRFCO_APPROVAL|1017310,MR-04,SUPPORTED,source-scoped to approval-file facility code
APR|2500,concernsDam,DAM|HRFCO_APPROVAL|1017310,MR-04,SUPPORTED,source-scoped to approval-file facility code
APR|2501,concernsDam,DAM|HRFCO_APPROVAL|1004310,MR-04,SUPPORTED,source-scoped to approval-file facility code
APR|2502,concernsDam,DAM|HRFCO_APPROVAL|1017310,MR-04,SUPPORTED,source-scoped to approval-file facility code
APR|2503,concernsDam,DAM|HRFCO_APPROVAL|1004310,MR-04,SUPPORTED,source-scoped to approval-file facility code
APR|2504,concernsDam,DAM|HRFCO_APPROVAL|1004310,MR-04,SUPPORTED,source-scoped to approval-file facility code
APR|2505,concernsDam,DAM|HRFCO_APPROVAL|1017310,MR-04,SUPPORTED,source-scoped to approval-file facility code
APR|2506,concernsDam,DAM|HRFCO_APPROVAL|1017310,MR-04,SUPPORTED,source-scoped to approval-file facility code
APR|2507,concernsDam,DAM|HRFCO_APPROVAL|1017310,MR-04,SUPPORTED,source-scoped to approval-file facility code
APR|2508,concernsDam,DAM|HRFCO_APPROVAL|1007801,MR-04,SUPPORTED,source-scoped to approval-file facility code
APR|2509,concernsDam,DAM|HRFCO_APPROVAL|1007802,MR-04,SUPPORTED,source-scoped to approval-file facility code
APR|2510,concernsDam,DAM|HRFCO_APPROVAL|1007803,MR-04,SUPPORTED,source-scoped to approval-file facility code
APR|2511,concernsDam,DAM|HRFCO_APPROVAL|1004310,MR-04,SUPPORTED,source-scoped to approval-file facility code
APR|2512,concernsDam,DAM|HRFCO_APPROVAL|1017310,MR-04,SUPPORTED,source-scoped to approval-file facility code
APR|2513,concernsDam,DAM|HRFCO_APPROVAL|1017310,MR-04,SUPPORTED,source-scoped to approval-file facility code
APR|2514,concernsDam,DAM|HRFCO_APPROVAL|1017310,MR-04,SUPPORTED,source-scoped to approval-file facility code
APR|2515,concernsDam,DAM|HRFCO_APPROVAL|1004310,MR-04,SUPPORTED,source-scoped to approval-file facility code
APR|2516,concernsDam,DAM|HRFCO_APPROVAL|1006110,MR-04,SUPPORTED,source-scoped to approval-file facility code
APR|2517,concernsDam,DAM|HRFCO_APPROVAL|1017310,MR-04,SUPPORTED,source-scoped to approval-file facility code
APR|2518,concernsDam,DAM|HRFCO_APPROVAL|1017310,MR-04,SUPPORTED,source-scoped to approval-file facility code
APR|2519,concernsDam,DAM|HRFCO_APPROVAL|1004310,MR-04,SUPPORTED,source-scoped to approval-file facility code
APR|2520,concernsDam,DAM|HRFCO_APPROVAL|1017310,MR-04,SUPPORTED,source-scoped to approval-file facility code
APR|2521,concernsDam,DAM|HRFCO_APPROVAL|1017310,MR-04,SUPPORTED,source-scoped to approval-file facility code
APR|2522,concernsDam,DAM|HRFCO_APPROVAL|1017310,MR-04,SUPPORTED,source-scoped to approval-file facility code
APR|2523,concernsDam,DAM|HRFCO_APPROVAL|1017310,MR-04,SUPPORTED,source-scoped to approval-file facility code
APR|2524,concernsDam,DAM|HRFCO_APPROVAL|1004310,MR-04,SUPPORTED,source-scoped to approval-file facility code
APR|2525,concernsDam,DAM|HRFCO_APPROVAL|1017310,MR-04,SUPPORTED,source-scoped to approval-file facility code
APR|2526,concernsDam,DAM|HRFCO_APPROVAL|1017310,MR-04,SUPPORTED,source-scoped to approval-file facility code
APR|2527,concernsDam,DAM|HRFCO_APPROVAL|1004310,MR-04,SUPPORTED,source-scoped to approval-file facility code
APR|2528,concernsDam,DAM|HRFCO_APPROVAL|1004310,MR-04,SUPPORTED,source-scoped to approval-file facility code
APR|2529,concernsDam,DAM|HRFCO_APPROVAL|1004310,MR-04,SUPPORTED,source-scoped to approval-file facility code
APR|2530,concernsDam,DAM|HRFCO_APPROVAL|1017310,MR-04,SUPPORTED,source-scoped to approval-file facility code
APR|2531,concernsDam,DAM|HRFCO_APPROVAL|1004310,MR-04,SUPPORTED,source-scoped to approval-file facility code
APR|2532,concernsDam,DAM|HRFCO_APPROVAL|1004310,MR-04,SUPPORTED,source-scoped to approval-file facility code
APR|2533,concernsDam,DAM|HRFCO_APPROVAL|1017310,MR-04,SUPPORTED,source-scoped to approval-file facility code
APR|2534,concernsDam,DAM|HRFCO_APPROVAL|1004310,MR-04,SUPPORTED,source-scoped to approval-file facility code
APR|2535,concernsDam,DAM|HRFCO_APPROVAL|1004310,MR-04,SUPPORTED,source-scoped to approval-file facility code
APR|2536,concernsDam,DAM|HRFCO_APPROVAL|1004310,MR-04,SUPPORTED,source-scoped to approval-file facility code
APR|2537,concernsDam,DAM|HRFCO_APPROVAL|1004310,MR-04,SUPPORTED,source-scoped to approval-file facility code
APR|2538,concernsDam,DAM|HRFCO_APPROVAL|1017310,MR-04,SUPPORTED,source-scoped to approval-file facility code
APR|2539,concernsDam,DAM|HRFCO_APPROVAL|1004310,MR-04,SUPPORTED,source-scoped to approval-file facility code
APR|2540,concernsDam,DAM|HRFCO_APPROVAL|1017310,MR-04,SUPPORTED,source-scoped to approval-file facility code
APR|2541,concernsDam,DAM|HRFCO_APPROVAL|1004310,MR-04,SUPPORTED,source-scoped to approval-file facility code
APR|2542,concernsDam,DAM|HRFCO_APPROVAL|1004310,MR-04,SUPPORTED,source-scoped to approval-file facility code
APR|2543,concernsDam,DAM|HRFCO_APPROVAL|1017310,MR-04,SUPPORTED,source-scoped to approval-file facility code
APR|2544,concernsDam,DAM|HRFCO_APPROVAL|1004310,MR-04,SUPPORTED,source-scoped to approval-file facility code
APR|2545,concernsDam,DAM|HRFCO_APPROVAL|1017310,MR-04,SUPPORTED,source-scoped to approval-file facility code
APR|2546,concernsDam,DAM|HRFCO_APPROVAL|1004310,MR-04,SUPPORTED,source-scoped to approval-file facility code
APR|2547,concernsDam,DAM|HRFCO_APPROVAL|1017310,MR-04,SUPPORTED,source-scoped to approval-file facility code
APR|2548,concernsDam,DAM|HRFCO_APPROVAL|1017310,MR-04,SUPPORTED,source-scoped to approval-file facility code
APR|2549,concernsDam,DAM|HRFCO_APPROVAL|1004310,MR-04,SUPPORTED,source-scoped to approval-file facility code
APR|2550,concernsDam,DAM|HRFCO_APPROVAL|1017310,MR-04,SUPPORTED,source-scoped to approval-file facility code
APR|2551,concernsDam,DAM|HRFCO_APPROVAL|1010310,MR-04,SUPPORTED,source-scoped to approval-file facility code
APR|2552,concernsDam,DAM|HRFCO_APPROVAL|1010320,MR-04,SUPPORTED,source-scoped to approval-file facility code
APR|2553,concernsDam,DAM|HRFCO_APPROVAL|1017310,MR-04,SUPPORTED,source-scoped to approval-file facility code
APR|2554,concernsDam,DAM|HRFCO_APPROVAL|1010310,MR-04,SUPPORTED,source-scoped to approval-file facility code
APR|2555,concernsDam,DAM|HRFCO_APPROVAL|1010320,MR-04,SUPPORTED,source-scoped to approval-file facility code
APR|2556,concernsDam,DAM|HRFCO_APPROVAL|1013310,MR-04,SUPPORTED,source-scoped to approval-file facility code
APR|2557,concernsDam,DAM|HRFCO_APPROVAL|1015310,MR-04,SUPPORTED,source-scoped to approval-file facility code
APR|2558,concernsDam,DAM|HRFCO_APPROVAL|1013310,MR-04,SUPPORTED,source-scoped to approval-file facility code
APR|2559,concernsDam,DAM|HRFCO_APPROVAL|1010320,MR-04,SUPPORTED,source-scoped to approval-file facility code
APR|2560,concernsDam,DAM|HRFCO_APPROVAL|1010310,MR-04,SUPPORTED,source-scoped to approval-file facility code
APR|2561,concernsDam,DAM|HRFCO_APPROVAL|1015310,MR-04,SUPPORTED,source-scoped to approval-file facility code
APR|2562,concernsDam,DAM|HRFCO_APPROVAL|1017310,MR-04,SUPPORTED,source-scoped to approval-file facility code
APR|2563,concernsDam,DAM|HRFCO_APPROVAL|1017310,MR-04,SUPPORTED,source-scoped to approval-file facility code
APR|2564,concernsDam,DAM|HRFCO_APPROVAL|1015310,MR-04,SUPPORTED,source-scoped to approval-file facility code
APR|2565,concernsDam,DAM|HRFCO_APPROVAL|1013310,MR-04,SUPPORTED,source-scoped to approval-file facility code
APR|2566,concernsDam,DAM|HRFCO_APPROVAL|1010320,MR-04,SUPPORTED,source-scoped to approval-file facility code
APR|2567,concernsDam,DAM|HRFCO_APPROVAL|1013310,MR-04,SUPPORTED,source-scoped to approval-file facility code
APR|2568,concernsDam,DAM|HRFCO_APPROVAL|1010320,MR-04,SUPPORTED,source-scoped to approval-file facility code
APR|2569,concernsDam,DAM|HRFCO_APPROVAL|1017310,MR-04,SUPPORTED,source-scoped to approval-file facility code
APR|2570,concernsDam,DAM|HRFCO_APPROVAL|1015310,MR-04,SUPPORTED,source-scoped to approval-file facility code
APR|2571,concernsDam,DAM|HRFCO_APPROVAL|1013310,MR-04,SUPPORTED,source-scoped to approval-file facility code
APR|2572,concernsDam,DAM|HRFCO_APPROVAL|1010320,MR-04,SUPPORTED,source-scoped to approval-file facility code
APR|2573,concernsDam,DAM|HRFCO_APPROVAL|1010310,MR-04,SUPPORTED,source-scoped to approval-file facility code
APR|2574,concernsDam,DAM|HRFCO_APPROVAL|1010320,MR-04,SUPPORTED,source-scoped to approval-file facility code
APR|2575,concernsDam,DAM|HRFCO_APPROVAL|1013310,MR-04,SUPPORTED,source-scoped to approval-file facility code
APR|2576,concernsDam,DAM|HRFCO_APPROVAL|1015310,MR-04,SUPPORTED,source-scoped to approval-file facility code
APR|2577,concernsDam,DAM|HRFCO_APPROVAL|1013310,MR-04,SUPPORTED,source-scoped to approval-file facility code
APR|2578,concernsDam,DAM|HRFCO_APPROVAL|1010320,MR-04,SUPPORTED,source-scoped to approval-file facility code
APR|2579,concernsDam,DAM|HRFCO_APPROVAL|1010310,MR-04,SUPPORTED,source-scoped to approval-file facility code
APR|2580,concernsDam,DAM|HRFCO_APPROVAL|1017310,MR-04,SUPPORTED,source-scoped to approval-file facility code
APR|2581,concernsDam,DAM|HRFCO_APPROVAL|1010310,MR-04,SUPPORTED,source-scoped to approval-file facility code
APR|2582,concernsDam,DAM|HRFCO_APPROVAL|1004310,MR-04,SUPPORTED,source-scoped to approval-file facility code
APR|2583,concernsDam,DAM|HRFCO_APPROVAL|1004310,MR-04,SUPPORTED,source-scoped to approval-file facility code
APR|2584,concernsDam,DAM|HRFCO_APPROVAL|1004310,MR-04,SUPPORTED,source-scoped to approval-file facility code
APR|2585,concernsDam,DAM|HRFCO_APPROVAL|1004310,MR-04,SUPPORTED,source-scoped to approval-file facility code
APR|2586,concernsDam,DAM|HRFCO_APPROVAL|1004310,MR-04,SUPPORTED,source-scoped to approval-file facility code
APR|2587,concernsDam,DAM|HRFCO_APPROVAL|1004310,MR-04,SUPPORTED,source-scoped to approval-file facility code
APR|2588,concernsDam,DAM|HRFCO_APPROVAL|1004310,MR-04,SUPPORTED,source-scoped to approval-file facility code
APR|2589,concernsDam,DAM|HRFCO_APPROVAL|1017310,MR-04,SUPPORTED,source-scoped to approval-file facility code
APR|2590,concernsDam,DAM|HRFCO_APPROVAL|1004310,MR-04,SUPPORTED,source-scoped to approval-file facility code
APR|2591,concernsDam,DAM|HRFCO_APPROVAL|1017310,MR-04,SUPPORTED,source-scoped to approval-file facility code
APR|2592,concernsDam,DAM|HRFCO_APPROVAL|1017310,MR-04,SUPPORTED,source-scoped to approval-file facility code
APR|2593,concernsDam,DAM|HRFCO_APPROVAL|1017310,MR-04,SUPPORTED,source-scoped to approval-file facility code
APR|2594,concernsDam,DAM|HRFCO_APPROVAL|1004310,MR-04,SUPPORTED,source-scoped to approval-file facility code
APR|2595,concernsDam,DAM|HRFCO_APPROVAL|1017310,MR-04,SUPPORTED,source-scoped to approval-file facility code
APR|2596,concernsDam,DAM|HRFCO_APPROVAL|1004310,MR-04,SUPPORTED,source-scoped to approval-file facility code
APR|2597,concernsDam,DAM|HRFCO_APPROVAL|1017310,MR-04,SUPPORTED,source-scoped to approval-file facility code
APR|2598,concernsDam,DAM|HRFCO_APPROVAL|1017310,MR-04,SUPPORTED,source-scoped to approval-file facility code
APR|2599,concernsDam,DAM|HRFCO_APPROVAL|1004310,MR-04,SUPPORTED,source-scoped to approval-file facility code
APR|2600,concernsDam,DAM|HRFCO_APPROVAL|1017310,MR-04,SUPPORTED,source-scoped to approval-file facility code
APR|2601,concernsDam,DAM|HRFCO_APPROVAL|1004310,MR-04,SUPPORTED,source-scoped to approval-file facility code
APR|2602,concernsDam,DAM|HRFCO_APPROVAL|1004310,MR-04,SUPPORTED,source-scoped to approval-file facility code
APR|2603,concernsDam,DAM|HRFCO_APPROVAL|1004310,MR-04,SUPPORTED,source-scoped to approval-file facility code
APR|2604,concernsDam,DAM|HRFCO_APPROVAL|1017310,MR-04,SUPPORTED,source-scoped to approval-file facility code
APR|2605,concernsDam,DAM|HRFCO_APPROVAL|1017310,MR-04,SUPPORTED,source-scoped to approval-file facility code
APR|2606,concernsDam,DAM|HRFCO_APPROVAL|1004310,MR-04,SUPPORTED,source-scoped to approval-file facility code
APR|2607,concernsDam,DAM|HRFCO_APPROVAL|1004310,MR-04,SUPPORTED,source-scoped to approval-file facility code
APR|2608,concernsDam,DAM|HRFCO_APPROVAL|1017310,MR-04,SUPPORTED,source-scoped to approval-file facility code
APR|2609,concernsDam,DAM|HRFCO_APPROVAL|1004310,MR-04,SUPPORTED,source-scoped to approval-file facility code
APR|2610,concernsDam,DAM|HRFCO_APPROVAL|1017310,MR-04,SUPPORTED,source-scoped to approval-file facility code
APR|2611,concernsDam,DAM|HRFCO_APPROVAL|1004310,MR-04,SUPPORTED,source-scoped to approval-file facility code
APR|2612,concernsDam,DAM|HRFCO_APPROVAL|1017310,MR-04,SUPPORTED,source-scoped to approval-file facility code
APR|2613,concernsDam,DAM|HRFCO_APPROVAL|1004310,MR-04,SUPPORTED,source-scoped to approval-file facility code
APR|2614,concernsDam,DAM|HRFCO_APPROVAL|1004310,MR-04,SUPPORTED,source-scoped to approval-file facility code
APR|2615,concernsDam,DAM|HRFCO_APPROVAL|1017310,MR-04,SUPPORTED,source-scoped to approval-file facility code
APR|2616,concernsDam,DAM|HRFCO_APPROVAL|1004310,MR-04,SUPPORTED,source-scoped to approval-file facility code
APR|2617,concernsDam,DAM|HRFCO_APPROVAL|1004310,MR-04,SUPPORTED,source-scoped to approval-file facility code
APR|2618,concernsDam,DAM|HRFCO_APPROVAL|1017310,MR-04,SUPPORTED,source-scoped to approval-file facility code
APR|2619,concernsDam,DAM|HRFCO_APPROVAL|1004310,MR-04,SUPPORTED,source-scoped to approval-file facility code
APR|2620,concernsDam,DAM|HRFCO_APPROVAL|1017310,MR-04,SUPPORTED,source-scoped to approval-file facility code
APR|2621,concernsDam,DAM|HRFCO_APPROVAL|1017310,MR-04,SUPPORTED,source-scoped to approval-file facility code
APR|2622,concernsDam,DAM|HRFCO_APPROVAL|1017310,MR-04,SUPPORTED,source-scoped to approval-file facility code
APR|2623,concernsDam,DAM|HRFCO_APPROVAL|1007801,MR-04,SUPPORTED,source-scoped to approval-file facility code
APR|2624,concernsDam,DAM|HRFCO_APPROVAL|1007802,MR-04,SUPPORTED,source-scoped to approval-file facility code
APR|2625,concernsDam,DAM|HRFCO_APPROVAL|1007803,MR-04,SUPPORTED,source-scoped to approval-file facility code
APR|2626,concernsDam,DAM|HRFCO_APPROVAL|1017310,MR-04,SUPPORTED,source-scoped to approval-file facility code
APR|2627,concernsDam,DAM|HRFCO_APPROVAL|1017310,MR-04,SUPPORTED,source-scoped to approval-file facility code
APR|2628,concernsDam,DAM|HRFCO_APPROVAL|1004310,MR-04,SUPPORTED,source-scoped to approval-file facility code
APR|2629,concernsDam,DAM|HRFCO_APPROVAL|1017310,MR-04,SUPPORTED,source-scoped to approval-file facility code
APR|2630,concernsDam,DAM|HRFCO_APPROVAL|1017310,MR-04,SUPPORTED,source-scoped to approval-file facility code
APR|2631,concernsDam,DAM|HRFCO_APPROVAL|1017310,MR-04,SUPPORTED,source-scoped to approval-file facility code
APR|2632,concernsDam,DAM|HRFCO_APPROVAL|1004310,MR-04,SUPPORTED,source-scoped to approval-file facility code
APR|2633,concernsDam,DAM|HRFCO_APPROVAL|1004310,MR-04,SUPPORTED,source-scoped to approval-file facility code
APR|2634,concernsDam,DAM|HRFCO_APPROVAL|1004310,MR-04,SUPPORTED,source-scoped to approval-file facility code
APR|2635,concernsDam,DAM|HRFCO_APPROVAL|1004310,MR-04,SUPPORTED,source-scoped to approval-file facility code
APR|2636,concernsDam,DAM|HRFCO_APPROVAL|1004310,MR-04,SUPPORTED,source-scoped to approval-file facility code
APR|2637,concernsDam,DAM|HRFCO_APPROVAL|1007801,MR-04,SUPPORTED,source-scoped to approval-file facility code
APR|2638,concernsDam,DAM|HRFCO_APPROVAL|1007802,MR-04,SUPPORTED,source-scoped to approval-file facility code
APR|2639,concernsDam,DAM|HRFCO_APPROVAL|1007803,MR-04,SUPPORTED,source-scoped to approval-file facility code
APR|2640,concernsDam,DAM|HRFCO_APPROVAL|1017310,MR-04,SUPPORTED,source-scoped to approval-file facility code
APR|2641,concernsDam,DAM|HRFCO_APPROVAL|1017310,MR-04,SUPPORTED,source-scoped to approval-file facility code
APR|2642,concernsDam,DAM|HRFCO_APPROVAL|1004310,MR-04,SUPPORTED,source-scoped to approval-file facility code
APR|2643,concernsDam,DAM|HRFCO_APPROVAL|1017310,MR-04,SUPPORTED,source-scoped to approval-file facility code
APR|2644,concernsDam,DAM|HRFCO_APPROVAL|1004310,MR-04,SUPPORTED,source-scoped to approval-file facility code
APR|2645,concernsDam,DAM|HRFCO_APPROVAL|1017310,MR-04,SUPPORTED,source-scoped to approval-file facility code
APR|2646,concernsDam,DAM|HRFCO_APPROVAL|1017310,MR-04,SUPPORTED,source-scoped to approval-file facility code
APR|2647,concernsDam,DAM|HRFCO_APPROVAL|1017310,MR-04,SUPPORTED,source-scoped to approval-file facility code
APR|2648,concernsDam,DAM|HRFCO_APPROVAL|1017310,MR-04,SUPPORTED,source-scoped to approval-file facility code
APR|2649,concernsDam,DAM|HRFCO_APPROVAL|1004310,MR-04,SUPPORTED,source-scoped to approval-file facility code
APR|2650,concernsDam,DAM|HRFCO_APPROVAL|1004310,MR-04,SUPPORTED,source-scoped to approval-file facility code
APR|2651,concernsDam,DAM|HRFCO_APPROVAL|1017310,MR-04,SUPPORTED,source-scoped to approval-file facility code
APR|2652,concernsDam,DAM|HRFCO_APPROVAL|1004310,MR-04,SUPPORTED,source-scoped to approval-file facility code
APR|2653,concernsDam,DAM|HRFCO_APPROVAL|1017310,MR-04,SUPPORTED,source-scoped to approval-file facility code
APR|2654,concernsDam,DAM|HRFCO_APPROVAL|1015310,MR-04,SUPPORTED,source-scoped to approval-file facility code
APR|2655,concernsDam,DAM|HRFCO_APPROVAL|1013310,MR-04,SUPPORTED,source-scoped to approval-file facility code
APR|2656,concernsDam,DAM|HRFCO_APPROVAL|1004310,MR-04,SUPPORTED,source-scoped to approval-file facility code
APR|2657,concernsDam,DAM|HRFCO_APPROVAL|1001210,MR-04,SUPPORTED,source-scoped to approval-file facility code
APR|2658,concernsDam,DAM|HRFCO_APPROVAL|1017310,MR-04,SUPPORTED,source-scoped to approval-file facility code
APR|2659,concernsDam,DAM|HRFCO_APPROVAL|1015310,MR-04,SUPPORTED,source-scoped to approval-file facility code
APR|2660,concernsDam,DAM|HRFCO_APPROVAL|1017310,MR-04,SUPPORTED,source-scoped to approval-file facility code
APR|2661,concernsDam,DAM|HRFCO_APPROVAL|1017310,MR-04,SUPPORTED,source-scoped to approval-file facility code
APR|2662,concernsDam,DAM|HRFCO_APPROVAL|1015310,MR-04,SUPPORTED,source-scoped to approval-file facility code
APR|2663,concernsDam,DAM|HRFCO_APPROVAL|1017310,MR-04,SUPPORTED,source-scoped to approval-file facility code
APR|2664,concernsDam,DAM|HRFCO_APPROVAL|1017310,MR-04,SUPPORTED,source-scoped to approval-file facility code
APR|2665,concernsDam,DAM|HRFCO_APPROVAL|1015310,MR-04,SUPPORTED,source-scoped to approval-file facility code
APR|2666,concernsDam,DAM|HRFCO_APPROVAL|1013310,MR-04,SUPPORTED,source-scoped to approval-file facility code
APR|2667,concernsDam,DAM|HRFCO_APPROVAL|1017310,MR-04,SUPPORTED,source-scoped to approval-file facility code
APR|2668,concernsDam,DAM|HRFCO_APPROVAL|1017310,MR-04,SUPPORTED,source-scoped to approval-file facility code
APR|2669,concernsDam,DAM|HRFCO_APPROVAL|1007801,MR-04,SUPPORTED,source-scoped to approval-file facility code
APR|2670,concernsDam,DAM|HRFCO_APPROVAL|1007802,MR-04,SUPPORTED,source-scoped to approval-file facility code
APR|2671,concernsDam,DAM|HRFCO_APPROVAL|1007803,MR-04,SUPPORTED,source-scoped to approval-file facility code
APR|2672,concernsDam,DAM|HRFCO_APPROVAL|1017310,MR-04,SUPPORTED,source-scoped to approval-file facility code
APR|2673,concernsDam,DAM|HRFCO_APPROVAL|1017310,MR-04,SUPPORTED,source-scoped to approval-file facility code
APR|2674,concernsDam,DAM|HRFCO_APPROVAL|1004310,MR-04,SUPPORTED,source-scoped to approval-file facility code
APR|2675,concernsDam,DAM|HRFCO_APPROVAL|1004310,MR-04,SUPPORTED,source-scoped to approval-file facility code
APR|2676,concernsDam,DAM|HRFCO_APPROVAL|1017310,MR-04,SUPPORTED,source-scoped to approval-file facility code
APR|2677,concernsDam,DAM|HRFCO_APPROVAL|1017310,MR-04,SUPPORTED,source-scoped to approval-file facility code
APR|2678,concernsDam,DAM|HRFCO_APPROVAL|1017310,MR-04,SUPPORTED,source-scoped to approval-file facility code
APR|2679,concernsDam,DAM|HRFCO_APPROVAL|1015310,MR-04,SUPPORTED,source-scoped to approval-file facility code
APR|2680,concernsDam,DAM|HRFCO_APPROVAL|1015310,MR-04,SUPPORTED,source-scoped to approval-file facility code
APR|2681,concernsDam,DAM|HRFCO_APPROVAL|1017310,MR-04,SUPPORTED,source-scoped to approval-file facility code
APR|2682,concernsDam,DAM|HRFCO_APPROVAL|1013310,MR-04,SUPPORTED,source-scoped to approval-file facility code
APR|2683,concernsDam,DAM|HRFCO_APPROVAL|1010320,MR-04,SUPPORTED,source-scoped to approval-file facility code
APR|2684,concernsDam,DAM|HRFCO_APPROVAL|1017310,MR-04,SUPPORTED,source-scoped to approval-file facility code
APR|2685,concernsDam,DAM|HRFCO_APPROVAL|1015310,MR-04,SUPPORTED,source-scoped to approval-file facility code
APR|2686,concernsDam,DAM|HRFCO_APPROVAL|1013310,MR-04,SUPPORTED,source-scoped to approval-file facility code
APR|2687,concernsDam,DAM|HRFCO_APPROVAL|1010320,MR-04,SUPPORTED,source-scoped to approval-file facility code
APR|2688,concernsDam,DAM|HRFCO_APPROVAL|1017310,MR-04,SUPPORTED,source-scoped to approval-file facility code
APR|2689,concernsDam,DAM|HRFCO_APPROVAL|1017310,MR-04,SUPPORTED,source-scoped to approval-file facility code
APR|2690,concernsDam,DAM|HRFCO_APPROVAL|1004310,MR-04,SUPPORTED,source-scoped to approval-file facility code
APR|2691,concernsDam,DAM|HRFCO_APPROVAL|1010320,MR-04,SUPPORTED,source-scoped to approval-file facility code
APR|2692,concernsDam,DAM|HRFCO_APPROVAL|1013310,MR-04,SUPPORTED,source-scoped to approval-file facility code
APR|2693,concernsDam,DAM|HRFCO_APPROVAL|1017310,MR-04,SUPPORTED,source-scoped to approval-file facility code
APR|2694,concernsDam,DAM|HRFCO_APPROVAL|1017310,MR-04,SUPPORTED,source-scoped to approval-file facility code
APR|2695,concernsDam,DAM|HRFCO_APPROVAL|1007801,MR-04,SUPPORTED,source-scoped to approval-file facility code
APR|2696,concernsDam,DAM|HRFCO_APPROVAL|1007802,MR-04,SUPPORTED,source-scoped to approval-file facility code
APR|2697,concernsDam,DAM|HRFCO_APPROVAL|1007803,MR-04,SUPPORTED,source-scoped to approval-file facility code
APR|2698,concernsDam,DAM|HRFCO_APPROVAL|1013310,MR-04,SUPPORTED,source-scoped to approval-file facility code
APR|2699,concernsDam,DAM|HRFCO_APPROVAL|1010320,MR-04,SUPPORTED,source-scoped to approval-file facility code
APR|2700,concernsDam,DAM|HRFCO_APPROVAL|1004310,MR-04,SUPPORTED,source-scoped to approval-file facility code
APR|2701,concernsDam,DAM|HRFCO_APPROVAL|1017310,MR-04,SUPPORTED,source-scoped to approval-file facility code
APR|2702,concernsDam,DAM|HRFCO_APPROVAL|1015310,MR-04,SUPPORTED,source-scoped to approval-file facility code
APR|2703,concernsDam,DAM|HRFCO_APPROVAL|1013310,MR-04,SUPPORTED,source-scoped to approval-file facility code
APR|2704,concernsDam,DAM|HRFCO_APPROVAL|1010320,MR-04,SUPPORTED,source-scoped to approval-file facility code
APR|2705,concernsDam,DAM|HRFCO_APPROVAL|1017310,MR-04,SUPPORTED,source-scoped to approval-file facility code
APR|2706,concernsDam,DAM|HRFCO_APPROVAL|1015310,MR-04,SUPPORTED,source-scoped to approval-file facility code
APR|2707,concernsDam,DAM|HRFCO_APPROVAL|1004310,MR-04,SUPPORTED,source-scoped to approval-file facility code
APR|2708,concernsDam,DAM|HRFCO_APPROVAL|1015310,MR-04,SUPPORTED,source-scoped to approval-file facility code
APR|2709,concernsDam,DAM|HRFCO_APPROVAL|1010320,MR-04,SUPPORTED,source-scoped to approval-file facility code
APR|2710,concernsDam,DAM|HRFCO_APPROVAL|1013310,MR-04,SUPPORTED,source-scoped to approval-file facility code
APR|2711,concernsDam,DAM|HRFCO_APPROVAL|1010320,MR-04,SUPPORTED,source-scoped to approval-file facility code
APR|2712,concernsDam,DAM|HRFCO_APPROVAL|1010310,MR-04,SUPPORTED,source-scoped to approval-file facility code
APR|2713,concernsDam,DAM|HRFCO_APPROVAL|1006110,MR-04,SUPPORTED,source-scoped to approval-file facility code
APR|2714,concernsDam,DAM|HRFCO_APPROVAL|1001210,MR-04,SUPPORTED,source-scoped to approval-file facility code
APR|2715,concernsDam,DAM|HRFCO_APPROVAL|1017310,MR-04,SUPPORTED,source-scoped to approval-file facility code
APR|2716,concernsDam,DAM|HRFCO_APPROVAL|1015310,MR-04,SUPPORTED,source-scoped to approval-file facility code
APR|2717,concernsDam,DAM|HRFCO_APPROVAL|1007801,MR-04,SUPPORTED,source-scoped to approval-file facility code
APR|2718,concernsDam,DAM|HRFCO_APPROVAL|1007802,MR-04,SUPPORTED,source-scoped to approval-file facility code
APR|2719,concernsDam,DAM|HRFCO_APPROVAL|1007803,MR-04,SUPPORTED,source-scoped to approval-file facility code
APR|2720,concernsDam,DAM|HRFCO_APPROVAL|1017310,MR-04,SUPPORTED,source-scoped to approval-file facility code
APR|2721,concernsDam,DAM|HRFCO_APPROVAL|1015310,MR-04,SUPPORTED,source-scoped to approval-file facility code
APR|2722,concernsDam,DAM|HRFCO_APPROVAL|1013310,MR-04,SUPPORTED,source-scoped to approval-file facility code
APR|2723,concernsDam,DAM|HRFCO_APPROVAL|1010320,MR-04,SUPPORTED,source-scoped to approval-file facility code
APR|2724,concernsDam,DAM|HRFCO_APPROVAL|1015310,MR-04,SUPPORTED,source-scoped to approval-file facility code
APR|2725,concernsDam,DAM|HRFCO_APPROVAL|1010320,MR-04,SUPPORTED,source-scoped to approval-file facility code
APR|2726,concernsDam,DAM|HRFCO_APPROVAL|1010310,MR-04,SUPPORTED,source-scoped to approval-file facility code
APR|2727,concernsDam,DAM|HRFCO_APPROVAL|1010320,MR-04,SUPPORTED,source-scoped to approval-file facility code
APR|2728,concernsDam,DAM|HRFCO_APPROVAL|1013310,MR-04,SUPPORTED,source-scoped to approval-file facility code
APR|2729,concernsDam,DAM|HRFCO_APPROVAL|1015310,MR-04,SUPPORTED,source-scoped to approval-file facility code
APR|2730,concernsDam,DAM|HRFCO_APPROVAL|1010320,MR-04,SUPPORTED,source-scoped to approval-file facility code
APR|2731,concernsDam,DAM|HRFCO_APPROVAL|1010310,MR-04,SUPPORTED,source-scoped to approval-file facility code
APR|2732,concernsDam,DAM|HRFCO_APPROVAL|1017310,MR-04,SUPPORTED,source-scoped to approval-file facility code
APR|2733,concernsDam,DAM|HRFCO_APPROVAL|1015310,MR-04,SUPPORTED,source-scoped to approval-file facility code
APR|2734,concernsDam,DAM|HRFCO_APPROVAL|1013310,MR-04,SUPPORTED,source-scoped to approval-file facility code
APR|2735,concernsDam,DAM|HRFCO_APPROVAL|1013310,MR-04,SUPPORTED,source-scoped to approval-file facility code
APR|2736,concernsDam,DAM|HRFCO_APPROVAL|1010320,MR-04,SUPPORTED,source-scoped to approval-file facility code
APR|2737,concernsDam,DAM|HRFCO_APPROVAL|1013310,MR-04,SUPPORTED,source-scoped to approval-file facility code
APR|2738,concernsDam,DAM|HRFCO_APPROVAL|1010320,MR-04,SUPPORTED,source-scoped to approval-file facility code
APR|2739,concernsDam,DAM|HRFCO_APPROVAL|1010320,MR-04,SUPPORTED,source-scoped to approval-file facility code
APR|2740,concernsDam,DAM|HRFCO_APPROVAL|1013310,MR-04,SUPPORTED,source-scoped to approval-file facility code
APR|2741,concernsDam,DAM|HRFCO_APPROVAL|1017310,MR-04,SUPPORTED,source-scoped to approval-file facility code
APR|2742,concernsDam,DAM|HRFCO_APPROVAL|1015310,MR-04,SUPPORTED,source-scoped to approval-file facility code
APR|2743,concernsDam,DAM|HRFCO_APPROVAL|1017310,MR-04,SUPPORTED,source-scoped to approval-file facility code
APR|2744,concernsDam,DAM|HRFCO_APPROVAL|1015310,MR-04,SUPPORTED,source-scoped to approval-file facility code
APR|2745,concernsDam,DAM|HRFCO_APPROVAL|1010320,MR-04,SUPPORTED,source-scoped to approval-file facility code
APR|2746,concernsDam,DAM|HRFCO_APPROVAL|1010310,MR-04,SUPPORTED,source-scoped to approval-file facility code
APR|2747,concernsDam,DAM|HRFCO_APPROVAL|1013310,MR-04,SUPPORTED,source-scoped to approval-file facility code
APR|2748,concernsDam,DAM|HRFCO_APPROVAL|1017310,MR-04,SUPPORTED,source-scoped to approval-file facility code
APR|2749,concernsDam,DAM|HRFCO_APPROVAL|1015310,MR-04,SUPPORTED,source-scoped to approval-file facility code
APR|2750,concernsDam,DAM|HRFCO_APPROVAL|1010320,MR-04,SUPPORTED,source-scoped to approval-file facility code
APR|2751,concernsDam,DAM|HRFCO_APPROVAL|1004310,MR-04,SUPPORTED,source-scoped to approval-file facility code
APR|2752,concernsDam,DAM|HRFCO_APPROVAL|1013310,MR-04,SUPPORTED,source-scoped to approval-file facility code
APR|2753,concernsDam,DAM|HRFCO_APPROVAL|1015310,MR-04,SUPPORTED,source-scoped to approval-file facility code
APR|2754,concernsDam,DAM|HRFCO_APPROVAL|1012110,MR-04,SUPPORTED,source-scoped to approval-file facility code
APR|2755,concernsDam,DAM|HRFCO_APPROVAL|1003110,MR-04,SUPPORTED,source-scoped to approval-file facility code
APR|2756,concernsDam,DAM|HRFCO_APPROVAL|1015310,MR-04,SUPPORTED,source-scoped to approval-file facility code
APR|2757,concernsDam,DAM|HRFCO_APPROVAL|1013310,MR-04,SUPPORTED,source-scoped to approval-file facility code
APR|2758,concernsDam,DAM|HRFCO_APPROVAL|1004310,MR-04,SUPPORTED,source-scoped to approval-file facility code
APR|2759,concernsDam,DAM|HRFCO_APPROVAL|1015310,MR-04,SUPPORTED,source-scoped to approval-file facility code
APR|2760,concernsDam,DAM|HRFCO_APPROVAL|1015310,MR-04,SUPPORTED,source-scoped to approval-file facility code
APR|2761,concernsDam,DAM|HRFCO_APPROVAL|1017310,MR-04,SUPPORTED,source-scoped to approval-file facility code
APR|2762,concernsDam,DAM|HRFCO_APPROVAL|1013310,MR-04,SUPPORTED,source-scoped to approval-file facility code
APR|2763,concernsDam,DAM|HRFCO_APPROVAL|1004310,MR-04,SUPPORTED,source-scoped to approval-file facility code
APR|2764,concernsDam,DAM|HRFCO_APPROVAL|1015310,MR-04,SUPPORTED,source-scoped to approval-file facility code
APR|2765,concernsDam,DAM|HRFCO_APPROVAL|1015310,MR-04,SUPPORTED,source-scoped to approval-file facility code
APR|2766,concernsDam,DAM|HRFCO_APPROVAL|1013310,MR-04,SUPPORTED,source-scoped to approval-file facility code
APR|2767,concernsDam,DAM|HRFCO_APPROVAL|1010320,MR-04,SUPPORTED,source-scoped to approval-file facility code
APR|2768,concernsDam,DAM|HRFCO_APPROVAL|1004310,MR-04,SUPPORTED,source-scoped to approval-file facility code
APR|2769,concernsDam,DAM|HRFCO_APPROVAL|1015310,MR-04,SUPPORTED,source-scoped to approval-file facility code
APR|2770,concernsDam,DAM|HRFCO_APPROVAL|1013310,MR-04,SUPPORTED,source-scoped to approval-file facility code
APR|2771,concernsDam,DAM|HRFCO_APPROVAL|1017310,MR-04,SUPPORTED,source-scoped to approval-file facility code
APR|2772,concernsDam,DAM|HRFCO_APPROVAL|1013310,MR-04,SUPPORTED,source-scoped to approval-file facility code
APR|2773,concernsDam,DAM|HRFCO_APPROVAL|1017310,MR-04,SUPPORTED,source-scoped to approval-file facility code
APR|2774,concernsDam,DAM|HRFCO_APPROVAL|1013310,MR-04,SUPPORTED,source-scoped to approval-file facility code
APR|2775,concernsDam,DAM|HRFCO_APPROVAL|1010320,MR-04,SUPPORTED,source-scoped to approval-file facility code
APR|2776,concernsDam,DAM|HRFCO_APPROVAL|1015310,MR-04,SUPPORTED,source-scoped to approval-file facility code
APR|2777,concernsDam,DAM|HRFCO_APPROVAL|1013310,MR-04,SUPPORTED,source-scoped to approval-file facility code
APR|2778,concernsDam,DAM|HRFCO_APPROVAL|1013310,MR-04,SUPPORTED,source-scoped to approval-file facility code
APR|2779,concernsDam,DAM|HRFCO_APPROVAL|1004310,MR-04,SUPPORTED,source-scoped to approval-file facility code
APR|2780,concernsDam,DAM|HRFCO_APPROVAL|1015310,MR-04,SUPPORTED,source-scoped to approval-file facility code
APR|2781,concernsDam,DAM|HRFCO_APPROVAL|1015310,MR-04,SUPPORTED,source-scoped to approval-file facility code
APR|2782,concernsDam,DAM|HRFCO_APPROVAL|1015310,MR-04,SUPPORTED,source-scoped to approval-file facility code
APR|2783,concernsDam,DAM|HRFCO_APPROVAL|1013310,MR-04,SUPPORTED,source-scoped to approval-file facility code
APR|2784,concernsDam,DAM|HRFCO_APPROVAL|1010320,MR-04,SUPPORTED,source-scoped to approval-file facility code
APR|2785,concernsDam,DAM|HRFCO_APPROVAL|1017310,MR-04,SUPPORTED,source-scoped to approval-file facility code
APR|2786,concernsDam,DAM|HRFCO_APPROVAL|1015310,MR-04,SUPPORTED,source-scoped to approval-file facility code
APR|2787,concernsDam,DAM|HRFCO_APPROVAL|1015310,MR-04,SUPPORTED,source-scoped to approval-file facility code
APR|2788,concernsDam,DAM|HRFCO_APPROVAL|1010320,MR-04,SUPPORTED,source-scoped to approval-file facility code
APR|2789,concernsDam,DAM|HRFCO_APPROVAL|1013310,MR-04,SUPPORTED,source-scoped to approval-file facility code
APR|2790,concernsDam,DAM|HRFCO_APPROVAL|1004310,MR-04,SUPPORTED,source-scoped to approval-file facility code
APR|2791,concernsDam,DAM|HRFCO_APPROVAL|1017310,MR-04,SUPPORTED,source-scoped to approval-file facility code
APR|2792,concernsDam,DAM|HRFCO_APPROVAL|1015310,MR-04,SUPPORTED,source-scoped to approval-file facility code
APR|2793,concernsDam,DAM|HRFCO_APPROVAL|1013310,MR-04,SUPPORTED,source-scoped to approval-file facility code
APR|2794,concernsDam,DAM|HRFCO_APPROVAL|1010310,MR-04,SUPPORTED,source-scoped to approval-file facility code
APR|2795,concernsDam,DAM|HRFCO_APPROVAL|1015310,MR-04,SUPPORTED,source-scoped to approval-file facility code
APR|2796,concernsDam,DAM|HRFCO_APPROVAL|1013310,MR-04,SUPPORTED,source-scoped to approval-file facility code
APR|2797,concernsDam,DAM|HRFCO_APPROVAL|1017310,MR-04,SUPPORTED,source-scoped to approval-file facility code
APR|2798,concernsDam,DAM|HRFCO_APPROVAL|1015310,MR-04,SUPPORTED,source-scoped to approval-file facility code
APR|2799,concernsDam,DAM|HRFCO_APPROVAL|1010320,MR-04,SUPPORTED,source-scoped to approval-file facility code
APR|2800,concernsDam,DAM|HRFCO_APPROVAL|1021701,MR-04,SUPPORTED,source-scoped to approval-file facility code
APR|2801,concernsDam,DAM|HRFCO_APPROVAL|1015310,MR-04,SUPPORTED,source-scoped to approval-file facility code
APR|2802,concernsDam,DAM|HRFCO_APPROVAL|1017310,MR-04,SUPPORTED,source-scoped to approval-file facility code
APR|2803,concernsDam,DAM|HRFCO_APPROVAL|1015310,MR-04,SUPPORTED,source-scoped to approval-file facility code
APR|2804,concernsDam,DAM|HRFCO_APPROVAL|1012110,MR-04,SUPPORTED,source-scoped to approval-file facility code
APR|2805,concernsDam,DAM|HRFCO_APPROVAL|1017310,MR-04,SUPPORTED,source-scoped to approval-file facility code
APR|2806,concernsDam,DAM|HRFCO_APPROVAL|1015310,MR-04,SUPPORTED,source-scoped to approval-file facility code
APR|2807,concernsDam,DAM|HRFCO_APPROVAL|1013310,MR-04,SUPPORTED,source-scoped to approval-file facility code
APR|2808,concernsDam,DAM|HRFCO_APPROVAL|1010310,MR-04,SUPPORTED,source-scoped to approval-file facility code
APR|2809,concernsDam,DAM|HRFCO_APPROVAL|1013310,MR-04,SUPPORTED,source-scoped to approval-file facility code
APR|2810,concernsDam,DAM|HRFCO_APPROVAL|1010320,MR-04,SUPPORTED,source-scoped to approval-file facility code
APR|2811,concernsDam,DAM|HRFCO_APPROVAL|1017310,MR-04,SUPPORTED,source-scoped to approval-file facility code
APR|2812,concernsDam,DAM|HRFCO_APPROVAL|1015310,MR-04,SUPPORTED,source-scoped to approval-file facility code
APR|2813,concernsDam,DAM|HRFCO_APPROVAL|1017310,MR-04,SUPPORTED,source-scoped to approval-file facility code
APR|2814,concernsDam,DAM|HRFCO_APPROVAL|1015310,MR-04,SUPPORTED,source-scoped to approval-file facility code
APR|2815,concernsDam,DAM|HRFCO_APPROVAL|1013310,MR-04,SUPPORTED,source-scoped to approval-file facility code
APR|2816,concernsDam,DAM|HRFCO_APPROVAL|1015310,MR-04,SUPPORTED,source-scoped to approval-file facility code
APR|2817,concernsDam,DAM|HRFCO_APPROVAL|1013310,MR-04,SUPPORTED,source-scoped to approval-file facility code
APR|2818,concernsDam,DAM|HRFCO_APPROVAL|1013310,MR-04,SUPPORTED,source-scoped to approval-file facility code
APR|2819,concernsDam,DAM|HRFCO_APPROVAL|1010320,MR-04,SUPPORTED,source-scoped to approval-file facility code
APR|2820,concernsDam,DAM|HRFCO_APPROVAL|1010310,MR-04,SUPPORTED,source-scoped to approval-file facility code
APR|2821,concernsDam,DAM|HRFCO_APPROVAL|1015310,MR-04,SUPPORTED,source-scoped to approval-file facility code
APR|2822,concernsDam,DAM|HRFCO_APPROVAL|1017310,MR-04,SUPPORTED,source-scoped to approval-file facility code
APR|2823,concernsDam,DAM|HRFCO_APPROVAL|1013310,MR-04,SUPPORTED,source-scoped to approval-file facility code
APR|2824,concernsDam,DAM|HRFCO_APPROVAL|1013310,MR-04,SUPPORTED,source-scoped to approval-file facility code
APR|2825,concernsDam,DAM|HRFCO_APPROVAL|1015310,MR-04,SUPPORTED,source-scoped to approval-file facility code
APR|2826,concernsDam,DAM|HRFCO_APPROVAL|1013310,MR-04,SUPPORTED,source-scoped to approval-file facility code
APR|2827,concernsDam,DAM|HRFCO_APPROVAL|1015310,MR-04,SUPPORTED,source-scoped to approval-file facility code
APR|2828,concernsDam,DAM|HRFCO_APPROVAL|1017310,MR-04,SUPPORTED,source-scoped to approval-file facility code
APR|2829,concernsDam,DAM|HRFCO_APPROVAL|1015310,MR-04,SUPPORTED,source-scoped to approval-file facility code
APR|2830,concernsDam,DAM|HRFCO_APPROVAL|1010310,MR-04,SUPPORTED,source-scoped to approval-file facility code
APR|2831,concernsDam,DAM|HRFCO_APPROVAL|1013310,MR-04,SUPPORTED,source-scoped to approval-file facility code
APR|2832,concernsDam,DAM|HRFCO_APPROVAL|1010320,MR-04,SUPPORTED,source-scoped to approval-file facility code
APR|2833,concernsDam,DAM|HRFCO_APPROVAL|1017310,MR-04,SUPPORTED,source-scoped to approval-file facility code
APR|2834,concernsDam,DAM|HRFCO_APPROVAL|1017310,MR-04,SUPPORTED,source-scoped to approval-file facility code
APR|2835,concernsDam,DAM|HRFCO_APPROVAL|1004310,MR-04,SUPPORTED,source-scoped to approval-file facility code
APR|2836,concernsDam,DAM|HRFCO_APPROVAL|1004310,MR-04,SUPPORTED,source-scoped to approval-file facility code
APR|2837,concernsDam,DAM|HRFCO_APPROVAL|1004310,MR-04,SUPPORTED,source-scoped to approval-file facility code
APR|2838,concernsDam,DAM|HRFCO_APPROVAL|1017310,MR-04,SUPPORTED,source-scoped to approval-file facility code
APR|2839,concernsDam,DAM|HRFCO_APPROVAL|1017310,MR-04,SUPPORTED,source-scoped to approval-file facility code
APR|2840,concernsDam,DAM|HRFCO_APPROVAL|1007801,MR-04,SUPPORTED,source-scoped to approval-file facility code
APR|2841,concernsDam,DAM|HRFCO_APPROVAL|1007802,MR-04,SUPPORTED,source-scoped to approval-file facility code
APR|2842,concernsDam,DAM|HRFCO_APPROVAL|1007803,MR-04,SUPPORTED,source-scoped to approval-file facility code
APR|2843,concernsDam,DAM|HRFCO_APPROVAL|1004310,MR-04,SUPPORTED,source-scoped to approval-file facility code
APR|2844,concernsDam,DAM|HRFCO_APPROVAL|1017310,MR-04,SUPPORTED,source-scoped to approval-file facility code
APR|2845,concernsDam,DAM|HRFCO_APPROVAL|1017310,MR-04,SUPPORTED,source-scoped to approval-file facility code
APR|2846,concernsDam,DAM|HRFCO_APPROVAL|1017310,MR-04,SUPPORTED,source-scoped to approval-file facility code
APR|2847,concernsDam,DAM|HRFCO_APPROVAL|1017310,MR-04,SUPPORTED,source-scoped to approval-file facility code
APR|2848,concernsDam,DAM|HRFCO_APPROVAL|1004310,MR-04,SUPPORTED,source-scoped to approval-file facility code
APR|2849,concernsDam,DAM|HRFCO_APPROVAL|1017310,MR-04,SUPPORTED,source-scoped to approval-file facility code
APR|2850,concernsDam,DAM|HRFCO_APPROVAL|1004310,MR-04,SUPPORTED,source-scoped to approval-file facility code
APR|2851,concernsDam,DAM|HRFCO_APPROVAL|1017310,MR-04,SUPPORTED,source-scoped to approval-file facility code
APR|2852,concernsDam,DAM|HRFCO_APPROVAL|1004310,MR-04,SUPPORTED,source-scoped to approval-file facility code
APR|2853,concernsDam,DAM|HRFCO_APPROVAL|1004310,MR-04,SUPPORTED,source-scoped to approval-file facility code
APR|2854,concernsDam,DAM|HRFCO_APPROVAL|1004310,MR-04,SUPPORTED,source-scoped to approval-file facility code
APR|2855,concernsDam,DAM|HRFCO_APPROVAL|1004310,MR-04,SUPPORTED,source-scoped to approval-file facility code
APR|2856,concernsDam,DAM|HRFCO_APPROVAL|1004310,MR-04,SUPPORTED,source-scoped to approval-file facility code
APR|2857,concernsDam,DAM|HRFCO_APPROVAL|1004310,MR-04,SUPPORTED,source-scoped to approval-file facility code
APR|2858,concernsDam,DAM|HRFCO_APPROVAL|1017310,MR-04,SUPPORTED,source-scoped to approval-file facility code
APR|2859,concernsDam,DAM|HRFCO_APPROVAL|1004310,MR-04,SUPPORTED,source-scoped to approval-file facility code
APR|2860,concernsDam,DAM|HRFCO_APPROVAL|1004310,MR-04,SUPPORTED,source-scoped to approval-file facility code
APR|2861,concernsDam,DAM|HRFCO_APPROVAL|1004310,MR-04,SUPPORTED,source-scoped to approval-file facility code
APR|2862,concernsDam,DAM|HRFCO_APPROVAL|1004310,MR-04,SUPPORTED,source-scoped to approval-file facility code
APR|2863,concernsDam,DAM|HRFCO_APPROVAL|1007802,MR-04,SUPPORTED,source-scoped to approval-file facility code
APR|2864,concernsDam,DAM|HRFCO_APPROVAL|1007803,MR-04,SUPPORTED,source-scoped to approval-file facility code
APR|2865,concernsDam,DAM|HRFCO_APPROVAL|1007801,MR-04,SUPPORTED,source-scoped to approval-file facility code
APR|2866,concernsDam,DAM|HRFCO_APPROVAL|1006110,MR-04,SUPPORTED,source-scoped to approval-file facility code
APR|2867,concernsDam,DAM|HRFCO_APPROVAL|1017310,MR-04,SUPPORTED,source-scoped to approval-file facility code
APR|2868,concernsDam,DAM|HRFCO_APPROVAL|1017310,MR-04,SUPPORTED,source-scoped to approval-file facility code
APR|2869,concernsDam,DAM|HRFCO_APPROVAL|1017310,MR-04,SUPPORTED,source-scoped to approval-file facility code
APR|2870,concernsDam,DAM|HRFCO_APPROVAL|1017310,MR-04,SUPPORTED,source-scoped to approval-file facility code
APR|2871,concernsDam,DAM|HRFCO_APPROVAL|1015310,MR-04,SUPPORTED,source-scoped to approval-file facility code
APR|2872,concernsDam,DAM|HRFCO_APPROVAL|1013310,MR-04,SUPPORTED,source-scoped to approval-file facility code
APR|2873,concernsDam,DAM|HRFCO_APPROVAL|1010320,MR-04,SUPPORTED,source-scoped to approval-file facility code
APR|2874,concernsDam,DAM|HRFCO_APPROVAL|1004310,MR-04,SUPPORTED,source-scoped to approval-file facility code
APR|2875,concernsDam,DAM|HRFCO_APPROVAL|1004310,MR-04,SUPPORTED,source-scoped to approval-file facility code
APR|2876,concernsDam,DAM|HRFCO_APPROVAL|1004310,MR-04,SUPPORTED,source-scoped to approval-file facility code
APR|2877,concernsDam,DAM|HRFCO_APPROVAL|1004310,MR-04,SUPPORTED,source-scoped to approval-file facility code
APR|2878,concernsDam,DAM|HRFCO_APPROVAL|1004310,MR-04,SUPPORTED,source-scoped to approval-file facility code
APR|2879,concernsDam,DAM|HRFCO_APPROVAL|1004310,MR-04,SUPPORTED,source-scoped to approval-file facility code
APR|2880,concernsDam,DAM|HRFCO_APPROVAL|1004310,MR-04,SUPPORTED,source-scoped to approval-file facility code
APR|2881,concernsDam,DAM|HRFCO_APPROVAL|1004310,MR-04,SUPPORTED,source-scoped to approval-file facility code
APR|2882,concernsDam,DAM|HRFCO_APPROVAL|1004310,MR-04,SUPPORTED,source-scoped to approval-file facility code
APR|2883,concernsDam,DAM|HRFCO_APPROVAL|1004310,MR-04,SUPPORTED,source-scoped to approval-file facility code
APR|2884,concernsDam,DAM|HRFCO_APPROVAL|1004310,MR-04,SUPPORTED,source-scoped to approval-file facility code
APR|2885,concernsDam,DAM|HRFCO_APPROVAL|1004310,MR-04,SUPPORTED,source-scoped to approval-file facility code
APR|2886,concernsDam,DAM|HRFCO_APPROVAL|1004310,MR-04,SUPPORTED,source-scoped to approval-file facility code
APR|2887,concernsDam,DAM|HRFCO_APPROVAL|1017310,MR-04,SUPPORTED,source-scoped to approval-file facility code
APR|2888,concernsDam,DAM|HRFCO_APPROVAL|1017310,MR-04,SUPPORTED,source-scoped to approval-file facility code
APR|2889,concernsDam,DAM|HRFCO_APPROVAL|1017310,MR-04,SUPPORTED,source-scoped to approval-file facility code
APR|2890,concernsDam,DAM|HRFCO_APPROVAL|1017310,MR-04,SUPPORTED,source-scoped to approval-file facility code
APR|2891,concernsDam,DAM|HRFCO_APPROVAL|1007801,MR-04,SUPPORTED,source-scoped to approval-file facility code
APR|2892,concernsDam,DAM|HRFCO_APPROVAL|1007802,MR-04,SUPPORTED,source-scoped to approval-file facility code
APR|2893,concernsDam,DAM|HRFCO_APPROVAL|1007803,MR-04,SUPPORTED,source-scoped to approval-file facility code
APR|2894,concernsDam,DAM|HRFCO_APPROVAL|1004310,MR-04,SUPPORTED,source-scoped to approval-file facility code
APR|2895,concernsDam,DAM|HRFCO_APPROVAL|1017310,MR-04,SUPPORTED,source-scoped to approval-file facility code
APR|2896,concernsDam,DAM|HRFCO_APPROVAL|1017310,MR-04,SUPPORTED,source-scoped to approval-file facility code
APR|2897,concernsDam,DAM|HRFCO_APPROVAL|1004310,MR-04,SUPPORTED,source-scoped to approval-file facility code
APR|2898,concernsDam,DAM|HRFCO_APPROVAL|1004310,MR-04,SUPPORTED,source-scoped to approval-file facility code
APR|2899,concernsDam,DAM|HRFCO_APPROVAL|1007801,MR-04,SUPPORTED,source-scoped to approval-file facility code
APR|2900,concernsDam,DAM|HRFCO_APPROVAL|1007802,MR-04,SUPPORTED,source-scoped to approval-file facility code
APR|2901,concernsDam,DAM|HRFCO_APPROVAL|1007803,MR-04,SUPPORTED,source-scoped to approval-file facility code
APR|2902,concernsDam,DAM|HRFCO_APPROVAL|1017310,MR-04,SUPPORTED,source-scoped to approval-file facility code
APR|2903,concernsDam,DAM|HRFCO_APPROVAL|1004310,MR-04,SUPPORTED,source-scoped to approval-file facility code
APR|2904,concernsDam,DAM|HRFCO_APPROVAL|1013310,MR-04,SUPPORTED,source-scoped to approval-file facility code
APR|2905,concernsDam,DAM|HRFCO_APPROVAL|1017310,MR-04,SUPPORTED,source-scoped to approval-file facility code
APR|2906,concernsDam,DAM|HRFCO_APPROVAL|1007801,MR-04,SUPPORTED,source-scoped to approval-file facility code
APR|2907,concernsDam,DAM|HRFCO_APPROVAL|1007802,MR-04,SUPPORTED,source-scoped to approval-file facility code
APR|2908,concernsDam,DAM|HRFCO_APPROVAL|1007803,MR-04,SUPPORTED,source-scoped to approval-file facility code
APR|2909,concernsDam,DAM|HRFCO_APPROVAL|1017310,MR-04,SUPPORTED,source-scoped to approval-file facility code
APR|2910,concernsDam,DAM|HRFCO_APPROVAL|1004310,MR-04,SUPPORTED,source-scoped to approval-file facility code
APR|2911,concernsDam,DAM|HRFCO_APPROVAL|1010320,MR-04,SUPPORTED,source-scoped to approval-file facility code
APR|2912,concernsDam,DAM|HRFCO_APPROVAL|1015310,MR-04,SUPPORTED,source-scoped to approval-file facility code
APR|2913,concernsDam,DAM|HRFCO_APPROVAL|1013310,MR-04,SUPPORTED,source-scoped to approval-file facility code
APR|2914,concernsDam,DAM|HRFCO_APPROVAL|1013310,MR-04,SUPPORTED,source-scoped to approval-file facility code
APR|2915,concernsDam,DAM|HRFCO_APPROVAL|1004310,MR-04,SUPPORTED,source-scoped to approval-file facility code
APR|2916,concernsDam,DAM|HRFCO_APPROVAL|1017310,MR-04,SUPPORTED,source-scoped to approval-file facility code
APR|2917,concernsDam,DAM|HRFCO_APPROVAL|1015310,MR-04,SUPPORTED,source-scoped to approval-file facility code
APR|2918,concernsDam,DAM|HRFCO_APPROVAL|1013310,MR-04,SUPPORTED,source-scoped to approval-file facility code
APR|2919,concernsDam,DAM|HRFCO_APPROVAL|1010320,MR-04,SUPPORTED,source-scoped to approval-file facility code
APR|2920,concernsDam,DAM|HRFCO_APPROVAL|1015310,MR-04,SUPPORTED,source-scoped to approval-file facility code
APR|2921,concernsDam,DAM|HRFCO_APPROVAL|1017310,MR-04,SUPPORTED,source-scoped to approval-file facility code
APR|2922,concernsDam,DAM|HRFCO_APPROVAL|1010320,MR-04,SUPPORTED,source-scoped to approval-file facility code
APR|2923,concernsDam,DAM|HRFCO_APPROVAL|1013310,MR-04,SUPPORTED,source-scoped to approval-file facility code
APR|2924,concernsDam,DAM|HRFCO_APPROVAL|1015310,MR-04,SUPPORTED,source-scoped to approval-file facility code
APR|2925,concernsDam,DAM|HRFCO_APPROVAL|1017310,MR-04,SUPPORTED,source-scoped to approval-file facility code
APR|2926,concernsDam,DAM|HRFCO_APPROVAL|1017310,MR-04,SUPPORTED,source-scoped to approval-file facility code
APR|2927,concernsDam,DAM|HRFCO_APPROVAL|1010320,MR-04,SUPPORTED,source-scoped to approval-file facility code
APR|2928,concernsDam,DAM|HRFCO_APPROVAL|1013310,MR-04,SUPPORTED,source-scoped to approval-file facility code
APR|2929,concernsDam,DAM|HRFCO_APPROVAL|1015310,MR-04,SUPPORTED,source-scoped to approval-file facility code
APR|2930,concernsDam,DAM|HRFCO_APPROVAL|1017310,MR-04,SUPPORTED,source-scoped to approval-file facility code
APR|2931,concernsDam,DAM|HRFCO_APPROVAL|1017310,MR-04,SUPPORTED,source-scoped to approval-file facility code
APR|2932,concernsDam,DAM|HRFCO_APPROVAL|1015310,MR-04,SUPPORTED,source-scoped to approval-file facility code
APR|2933,concernsDam,DAM|HRFCO_APPROVAL|1015310,MR-04,SUPPORTED,source-scoped to approval-file facility code
APR|2934,concernsDam,DAM|HRFCO_APPROVAL|1017310,MR-04,SUPPORTED,source-scoped to approval-file facility code
APR|2935,concernsDam,DAM|HRFCO_APPROVAL|1015310,MR-04,SUPPORTED,source-scoped to approval-file facility code
APR|2936,concernsDam,DAM|HRFCO_APPROVAL|1017310,MR-04,SUPPORTED,source-scoped to approval-file facility code
APR|2937,concernsDam,DAM|HRFCO_APPROVAL|1015310,MR-04,SUPPORTED,source-scoped to approval-file facility code
APR|2938,concernsDam,DAM|HRFCO_APPROVAL|1015310,MR-04,SUPPORTED,source-scoped to approval-file facility code
APR|2939,concernsDam,DAM|HRFCO_APPROVAL|1013310,MR-04,SUPPORTED,source-scoped to approval-file facility code
APR|2940,concernsDam,DAM|HRFCO_APPROVAL|1010320,MR-04,SUPPORTED,source-scoped to approval-file facility code
APR|2941,concernsDam,DAM|HRFCO_APPROVAL|1007801,MR-04,SUPPORTED,source-scoped to approval-file facility code
APR|2942,concernsDam,DAM|HRFCO_APPROVAL|1007802,MR-04,SUPPORTED,source-scoped to approval-file facility code
APR|2943,concernsDam,DAM|HRFCO_APPROVAL|1007803,MR-04,SUPPORTED,source-scoped to approval-file facility code
APR|2944,concernsDam,DAM|HRFCO_APPROVAL|1017310,MR-04,SUPPORTED,source-scoped to approval-file facility code
APR|2945,concernsDam,DAM|HRFCO_APPROVAL|1015310,MR-04,SUPPORTED,source-scoped to approval-file facility code
APR|2946,concernsDam,DAM|HRFCO_APPROVAL|1013310,MR-04,SUPPORTED,source-scoped to approval-file facility code
APR|2947,concernsDam,DAM|HRFCO_APPROVAL|1010320,MR-04,SUPPORTED,source-scoped to approval-file facility code
APR|2948,concernsDam,DAM|HRFCO_APPROVAL|1015310,MR-04,SUPPORTED,source-scoped to approval-file facility code
APR|2949,concernsDam,DAM|HRFCO_APPROVAL|1017310,MR-04,SUPPORTED,source-scoped to approval-file facility code
APR|2950,concernsDam,DAM|HRFCO_APPROVAL|1015310,MR-04,SUPPORTED,source-scoped to approval-file facility code
APR|2951,concernsDam,DAM|HRFCO_APPROVAL|1013310,MR-04,SUPPORTED,source-scoped to approval-file facility code
APR|2952,concernsDam,DAM|HRFCO_APPROVAL|1017310,MR-04,SUPPORTED,source-scoped to approval-file facility code
APR|2953,concernsDam,DAM|HRFCO_APPROVAL|1013310,MR-04,SUPPORTED,source-scoped to approval-file facility code
APR|2954,concernsDam,DAM|HRFCO_APPROVAL|1010320,MR-04,SUPPORTED,source-scoped to approval-file facility code
APR|2955,concernsDam,DAM|HRFCO_APPROVAL|1017310,MR-04,SUPPORTED,source-scoped to approval-file facility code
APR|2956,concernsDam,DAM|HRFCO_APPROVAL|1010320,MR-04,SUPPORTED,source-scoped to approval-file facility code
APR|2957,concernsDam,DAM|HRFCO_APPROVAL|1010320,MR-04,SUPPORTED,source-scoped to approval-file facility code
APR|2958,concernsDam,DAM|HRFCO_APPROVAL|1013310,MR-04,SUPPORTED,source-scoped to approval-file facility code
APR|2959,concernsDam,DAM|HRFCO_APPROVAL|1017310,MR-04,SUPPORTED,source-scoped to approval-file facility code
APR|2960,concernsDam,DAM|HRFCO_APPROVAL|1015310,MR-04,SUPPORTED,source-scoped to approval-file facility code
APR|2961,concernsDam,DAM|HRFCO_APPROVAL|1015310,MR-04,SUPPORTED,source-scoped to approval-file facility code
APR|2962,concernsDam,DAM|HRFCO_APPROVAL|1017310,MR-04,SUPPORTED,source-scoped to approval-file facility code
APR|2963,concernsDam,DAM|HRFCO_APPROVAL|1015310,MR-04,SUPPORTED,source-scoped to approval-file facility code
APR|2964,concernsDam,DAM|HRFCO_APPROVAL|1013310,MR-04,SUPPORTED,source-scoped to approval-file facility code
APR|2965,concernsDam,DAM|HRFCO_APPROVAL|1017310,MR-04,SUPPORTED,source-scoped to approval-file facility code
APR|2966,concernsDam,DAM|HRFCO_APPROVAL|1004310,MR-04,SUPPORTED,source-scoped to approval-file facility code
APR|2967,concernsDam,DAM|HRFCO_APPROVAL|1017310,MR-04,SUPPORTED,source-scoped to approval-file facility code
APR|2968,concernsDam,DAM|HRFCO_APPROVAL|1017310,MR-04,SUPPORTED,source-scoped to approval-file facility code
APR|2969,concernsDam,DAM|HRFCO_APPROVAL|1017310,MR-04,SUPPORTED,source-scoped to approval-file facility code
APR|2970,concernsDam,DAM|HRFCO_APPROVAL|1017310,MR-04,SUPPORTED,source-scoped to approval-file facility code
APR|2971,concernsDam,DAM|HRFCO_APPROVAL|1017310,MR-04,SUPPORTED,source-scoped to approval-file facility code
APR|2972,concernsDam,DAM|HRFCO_APPROVAL|1017310,MR-04,SUPPORTED,source-scoped to approval-file facility code
APR|2973,concernsDam,DAM|HRFCO_APPROVAL|1017310,MR-04,SUPPORTED,source-scoped to approval-file facility code
APR|2974,concernsDam,DAM|HRFCO_APPROVAL|1017310,MR-04,SUPPORTED,source-scoped to approval-file facility code
APR|2975,concernsDam,DAM|HRFCO_APPROVAL|1017310,MR-04,SUPPORTED,source-scoped to approval-file facility code
APR|2976,concernsDam,DAM|HRFCO_APPROVAL|1013310,MR-04,SUPPORTED,source-scoped to approval-file facility code
APR|2977,concernsDam,DAM|HRFCO_APPROVAL|1013310,MR-04,SUPPORTED,source-scoped to approval-file facility code
APR|2978,concernsDam,DAM|HRFCO_APPROVAL|1013310,MR-04,SUPPORTED,source-scoped to approval-file facility code
APR|2979,concernsDam,DAM|HRFCO_APPROVAL|1013310,MR-04,SUPPORTED,source-scoped to approval-file facility code
APR|2980,concernsDam,DAM|HRFCO_APPROVAL|1004310,MR-04,SUPPORTED,source-scoped to approval-file facility code
APR|2981,concernsDam,DAM|HRFCO_APPROVAL|1007801,MR-04,SUPPORTED,source-scoped to approval-file facility code
APR|2982,concernsDam,DAM|HRFCO_APPROVAL|1007802,MR-04,SUPPORTED,source-scoped to approval-file facility code
APR|2983,concernsDam,DAM|HRFCO_APPROVAL|1007803,MR-04,SUPPORTED,source-scoped to approval-file facility code
APR|2984,concernsDam,DAM|HRFCO_APPROVAL|1004310,MR-04,SUPPORTED,source-scoped to approval-file facility code
APR|2985,concernsDam,DAM|HRFCO_APPROVAL|1017310,MR-04,SUPPORTED,source-scoped to approval-file facility code
APR|2986,concernsDam,DAM|HRFCO_APPROVAL|1017310,MR-04,SUPPORTED,source-scoped to approval-file facility code
APR|2987,concernsDam,DAM|HRFCO_APPROVAL|1017310,MR-04,SUPPORTED,source-scoped to approval-file facility code
APR|2988,concernsDam,DAM|HRFCO_APPROVAL|1004310,MR-04,SUPPORTED,source-scoped to approval-file facility code
APR|2989,concernsDam,DAM|HRFCO_APPROVAL|1017310,MR-04,SUPPORTED,source-scoped to approval-file facility code
APR|2990,concernsDam,DAM|HRFCO_APPROVAL|1006110,MR-04,SUPPORTED,source-scoped to approval-file facility code
APR|2991,concernsDam,DAM|HRFCO_APPROVAL|1007801,MR-04,SUPPORTED,source-scoped to approval-file facility code
APR|2992,concernsDam,DAM|HRFCO_APPROVAL|1007802,MR-04,SUPPORTED,source-scoped to approval-file facility code
APR|2993,concernsDam,DAM|HRFCO_APPROVAL|1007803,MR-04,SUPPORTED,source-scoped to approval-file facility code
APR|2994,concernsDam,DAM|HRFCO_APPROVAL|1001210,MR-04,SUPPORTED,source-scoped to approval-file facility code
APR|2995,concernsDam,DAM|HRFCO_APPROVAL|1004310,MR-04,SUPPORTED,source-scoped to approval-file facility code
APR|2996,concernsDam,DAM|HRFCO_APPROVAL|1017310,MR-04,SUPPORTED,source-scoped to approval-file facility code
APR|2997,concernsDam,DAM|HRFCO_APPROVAL|1004310,MR-04,SUPPORTED,source-scoped to approval-file facility code
APR|2998,concernsDam,DAM|HRFCO_APPROVAL|1004310,MR-04,SUPPORTED,source-scoped to approval-file facility code
APR|2999,concernsDam,DAM|HRFCO_APPROVAL|1017310,MR-04,SUPPORTED,source-scoped to approval-file facility code
APR|3000,concernsDam,DAM|HRFCO_APPROVAL|1015310,MR-04,SUPPORTED,source-scoped to approval-file facility code
APR|3001,concernsDam,DAM|HRFCO_APPROVAL|1013310,MR-04,SUPPORTED,source-scoped to approval-file facility code
APR|3002,concernsDam,DAM|HRFCO_APPROVAL|1010320,MR-04,SUPPORTED,source-scoped to approval-file facility code
APR|3003,concernsDam,DAM|HRFCO_APPROVAL|1017310,MR-04,SUPPORTED,source-scoped to approval-file facility code
APR|3004,concernsDam,DAM|HRFCO_APPROVAL|1017310,MR-04,SUPPORTED,source-scoped to approval-file facility code
APR|3005,concernsDam,DAM|HRFCO_APPROVAL|1004310,MR-04,SUPPORTED,source-scoped to approval-file facility code
APR|3006,concernsDam,DAM|HRFCO_APPROVAL|1017310,MR-04,SUPPORTED,source-scoped to approval-file facility code
APR|3007,concernsDam,DAM|HRFCO_APPROVAL|1017310,MR-04,SUPPORTED,source-scoped to approval-file facility code
APR|3008,concernsDam,DAM|HRFCO_APPROVAL|1017310,MR-04,SUPPORTED,source-scoped to approval-file facility code
APR|3009,concernsDam,DAM|HRFCO_APPROVAL|1004310,MR-04,SUPPORTED,source-scoped to approval-file facility code
APR|3010,concernsDam,DAM|HRFCO_APPROVAL|1013310,MR-04,SUPPORTED,source-scoped to approval-file facility code
APR|3011,concernsDam,DAM|HRFCO_APPROVAL|1010320,MR-04,SUPPORTED,source-scoped to approval-file facility code
APR|3012,concernsDam,DAM|HRFCO_APPROVAL|1017310,MR-04,SUPPORTED,source-scoped to approval-file facility code
APR|3013,concernsDam,DAM|HRFCO_APPROVAL|1017310,MR-04,SUPPORTED,source-scoped to approval-file facility code
APR|3014,concernsDam,DAM|HRFCO_APPROVAL|1017310,MR-04,SUPPORTED,source-scoped to approval-file facility code
APR|3015,concernsDam,DAM|HRFCO_APPROVAL|1017310,MR-04,SUPPORTED,source-scoped to approval-file facility code
APR|3016,concernsDam,DAM|HRFCO_APPROVAL|1015310,MR-04,SUPPORTED,source-scoped to approval-file facility code
APR|3017,concernsDam,DAM|HRFCO_APPROVAL|1015310,MR-04,SUPPORTED,source-scoped to approval-file facility code
APR|3018,concernsDam,DAM|HRFCO_APPROVAL|1007801,MR-04,SUPPORTED,source-scoped to approval-file facility code
APR|3019,concernsDam,DAM|HRFCO_APPROVAL|1007802,MR-04,SUPPORTED,source-scoped to approval-file facility code
APR|3020,concernsDam,DAM|HRFCO_APPROVAL|1007803,MR-04,SUPPORTED,source-scoped to approval-file facility code
APR|3021,concernsDam,DAM|HRFCO_APPROVAL|1017310,MR-04,SUPPORTED,source-scoped to approval-file facility code
APR|3022,concernsDam,DAM|HRFCO_APPROVAL|1015310,MR-04,SUPPORTED,source-scoped to approval-file facility code
APR|3023,concernsDam,DAM|HRFCO_APPROVAL|1017310,MR-04,SUPPORTED,source-scoped to approval-file facility code
APR|3024,concernsDam,DAM|HRFCO_APPROVAL|1017310,MR-04,SUPPORTED,source-scoped to approval-file facility code
APR|3025,concernsDam,DAM|HRFCO_APPROVAL|1015310,MR-04,SUPPORTED,source-scoped to approval-file facility code
APR|3026,concernsDam,DAM|HRFCO_APPROVAL|1017310,MR-04,SUPPORTED,source-scoped to approval-file facility code
APR|3027,concernsDam,DAM|HRFCO_APPROVAL|1015310,MR-04,SUPPORTED,source-scoped to approval-file facility code
APR|3028,concernsDam,DAM|HRFCO_APPROVAL|1017310,MR-04,SUPPORTED,source-scoped to approval-file facility code
APR|3029,concernsDam,DAM|HRFCO_APPROVAL|1017310,MR-04,SUPPORTED,source-scoped to approval-file facility code
APR|3030,concernsDam,DAM|HRFCO_APPROVAL|1017310,MR-04,SUPPORTED,source-scoped to approval-file facility code
APR|3031,concernsDam,DAM|HRFCO_APPROVAL|1004310,MR-04,SUPPORTED,source-scoped to approval-file facility code
APR|3032,concernsDam,DAM|HRFCO_APPROVAL|1004310,MR-04,SUPPORTED,source-scoped to approval-file facility code
APR|3033,concernsDam,DAM|HRFCO_APPROVAL|1017310,MR-04,SUPPORTED,source-scoped to approval-file facility code
APR|3034,concernsDam,DAM|HRFCO_APPROVAL|1001210,MR-04,SUPPORTED,source-scoped to approval-file facility code
APR|3035,concernsDam,DAM|HRFCO_APPROVAL|1017310,MR-04,SUPPORTED,source-scoped to approval-file facility code
APR|3036,concernsDam,DAM|HRFCO_APPROVAL|1004310,MR-04,SUPPORTED,source-scoped to approval-file facility code
APR|3037,concernsDam,DAM|HRFCO_APPROVAL|1017310,MR-04,SUPPORTED,source-scoped to approval-file facility code
APR|3038,concernsDam,DAM|HRFCO_APPROVAL|1017310,MR-04,SUPPORTED,source-scoped to approval-file facility code
APR|3039,concernsDam,DAM|HRFCO_APPROVAL|1004310,MR-04,SUPPORTED,source-scoped to approval-file facility code
APR|3040,concernsDam,DAM|HRFCO_APPROVAL|1004310,MR-04,SUPPORTED,source-scoped to approval-file facility code
APR|3041,concernsDam,DAM|HRFCO_APPROVAL|1004310,MR-04,SUPPORTED,source-scoped to approval-file facility code
APR|3042,concernsDam,DAM|HRFCO_APPROVAL|1017310,MR-04,SUPPORTED,source-scoped to approval-file facility code
APR|3043,concernsDam,DAM|HRFCO_APPROVAL|1004310,MR-04,SUPPORTED,source-scoped to approval-file facility code
APR|3044,concernsDam,DAM|HRFCO_APPROVAL|1017310,MR-04,SUPPORTED,source-scoped to approval-file facility code
APR|3045,concernsDam,DAM|HRFCO_APPROVAL|1017310,MR-04,SUPPORTED,source-scoped to approval-file facility code
APR|3046,concernsDam,DAM|HRFCO_APPROVAL|1017310,MR-04,SUPPORTED,source-scoped to approval-file facility code
APR|3047,concernsDam,DAM|HRFCO_APPROVAL|1007801,MR-04,SUPPORTED,source-scoped to approval-file facility code
APR|3048,concernsDam,DAM|HRFCO_APPROVAL|1007802,MR-04,SUPPORTED,source-scoped to approval-file facility code
APR|3049,concernsDam,DAM|HRFCO_APPROVAL|1007803,MR-04,SUPPORTED,source-scoped to approval-file facility code
APR|3050,concernsDam,DAM|HRFCO_APPROVAL|1004310,MR-04,SUPPORTED,source-scoped to approval-file facility code
APR|3051,concernsDam,DAM|HRFCO_APPROVAL|1004310,MR-04,SUPPORTED,source-scoped to approval-file facility code
APR|3052,concernsDam,DAM|HRFCO_APPROVAL|1001210,MR-04,SUPPORTED,source-scoped to approval-file facility code
APR|3053,concernsDam,DAM|HRFCO_APPROVAL|1004310,MR-04,SUPPORTED,source-scoped to approval-file facility code
APR|3054,concernsDam,DAM|HRFCO_APPROVAL|1004310,MR-04,SUPPORTED,source-scoped to approval-file facility code
APR|3055,concernsDam,DAM|HRFCO_APPROVAL|1004310,MR-04,SUPPORTED,source-scoped to approval-file facility code
APR|3056,concernsDam,DAM|HRFCO_APPROVAL|1004310,MR-04,SUPPORTED,source-scoped to approval-file facility code
APR|3057,concernsDam,DAM|HRFCO_APPROVAL|1017310,MR-04,SUPPORTED,source-scoped to approval-file facility code
APR|3058,concernsDam,DAM|HRFCO_APPROVAL|1017310,MR-04,SUPPORTED,source-scoped to approval-file facility code
APR|3059,concernsDam,DAM|HRFCO_APPROVAL|1017310,MR-04,SUPPORTED,source-scoped to approval-file facility code
APR|3060,concernsDam,DAM|HRFCO_APPROVAL|1004310,MR-04,SUPPORTED,source-scoped to approval-file facility code
APR|3061,concernsDam,DAM|HRFCO_APPROVAL|1017310,MR-04,SUPPORTED,source-scoped to approval-file facility code
APR|3062,concernsDam,DAM|HRFCO_APPROVAL|1007801,MR-04,SUPPORTED,source-scoped to approval-file facility code
APR|3063,concernsDam,DAM|HRFCO_APPROVAL|1007802,MR-04,SUPPORTED,source-scoped to approval-file facility code
APR|3064,concernsDam,DAM|HRFCO_APPROVAL|1007803,MR-04,SUPPORTED,source-scoped to approval-file facility code
APR|3065,concernsDam,DAM|HRFCO_APPROVAL|1004310,MR-04,SUPPORTED,source-scoped to approval-file facility code
APR|3066,concernsDam,DAM|HRFCO_APPROVAL|1017310,MR-04,SUPPORTED,source-scoped to approval-file facility code
APR|3067,concernsDam,DAM|HRFCO_APPROVAL|1017310,MR-04,SUPPORTED,source-scoped to approval-file facility code
APR|3068,concernsDam,DAM|HRFCO_APPROVAL|1013310,MR-04,SUPPORTED,source-scoped to approval-file facility code
APR|3069,concernsDam,DAM|HRFCO_APPROVAL|1015310,MR-04,SUPPORTED,source-scoped to approval-file facility code
APR|3070,concernsDam,DAM|HRFCO_APPROVAL|1017310,MR-04,SUPPORTED,source-scoped to approval-file facility code
APR|3071,concernsDam,DAM|HRFCO_APPROVAL|1015310,MR-04,SUPPORTED,source-scoped to approval-file facility code
APR|3072,concernsDam,DAM|HRFCO_APPROVAL|1017310,MR-04,SUPPORTED,source-scoped to approval-file facility code
APR|3073,concernsDam,DAM|HRFCO_APPROVAL|1015310,MR-04,SUPPORTED,source-scoped to approval-file facility code
APR|3074,concernsDam,DAM|HRFCO_APPROVAL|1010320,MR-04,SUPPORTED,source-scoped to approval-file facility code
APR|3075,concernsDam,DAM|HRFCO_APPROVAL|1010320,MR-04,SUPPORTED,source-scoped to approval-file facility code
APR|3076,concernsDam,DAM|HRFCO_APPROVAL|1010320,MR-04,SUPPORTED,source-scoped to approval-file facility code
APR|3077,concernsDam,DAM|HRFCO_APPROVAL|1013310,MR-04,SUPPORTED,source-scoped to approval-file facility code
APR|3078,concernsDam,DAM|HRFCO_APPROVAL|1010320,MR-04,SUPPORTED,source-scoped to approval-file facility code
APR|3079,concernsDam,DAM|HRFCO_APPROVAL|1013310,MR-04,SUPPORTED,source-scoped to approval-file facility code
APR|3080,concernsDam,DAM|HRFCO_APPROVAL|1010320,MR-04,SUPPORTED,source-scoped to approval-file facility code
APR|3081,concernsDam,DAM|HRFCO_APPROVAL|1013310,MR-04,SUPPORTED,source-scoped to approval-file facility code
APR|3082,concernsDam,DAM|HRFCO_APPROVAL|1015310,MR-04,SUPPORTED,source-scoped to approval-file facility code
APR|3083,concernsDam,DAM|HRFCO_APPROVAL|1010320,MR-04,SUPPORTED,source-scoped to approval-file facility code
APR|3084,concernsDam,DAM|HRFCO_APPROVAL|1013310,MR-04,SUPPORTED,source-scoped to approval-file facility code
APR|3085,concernsDam,DAM|HRFCO_APPROVAL|1013310,MR-04,SUPPORTED,source-scoped to approval-file facility code
APR|3086,concernsDam,DAM|HRFCO_APPROVAL|1015310,MR-04,SUPPORTED,source-scoped to approval-file facility code
APR|3087,concernsDam,DAM|HRFCO_APPROVAL|1015310,MR-04,SUPPORTED,source-scoped to approval-file facility code
APR|3088,concernsDam,DAM|HRFCO_APPROVAL|1015310,MR-04,SUPPORTED,source-scoped to approval-file facility code
APR|3089,concernsDam,DAM|HRFCO_APPROVAL|1010320,MR-04,SUPPORTED,source-scoped to approval-file facility code
APR|3090,concernsDam,DAM|HRFCO_APPROVAL|1013310,MR-04,SUPPORTED,source-scoped to approval-file facility code
APR|3091,concernsDam,DAM|HRFCO_APPROVAL|1001210,MR-04,SUPPORTED,source-scoped to approval-file facility code
APR|3092,concernsDam,DAM|HRFCO_APPROVAL|1013310,MR-04,SUPPORTED,source-scoped to approval-file facility code
APR|3093,concernsDam,DAM|HRFCO_APPROVAL|1015310,MR-04,SUPPORTED,source-scoped to approval-file facility code
APR|3094,concernsDam,DAM|HRFCO_APPROVAL|1017310,MR-04,SUPPORTED,source-scoped to approval-file facility code
APR|3095,concernsDam,DAM|HRFCO_APPROVAL|1015310,MR-04,SUPPORTED,source-scoped to approval-file facility code
APR|3096,concernsDam,DAM|HRFCO_APPROVAL|1010320,MR-04,SUPPORTED,source-scoped to approval-file facility code
APR|3097,concernsDam,DAM|HRFCO_APPROVAL|1015310,MR-04,SUPPORTED,source-scoped to approval-file facility code
APR|3098,concernsDam,DAM|HRFCO_APPROVAL|1013310,MR-04,SUPPORTED,source-scoped to approval-file facility code
APR|3099,concernsDam,DAM|HRFCO_APPROVAL|1013310,MR-04,SUPPORTED,source-scoped to approval-file facility code
APR|3100,concernsDam,DAM|HRFCO_APPROVAL|1017310,MR-04,SUPPORTED,source-scoped to approval-file facility code
APR|3101,concernsDam,DAM|HRFCO_APPROVAL|1010320,MR-04,SUPPORTED,source-scoped to approval-file facility code
APR|3102,concernsDam,DAM|HRFCO_APPROVAL|1013310,MR-04,SUPPORTED,source-scoped to approval-file facility code
APR|3103,concernsDam,DAM|HRFCO_APPROVAL|1015310,MR-04,SUPPORTED,source-scoped to approval-file facility code
APR|3104,concernsDam,DAM|HRFCO_APPROVAL|1017310,MR-04,SUPPORTED,source-scoped to approval-file facility code
APR|3105,concernsDam,DAM|HRFCO_APPROVAL|1015310,MR-04,SUPPORTED,source-scoped to approval-file facility code
APR|3106,concernsDam,DAM|HRFCO_APPROVAL|1017310,MR-04,SUPPORTED,source-scoped to approval-file facility code
APR|3107,concernsDam,DAM|HRFCO_APPROVAL|1015310,MR-04,SUPPORTED,source-scoped to approval-file facility code
APR|3108,concernsDam,DAM|HRFCO_APPROVAL|1013310,MR-04,SUPPORTED,source-scoped to approval-file facility code
APR|3109,concernsDam,DAM|HRFCO_APPROVAL|1017310,MR-04,SUPPORTED,source-scoped to approval-file facility code
APR|3110,concernsDam,DAM|HRFCO_APPROVAL|1015310,MR-04,SUPPORTED,source-scoped to approval-file facility code
APR|3111,concernsDam,DAM|HRFCO_APPROVAL|1013310,MR-04,SUPPORTED,source-scoped to approval-file facility code
APR|3112,concernsDam,DAM|HRFCO_APPROVAL|1010320,MR-04,SUPPORTED,source-scoped to approval-file facility code
APR|3113,concernsDam,DAM|HRFCO_APPROVAL|1015310,MR-04,SUPPORTED,source-scoped to approval-file facility code
APR|3114,concernsDam,DAM|HRFCO_APPROVAL|1013310,MR-04,SUPPORTED,source-scoped to approval-file facility code
APR|3115,concernsDam,DAM|HRFCO_APPROVAL|1010320,MR-04,SUPPORTED,source-scoped to approval-file facility code
APR|3116,concernsDam,DAM|HRFCO_APPROVAL|1004310,MR-04,SUPPORTED,source-scoped to approval-file facility code
APR|3117,concernsDam,DAM|HRFCO_APPROVAL|1017310,MR-04,SUPPORTED,source-scoped to approval-file facility code
APR|3118,concernsDam,DAM|HRFCO_APPROVAL|1015310,MR-04,SUPPORTED,source-scoped to approval-file facility code
APR|3119,concernsDam,DAM|HRFCO_APPROVAL|1013310,MR-04,SUPPORTED,source-scoped to approval-file facility code
APR|3120,concernsDam,DAM|HRFCO_APPROVAL|1010320,MR-04,SUPPORTED,source-scoped to approval-file facility code
APR|3121,concernsDam,DAM|HRFCO_APPROVAL|1017310,MR-04,SUPPORTED,source-scoped to approval-file facility code
APR|3122,concernsDam,DAM|HRFCO_APPROVAL|1015310,MR-04,SUPPORTED,source-scoped to approval-file facility code
APR|3123,concernsDam,DAM|HRFCO_APPROVAL|1013310,MR-04,SUPPORTED,source-scoped to approval-file facility code
APR|3124,concernsDam,DAM|HRFCO_APPROVAL|1010320,MR-04,SUPPORTED,source-scoped to approval-file facility code
APR|3125,concernsDam,DAM|HRFCO_APPROVAL|1013310,MR-04,SUPPORTED,source-scoped to approval-file facility code
APR|3126,concernsDam,DAM|HRFCO_APPROVAL|1017310,MR-04,SUPPORTED,source-scoped to approval-file facility code
APR|3127,concernsDam,DAM|HRFCO_APPROVAL|1015310,MR-04,SUPPORTED,source-scoped to approval-file facility code
APR|3128,concernsDam,DAM|HRFCO_APPROVAL|1015310,MR-04,SUPPORTED,source-scoped to approval-file facility code
APR|3129,concernsDam,DAM|HRFCO_APPROVAL|1017310,MR-04,SUPPORTED,source-scoped to approval-file facility code
APR|3130,concernsDam,DAM|HRFCO_APPROVAL|1017310,MR-04,SUPPORTED,source-scoped to approval-file facility code
APR|3131,concernsDam,DAM|HRFCO_APPROVAL|1015310,MR-04,SUPPORTED,source-scoped to approval-file facility code
APR|3132,concernsDam,DAM|HRFCO_APPROVAL|1004310,MR-04,SUPPORTED,source-scoped to approval-file facility code
APR|3133,concernsDam,DAM|HRFCO_APPROVAL|1004310,MR-04,SUPPORTED,source-scoped to approval-file facility code
APR|3134,concernsDam,DAM|HRFCO_APPROVAL|1004310,MR-04,SUPPORTED,source-scoped to approval-file facility code
APR|3135,concernsDam,DAM|HRFCO_APPROVAL|1017310,MR-04,SUPPORTED,source-scoped to approval-file facility code
APR|3136,concernsDam,DAM|HRFCO_APPROVAL|1015310,MR-04,SUPPORTED,source-scoped to approval-file facility code
APR|3137,concernsDam,DAM|HRFCO_APPROVAL|1017310,MR-04,SUPPORTED,source-scoped to approval-file facility code
APR|3138,concernsDam,DAM|HRFCO_APPROVAL|1004310,MR-04,SUPPORTED,source-scoped to approval-file facility code
APR|3139,concernsDam,DAM|HRFCO_APPROVAL|1017310,MR-04,SUPPORTED,source-scoped to approval-file facility code
APR|3140,concernsDam,DAM|HRFCO_APPROVAL|1004310,MR-04,SUPPORTED,source-scoped to approval-file facility code
APR|3141,concernsDam,DAM|HRFCO_APPROVAL|1004310,MR-04,SUPPORTED,source-scoped to approval-file facility code
APR|3142,concernsDam,DAM|HRFCO_APPROVAL|1001210,MR-04,SUPPORTED,source-scoped to approval-file facility code
APR|3143,concernsDam,DAM|HRFCO_APPROVAL|1004310,MR-04,SUPPORTED,source-scoped to approval-file facility code
APR|3144,concernsDam,DAM|HRFCO_APPROVAL|1017310,MR-04,SUPPORTED,source-scoped to approval-file facility code
APR|3145,concernsDam,DAM|HRFCO_APPROVAL|1017310,MR-04,SUPPORTED,source-scoped to approval-file facility code
APR|3146,concernsDam,DAM|HRFCO_APPROVAL|1017310,MR-04,SUPPORTED,source-scoped to approval-file facility code
APR|3147,concernsDam,DAM|HRFCO_APPROVAL|1017310,MR-04,SUPPORTED,source-scoped to approval-file facility code
APR|3148,concernsDam,DAM|HRFCO_APPROVAL|1017310,MR-04,SUPPORTED,source-scoped to approval-file facility code
APR|3149,concernsDam,DAM|HRFCO_APPROVAL|1017310,MR-04,SUPPORTED,source-scoped to approval-file facility code
APR|3150,concernsDam,DAM|HRFCO_APPROVAL|1004310,MR-04,SUPPORTED,source-scoped to approval-file facility code
APR|3151,concernsDam,DAM|HRFCO_APPROVAL|1017310,MR-04,SUPPORTED,source-scoped to approval-file facility code
APR|3152,concernsDam,DAM|HRFCO_APPROVAL|1017310,MR-04,SUPPORTED,source-scoped to approval-file facility code
APR|3153,concernsDam,DAM|HRFCO_APPROVAL|1004310,MR-04,SUPPORTED,source-scoped to approval-file facility code
APR|3154,concernsDam,DAM|HRFCO_APPROVAL|1010320,MR-04,SUPPORTED,source-scoped to approval-file facility code
APR|3155,concernsDam,DAM|HRFCO_APPROVAL|1013310,MR-04,SUPPORTED,source-scoped to approval-file facility code
APR|3156,concernsDam,DAM|HRFCO_APPROVAL|1017310,MR-04,SUPPORTED,source-scoped to approval-file facility code
APR|3157,concernsDam,DAM|HRFCO_APPROVAL|1017310,MR-04,SUPPORTED,source-scoped to approval-file facility code
APR|3158,concernsDam,DAM|HRFCO_APPROVAL|1013310,MR-04,SUPPORTED,source-scoped to approval-file facility code
APR|3159,concernsDam,DAM|HRFCO_APPROVAL|1010320,MR-04,SUPPORTED,source-scoped to approval-file facility code
APR|3160,concernsDam,DAM|HRFCO_APPROVAL|1004310,MR-04,SUPPORTED,source-scoped to approval-file facility code
APR|3161,concernsDam,DAM|HRFCO_APPROVAL|1004310,MR-04,SUPPORTED,source-scoped to approval-file facility code
APR|3162,concernsDam,DAM|HRFCO_APPROVAL|1017310,MR-04,SUPPORTED,source-scoped to approval-file facility code
APR|3163,concernsDam,DAM|HRFCO_APPROVAL|1004310,MR-04,SUPPORTED,source-scoped to approval-file facility code
APR|3164,concernsDam,DAM|HRFCO_APPROVAL|1004310,MR-04,SUPPORTED,source-scoped to approval-file facility code
APR|3165,concernsDam,DAM|HRFCO_APPROVAL|1004310,MR-04,SUPPORTED,source-scoped to approval-file facility code
APR|3166,concernsDam,DAM|HRFCO_APPROVAL|1004310,MR-04,SUPPORTED,source-scoped to approval-file facility code
APR|3167,concernsDam,DAM|HRFCO_APPROVAL|1017310,MR-04,SUPPORTED,source-scoped to approval-file facility code
APR|3168,concernsDam,DAM|HRFCO_APPROVAL|1004310,MR-04,SUPPORTED,source-scoped to approval-file facility code
APR|3169,concernsDam,DAM|HRFCO_APPROVAL|1007801,MR-04,SUPPORTED,source-scoped to approval-file facility code
APR|3170,concernsDam,DAM|HRFCO_APPROVAL|1007802,MR-04,SUPPORTED,source-scoped to approval-file facility code
APR|3171,concernsDam,DAM|HRFCO_APPROVAL|1007803,MR-04,SUPPORTED,source-scoped to approval-file facility code
APR|3172,concernsDam,DAM|HRFCO_APPROVAL|1017310,MR-04,SUPPORTED,source-scoped to approval-file facility code
APR|3173,concernsDam,DAM|HRFCO_APPROVAL|1004310,MR-04,SUPPORTED,source-scoped to approval-file facility code
APR|3174,concernsDam,DAM|HRFCO_APPROVAL|1017310,MR-04,SUPPORTED,source-scoped to approval-file facility code
APR|3175,concernsDam,DAM|HRFCO_APPROVAL|1004310,MR-04,SUPPORTED,source-scoped to approval-file facility code
APR|3176,concernsDam,DAM|HRFCO_APPROVAL|1017310,MR-04,SUPPORTED,source-scoped to approval-file facility code
APR|3177,concernsDam,DAM|HRFCO_APPROVAL|1004310,MR-04,SUPPORTED,source-scoped to approval-file facility code
APR|3178,concernsDam,DAM|HRFCO_APPROVAL|1003110,MR-04,SUPPORTED,source-scoped to approval-file facility code
APR|3179,concernsDam,DAM|HRFCO_APPROVAL|1017310,MR-04,SUPPORTED,source-scoped to approval-file facility code
APR|3180,concernsDam,DAM|HRFCO_APPROVAL|1017310,MR-04,SUPPORTED,source-scoped to approval-file facility code
APR|3181,concernsDam,DAM|HRFCO_APPROVAL|1017310,MR-04,SUPPORTED,source-scoped to approval-file facility code
APR|3182,concernsDam,DAM|HRFCO_APPROVAL|1017310,MR-04,SUPPORTED,source-scoped to approval-file facility code
APR|3183,concernsDam,DAM|HRFCO_APPROVAL|1017310,MR-04,SUPPORTED,source-scoped to approval-file facility code
APR|3184,concernsDam,DAM|HRFCO_APPROVAL|1017310,MR-04,SUPPORTED,source-scoped to approval-file facility code
APR|3185,concernsDam,DAM|HRFCO_APPROVAL|1017310,MR-04,SUPPORTED,source-scoped to approval-file facility code
APR|3186,concernsDam,DAM|HRFCO_APPROVAL|1004310,MR-04,SUPPORTED,source-scoped to approval-file facility code
APR|3187,concernsDam,DAM|HRFCO_APPROVAL|1017310,MR-04,SUPPORTED,source-scoped to approval-file facility code
APR|3188,concernsDam,DAM|HRFCO_APPROVAL|1017310,MR-04,SUPPORTED,source-scoped to approval-file facility code
APR|3189,concernsDam,DAM|HRFCO_APPROVAL|1017310,MR-04,SUPPORTED,source-scoped to approval-file facility code
APR|3190,concernsDam,DAM|HRFCO_APPROVAL|1004310,MR-04,SUPPORTED,source-scoped to approval-file facility code
APR|3191,concernsDam,DAM|HRFCO_APPROVAL|1017310,MR-04,SUPPORTED,source-scoped to approval-file facility code
APR|3192,concernsDam,DAM|HRFCO_APPROVAL|1017310,MR-04,SUPPORTED,source-scoped to approval-file facility code
APR|3193,concernsDam,DAM|HRFCO_APPROVAL|1007801,MR-04,SUPPORTED,source-scoped to approval-file facility code
APR|3194,concernsDam,DAM|HRFCO_APPROVAL|1007802,MR-04,SUPPORTED,source-scoped to approval-file facility code
APR|3195,concernsDam,DAM|HRFCO_APPROVAL|1007803,MR-04,SUPPORTED,source-scoped to approval-file facility code
APR|3196,concernsDam,DAM|HRFCO_APPROVAL|1001210,MR-04,SUPPORTED,source-scoped to approval-file facility code
APR|3197,concernsDam,DAM|HRFCO_APPROVAL|1007801,MR-04,SUPPORTED,source-scoped to approval-file facility code
APR|3198,concernsDam,DAM|HRFCO_APPROVAL|1007802,MR-04,SUPPORTED,source-scoped to approval-file facility code
APR|3199,concernsDam,DAM|HRFCO_APPROVAL|1007803,MR-04,SUPPORTED,source-scoped to approval-file facility code
APR|3200,concernsDam,DAM|HRFCO_APPROVAL|1017310,MR-04,SUPPORTED,source-scoped to approval-file facility code
APR|3201,concernsDam,DAM|HRFCO_APPROVAL|1004310,MR-04,SUPPORTED,source-scoped to approval-file facility code
APR|3202,concernsDam,DAM|HRFCO_APPROVAL|1004310,MR-04,SUPPORTED,source-scoped to approval-file facility code
APR|3203,concernsDam,DAM|HRFCO_APPROVAL|1004310,MR-04,SUPPORTED,source-scoped to approval-file facility code
APR|3204,concernsDam,DAM|HRFCO_APPROVAL|1017310,MR-04,SUPPORTED,source-scoped to approval-file facility code
APR|3205,concernsDam,DAM|HRFCO_APPROVAL|1017310,MR-04,SUPPORTED,source-scoped to approval-file facility code
APR|3206,concernsDam,DAM|HRFCO_APPROVAL|1004310,MR-04,SUPPORTED,source-scoped to approval-file facility code
APR|3207,concernsDam,DAM|HRFCO_APPROVAL|1004310,MR-04,SUPPORTED,source-scoped to approval-file facility code
APR|3208,concernsDam,DAM|HRFCO_APPROVAL|1017310,MR-04,SUPPORTED,source-scoped to approval-file facility code
APR|3209,concernsDam,DAM|HRFCO_APPROVAL|1017310,MR-04,SUPPORTED,source-scoped to approval-file facility code
APR|3210,concernsDam,DAM|HRFCO_APPROVAL|1017310,MR-04,SUPPORTED,source-scoped to approval-file facility code
APR|3211,concernsDam,DAM|HRFCO_APPROVAL|1017310,MR-04,SUPPORTED,source-scoped to approval-file facility code
APR|3212,concernsDam,DAM|HRFCO_APPROVAL|1004310,MR-04,SUPPORTED,source-scoped to approval-file facility code
APR|3213,concernsDam,DAM|HRFCO_APPROVAL|1017310,MR-04,SUPPORTED,source-scoped to approval-file facility code
APR|3214,concernsDam,DAM|HRFCO_APPROVAL|1013310,MR-04,SUPPORTED,source-scoped to approval-file facility code
APR|3215,concernsDam,DAM|HRFCO_APPROVAL|1013310,MR-04,SUPPORTED,source-scoped to approval-file facility code
APR|3216,concernsDam,DAM|HRFCO_APPROVAL|1004310,MR-04,SUPPORTED,source-scoped to approval-file facility code
APR|3217,concernsDam,DAM|HRFCO_APPROVAL|1004310,MR-04,SUPPORTED,source-scoped to approval-file facility code
APR|3218,concernsDam,DAM|HRFCO_APPROVAL|1017310,MR-04,SUPPORTED,source-scoped to approval-file facility code
APR|3219,concernsDam,DAM|HRFCO_APPROVAL|1017310,MR-04,SUPPORTED,source-scoped to approval-file facility code
APR|3220,concernsDam,DAM|HRFCO_APPROVAL|1017310,MR-04,SUPPORTED,source-scoped to approval-file facility code
APR|3221,concernsDam,DAM|HRFCO_APPROVAL|1017310,MR-04,SUPPORTED,source-scoped to approval-file facility code
APR|3222,concernsDam,DAM|HRFCO_APPROVAL|1017310,MR-04,SUPPORTED,source-scoped to approval-file facility code
APR|3223,concernsDam,DAM|HRFCO_APPROVAL|1004310,MR-04,SUPPORTED,source-scoped to approval-file facility code
APR|3224,concernsDam,DAM|HRFCO_APPROVAL|1007801,MR-04,SUPPORTED,source-scoped to approval-file facility code
APR|3225,concernsDam,DAM|HRFCO_APPROVAL|1007802,MR-04,SUPPORTED,source-scoped to approval-file facility code
APR|3226,concernsDam,DAM|HRFCO_APPROVAL|1007803,MR-04,SUPPORTED,source-scoped to approval-file facility code
APR|3227,concernsDam,DAM|HRFCO_APPROVAL|1001210,MR-04,SUPPORTED,source-scoped to approval-file facility code
APR|3228,concernsDam,DAM|HRFCO_APPROVAL|1001210,MR-04,SUPPORTED,source-scoped to approval-file facility code
APR|3229,concernsDam,DAM|HRFCO_APPROVAL|1004310,MR-04,SUPPORTED,source-scoped to approval-file facility code
APR|3230,concernsDam,DAM|HRFCO_APPROVAL|1007801,MR-04,SUPPORTED,source-scoped to approval-file facility code
APR|3231,concernsDam,DAM|HRFCO_APPROVAL|1007802,MR-04,SUPPORTED,source-scoped to approval-file facility code
APR|3232,concernsDam,DAM|HRFCO_APPROVAL|1007803,MR-04,SUPPORTED,source-scoped to approval-file facility code
APR|3233,concernsDam,DAM|HRFCO_APPROVAL|1004310,MR-04,SUPPORTED,source-scoped to approval-file facility code
APR|3234,concernsDam,DAM|HRFCO_APPROVAL|1007801,MR-04,SUPPORTED,source-scoped to approval-file facility code
APR|3235,concernsDam,DAM|HRFCO_APPROVAL|1007802,MR-04,SUPPORTED,source-scoped to approval-file facility code
APR|3236,concernsDam,DAM|HRFCO_APPROVAL|1007803,MR-04,SUPPORTED,source-scoped to approval-file facility code
APR|3237,concernsDam,DAM|HRFCO_APPROVAL|1017310,MR-04,SUPPORTED,source-scoped to approval-file facility code
APR|3238,concernsDam,DAM|HRFCO_APPROVAL|1017310,MR-04,SUPPORTED,source-scoped to approval-file facility code
APR|3239,concernsDam,DAM|HRFCO_APPROVAL|1017310,MR-04,SUPPORTED,source-scoped to approval-file facility code
APR|3240,concernsDam,DAM|HRFCO_APPROVAL|1017310,MR-04,SUPPORTED,source-scoped to approval-file facility code
APR|3241,concernsDam,DAM|HRFCO_APPROVAL|1015310,MR-04,SUPPORTED,source-scoped to approval-file facility code
APR|3242,concernsDam,DAM|HRFCO_APPROVAL|1017310,MR-04,SUPPORTED,source-scoped to approval-file facility code
APR|3243,concernsDam,DAM|HRFCO_APPROVAL|1017310,MR-04,SUPPORTED,source-scoped to approval-file facility code
APR|3244,concernsDam,DAM|HRFCO_APPROVAL|1015310,MR-04,SUPPORTED,source-scoped to approval-file facility code
APR|3245,concernsDam,DAM|HRFCO_APPROVAL|1017310,MR-04,SUPPORTED,source-scoped to approval-file facility code
APR|3246,concernsDam,DAM|HRFCO_APPROVAL|1017310,MR-04,SUPPORTED,source-scoped to approval-file facility code
APR|3247,concernsDam,DAM|HRFCO_APPROVAL|1017310,MR-04,SUPPORTED,source-scoped to approval-file facility code
APR|3248,concernsDam,DAM|HRFCO_APPROVAL|1015310,MR-04,SUPPORTED,source-scoped to approval-file facility code
APR|3249,concernsDam,DAM|HRFCO_APPROVAL|1013310,MR-04,SUPPORTED,source-scoped to approval-file facility code
APR|3250,concernsDam,DAM|HRFCO_APPROVAL|1010320,MR-04,SUPPORTED,source-scoped to approval-file facility code
APR|3251,concernsDam,DAM|HRFCO_APPROVAL|1017310,MR-04,SUPPORTED,source-scoped to approval-file facility code
APR|3252,concernsDam,DAM|HRFCO_APPROVAL|1015310,MR-04,SUPPORTED,source-scoped to approval-file facility code
APR|3253,concernsDam,DAM|HRFCO_APPROVAL|1013310,MR-04,SUPPORTED,source-scoped to approval-file facility code
APR|3254,concernsDam,DAM|HRFCO_APPROVAL|1010320,MR-04,SUPPORTED,source-scoped to approval-file facility code
APR|3255,concernsDam,DAM|HRFCO_APPROVAL|1017310,MR-04,SUPPORTED,source-scoped to approval-file facility code
APR|3256,concernsDam,DAM|HRFCO_APPROVAL|1017310,MR-04,SUPPORTED,source-scoped to approval-file facility code
APR|3257,concernsDam,DAM|HRFCO_APPROVAL|1017310,MR-04,SUPPORTED,source-scoped to approval-file facility code
APR|3258,concernsDam,DAM|HRFCO_APPROVAL|1017310,MR-04,SUPPORTED,source-scoped to approval-file facility code
APR|3259,concernsDam,DAM|HRFCO_APPROVAL|1017310,MR-04,SUPPORTED,source-scoped to approval-file facility code
APR|3260,concernsDam,DAM|HRFCO_APPROVAL|1017310,MR-04,SUPPORTED,source-scoped to approval-file facility code
APR|3261,concernsDam,DAM|HRFCO_APPROVAL|1017310,MR-04,SUPPORTED,source-scoped to approval-file facility code
APR|3262,concernsDam,DAM|HRFCO_APPROVAL|1001210,MR-04,SUPPORTED,source-scoped to approval-file facility code
APR|3263,concernsDam,DAM|HRFCO_APPROVAL|1004310,MR-04,SUPPORTED,source-scoped to approval-file facility code
APR|3264,concernsDam,DAM|HRFCO_APPROVAL|1007801,MR-04,SUPPORTED,source-scoped to approval-file facility code
APR|3265,concernsDam,DAM|HRFCO_APPROVAL|1007802,MR-04,SUPPORTED,source-scoped to approval-file facility code
APR|3266,concernsDam,DAM|HRFCO_APPROVAL|1007803,MR-04,SUPPORTED,source-scoped to approval-file facility code
APR|3267,concernsDam,DAM|HRFCO_APPROVAL|1004310,MR-04,SUPPORTED,source-scoped to approval-file facility code
APR|3268,concernsDam,DAM|HRFCO_APPROVAL|1017310,MR-04,SUPPORTED,source-scoped to approval-file facility code
APR|3269,concernsDam,DAM|HRFCO_APPROVAL|1017310,MR-04,SUPPORTED,source-scoped to approval-file facility code
APR|3270,concernsDam,DAM|HRFCO_APPROVAL|1001210,MR-04,SUPPORTED,source-scoped to approval-file facility code
APR|3271,concernsDam,DAM|HRFCO_APPROVAL|1001210,MR-04,SUPPORTED,source-scoped to approval-file facility code
APR|3272,concernsDam,DAM|HRFCO_APPROVAL|1004310,MR-04,SUPPORTED,source-scoped to approval-file facility code
APR|3273,concernsDam,DAM|HRFCO_APPROVAL|1017310,MR-04,SUPPORTED,source-scoped to approval-file facility code
APR|3274,concernsDam,DAM|HRFCO_APPROVAL|1015310,MR-04,SUPPORTED,source-scoped to approval-file facility code
APR|3275,concernsDam,DAM|HRFCO_APPROVAL|1015310,MR-04,SUPPORTED,source-scoped to approval-file facility code
APR|3276,concernsDam,DAM|HRFCO_APPROVAL|1004310,MR-04,SUPPORTED,source-scoped to approval-file facility code
APR|3277,concernsDam,DAM|HRFCO_APPROVAL|1017310,MR-04,SUPPORTED,source-scoped to approval-file facility code
APR|3278,concernsDam,DAM|HRFCO_APPROVAL|1007801,MR-04,SUPPORTED,source-scoped to approval-file facility code
APR|3279,concernsDam,DAM|HRFCO_APPROVAL|1007802,MR-04,SUPPORTED,source-scoped to approval-file facility code
APR|3280,concernsDam,DAM|HRFCO_APPROVAL|1007803,MR-04,SUPPORTED,source-scoped to approval-file facility code
APR|3281,concernsDam,DAM|HRFCO_APPROVAL|1017310,MR-04,SUPPORTED,source-scoped to approval-file facility code
APR|3282,concernsDam,DAM|HRFCO_APPROVAL|1017310,MR-04,SUPPORTED,source-scoped to approval-file facility code
APR|3283,concernsDam,DAM|HRFCO_APPROVAL|1017310,MR-04,SUPPORTED,source-scoped to approval-file facility code
APR|3284,concernsDam,DAM|HRFCO_APPROVAL|1017310,MR-04,SUPPORTED,source-scoped to approval-file facility code
APR|3285,concernsDam,DAM|HRFCO_APPROVAL|1007801,MR-04,SUPPORTED,source-scoped to approval-file facility code
APR|3286,concernsDam,DAM|HRFCO_APPROVAL|1007802,MR-04,SUPPORTED,source-scoped to approval-file facility code
APR|3287,concernsDam,DAM|HRFCO_APPROVAL|1007803,MR-04,SUPPORTED,source-scoped to approval-file facility code
APR|3288,concernsDam,DAM|HRFCO_APPROVAL|1017310,MR-04,SUPPORTED,source-scoped to approval-file facility code
APR|3289,concernsDam,DAM|HRFCO_APPROVAL|1017310,MR-04,SUPPORTED,source-scoped to approval-file facility code
APR|3290,concernsDam,DAM|HRFCO_APPROVAL|1017310,MR-04,SUPPORTED,source-scoped to approval-file facility code
APR|3291,concernsDam,DAM|HRFCO_APPROVAL|1017310,MR-04,SUPPORTED,source-scoped to approval-file facility code
APR|3292,concernsDam,DAM|HRFCO_APPROVAL|1004310,MR-04,SUPPORTED,source-scoped to approval-file facility code
APR|3293,concernsDam,DAM|HRFCO_APPROVAL|1001210,MR-04,SUPPORTED,source-scoped to approval-file facility code
APR|3294,concernsDam,DAM|HRFCO_APPROVAL|1007801,MR-04,SUPPORTED,source-scoped to approval-file facility code
APR|3295,concernsDam,DAM|HRFCO_APPROVAL|1007802,MR-04,SUPPORTED,source-scoped to approval-file facility code
APR|3296,concernsDam,DAM|HRFCO_APPROVAL|1007803,MR-04,SUPPORTED,source-scoped to approval-file facility code
APR|3297,concernsDam,DAM|HRFCO_APPROVAL|1001210,MR-04,SUPPORTED,source-scoped to approval-file facility code
APR|3298,concernsDam,DAM|HRFCO_APPROVAL|1004310,MR-04,SUPPORTED,source-scoped to approval-file facility code
APR|3299,concernsDam,DAM|HRFCO_APPROVAL|1001210,MR-04,SUPPORTED,source-scoped to approval-file facility code
APR|3300,concernsDam,DAM|HRFCO_APPROVAL|1004310,MR-04,SUPPORTED,source-scoped to approval-file facility code
APR|3301,concernsDam,DAM|HRFCO_APPROVAL|1007801,MR-04,SUPPORTED,source-scoped to approval-file facility code
APR|3302,concernsDam,DAM|HRFCO_APPROVAL|1007802,MR-04,SUPPORTED,source-scoped to approval-file facility code
APR|3303,concernsDam,DAM|HRFCO_APPROVAL|1007803,MR-04,SUPPORTED,source-scoped to approval-file facility code
APR|3304,concernsDam,DAM|HRFCO_APPROVAL|1004310,MR-04,SUPPORTED,source-scoped to approval-file facility code
APR|3305,concernsDam,DAM|HRFCO_APPROVAL|1004310,MR-04,SUPPORTED,source-scoped to approval-file facility code
APR|3306,concernsDam,DAM|HRFCO_APPROVAL|1004310,MR-04,SUPPORTED,source-scoped to approval-file facility code
APR|3307,concernsDam,DAM|HRFCO_APPROVAL|1007801,MR-04,SUPPORTED,source-scoped to approval-file facility code
APR|3308,concernsDam,DAM|HRFCO_APPROVAL|1007802,MR-04,SUPPORTED,source-scoped to approval-file facility code
APR|3309,concernsDam,DAM|HRFCO_APPROVAL|1007803,MR-04,SUPPORTED,source-scoped to approval-file facility code
APR|3310,concernsDam,DAM|HRFCO_APPROVAL|1004310,MR-04,SUPPORTED,source-scoped to approval-file facility code
APR|3311,concernsDam,DAM|HRFCO_APPROVAL|1004310,MR-04,SUPPORTED,source-scoped to approval-file facility code
APR|3312,concernsDam,DAM|HRFCO_APPROVAL|1004310,MR-04,SUPPORTED,source-scoped to approval-file facility code
APR|3313,concernsDam,DAM|HRFCO_APPROVAL|1004310,MR-04,SUPPORTED,source-scoped to approval-file facility code
APR|3314,concernsDam,DAM|HRFCO_APPROVAL|1017310,MR-04,SUPPORTED,source-scoped to approval-file facility code
APR|3315,concernsDam,DAM|HRFCO_APPROVAL|1017310,MR-04,SUPPORTED,source-scoped to approval-file facility code
APR|3316,concernsDam,DAM|HRFCO_APPROVAL|1017310,MR-04,SUPPORTED,source-scoped to approval-file facility code
APR|3317,concernsDam,DAM|HRFCO_APPROVAL|1004310,MR-04,SUPPORTED,source-scoped to approval-file facility code
APR|3318,concernsDam,DAM|HRFCO_APPROVAL|1004310,MR-04,SUPPORTED,source-scoped to approval-file facility code
APR|3319,concernsDam,DAM|HRFCO_APPROVAL|1007801,MR-04,SUPPORTED,source-scoped to approval-file facility code
APR|3320,concernsDam,DAM|HRFCO_APPROVAL|1007802,MR-04,SUPPORTED,source-scoped to approval-file facility code
APR|3321,concernsDam,DAM|HRFCO_APPROVAL|1007803,MR-04,SUPPORTED,source-scoped to approval-file facility code
APR|3322,concernsDam,DAM|HRFCO_APPROVAL|1004310,MR-04,SUPPORTED,source-scoped to approval-file facility code
APR|3323,concernsDam,DAM|HRFCO_APPROVAL|1004310,MR-04,SUPPORTED,source-scoped to approval-file facility code
APR|3324,concernsDam,DAM|HRFCO_APPROVAL|1004310,MR-04,SUPPORTED,source-scoped to approval-file facility code
APR|3325,concernsDam,DAM|HRFCO_APPROVAL|1004310,MR-04,SUPPORTED,source-scoped to approval-file facility code
APR|3326,concernsDam,DAM|HRFCO_APPROVAL|1004310,MR-04,SUPPORTED,source-scoped to approval-file facility code
APR|3327,concernsDam,DAM|HRFCO_APPROVAL|1004310,MR-04,SUPPORTED,source-scoped to approval-file facility code
APR|3328,concernsDam,DAM|HRFCO_APPROVAL|1004310,MR-04,SUPPORTED,source-scoped to approval-file facility code
APR|3329,concernsDam,DAM|HRFCO_APPROVAL|1004310,MR-04,SUPPORTED,source-scoped to approval-file facility code
APR|3330,concernsDam,DAM|HRFCO_APPROVAL|1007801,MR-04,SUPPORTED,source-scoped to approval-file facility code
APR|3331,concernsDam,DAM|HRFCO_APPROVAL|1007802,MR-04,SUPPORTED,source-scoped to approval-file facility code
APR|3332,concernsDam,DAM|HRFCO_APPROVAL|1007803,MR-04,SUPPORTED,source-scoped to approval-file facility code
APR|3333,concernsDam,DAM|HRFCO_APPROVAL|1004310,MR-04,SUPPORTED,source-scoped to approval-file facility code
APR|3334,concernsDam,DAM|HRFCO_APPROVAL|1004310,MR-04,SUPPORTED,source-scoped to approval-file facility code
APR|3335,concernsDam,DAM|HRFCO_APPROVAL|1017310,MR-04,SUPPORTED,source-scoped to approval-file facility code
APR|3336,concernsDam,DAM|HRFCO_APPROVAL|1017310,MR-04,SUPPORTED,source-scoped to approval-file facility code
APR|3337,concernsDam,DAM|HRFCO_APPROVAL|1017310,MR-04,SUPPORTED,source-scoped to approval-file facility code
APR|3338,concernsDam,DAM|HRFCO_APPROVAL|1004310,MR-04,SUPPORTED,source-scoped to approval-file facility code
APR|3339,concernsDam,DAM|HRFCO_APPROVAL|1004310,MR-04,SUPPORTED,source-scoped to approval-file facility code
APR|3340,concernsDam,DAM|HRFCO_APPROVAL|1004310,MR-04,SUPPORTED,source-scoped to approval-file facility code
APR|3341,concernsDam,DAM|HRFCO_APPROVAL|1007801,MR-04,SUPPORTED,source-scoped to approval-file facility code
APR|3342,concernsDam,DAM|HRFCO_APPROVAL|1007802,MR-04,SUPPORTED,source-scoped to approval-file facility code
APR|3343,concernsDam,DAM|HRFCO_APPROVAL|1007803,MR-04,SUPPORTED,source-scoped to approval-file facility code
APR|3344,concernsDam,DAM|HRFCO_APPROVAL|1004310,MR-04,SUPPORTED,source-scoped to approval-file facility code
APR|3345,concernsDam,DAM|HRFCO_APPROVAL|1004310,MR-04,SUPPORTED,source-scoped to approval-file facility code
APR|3346,concernsDam,DAM|HRFCO_APPROVAL|1007801,MR-04,SUPPORTED,source-scoped to approval-file facility code
APR|3347,concernsDam,DAM|HRFCO_APPROVAL|1007802,MR-04,SUPPORTED,source-scoped to approval-file facility code
APR|3348,concernsDam,DAM|HRFCO_APPROVAL|1007803,MR-04,SUPPORTED,source-scoped to approval-file facility code
APR|3349,concernsDam,DAM|HRFCO_APPROVAL|1001210,MR-04,SUPPORTED,source-scoped to approval-file facility code
APR|3350,concernsDam,DAM|HRFCO_APPROVAL|1007801,MR-04,SUPPORTED,source-scoped to approval-file facility code
APR|3351,concernsDam,DAM|HRFCO_APPROVAL|1007802,MR-04,SUPPORTED,source-scoped to approval-file facility code
APR|3352,concernsDam,DAM|HRFCO_APPROVAL|1007803,MR-04,SUPPORTED,source-scoped to approval-file facility code
APR|3353,concernsDam,DAM|HRFCO_APPROVAL|1004310,MR-04,SUPPORTED,source-scoped to approval-file facility code
APR|3354,concernsDam,DAM|HRFCO_APPROVAL|1004310,MR-04,SUPPORTED,source-scoped to approval-file facility code
APR|3355,concernsDam,DAM|HRFCO_APPROVAL|1007801,MR-04,SUPPORTED,source-scoped to approval-file facility code
APR|3356,concernsDam,DAM|HRFCO_APPROVAL|1007802,MR-04,SUPPORTED,source-scoped to approval-file facility code
APR|3357,concernsDam,DAM|HRFCO_APPROVAL|1007803,MR-04,SUPPORTED,source-scoped to approval-file facility code
APR|3358,concernsDam,DAM|HRFCO_APPROVAL|1007801,MR-04,SUPPORTED,source-scoped to approval-file facility code
APR|3359,concernsDam,DAM|HRFCO_APPROVAL|1007802,MR-04,SUPPORTED,source-scoped to approval-file facility code
APR|3360,concernsDam,DAM|HRFCO_APPROVAL|1007803,MR-04,SUPPORTED,source-scoped to approval-file facility code
APR|3361,concernsDam,DAM|HRFCO_APPROVAL|1004310,MR-04,SUPPORTED,source-scoped to approval-file facility code
APR|3362,concernsDam,DAM|HRFCO_APPROVAL|1004310,MR-04,SUPPORTED,source-scoped to approval-file facility code
APR|3363,concernsDam,DAM|HRFCO_APPROVAL|1004310,MR-04,SUPPORTED,source-scoped to approval-file facility code
APR|3364,concernsDam,DAM|HRFCO_APPROVAL|1004310,MR-04,SUPPORTED,source-scoped to approval-file facility code
APR|3365,concernsDam,DAM|HRFCO_APPROVAL|1001210,MR-04,SUPPORTED,source-scoped to approval-file facility code
APR|3366,concernsDam,DAM|HRFCO_APPROVAL|1004310,MR-04,SUPPORTED,source-scoped to approval-file facility code
APR|3367,concernsDam,DAM|HRFCO_APPROVAL|1017310,MR-04,SUPPORTED,source-scoped to approval-file facility code
APR|3368,concernsDam,DAM|HRFCO_APPROVAL|1017310,MR-04,SUPPORTED,source-scoped to approval-file facility code
APR|3369,concernsDam,DAM|HRFCO_APPROVAL|1017310,MR-04,SUPPORTED,source-scoped to approval-file facility code
APR|3370,concernsDam,DAM|HRFCO_APPROVAL|1017310,MR-04,SUPPORTED,source-scoped to approval-file facility code
APR|3371,concernsDam,DAM|HRFCO_APPROVAL|1017310,MR-04,SUPPORTED,source-scoped to approval-file facility code
APR|3372,concernsDam,DAM|HRFCO_APPROVAL|1017310,MR-04,SUPPORTED,source-scoped to approval-file facility code
APR|3373,concernsDam,DAM|HRFCO_APPROVAL|1017310,MR-04,SUPPORTED,source-scoped to approval-file facility code
APR|3374,concernsDam,DAM|HRFCO_APPROVAL|1017310,MR-04,SUPPORTED,source-scoped to approval-file facility code
APR|3375,concernsDam,DAM|HRFCO_APPROVAL|1017310,MR-04,SUPPORTED,source-scoped to approval-file facility code
APR|3376,concernsDam,DAM|HRFCO_APPROVAL|1017310,MR-04,SUPPORTED,source-scoped to approval-file facility code
APR|3377,concernsDam,DAM|HRFCO_APPROVAL|1001210,MR-04,SUPPORTED,source-scoped to approval-file facility code
APR|3378,concernsDam,DAM|HRFCO_APPROVAL|1007801,MR-04,SUPPORTED,source-scoped to approval-file facility code
APR|3379,concernsDam,DAM|HRFCO_APPROVAL|1007802,MR-04,SUPPORTED,source-scoped to approval-file facility code
APR|3380,concernsDam,DAM|HRFCO_APPROVAL|1007803,MR-04,SUPPORTED,source-scoped to approval-file facility code
APR|3381,concernsDam,DAM|HRFCO_APPROVAL|1017310,MR-04,SUPPORTED,source-scoped to approval-file facility code
APR|3382,concernsDam,DAM|HRFCO_APPROVAL|1004310,MR-04,SUPPORTED,source-scoped to approval-file facility code
APR|3383,concernsDam,DAM|HRFCO_APPROVAL|1007801,MR-04,SUPPORTED,source-scoped to approval-file facility code
APR|3384,concernsDam,DAM|HRFCO_APPROVAL|1007802,MR-04,SUPPORTED,source-scoped to approval-file facility code
APR|3385,concernsDam,DAM|HRFCO_APPROVAL|1007803,MR-04,SUPPORTED,source-scoped to approval-file facility code
APR|3386,concernsDam,DAM|HRFCO_APPROVAL|1017310,MR-04,SUPPORTED,source-scoped to approval-file facility code
APR|3387,concernsDam,DAM|HRFCO_APPROVAL|1007801,MR-04,SUPPORTED,source-scoped to approval-file facility code
APR|3388,concernsDam,DAM|HRFCO_APPROVAL|1007802,MR-04,SUPPORTED,source-scoped to approval-file facility code
APR|3389,concernsDam,DAM|HRFCO_APPROVAL|1007803,MR-04,SUPPORTED,source-scoped to approval-file facility code
APR|3390,concernsDam,DAM|HRFCO_APPROVAL|1017310,MR-04,SUPPORTED,source-scoped to approval-file facility code
APR|3391,concernsDam,DAM|HRFCO_APPROVAL|1017310,MR-04,SUPPORTED,source-scoped to approval-file facility code
APR|3392,concernsDam,DAM|HRFCO_APPROVAL|1007801,MR-04,SUPPORTED,source-scoped to approval-file facility code
APR|3393,concernsDam,DAM|HRFCO_APPROVAL|1007802,MR-04,SUPPORTED,source-scoped to approval-file facility code
APR|3394,concernsDam,DAM|HRFCO_APPROVAL|1007803,MR-04,SUPPORTED,source-scoped to approval-file facility code
APR|3395,concernsDam,DAM|HRFCO_APPROVAL|1017310,MR-04,SUPPORTED,source-scoped to approval-file facility code
APR|3396,concernsDam,DAM|HRFCO_APPROVAL|1017310,MR-04,SUPPORTED,source-scoped to approval-file facility code
APR|3397,concernsDam,DAM|HRFCO_APPROVAL|1004310,MR-04,SUPPORTED,source-scoped to approval-file facility code
APR|3398,concernsDam,DAM|HRFCO_APPROVAL|1017310,MR-04,SUPPORTED,source-scoped to approval-file facility code
APR|3399,concernsDam,DAM|HRFCO_APPROVAL|1017310,MR-04,SUPPORTED,source-scoped to approval-file facility code
APR|3400,concernsDam,DAM|HRFCO_APPROVAL|1017310,MR-04,SUPPORTED,source-scoped to approval-file facility code
APR|3401,concernsDam,DAM|HRFCO_APPROVAL|1017310,MR-04,SUPPORTED,source-scoped to approval-file facility code
APR|3402,concernsDam,DAM|HRFCO_APPROVAL|1017310,MR-04,SUPPORTED,source-scoped to approval-file facility code
APR|3403,concernsDam,DAM|HRFCO_APPROVAL|1017310,MR-04,SUPPORTED,source-scoped to approval-file facility code
APR|3404,concernsDam,DAM|HRFCO_APPROVAL|1017310,MR-04,SUPPORTED,source-scoped to approval-file facility code
APR|3405,concernsDam,DAM|HRFCO_APPROVAL|1017310,MR-04,SUPPORTED,source-scoped to approval-file facility code
APR|3406,concernsDam,DAM|HRFCO_APPROVAL|1017310,MR-04,SUPPORTED,source-scoped to approval-file facility code
APR|3407,concernsDam,DAM|HRFCO_APPROVAL|1017310,MR-04,SUPPORTED,source-scoped to approval-file facility code
APR|3408,concernsDam,DAM|HRFCO_APPROVAL|1017310,MR-04,SUPPORTED,source-scoped to approval-file facility code
APR|3409,concernsDam,DAM|HRFCO_APPROVAL|1007801,MR-04,SUPPORTED,source-scoped to approval-file facility code
APR|3410,concernsDam,DAM|HRFCO_APPROVAL|1007802,MR-04,SUPPORTED,source-scoped to approval-file facility code
APR|3411,concernsDam,DAM|HRFCO_APPROVAL|1007803,MR-04,SUPPORTED,source-scoped to approval-file facility code
APR|3412,concernsDam,DAM|HRFCO_APPROVAL|1003110,MR-04,SUPPORTED,source-scoped to approval-file facility code
APR|3413,concernsDam,DAM|HRFCO_APPROVAL|1017310,MR-04,SUPPORTED,source-scoped to approval-file facility code
APR|3414,concernsDam,DAM|HRFCO_APPROVAL|1017310,MR-04,SUPPORTED,source-scoped to approval-file facility code
APR|3415,concernsDam,DAM|HRFCO_APPROVAL|1015310,MR-04,SUPPORTED,source-scoped to approval-file facility code
APR|3416,concernsDam,DAM|HRFCO_APPROVAL|1017310,MR-04,SUPPORTED,source-scoped to approval-file facility code
APR|3417,concernsDam,DAM|HRFCO_APPROVAL|1013310,MR-04,SUPPORTED,source-scoped to approval-file facility code
APR|3418,concernsDam,DAM|HRFCO_APPROVAL|1010320,MR-04,SUPPORTED,source-scoped to approval-file facility code
APR|3419,concernsDam,DAM|HRFCO_APPROVAL|1017310,MR-04,SUPPORTED,source-scoped to approval-file facility code
APR|3420,concernsDam,DAM|HRFCO_APPROVAL|1017310,MR-04,SUPPORTED,source-scoped to approval-file facility code
APR|3421,concernsDam,DAM|HRFCO_APPROVAL|1015310,MR-04,SUPPORTED,source-scoped to approval-file facility code
APR|3422,concernsDam,DAM|HRFCO_APPROVAL|1017310,MR-04,SUPPORTED,source-scoped to approval-file facility code
APR|3423,concernsDam,DAM|HRFCO_APPROVAL|1013310,MR-04,SUPPORTED,source-scoped to approval-file facility code
APR|3424,concernsDam,DAM|HRFCO_APPROVAL|1010320,MR-04,SUPPORTED,source-scoped to approval-file facility code
APR|3425,concernsDam,DAM|HRFCO_APPROVAL|1013310,MR-04,SUPPORTED,source-scoped to approval-file facility code
APR|3426,concernsDam,DAM|HRFCO_APPROVAL|1010320,MR-04,SUPPORTED,source-scoped to approval-file facility code
APR|3427,concernsDam,DAM|HRFCO_APPROVAL|1017310,MR-04,SUPPORTED,source-scoped to approval-file facility code
APR|3428,concernsDam,DAM|HRFCO_APPROVAL|1013310,MR-04,SUPPORTED,source-scoped to approval-file facility code
APR|3429,concernsDam,DAM|HRFCO_APPROVAL|1010320,MR-04,SUPPORTED,source-scoped to approval-file facility code
APR|3430,concernsDam,DAM|HRFCO_APPROVAL|1017310,MR-04,SUPPORTED,source-scoped to approval-file facility code
APR|3431,concernsDam,DAM|HRFCO_APPROVAL|1013310,MR-04,SUPPORTED,source-scoped to approval-file facility code
APR|3432,concernsDam,DAM|HRFCO_APPROVAL|1010320,MR-04,SUPPORTED,source-scoped to approval-file facility code
APR|3433,concernsDam,DAM|HRFCO_APPROVAL|1015310,MR-04,SUPPORTED,source-scoped to approval-file facility code
APR|3434,concernsDam,DAM|HRFCO_APPROVAL|1013310,MR-04,SUPPORTED,source-scoped to approval-file facility code
APR|3435,concernsDam,DAM|HRFCO_APPROVAL|1013310,MR-04,SUPPORTED,source-scoped to approval-file facility code
APR|3436,concernsDam,DAM|HRFCO_APPROVAL|1015310,MR-04,SUPPORTED,source-scoped to approval-file facility code
APR|3437,concernsDam,DAM|HRFCO_APPROVAL|1017310,MR-04,SUPPORTED,source-scoped to approval-file facility code
APR|3438,concernsDam,DAM|HRFCO_APPROVAL|1015310,MR-04,SUPPORTED,source-scoped to approval-file facility code
APR|3439,concernsDam,DAM|HRFCO_APPROVAL|1010320,MR-04,SUPPORTED,source-scoped to approval-file facility code
APR|3440,concernsDam,DAM|HRFCO_APPROVAL|1015310,MR-04,SUPPORTED,source-scoped to approval-file facility code
APR|3441,concernsDam,DAM|HRFCO_APPROVAL|1017310,MR-04,SUPPORTED,source-scoped to approval-file facility code
APR|3442,concernsDam,DAM|HRFCO_APPROVAL|1017310,MR-04,SUPPORTED,source-scoped to approval-file facility code
APR|3443,concernsDam,DAM|HRFCO_APPROVAL|1013310,MR-04,SUPPORTED,source-scoped to approval-file facility code
APR|3444,concernsDam,DAM|HRFCO_APPROVAL|1015310,MR-04,SUPPORTED,source-scoped to approval-file facility code
APR|3445,concernsDam,DAM|HRFCO_APPROVAL|1015310,MR-04,SUPPORTED,source-scoped to approval-file facility code
APR|3446,concernsDam,DAM|HRFCO_APPROVAL|1017310,MR-04,SUPPORTED,source-scoped to approval-file facility code
APR|3447,concernsDam,DAM|HRFCO_APPROVAL|1015310,MR-04,SUPPORTED,source-scoped to approval-file facility code
APR|3448,concernsDam,DAM|HRFCO_APPROVAL|1017310,MR-04,SUPPORTED,source-scoped to approval-file facility code
APR|3449,concernsDam,DAM|HRFCO_APPROVAL|1017310,MR-04,SUPPORTED,source-scoped to approval-file facility code
APR|3450,concernsDam,DAM|HRFCO_APPROVAL|1015310,MR-04,SUPPORTED,source-scoped to approval-file facility code
APR|3451,concernsDam,DAM|HRFCO_APPROVAL|1001210,MR-04,SUPPORTED,source-scoped to approval-file facility code
APR|3452,concernsDam,DAM|HRFCO_APPROVAL|1017310,MR-04,SUPPORTED,source-scoped to approval-file facility code
APR|3453,concernsDam,DAM|HRFCO_APPROVAL|1015310,MR-04,SUPPORTED,source-scoped to approval-file facility code
APR|3454,concernsDam,DAM|HRFCO_APPROVAL|1010320,MR-04,SUPPORTED,source-scoped to approval-file facility code
APR|3455,concernsDam,DAM|HRFCO_APPROVAL|1017310,MR-04,SUPPORTED,source-scoped to approval-file facility code
APR|3456,concernsDam,DAM|HRFCO_APPROVAL|1013310,MR-04,SUPPORTED,source-scoped to approval-file facility code
APR|3457,concernsDam,DAM|HRFCO_APPROVAL|1010310,MR-04,SUPPORTED,source-scoped to approval-file facility code
APR|3458,concernsDam,DAM|HRFCO_APPROVAL|1017310,MR-04,SUPPORTED,source-scoped to approval-file facility code
APR|3459,concernsDam,DAM|HRFCO_APPROVAL|1015310,MR-04,SUPPORTED,source-scoped to approval-file facility code
APR|3460,concernsDam,DAM|HRFCO_APPROVAL|1013310,MR-04,SUPPORTED,source-scoped to approval-file facility code
APR|3461,concernsDam,DAM|HRFCO_APPROVAL|1015310,MR-04,SUPPORTED,source-scoped to approval-file facility code
APR|3462,concernsDam,DAM|HRFCO_APPROVAL|1015310,MR-04,SUPPORTED,source-scoped to approval-file facility code
APR|3463,concernsDam,DAM|HRFCO_APPROVAL|1015310,MR-04,SUPPORTED,source-scoped to approval-file facility code
APR|3464,concernsDam,DAM|HRFCO_APPROVAL|1015310,MR-04,SUPPORTED,source-scoped to approval-file facility code
APR|3465,concernsDam,DAM|HRFCO_APPROVAL|1013310,MR-04,SUPPORTED,source-scoped to approval-file facility code
APR|3466,concernsDam,DAM|HRFCO_APPROVAL|1015310,MR-04,SUPPORTED,source-scoped to approval-file facility code
APR|3467,concernsDam,DAM|HRFCO_APPROVAL|1017310,MR-04,SUPPORTED,source-scoped to approval-file facility code
APR|3468,concernsDam,DAM|HRFCO_APPROVAL|1015310,MR-04,SUPPORTED,source-scoped to approval-file facility code
APR|3469,concernsDam,DAM|HRFCO_APPROVAL|1010320,MR-04,SUPPORTED,source-scoped to approval-file facility code
APR|3470,concernsDam,DAM|HRFCO_APPROVAL|1015310,MR-04,SUPPORTED,source-scoped to approval-file facility code
APR|3471,concernsDam,DAM|HRFCO_APPROVAL|1013310,MR-04,SUPPORTED,source-scoped to approval-file facility code
APR|3472,concernsDam,DAM|HRFCO_APPROVAL|1017310,MR-04,SUPPORTED,source-scoped to approval-file facility code
APR|3473,concernsDam,DAM|HRFCO_APPROVAL|1013310,MR-04,SUPPORTED,source-scoped to approval-file facility code
APR|3474,concernsDam,DAM|HRFCO_APPROVAL|1010320,MR-04,SUPPORTED,source-scoped to approval-file facility code
APR|3475,concernsDam,DAM|HRFCO_APPROVAL|1006110,MR-04,SUPPORTED,source-scoped to approval-file facility code
APR|3476,concernsDam,DAM|HRFCO_APPROVAL|1013310,MR-04,SUPPORTED,source-scoped to approval-file facility code
APR|3477,concernsDam,DAM|HRFCO_APPROVAL|1010320,MR-04,SUPPORTED,source-scoped to approval-file facility code
APR|3478,concernsDam,DAM|HRFCO_APPROVAL|1015310,MR-04,SUPPORTED,source-scoped to approval-file facility code
APR|3479,concernsDam,DAM|HRFCO_APPROVAL|1013310,MR-04,SUPPORTED,source-scoped to approval-file facility code
APR|3480,concernsDam,DAM|HRFCO_APPROVAL|1010320,MR-04,SUPPORTED,source-scoped to approval-file facility code
APR|3481,concernsDam,DAM|HRFCO_APPROVAL|1015310,MR-04,SUPPORTED,source-scoped to approval-file facility code
APR|3482,concernsDam,DAM|HRFCO_APPROVAL|1013310,MR-04,SUPPORTED,source-scoped to approval-file facility code
APR|3483,concernsDam,DAM|HRFCO_APPROVAL|1010320,MR-04,SUPPORTED,source-scoped to approval-file facility code
APR|3484,concernsDam,DAM|HRFCO_APPROVAL|1017310,MR-04,SUPPORTED,source-scoped to approval-file facility code
APR|3485,concernsDam,DAM|HRFCO_APPROVAL|1013310,MR-04,SUPPORTED,source-scoped to approval-file facility code
APR|3486,concernsDam,DAM|HRFCO_APPROVAL|1013310,MR-04,SUPPORTED,source-scoped to approval-file facility code
APR|3487,concernsDam,DAM|HRFCO_APPROVAL|1013310,MR-04,SUPPORTED,source-scoped to approval-file facility code
APR|3488,concernsDam,DAM|HRFCO_APPROVAL|1010320,MR-04,SUPPORTED,source-scoped to approval-file facility code
APR|3489,concernsDam,DAM|HRFCO_APPROVAL|1017310,MR-04,SUPPORTED,source-scoped to approval-file facility code
APR|3490,concernsDam,DAM|HRFCO_APPROVAL|1015310,MR-04,SUPPORTED,source-scoped to approval-file facility code
APR|3491,concernsDam,DAM|HRFCO_APPROVAL|1015310,MR-04,SUPPORTED,source-scoped to approval-file facility code
APR|3492,concernsDam,DAM|HRFCO_APPROVAL|1017310,MR-04,SUPPORTED,source-scoped to approval-file facility code
APR|3493,concernsDam,DAM|HRFCO_APPROVAL|1015310,MR-04,SUPPORTED,source-scoped to approval-file facility code
APR|3494,concernsDam,DAM|HRFCO_APPROVAL|1010320,MR-04,SUPPORTED,source-scoped to approval-file facility code
APR|3495,concernsDam,DAM|HRFCO_APPROVAL|1013310,MR-04,SUPPORTED,source-scoped to approval-file facility code
APR|3496,concernsDam,DAM|HRFCO_APPROVAL|1010320,MR-04,SUPPORTED,source-scoped to approval-file facility code
APR|3497,concernsDam,DAM|HRFCO_APPROVAL|1013310,MR-04,SUPPORTED,source-scoped to approval-file facility code
APR|3498,concernsDam,DAM|HRFCO_APPROVAL|1017310,MR-04,SUPPORTED,source-scoped to approval-file facility code
APR|3499,concernsDam,DAM|HRFCO_APPROVAL|1015310,MR-04,SUPPORTED,source-scoped to approval-file facility code
APR|3500,concernsDam,DAM|HRFCO_APPROVAL|1013310,MR-04,SUPPORTED,source-scoped to approval-file facility code
APR|3501,concernsDam,DAM|HRFCO_APPROVAL|1010320,MR-04,SUPPORTED,source-scoped to approval-file facility code
APR|3502,concernsDam,DAM|HRFCO_APPROVAL|1010310,MR-04,SUPPORTED,source-scoped to approval-file facility code
APR|3503,concernsDam,DAM|HRFCO_APPROVAL|1012110,MR-04,SUPPORTED,source-scoped to approval-file facility code
APR|3504,concernsDam,DAM|HRFCO_APPROVAL|1017310,MR-04,SUPPORTED,source-scoped to approval-file facility code
APR|3505,concernsDam,DAM|HRFCO_APPROVAL|1013310,MR-04,SUPPORTED,source-scoped to approval-file facility code
APR|3506,concernsDam,DAM|HRFCO_APPROVAL|1015310,MR-04,SUPPORTED,source-scoped to approval-file facility code
APR|3507,concernsDam,DAM|HRFCO_APPROVAL|1013310,MR-04,SUPPORTED,source-scoped to approval-file facility code
APR|3508,concernsDam,DAM|HRFCO_APPROVAL|1017310,MR-04,SUPPORTED,source-scoped to approval-file facility code
APR|3509,concernsDam,DAM|HRFCO_APPROVAL|1010320,MR-04,SUPPORTED,source-scoped to approval-file facility code
APR|3510,concernsDam,DAM|HRFCO_APPROVAL|1017310,MR-04,SUPPORTED,source-scoped to approval-file facility code
APR|3511,concernsDam,DAM|HRFCO_APPROVAL|1015310,MR-04,SUPPORTED,source-scoped to approval-file facility code
APR|3512,concernsDam,DAM|HRFCO_APPROVAL|1013310,MR-04,SUPPORTED,source-scoped to approval-file facility code
APR|3513,concernsDam,DAM|HRFCO_APPROVAL|1010310,MR-04,SUPPORTED,source-scoped to approval-file facility code
APR|3514,concernsDam,DAM|HRFCO_APPROVAL|1017310,MR-04,SUPPORTED,source-scoped to approval-file facility code
APR|3515,concernsDam,DAM|HRFCO_APPROVAL|1013310,MR-04,SUPPORTED,source-scoped to approval-file facility code
APR|3516,concernsDam,DAM|HRFCO_APPROVAL|1010320,MR-04,SUPPORTED,source-scoped to approval-file facility code
APR|3517,concernsDam,DAM|HRFCO_APPROVAL|1017310,MR-04,SUPPORTED,source-scoped to approval-file facility code
APR|3518,concernsDam,DAM|HRFCO_APPROVAL|1013310,MR-04,SUPPORTED,source-scoped to approval-file facility code
APR|3519,concernsDam,DAM|HRFCO_APPROVAL|1003110,MR-04,SUPPORTED,source-scoped to approval-file facility code
APR|3520,concernsDam,DAM|HRFCO_APPROVAL|1017310,MR-04,SUPPORTED,source-scoped to approval-file facility code
APR|3521,concernsDam,DAM|HRFCO_APPROVAL|1015310,MR-04,SUPPORTED,source-scoped to approval-file facility code
APR|3522,concernsDam,DAM|HRFCO_APPROVAL|1010320,MR-04,SUPPORTED,source-scoped to approval-file facility code
APR|3523,concernsDam,DAM|HRFCO_APPROVAL|1017310,MR-04,SUPPORTED,source-scoped to approval-file facility code
APR|3524,concernsDam,DAM|HRFCO_APPROVAL|1015310,MR-04,SUPPORTED,source-scoped to approval-file facility code
APR|3525,concernsDam,DAM|HRFCO_APPROVAL|1013310,MR-04,SUPPORTED,source-scoped to approval-file facility code
APR|3526,concernsDam,DAM|HRFCO_APPROVAL|1017310,MR-04,SUPPORTED,source-scoped to approval-file facility code
APR|3527,concernsDam,DAM|HRFCO_APPROVAL|1015310,MR-04,SUPPORTED,source-scoped to approval-file facility code
APR|3528,concernsDam,DAM|HRFCO_APPROVAL|1015310,MR-04,SUPPORTED,source-scoped to approval-file facility code
APR|3529,concernsDam,DAM|HRFCO_APPROVAL|1013310,MR-04,SUPPORTED,source-scoped to approval-file facility code
APR|3530,concernsDam,DAM|HRFCO_APPROVAL|1010320,MR-04,SUPPORTED,source-scoped to approval-file facility code
APR|3531,concernsDam,DAM|HRFCO_APPROVAL|1017310,MR-04,SUPPORTED,source-scoped to approval-file facility code
APR|3532,concernsDam,DAM|HRFCO_APPROVAL|1010320,MR-04,SUPPORTED,source-scoped to approval-file facility code
APR|3533,concernsDam,DAM|HRFCO_APPROVAL|1007801,MR-04,SUPPORTED,source-scoped to approval-file facility code
APR|3534,concernsDam,DAM|HRFCO_APPROVAL|1007802,MR-04,SUPPORTED,source-scoped to approval-file facility code
APR|3535,concernsDam,DAM|HRFCO_APPROVAL|1007803,MR-04,SUPPORTED,source-scoped to approval-file facility code
APR|3536,concernsDam,DAM|HRFCO_APPROVAL|1013310,MR-04,SUPPORTED,source-scoped to approval-file facility code
APR|3537,concernsDam,DAM|HRFCO_APPROVAL|1010320,MR-04,SUPPORTED,source-scoped to approval-file facility code
APR|3538,concernsDam,DAM|HRFCO_APPROVAL|1013310,MR-04,SUPPORTED,source-scoped to approval-file facility code
APR|3539,concernsDam,DAM|HRFCO_APPROVAL|1017310,MR-04,SUPPORTED,source-scoped to approval-file facility code
APR|3540,concernsDam,DAM|HRFCO_APPROVAL|1017310,MR-04,SUPPORTED,source-scoped to approval-file facility code
APR|3541,concernsDam,DAM|HRFCO_APPROVAL|1015310,MR-04,SUPPORTED,source-scoped to approval-file facility code
APR|3542,concernsDam,DAM|HRFCO_APPROVAL|1010320,MR-04,SUPPORTED,source-scoped to approval-file facility code
APR|3543,concernsDam,DAM|HRFCO_APPROVAL|1017310,MR-04,SUPPORTED,source-scoped to approval-file facility code
APR|3544,concernsDam,DAM|HRFCO_APPROVAL|1013310,MR-04,SUPPORTED,source-scoped to approval-file facility code
APR|3545,concernsDam,DAM|HRFCO_APPROVAL|1015310,MR-04,SUPPORTED,source-scoped to approval-file facility code
APR|3546,concernsDam,DAM|HRFCO_APPROVAL|1010320,MR-04,SUPPORTED,source-scoped to approval-file facility code
APR|3547,concernsDam,DAM|HRFCO_APPROVAL|1015310,MR-04,SUPPORTED,source-scoped to approval-file facility code
APR|3548,concernsDam,DAM|HRFCO_APPROVAL|1015310,MR-04,SUPPORTED,source-scoped to approval-file facility code
APR|3549,concernsDam,DAM|HRFCO_APPROVAL|1013310,MR-04,SUPPORTED,source-scoped to approval-file facility code
APR|3550,concernsDam,DAM|HRFCO_APPROVAL|1017310,MR-04,SUPPORTED,source-scoped to approval-file facility code
APR|3551,concernsDam,DAM|HRFCO_APPROVAL|1015310,MR-04,SUPPORTED,source-scoped to approval-file facility code
APR|3552,concernsDam,DAM|HRFCO_APPROVAL|1013310,MR-04,SUPPORTED,source-scoped to approval-file facility code
APR|3553,concernsDam,DAM|HRFCO_APPROVAL|1015310,MR-04,SUPPORTED,source-scoped to approval-file facility code
APR|3554,concernsDam,DAM|HRFCO_APPROVAL|1013310,MR-04,SUPPORTED,source-scoped to approval-file facility code
APR|3555,concernsDam,DAM|HRFCO_APPROVAL|1010320,MR-04,SUPPORTED,source-scoped to approval-file facility code
APR|3556,concernsDam,DAM|HRFCO_APPROVAL|1017310,MR-04,SUPPORTED,source-scoped to approval-file facility code
APR|3557,concernsDam,DAM|HRFCO_APPROVAL|1015310,MR-04,SUPPORTED,source-scoped to approval-file facility code
APR|3558,concernsDam,DAM|HRFCO_APPROVAL|1013310,MR-04,SUPPORTED,source-scoped to approval-file facility code
APR|3559,concernsDam,DAM|HRFCO_APPROVAL|1015310,MR-04,SUPPORTED,source-scoped to approval-file facility code
APR|3560,concernsDam,DAM|HRFCO_APPROVAL|1013310,MR-04,SUPPORTED,source-scoped to approval-file facility code
APR|3561,concernsDam,DAM|HRFCO_APPROVAL|1010320,MR-04,SUPPORTED,source-scoped to approval-file facility code
APR|3562,concernsDam,DAM|HRFCO_APPROVAL|1015310,MR-04,SUPPORTED,source-scoped to approval-file facility code
APR|3563,concernsDam,DAM|HRFCO_APPROVAL|1013310,MR-04,SUPPORTED,source-scoped to approval-file facility code
APR|3564,concernsDam,DAM|HRFCO_APPROVAL|1015310,MR-04,SUPPORTED,source-scoped to approval-file facility code
APR|3565,concernsDam,DAM|HRFCO_APPROVAL|1013310,MR-04,SUPPORTED,source-scoped to approval-file facility code
APR|3566,concernsDam,DAM|HRFCO_APPROVAL|1010320,MR-04,SUPPORTED,source-scoped to approval-file facility code
APR|3567,concernsDam,DAM|HRFCO_APPROVAL|1017310,MR-04,SUPPORTED,source-scoped to approval-file facility code
APR|3568,concernsDam,DAM|HRFCO_APPROVAL|1013310,MR-04,SUPPORTED,source-scoped to approval-file facility code
APR|3569,concernsDam,DAM|HRFCO_APPROVAL|1010320,MR-04,SUPPORTED,source-scoped to approval-file facility code
APR|3570,concernsDam,DAM|HRFCO_APPROVAL|1017310,MR-04,SUPPORTED,source-scoped to approval-file facility code
APR|3571,concernsDam,DAM|HRFCO_APPROVAL|1015310,MR-04,SUPPORTED,source-scoped to approval-file facility code
APR|3572,concernsDam,DAM|HRFCO_APPROVAL|1017310,MR-04,SUPPORTED,source-scoped to approval-file facility code
APR|3573,concernsDam,DAM|HRFCO_APPROVAL|1015310,MR-04,SUPPORTED,source-scoped to approval-file facility code
APR|3574,concernsDam,DAM|HRFCO_APPROVAL|1013310,MR-04,SUPPORTED,source-scoped to approval-file facility code
APR|3575,concernsDam,DAM|HRFCO_APPROVAL|1017310,MR-04,SUPPORTED,source-scoped to approval-file facility code
APR|3576,concernsDam,DAM|HRFCO_APPROVAL|1015310,MR-04,SUPPORTED,source-scoped to approval-file facility code
APR|3577,concernsDam,DAM|HRFCO_APPROVAL|1013310,MR-04,SUPPORTED,source-scoped to approval-file facility code
APR|3578,concernsDam,DAM|HRFCO_APPROVAL|1010320,MR-04,SUPPORTED,source-scoped to approval-file facility code
APR|3579,concernsDam,DAM|HRFCO_APPROVAL|1015310,MR-04,SUPPORTED,source-scoped to approval-file facility code
APR|3580,concernsDam,DAM|HRFCO_APPROVAL|1013310,MR-04,SUPPORTED,source-scoped to approval-file facility code
APR|3581,concernsDam,DAM|HRFCO_APPROVAL|1010320,MR-04,SUPPORTED,source-scoped to approval-file facility code
APR|3582,concernsDam,DAM|HRFCO_APPROVAL|1013310,MR-04,SUPPORTED,source-scoped to approval-file facility code
APR|3583,concernsDam,DAM|HRFCO_APPROVAL|1015310,MR-04,SUPPORTED,source-scoped to approval-file facility code
APR|3584,concernsDam,DAM|HRFCO_APPROVAL|1017310,MR-04,SUPPORTED,source-scoped to approval-file facility code
APR|3585,concernsDam,DAM|HRFCO_APPROVAL|1015310,MR-04,SUPPORTED,source-scoped to approval-file facility code
APR|3586,concernsDam,DAM|HRFCO_APPROVAL|1013310,MR-04,SUPPORTED,source-scoped to approval-file facility code
APR|3587,concernsDam,DAM|HRFCO_APPROVAL|1017310,MR-04,SUPPORTED,source-scoped to approval-file facility code
APR|3588,concernsDam,DAM|HRFCO_APPROVAL|1013310,MR-04,SUPPORTED,source-scoped to approval-file facility code
APR|3589,concernsDam,DAM|HRFCO_APPROVAL|1017310,MR-04,SUPPORTED,source-scoped to approval-file facility code
APR|3590,concernsDam,DAM|HRFCO_APPROVAL|1010320,MR-04,SUPPORTED,source-scoped to approval-file facility code
APR|3591,concernsDam,DAM|HRFCO_APPROVAL|1017310,MR-04,SUPPORTED,source-scoped to approval-file facility code
APR|3592,concernsDam,DAM|HRFCO_APPROVAL|1015310,MR-04,SUPPORTED,source-scoped to approval-file facility code
APR|3593,concernsDam,DAM|HRFCO_APPROVAL|1017310,MR-04,SUPPORTED,source-scoped to approval-file facility code
APR|3594,concernsDam,DAM|HRFCO_APPROVAL|1015310,MR-04,SUPPORTED,source-scoped to approval-file facility code
APR|3595,concernsDam,DAM|HRFCO_APPROVAL|1013310,MR-04,SUPPORTED,source-scoped to approval-file facility code
APR|3596,concernsDam,DAM|HRFCO_APPROVAL|1017310,MR-04,SUPPORTED,source-scoped to approval-file facility code
APR|3597,concernsDam,DAM|HRFCO_APPROVAL|1015310,MR-04,SUPPORTED,source-scoped to approval-file facility code
APR|3598,concernsDam,DAM|HRFCO_APPROVAL|1015310,MR-04,SUPPORTED,source-scoped to approval-file facility code
APR|3599,concernsDam,DAM|HRFCO_APPROVAL|1013310,MR-04,SUPPORTED,source-scoped to approval-file facility code
APR|3600,concernsDam,DAM|HRFCO_APPROVAL|1010320,MR-04,SUPPORTED,source-scoped to approval-file facility code
APR|3601,concernsDam,DAM|HRFCO_APPROVAL|1015310,MR-04,SUPPORTED,source-scoped to approval-file facility code
APR|3602,concernsDam,DAM|HRFCO_APPROVAL|1013310,MR-04,SUPPORTED,source-scoped to approval-file facility code
APR|3603,concernsDam,DAM|HRFCO_APPROVAL|1010320,MR-04,SUPPORTED,source-scoped to approval-file facility code
APR|3604,concernsDam,DAM|HRFCO_APPROVAL|1017310,MR-04,SUPPORTED,source-scoped to approval-file facility code
APR|3605,concernsDam,DAM|HRFCO_APPROVAL|1015310,MR-04,SUPPORTED,source-scoped to approval-file facility code
APR|3606,concernsDam,DAM|HRFCO_APPROVAL|1017310,MR-04,SUPPORTED,source-scoped to approval-file facility code
APR|3607,concernsDam,DAM|HRFCO_APPROVAL|1015310,MR-04,SUPPORTED,source-scoped to approval-file facility code
APR|3608,concernsDam,DAM|HRFCO_APPROVAL|1010320,MR-04,SUPPORTED,source-scoped to approval-file facility code
APR|3609,concernsDam,DAM|HRFCO_APPROVAL|1017310,MR-04,SUPPORTED,source-scoped to approval-file facility code
APR|3610,concernsDam,DAM|HRFCO_APPROVAL|1015310,MR-04,SUPPORTED,source-scoped to approval-file facility code
APR|3611,concernsDam,DAM|HRFCO_APPROVAL|1013310,MR-04,SUPPORTED,source-scoped to approval-file facility code
APR|3612,concernsDam,DAM|HRFCO_APPROVAL|1015310,MR-04,SUPPORTED,source-scoped to approval-file facility code
APR|3613,concernsDam,DAM|HRFCO_APPROVAL|1017310,MR-04,SUPPORTED,source-scoped to approval-file facility code
APR|3614,concernsDam,DAM|HRFCO_APPROVAL|1015310,MR-04,SUPPORTED,source-scoped to approval-file facility code
APR|3615,concernsDam,DAM|HRFCO_APPROVAL|1017310,MR-04,SUPPORTED,source-scoped to approval-file facility code
APR|3616,concernsDam,DAM|HRFCO_APPROVAL|1013310,MR-04,SUPPORTED,source-scoped to approval-file facility code
APR|3617,concernsDam,DAM|HRFCO_APPROVAL|1017310,MR-04,SUPPORTED,source-scoped to approval-file facility code
APR|3618,concernsDam,DAM|HRFCO_APPROVAL|1013310,MR-04,SUPPORTED,source-scoped to approval-file facility code
APR|3619,concernsDam,DAM|HRFCO_APPROVAL|1010320,MR-04,SUPPORTED,source-scoped to approval-file facility code
APR|3620,concernsDam,DAM|HRFCO_APPROVAL|1013310,MR-04,SUPPORTED,source-scoped to approval-file facility code
APR|3621,concernsDam,DAM|HRFCO_APPROVAL|1010320,MR-04,SUPPORTED,source-scoped to approval-file facility code
APR|3622,concernsDam,DAM|HRFCO_APPROVAL|1013310,MR-04,SUPPORTED,source-scoped to approval-file facility code
APR|3623,concernsDam,DAM|HRFCO_APPROVAL|1015310,MR-04,SUPPORTED,source-scoped to approval-file facility code
APR|3624,concernsDam,DAM|HRFCO_APPROVAL|1010320,MR-04,SUPPORTED,source-scoped to approval-file facility code
APR|3625,concernsDam,DAM|HRFCO_APPROVAL|1017310,MR-04,SUPPORTED,source-scoped to approval-file facility code
APR|3626,concernsDam,DAM|HRFCO_APPROVAL|1015310,MR-04,SUPPORTED,source-scoped to approval-file facility code
APR|3627,concernsDam,DAM|HRFCO_APPROVAL|1013310,MR-04,SUPPORTED,source-scoped to approval-file facility code
APR|3628,concernsDam,DAM|HRFCO_APPROVAL|1015310,MR-04,SUPPORTED,source-scoped to approval-file facility code
APR|3629,concernsDam,DAM|HRFCO_APPROVAL|1017310,MR-04,SUPPORTED,source-scoped to approval-file facility code
APR|3630,concernsDam,DAM|HRFCO_APPROVAL|1017310,MR-04,SUPPORTED,source-scoped to approval-file facility code
APR|3631,concernsDam,DAM|HRFCO_APPROVAL|1015310,MR-04,SUPPORTED,source-scoped to approval-file facility code
APR|3632,concernsDam,DAM|HRFCO_APPROVAL|1010310,MR-04,SUPPORTED,source-scoped to approval-file facility code
APR|3633,concernsDam,DAM|HRFCO_APPROVAL|1010320,MR-04,SUPPORTED,source-scoped to approval-file facility code
APR|3634,concernsDam,DAM|HRFCO_APPROVAL|1013310,MR-04,SUPPORTED,source-scoped to approval-file facility code
APR|3635,concernsDam,DAM|HRFCO_APPROVAL|1017310,MR-04,SUPPORTED,source-scoped to approval-file facility code
APR|3636,concernsDam,DAM|HRFCO_APPROVAL|1013310,MR-04,SUPPORTED,source-scoped to approval-file facility code
APR|3637,concernsDam,DAM|HRFCO_APPROVAL|1015310,MR-04,SUPPORTED,source-scoped to approval-file facility code
APR|3638,concernsDam,DAM|HRFCO_APPROVAL|1013310,MR-04,SUPPORTED,source-scoped to approval-file facility code
APR|3639,concernsDam,DAM|HRFCO_APPROVAL|1010320,MR-04,SUPPORTED,source-scoped to approval-file facility code
APR|3640,concernsDam,DAM|HRFCO_APPROVAL|1017310,MR-04,SUPPORTED,source-scoped to approval-file facility code
APR|3641,concernsDam,DAM|HRFCO_APPROVAL|1015310,MR-04,SUPPORTED,source-scoped to approval-file facility code
APR|3642,concernsDam,DAM|HRFCO_APPROVAL|1017310,MR-04,SUPPORTED,source-scoped to approval-file facility code
APR|3643,concernsDam,DAM|HRFCO_APPROVAL|1015310,MR-04,SUPPORTED,source-scoped to approval-file facility code
APR|3644,concernsDam,DAM|HRFCO_APPROVAL|1017310,MR-04,SUPPORTED,source-scoped to approval-file facility code
APR|3645,concernsDam,DAM|HRFCO_APPROVAL|1004310,MR-04,SUPPORTED,source-scoped to approval-file facility code
APR|3646,concernsDam,DAM|HRFCO_APPROVAL|1012110,MR-04,SUPPORTED,source-scoped to approval-file facility code
APR|3647,concernsDam,DAM|HRFCO_APPROVAL|1003110,MR-04,SUPPORTED,source-scoped to approval-file facility code
APR|3648,concernsDam,DAM|HRFCO_APPROVAL|1006110,MR-04,SUPPORTED,source-scoped to approval-file facility code
APR|3649,concernsDam,DAM|HRFCO_APPROVAL|1015310,MR-04,SUPPORTED,source-scoped to approval-file facility code
APR|3650,concernsDam,DAM|HRFCO_APPROVAL|1017310,MR-04,SUPPORTED,source-scoped to approval-file facility code
APR|3651,concernsDam,DAM|HRFCO_APPROVAL|1013310,MR-04,SUPPORTED,source-scoped to approval-file facility code
APR|3652,concernsDam,DAM|HRFCO_APPROVAL|1010320,MR-04,SUPPORTED,source-scoped to approval-file facility code
APR|3653,concernsDam,DAM|HRFCO_APPROVAL|1017310,MR-04,SUPPORTED,source-scoped to approval-file facility code
APR|3654,concernsDam,DAM|HRFCO_APPROVAL|1015310,MR-04,SUPPORTED,source-scoped to approval-file facility code
APR|3655,concernsDam,DAM|HRFCO_APPROVAL|1015310,MR-04,SUPPORTED,source-scoped to approval-file facility code
APR|3656,concernsDam,DAM|HRFCO_APPROVAL|1013310,MR-04,SUPPORTED,source-scoped to approval-file facility code
APR|3657,concernsDam,DAM|HRFCO_APPROVAL|1013310,MR-04,SUPPORTED,source-scoped to approval-file facility code
APR|3658,concernsDam,DAM|HRFCO_APPROVAL|1010320,MR-04,SUPPORTED,source-scoped to approval-file facility code
APR|3659,concernsDam,DAM|HRFCO_APPROVAL|1017310,MR-04,SUPPORTED,source-scoped to approval-file facility code
APR|3660,concernsDam,DAM|HRFCO_APPROVAL|1015310,MR-04,SUPPORTED,source-scoped to approval-file facility code
APR|3661,concernsDam,DAM|HRFCO_APPROVAL|1010320,MR-04,SUPPORTED,source-scoped to approval-file facility code
APR|3662,concernsDam,DAM|HRFCO_APPROVAL|1017310,MR-04,SUPPORTED,source-scoped to approval-file facility code
APR|3663,concernsDam,DAM|HRFCO_APPROVAL|1001210,MR-04,SUPPORTED,source-scoped to approval-file facility code
APR|3664,concernsDam,DAM|HRFCO_APPROVAL|1015310,MR-04,SUPPORTED,source-scoped to approval-file facility code
APR|3665,concernsDam,DAM|HRFCO_APPROVAL|1017310,MR-04,SUPPORTED,source-scoped to approval-file facility code
APR|3666,concernsDam,DAM|HRFCO_APPROVAL|1013310,MR-04,SUPPORTED,source-scoped to approval-file facility code
APR|3667,concernsDam,DAM|HRFCO_APPROVAL|1010320,MR-04,SUPPORTED,source-scoped to approval-file facility code
APR|3668,concernsDam,DAM|HRFCO_APPROVAL|1017310,MR-04,SUPPORTED,source-scoped to approval-file facility code
APR|3669,concernsDam,DAM|HRFCO_APPROVAL|1015310,MR-04,SUPPORTED,source-scoped to approval-file facility code
APR|3670,concernsDam,DAM|HRFCO_APPROVAL|1017310,MR-04,SUPPORTED,source-scoped to approval-file facility code
APR|3671,concernsDam,DAM|HRFCO_APPROVAL|1010320,MR-04,SUPPORTED,source-scoped to approval-file facility code
APR|3672,concernsDam,DAM|HRFCO_APPROVAL|1013310,MR-04,SUPPORTED,source-scoped to approval-file facility code
APR|3673,concernsDam,DAM|HRFCO_APPROVAL|1013310,MR-04,SUPPORTED,source-scoped to approval-file facility code
APR|3674,concernsDam,DAM|HRFCO_APPROVAL|1010320,MR-04,SUPPORTED,source-scoped to approval-file facility code
APR|3675,concernsDam,DAM|HRFCO_APPROVAL|1015310,MR-04,SUPPORTED,source-scoped to approval-file facility code
APR|3676,concernsDam,DAM|HRFCO_APPROVAL|1013310,MR-04,SUPPORTED,source-scoped to approval-file facility code
APR|3677,concernsDam,DAM|HRFCO_APPROVAL|1010320,MR-04,SUPPORTED,source-scoped to approval-file facility code
APR|3678,concernsDam,DAM|HRFCO_APPROVAL|1017310,MR-04,SUPPORTED,source-scoped to approval-file facility code
APR|3679,concernsDam,DAM|HRFCO_APPROVAL|1013310,MR-04,SUPPORTED,source-scoped to approval-file facility code
APR|3680,concernsDam,DAM|HRFCO_APPROVAL|1010320,MR-04,SUPPORTED,source-scoped to approval-file facility code
APR|3681,concernsDam,DAM|HRFCO_APPROVAL|1013310,MR-04,SUPPORTED,source-scoped to approval-file facility code
APR|3682,concernsDam,DAM|HRFCO_APPROVAL|1010320,MR-04,SUPPORTED,source-scoped to approval-file facility code
APR|3683,concernsDam,DAM|HRFCO_APPROVAL|1015310,MR-04,SUPPORTED,source-scoped to approval-file facility code
APR|3684,concernsDam,DAM|HRFCO_APPROVAL|1017310,MR-04,SUPPORTED,source-scoped to approval-file facility code
APR|3685,concernsDam,DAM|HRFCO_APPROVAL|1015310,MR-04,SUPPORTED,source-scoped to approval-file facility code
APR|3686,concernsDam,DAM|HRFCO_APPROVAL|1013310,MR-04,SUPPORTED,source-scoped to approval-file facility code
APR|3687,concernsDam,DAM|HRFCO_APPROVAL|1013310,MR-04,SUPPORTED,source-scoped to approval-file facility code
APR|3688,concernsDam,DAM|HRFCO_APPROVAL|1015310,MR-04,SUPPORTED,source-scoped to approval-file facility code
APR|3689,concernsDam,DAM|HRFCO_APPROVAL|1017310,MR-04,SUPPORTED,source-scoped to approval-file facility code
APR|3690,concernsDam,DAM|HRFCO_APPROVAL|1010320,MR-04,SUPPORTED,source-scoped to approval-file facility code
APR|3691,concernsDam,DAM|HRFCO_APPROVAL|1015310,MR-04,SUPPORTED,source-scoped to approval-file facility code
APR|3692,concernsDam,DAM|HRFCO_APPROVAL|1015310,MR-04,SUPPORTED,source-scoped to approval-file facility code
APR|3693,concernsDam,DAM|HRFCO_APPROVAL|1017310,MR-04,SUPPORTED,source-scoped to approval-file facility code
APR|3694,concernsDam,DAM|HRFCO_APPROVAL|1015310,MR-04,SUPPORTED,source-scoped to approval-file facility code
APR|3695,concernsDam,DAM|HRFCO_APPROVAL|1017310,MR-04,SUPPORTED,source-scoped to approval-file facility code
APR|3696,concernsDam,DAM|HRFCO_APPROVAL|1015310,MR-04,SUPPORTED,source-scoped to approval-file facility code
APR|3697,concernsDam,DAM|HRFCO_APPROVAL|1010320,MR-04,SUPPORTED,source-scoped to approval-file facility code
APR|3698,concernsDam,DAM|HRFCO_APPROVAL|1013310,MR-04,SUPPORTED,source-scoped to approval-file facility code
APR|3699,concernsDam,DAM|HRFCO_APPROVAL|1010320,MR-04,SUPPORTED,source-scoped to approval-file facility code
APR|3700,concernsDam,DAM|HRFCO_APPROVAL|1010320,MR-04,SUPPORTED,source-scoped to approval-file facility code
APR|3701,concernsDam,DAM|HRFCO_APPROVAL|1010310,MR-04,SUPPORTED,source-scoped to approval-file facility code
APR|3702,concernsDam,DAM|HRFCO_APPROVAL|1015310,MR-04,SUPPORTED,source-scoped to approval-file facility code
APR|3703,concernsDam,DAM|HRFCO_APPROVAL|1013310,MR-04,SUPPORTED,source-scoped to approval-file facility code
APR|3704,concernsDam,DAM|HRFCO_APPROVAL|1017310,MR-04,SUPPORTED,source-scoped to approval-file facility code
APR|3705,concernsDam,DAM|HRFCO_APPROVAL|1017310,MR-04,SUPPORTED,source-scoped to approval-file facility code
APR|3706,concernsDam,DAM|HRFCO_APPROVAL|1017310,MR-04,SUPPORTED,source-scoped to approval-file facility code
APR|3707,concernsDam,DAM|HRFCO_APPROVAL|1017310,MR-04,SUPPORTED,source-scoped to approval-file facility code
APR|3708,concernsDam,DAM|HRFCO_APPROVAL|1017310,MR-04,SUPPORTED,source-scoped to approval-file facility code
APR|3709,concernsDam,DAM|HRFCO_APPROVAL|1017310,MR-04,SUPPORTED,source-scoped to approval-file facility code
APR|3710,concernsDam,DAM|HRFCO_APPROVAL|1015310,MR-04,SUPPORTED,source-scoped to approval-file facility code
APR|3711,concernsDam,DAM|HRFCO_APPROVAL|1013310,MR-04,SUPPORTED,source-scoped to approval-file facility code
APR|3712,concernsDam,DAM|HRFCO_APPROVAL|1017310,MR-04,SUPPORTED,source-scoped to approval-file facility code
APR|3713,concernsDam,DAM|HRFCO_APPROVAL|1015310,MR-04,SUPPORTED,source-scoped to approval-file facility code
APR|3714,concernsDam,DAM|HRFCO_APPROVAL|1015310,MR-04,SUPPORTED,source-scoped to approval-file facility code
APR|3715,concernsDam,DAM|HRFCO_APPROVAL|1017310,MR-04,SUPPORTED,source-scoped to approval-file facility code
APR|3716,concernsDam,DAM|HRFCO_APPROVAL|1004310,MR-04,SUPPORTED,source-scoped to approval-file facility code
APR|3717,concernsDam,DAM|HRFCO_APPROVAL|1007801,MR-04,SUPPORTED,source-scoped to approval-file facility code
APR|3718,concernsDam,DAM|HRFCO_APPROVAL|1007802,MR-04,SUPPORTED,source-scoped to approval-file facility code
APR|3719,concernsDam,DAM|HRFCO_APPROVAL|1007803,MR-04,SUPPORTED,source-scoped to approval-file facility code
APR|3720,concernsDam,DAM|HRFCO_APPROVAL|1017310,MR-04,SUPPORTED,source-scoped to approval-file facility code
APR|3721,concernsDam,DAM|HRFCO_APPROVAL|1015310,MR-04,SUPPORTED,source-scoped to approval-file facility code
APR|3722,concernsDam,DAM|HRFCO_APPROVAL|1013310,MR-04,SUPPORTED,source-scoped to approval-file facility code
APR|3723,concernsDam,DAM|HRFCO_APPROVAL|1007801,MR-04,SUPPORTED,source-scoped to approval-file facility code
APR|3724,concernsDam,DAM|HRFCO_APPROVAL|1007802,MR-04,SUPPORTED,source-scoped to approval-file facility code
APR|3725,concernsDam,DAM|HRFCO_APPROVAL|1007803,MR-04,SUPPORTED,source-scoped to approval-file facility code
APR|3726,concernsDam,DAM|HRFCO_APPROVAL|1017310,MR-04,SUPPORTED,source-scoped to approval-file facility code
APR|3727,concernsDam,DAM|HRFCO_APPROVAL|1017310,MR-04,SUPPORTED,source-scoped to approval-file facility code
APR|3728,concernsDam,DAM|HRFCO_APPROVAL|1015310,MR-04,SUPPORTED,source-scoped to approval-file facility code
APR|3729,concernsDam,DAM|HRFCO_APPROVAL|1017310,MR-04,SUPPORTED,source-scoped to approval-file facility code
APR|3730,concernsDam,DAM|HRFCO_APPROVAL|1010310,MR-04,SUPPORTED,source-scoped to approval-file facility code
APR|3731,concernsDam,DAM|HRFCO_APPROVAL|1004310,MR-04,SUPPORTED,source-scoped to approval-file facility code
APR|3732,concernsDam,DAM|HRFCO_APPROVAL|1006110,MR-04,SUPPORTED,source-scoped to approval-file facility code
APR|3733,concernsDam,DAM|HRFCO_APPROVAL|1001210,MR-04,SUPPORTED,source-scoped to approval-file facility code
APR|3734,concernsDam,DAM|HRFCO_APPROVAL|1015310,MR-04,SUPPORTED,source-scoped to approval-file facility code
APR|3735,concernsDam,DAM|HRFCO_APPROVAL|1013310,MR-04,SUPPORTED,source-scoped to approval-file facility code
APR|3736,concernsDam,DAM|HRFCO_APPROVAL|1017310,MR-04,SUPPORTED,source-scoped to approval-file facility code
APR|3737,concernsDam,DAM|HRFCO_APPROVAL|1015310,MR-04,SUPPORTED,source-scoped to approval-file facility code
APR|3738,concernsDam,DAM|HRFCO_APPROVAL|1017310,MR-04,SUPPORTED,source-scoped to approval-file facility code
APR|3739,concernsDam,DAM|HRFCO_APPROVAL|1017310,MR-04,SUPPORTED,source-scoped to approval-file facility code
APR|3740,concernsDam,DAM|HRFCO_APPROVAL|1004310,MR-04,SUPPORTED,source-scoped to approval-file facility code
APR|3741,concernsDam,DAM|HRFCO_APPROVAL|1004310,MR-04,SUPPORTED,source-scoped to approval-file facility code
APR|3742,concernsDam,DAM|HRFCO_APPROVAL|1006110,MR-04,SUPPORTED,source-scoped to approval-file facility code
APR|3743,concernsDam,DAM|HRFCO_APPROVAL|1017310,MR-04,SUPPORTED,source-scoped to approval-file facility code
APR|3744,concernsDam,DAM|HRFCO_APPROVAL|1017310,MR-04,SUPPORTED,source-scoped to approval-file facility code
APR|3745,concernsDam,DAM|HRFCO_APPROVAL|1015310,MR-04,SUPPORTED,source-scoped to approval-file facility code
APR|3746,concernsDam,DAM|HRFCO_APPROVAL|1015310,MR-04,SUPPORTED,source-scoped to approval-file facility code
APR|3747,concernsDam,DAM|HRFCO_APPROVAL|1015310,MR-04,SUPPORTED,source-scoped to approval-file facility code
APR|3748,concernsDam,DAM|HRFCO_APPROVAL|1017310,MR-04,SUPPORTED,source-scoped to approval-file facility code
APR|3749,concernsDam,DAM|HRFCO_APPROVAL|1007801,MR-04,SUPPORTED,source-scoped to approval-file facility code
APR|3750,concernsDam,DAM|HRFCO_APPROVAL|1007802,MR-04,SUPPORTED,source-scoped to approval-file facility code
APR|3751,concernsDam,DAM|HRFCO_APPROVAL|1007803,MR-04,SUPPORTED,source-scoped to approval-file facility code
APR|3752,concernsDam,DAM|HRFCO_APPROVAL|1017310,MR-04,SUPPORTED,source-scoped to approval-file facility code
APR|3753,concernsDam,DAM|HRFCO_APPROVAL|1017310,MR-04,SUPPORTED,source-scoped to approval-file facility code
APR|3754,concernsDam,DAM|HRFCO_APPROVAL|1015310,MR-04,SUPPORTED,source-scoped to approval-file facility code
APR|3755,concernsDam,DAM|HRFCO_APPROVAL|1017310,MR-04,SUPPORTED,source-scoped to approval-file facility code
APR|3756,concernsDam,DAM|HRFCO_APPROVAL|1013310,MR-04,SUPPORTED,source-scoped to approval-file facility code
APR|3757,concernsDam,DAM|HRFCO_APPROVAL|1017310,MR-04,SUPPORTED,source-scoped to approval-file facility code
APR|3758,concernsDam,DAM|HRFCO_APPROVAL|1001210,MR-04,SUPPORTED,source-scoped to approval-file facility code
APR|3759,concernsDam,DAM|HRFCO_APPROVAL|1302210,MR-04,SUPPORTED,source-scoped to approval-file facility code
APR|3760,concernsDam,DAM|HRFCO_APPROVAL|1004310,MR-04,SUPPORTED,source-scoped to approval-file facility code
APR|3761,concernsDam,DAM|HRFCO_APPROVAL|1017310,MR-04,SUPPORTED,source-scoped to approval-file facility code
APR|3762,concernsDam,DAM|HRFCO_APPROVAL|1010320,MR-04,SUPPORTED,source-scoped to approval-file facility code
APR|3763,concernsDam,DAM|HRFCO_APPROVAL|1010310,MR-04,SUPPORTED,source-scoped to approval-file facility code
APR|3764,concernsDam,DAM|HRFCO_APPROVAL|1007801,MR-04,SUPPORTED,source-scoped to approval-file facility code
APR|3765,concernsDam,DAM|HRFCO_APPROVAL|1007802,MR-04,SUPPORTED,source-scoped to approval-file facility code
APR|3766,concernsDam,DAM|HRFCO_APPROVAL|1007803,MR-04,SUPPORTED,source-scoped to approval-file facility code
APR|3767,concernsDam,DAM|HRFCO_APPROVAL|1006110,MR-04,SUPPORTED,source-scoped to approval-file facility code
APR|3768,concernsDam,DAM|HRFCO_APPROVAL|1017310,MR-04,SUPPORTED,source-scoped to approval-file facility code
APR|3769,concernsDam,DAM|HRFCO_APPROVAL|1015310,MR-04,SUPPORTED,source-scoped to approval-file facility code
APR|3770,concernsDam,DAM|HRFCO_APPROVAL|1012110,MR-04,SUPPORTED,source-scoped to approval-file facility code
APR|3771,concernsDam,DAM|HRFCO_APPROVAL|1003110,MR-04,SUPPORTED,source-scoped to approval-file facility code
APR|3772,concernsDam,DAM|HRFCO_APPROVAL|1013310,MR-04,SUPPORTED,source-scoped to approval-file facility code
APR|3773,concernsDam,DAM|HRFCO_APPROVAL|1001210,MR-04,SUPPORTED,source-scoped to approval-file facility code
APR|3774,concernsDam,DAM|HRFCO_APPROVAL|1017310,MR-04,SUPPORTED,source-scoped to approval-file facility code
APR|3775,concernsDam,DAM|HRFCO_APPROVAL|1015310,MR-04,SUPPORTED,source-scoped to approval-file facility code
APR|3776,concernsDam,DAM|HRFCO_APPROVAL|1017310,MR-04,SUPPORTED,source-scoped to approval-file facility code
APR|3777,concernsDam,DAM|HRFCO_APPROVAL|1015310,MR-04,SUPPORTED,source-scoped to approval-file facility code
APR|3778,concernsDam,DAM|HRFCO_APPROVAL|1013310,MR-04,SUPPORTED,source-scoped to approval-file facility code
APR|3779,concernsDam,DAM|HRFCO_APPROVAL|1015310,MR-04,SUPPORTED,source-scoped to approval-file facility code
APR|3780,concernsDam,DAM|HRFCO_APPROVAL|1010320,MR-04,SUPPORTED,source-scoped to approval-file facility code
APR|3781,concernsDam,DAM|HRFCO_APPROVAL|1013310,MR-04,SUPPORTED,source-scoped to approval-file facility code
APR|3782,concernsDam,DAM|HRFCO_APPROVAL|1010320,MR-04,SUPPORTED,source-scoped to approval-file facility code
APR|3783,concernsDam,DAM|HRFCO_APPROVAL|1017310,MR-04,SUPPORTED,source-scoped to approval-file facility code
APR|3784,concernsDam,DAM|HRFCO_APPROVAL|1015310,MR-04,SUPPORTED,source-scoped to approval-file facility code
APR|3785,concernsDam,DAM|HRFCO_APPROVAL|1010320,MR-04,SUPPORTED,source-scoped to approval-file facility code
APR|3786,concernsDam,DAM|HRFCO_APPROVAL|1017310,MR-04,SUPPORTED,source-scoped to approval-file facility code
APR|3787,concernsDam,DAM|HRFCO_APPROVAL|1010320,MR-04,SUPPORTED,source-scoped to approval-file facility code
APR|3788,concernsDam,DAM|HRFCO_APPROVAL|1013310,MR-04,SUPPORTED,source-scoped to approval-file facility code
APR|3789,concernsDam,DAM|HRFCO_APPROVAL|1010320,MR-04,SUPPORTED,source-scoped to approval-file facility code
APR|3790,concernsDam,DAM|HRFCO_APPROVAL|1013310,MR-04,SUPPORTED,source-scoped to approval-file facility code
APR|3791,concernsDam,DAM|HRFCO_APPROVAL|1015310,MR-04,SUPPORTED,source-scoped to approval-file facility code
APR|3792,concernsDam,DAM|HRFCO_APPROVAL|1013310,MR-04,SUPPORTED,source-scoped to approval-file facility code
APR|3793,concernsDam,DAM|HRFCO_APPROVAL|1010320,MR-04,SUPPORTED,source-scoped to approval-file facility code
APR|3794,concernsDam,DAM|HRFCO_APPROVAL|1010310,MR-04,SUPPORTED,source-scoped to approval-file facility code
APR|3795,concernsDam,DAM|HRFCO_APPROVAL|1302210,MR-04,SUPPORTED,source-scoped to approval-file facility code
APR|3796,concernsDam,DAM|HRFCO_APPROVAL|1010320,MR-04,SUPPORTED,source-scoped to approval-file facility code
APR|3797,concernsDam,DAM|HRFCO_APPROVAL|1013310,MR-04,SUPPORTED,source-scoped to approval-file facility code
APR|3798,concernsDam,DAM|HRFCO_APPROVAL|1015310,MR-04,SUPPORTED,source-scoped to approval-file facility code
APR|3799,concernsDam,DAM|HRFCO_APPROVAL|1017310,MR-04,SUPPORTED,source-scoped to approval-file facility code
APR|3800,concernsDam,DAM|HRFCO_APPROVAL|1015310,MR-04,SUPPORTED,source-scoped to approval-file facility code
APR|3801,concernsDam,DAM|HRFCO_APPROVAL|1017310,MR-04,SUPPORTED,source-scoped to approval-file facility code
APR|3802,concernsDam,DAM|HRFCO_APPROVAL|1013310,MR-04,SUPPORTED,source-scoped to approval-file facility code
APR|3803,concernsDam,DAM|HRFCO_APPROVAL|1010320,MR-04,SUPPORTED,source-scoped to approval-file facility code
APR|3804,concernsDam,DAM|HRFCO_APPROVAL|1015310,MR-04,SUPPORTED,source-scoped to approval-file facility code
APR|3805,concernsDam,DAM|HRFCO_APPROVAL|1017310,MR-04,SUPPORTED,source-scoped to approval-file facility code
APR|3806,concernsDam,DAM|HRFCO_APPROVAL|1015310,MR-04,SUPPORTED,source-scoped to approval-file facility code
APR|3807,concernsDam,DAM|HRFCO_APPROVAL|1017310,MR-04,SUPPORTED,source-scoped to approval-file facility code
APR|3808,concernsDam,DAM|HRFCO_APPROVAL|1015310,MR-04,SUPPORTED,source-scoped to approval-file facility code
APR|3809,concernsDam,DAM|HRFCO_APPROVAL|1017310,MR-04,SUPPORTED,source-scoped to approval-file facility code
APR|3810,concernsDam,DAM|HRFCO_APPROVAL|1015310,MR-04,SUPPORTED,source-scoped to approval-file facility code
APR|3811,concernsDam,DAM|HRFCO_APPROVAL|1013310,MR-04,SUPPORTED,source-scoped to approval-file facility code
APR|3812,concernsDam,DAM|HRFCO_APPROVAL|1010320,MR-04,SUPPORTED,source-scoped to approval-file facility code
APR|3813,concernsDam,DAM|HRFCO_APPROVAL|1015310,MR-04,SUPPORTED,source-scoped to approval-file facility code
APR|3814,concernsDam,DAM|HRFCO_APPROVAL|1013310,MR-04,SUPPORTED,source-scoped to approval-file facility code
APR|3815,concernsDam,DAM|HRFCO_APPROVAL|1013310,MR-04,SUPPORTED,source-scoped to approval-file facility code
APR|3816,concernsDam,DAM|HRFCO_APPROVAL|1017310,MR-04,SUPPORTED,source-scoped to approval-file facility code
APR|3817,concernsDam,DAM|HRFCO_APPROVAL|1015310,MR-04,SUPPORTED,source-scoped to approval-file facility code
APR|3818,concernsDam,DAM|HRFCO_APPROVAL|1013310,MR-04,SUPPORTED,source-scoped to approval-file facility code
APR|3819,concernsDam,DAM|HRFCO_APPROVAL|1010320,MR-04,SUPPORTED,source-scoped to approval-file facility code
APR|3820,concernsDam,DAM|HRFCO_APPROVAL|1015310,MR-04,SUPPORTED,source-scoped to approval-file facility code
APR|3821,concernsDam,DAM|HRFCO_APPROVAL|1013310,MR-04,SUPPORTED,source-scoped to approval-file facility code
APR|3822,concernsDam,DAM|HRFCO_APPROVAL|1013310,MR-04,SUPPORTED,source-scoped to approval-file facility code
APR|3823,concernsDam,DAM|HRFCO_APPROVAL|1015310,MR-04,SUPPORTED,source-scoped to approval-file facility code
APR|3824,concernsDam,DAM|HRFCO_APPROVAL|1017310,MR-04,SUPPORTED,source-scoped to approval-file facility code
APR|3825,concernsDam,DAM|HRFCO_APPROVAL|1013310,MR-04,SUPPORTED,source-scoped to approval-file facility code
APR|3826,concernsDam,DAM|HRFCO_APPROVAL|1013310,MR-04,SUPPORTED,source-scoped to approval-file facility code
APR|3827,concernsDam,DAM|HRFCO_APPROVAL|1010320,MR-04,SUPPORTED,source-scoped to approval-file facility code
APR|3828,concernsDam,DAM|HRFCO_APPROVAL|1013310,MR-04,SUPPORTED,source-scoped to approval-file facility code
APR|3829,concernsDam,DAM|HRFCO_APPROVAL|1017310,MR-04,SUPPORTED,source-scoped to approval-file facility code
APR|3830,concernsDam,DAM|HRFCO_APPROVAL|1015310,MR-04,SUPPORTED,source-scoped to approval-file facility code
APR|3831,concernsDam,DAM|HRFCO_APPROVAL|1017310,MR-04,SUPPORTED,source-scoped to approval-file facility code
APR|3832,concernsDam,DAM|HRFCO_APPROVAL|1013310,MR-04,SUPPORTED,source-scoped to approval-file facility code
APR|3833,concernsDam,DAM|HRFCO_APPROVAL|1010320,MR-04,SUPPORTED,source-scoped to approval-file facility code
APR|3834,concernsDam,DAM|HRFCO_APPROVAL|1015310,MR-04,SUPPORTED,source-scoped to approval-file facility code
APR|3835,concernsDam,DAM|HRFCO_APPROVAL|1010320,MR-04,SUPPORTED,source-scoped to approval-file facility code
APR|3836,concernsDam,DAM|HRFCO_APPROVAL|1013310,MR-04,SUPPORTED,source-scoped to approval-file facility code
APR|3837,concernsDam,DAM|HRFCO_APPROVAL|1017310,MR-04,SUPPORTED,source-scoped to approval-file facility code
APR|3838,concernsDam,DAM|HRFCO_APPROVAL|1010320,MR-04,SUPPORTED,source-scoped to approval-file facility code
APR|3839,concernsDam,DAM|HRFCO_APPROVAL|1010310,MR-04,SUPPORTED,source-scoped to approval-file facility code
APR|3840,concernsDam,DAM|HRFCO_APPROVAL|1013310,MR-04,SUPPORTED,source-scoped to approval-file facility code
APR|3841,concernsDam,DAM|HRFCO_APPROVAL|1015310,MR-04,SUPPORTED,source-scoped to approval-file facility code
APR|3842,concernsDam,DAM|HRFCO_APPROVAL|1013310,MR-04,SUPPORTED,source-scoped to approval-file facility code
APR|3843,concernsDam,DAM|HRFCO_APPROVAL|1015310,MR-04,SUPPORTED,source-scoped to approval-file facility code
APR|3844,concernsDam,DAM|HRFCO_APPROVAL|1017310,MR-04,SUPPORTED,source-scoped to approval-file facility code
APR|3845,concernsDam,DAM|HRFCO_APPROVAL|1017310,MR-04,SUPPORTED,source-scoped to approval-file facility code
APR|3846,concernsDam,DAM|HRFCO_APPROVAL|1015310,MR-04,SUPPORTED,source-scoped to approval-file facility code
APR|3847,concernsDam,DAM|HRFCO_APPROVAL|1010320,MR-04,SUPPORTED,source-scoped to approval-file facility code
APR|3848,concernsDam,DAM|HRFCO_APPROVAL|1013310,MR-04,SUPPORTED,source-scoped to approval-file facility code
APR|3849,concernsDam,DAM|HRFCO_APPROVAL|1017310,MR-04,SUPPORTED,source-scoped to approval-file facility code
APR|3850,concernsDam,DAM|HRFCO_APPROVAL|1013310,MR-04,SUPPORTED,source-scoped to approval-file facility code
APR|3851,concernsDam,DAM|HRFCO_APPROVAL|1013310,MR-04,SUPPORTED,source-scoped to approval-file facility code
APR|3852,concernsDam,DAM|HRFCO_APPROVAL|1017310,MR-04,SUPPORTED,source-scoped to approval-file facility code
APR|3853,concernsDam,DAM|HRFCO_APPROVAL|1004310,MR-04,SUPPORTED,source-scoped to approval-file facility code
APR|3854,concernsDam,DAM|HRFCO_APPROVAL|1017310,MR-04,SUPPORTED,source-scoped to approval-file facility code
APR|3855,concernsDam,DAM|HRFCO_APPROVAL|1017310,MR-04,SUPPORTED,source-scoped to approval-file facility code
APR|3856,concernsDam,DAM|HRFCO_APPROVAL|1015310,MR-04,SUPPORTED,source-scoped to approval-file facility code
APR|3857,concernsDam,DAM|HRFCO_APPROVAL|1017310,MR-04,SUPPORTED,source-scoped to approval-file facility code
APR|3858,concernsDam,DAM|HRFCO_APPROVAL|1017310,MR-04,SUPPORTED,source-scoped to approval-file facility code
APR|3859,concernsDam,DAM|HRFCO_APPROVAL|1013310,MR-04,SUPPORTED,source-scoped to approval-file facility code
APR|3860,concernsDam,DAM|HRFCO_APPROVAL|1017310,MR-04,SUPPORTED,source-scoped to approval-file facility code
APR|3861,concernsDam,DAM|HRFCO_APPROVAL|1015310,MR-04,SUPPORTED,source-scoped to approval-file facility code
APR|3862,concernsDam,DAM|HRFCO_APPROVAL|1001210,MR-04,SUPPORTED,source-scoped to approval-file facility code
APR|3863,concernsDam,DAM|HRFCO_APPROVAL|1001210,MR-04,SUPPORTED,source-scoped to approval-file facility code
APR|3864,concernsDam,DAM|HRFCO_APPROVAL|1004310,MR-04,SUPPORTED,source-scoped to approval-file facility code
APR|3865,concernsDam,DAM|HRFCO_APPROVAL|1302210,MR-04,SUPPORTED,source-scoped to approval-file facility code
APR|3866,concernsDam,DAM|HRFCO_APPROVAL|1010320,MR-04,SUPPORTED,source-scoped to approval-file facility code
APR|3867,concernsDam,DAM|HRFCO_APPROVAL|1004310,MR-04,SUPPORTED,source-scoped to approval-file facility code
APR|3868,concernsDam,DAM|HRFCO_APPROVAL|1004310,MR-04,SUPPORTED,source-scoped to approval-file facility code
APR|3869,concernsDam,DAM|HRFCO_APPROVAL|1013310,MR-04,SUPPORTED,source-scoped to approval-file facility code
APR|3870,concernsDam,DAM|HRFCO_APPROVAL|1013310,MR-04,SUPPORTED,source-scoped to approval-file facility code
APR|3871,concernsDam,DAM|HRFCO_APPROVAL|1004310,MR-04,SUPPORTED,source-scoped to approval-file facility code
APR|3872,concernsDam,DAM|HRFCO_APPROVAL|1004310,MR-04,SUPPORTED,source-scoped to approval-file facility code
APR|3873,concernsDam,DAM|HRFCO_APPROVAL|1007801,MR-04,SUPPORTED,source-scoped to approval-file facility code
APR|3874,concernsDam,DAM|HRFCO_APPROVAL|1007802,MR-04,SUPPORTED,source-scoped to approval-file facility code
APR|3875,concernsDam,DAM|HRFCO_APPROVAL|1007803,MR-04,SUPPORTED,source-scoped to approval-file facility code
APR|3876,concernsDam,DAM|HRFCO_APPROVAL|1017310,MR-04,SUPPORTED,source-scoped to approval-file facility code
APR|3877,concernsDam,DAM|HRFCO_APPROVAL|1017310,MR-04,SUPPORTED,source-scoped to approval-file facility code
APR|3878,concernsDam,DAM|HRFCO_APPROVAL|1017310,MR-04,SUPPORTED,source-scoped to approval-file facility code
APR|3879,concernsDam,DAM|HRFCO_APPROVAL|1017310,MR-04,SUPPORTED,source-scoped to approval-file facility code
APR|3880,concernsDam,DAM|HRFCO_APPROVAL|1017310,MR-04,SUPPORTED,source-scoped to approval-file facility code
APR|3881,concernsDam,DAM|HRFCO_APPROVAL|1007801,MR-04,SUPPORTED,source-scoped to approval-file facility code
APR|3882,concernsDam,DAM|HRFCO_APPROVAL|1007802,MR-04,SUPPORTED,source-scoped to approval-file facility code
APR|3883,concernsDam,DAM|HRFCO_APPROVAL|1007803,MR-04,SUPPORTED,source-scoped to approval-file facility code
APR|3884,concernsDam,DAM|HRFCO_APPROVAL|1004310,MR-04,SUPPORTED,source-scoped to approval-file facility code
APR|3885,concernsDam,DAM|HRFCO_APPROVAL|1017310,MR-04,SUPPORTED,source-scoped to approval-file facility code
APR|3886,concernsDam,DAM|HRFCO_APPROVAL|1017310,MR-04,SUPPORTED,source-scoped to approval-file facility code
APR|3887,concernsDam,DAM|HRFCO_APPROVAL|1017310,MR-04,SUPPORTED,source-scoped to approval-file facility code
APR|3888,concernsDam,DAM|HRFCO_APPROVAL|1017310,MR-04,SUPPORTED,source-scoped to approval-file facility code
APR|3889,concernsDam,DAM|HRFCO_APPROVAL|1017310,MR-04,SUPPORTED,source-scoped to approval-file facility code
APR|3890,concernsDam,DAM|HRFCO_APPROVAL|1004310,MR-04,SUPPORTED,source-scoped to approval-file facility code
APR|3891,concernsDam,DAM|HRFCO_APPROVAL|1017310,MR-04,SUPPORTED,source-scoped to approval-file facility code
APR|3892,concernsDam,DAM|HRFCO_APPROVAL|1017310,MR-04,SUPPORTED,source-scoped to approval-file facility code
APR|3893,concernsDam,DAM|HRFCO_APPROVAL|1007801,MR-04,SUPPORTED,source-scoped to approval-file facility code
APR|3894,concernsDam,DAM|HRFCO_APPROVAL|1007802,MR-04,SUPPORTED,source-scoped to approval-file facility code
APR|3895,concernsDam,DAM|HRFCO_APPROVAL|1007803,MR-04,SUPPORTED,source-scoped to approval-file facility code
APR|3896,concernsDam,DAM|HRFCO_APPROVAL|1007801,MR-04,SUPPORTED,source-scoped to approval-file facility code
APR|3897,concernsDam,DAM|HRFCO_APPROVAL|1007802,MR-04,SUPPORTED,source-scoped to approval-file facility code
APR|3898,concernsDam,DAM|HRFCO_APPROVAL|1007803,MR-04,SUPPORTED,source-scoped to approval-file facility code
APR|3899,concernsDam,DAM|HRFCO_APPROVAL|1001210,MR-04,SUPPORTED,source-scoped to approval-file facility code
APR|3900,concernsDam,DAM|HRFCO_APPROVAL|1004310,MR-04,SUPPORTED,source-scoped to approval-file facility code
APR|3901,concernsDam,DAM|HRFCO_APPROVAL|1017310,MR-04,SUPPORTED,source-scoped to approval-file facility code
APR|3902,concernsDam,DAM|HRFCO_APPROVAL|1017310,MR-04,SUPPORTED,source-scoped to approval-file facility code
APR|3903,concernsDam,DAM|HRFCO_APPROVAL|1017310,MR-04,SUPPORTED,source-scoped to approval-file facility code
APR|3904,concernsDam,DAM|HRFCO_APPROVAL|1017310,MR-04,SUPPORTED,source-scoped to approval-file facility code
APR|3905,concernsDam,DAM|HRFCO_APPROVAL|1017310,MR-04,SUPPORTED,source-scoped to approval-file facility code
APR|3906,concernsDam,DAM|HRFCO_APPROVAL|1004310,MR-04,SUPPORTED,source-scoped to approval-file facility code
APR|3907,concernsDam,DAM|HRFCO_APPROVAL|1007801,MR-04,SUPPORTED,source-scoped to approval-file facility code
APR|3908,concernsDam,DAM|HRFCO_APPROVAL|1007802,MR-04,SUPPORTED,source-scoped to approval-file facility code
APR|3909,concernsDam,DAM|HRFCO_APPROVAL|1007803,MR-04,SUPPORTED,source-scoped to approval-file facility code
APR|3910,concernsDam,DAM|HRFCO_APPROVAL|1017310,MR-04,SUPPORTED,source-scoped to approval-file facility code
APR|3911,concernsDam,DAM|HRFCO_APPROVAL|1017310,MR-04,SUPPORTED,source-scoped to approval-file facility code
APR|3912,concernsDam,DAM|HRFCO_APPROVAL|1004310,MR-04,SUPPORTED,source-scoped to approval-file facility code
APR|3913,concernsDam,DAM|HRFCO_APPROVAL|1004310,MR-04,SUPPORTED,source-scoped to approval-file facility code
APR|3914,concernsDam,DAM|HRFCO_APPROVAL|1017310,MR-04,SUPPORTED,source-scoped to approval-file facility code
APR|3915,concernsDam,DAM|HRFCO_APPROVAL|1017310,MR-04,SUPPORTED,source-scoped to approval-file facility code
APR|3916,concernsDam,DAM|HRFCO_APPROVAL|1017310,MR-04,SUPPORTED,source-scoped to approval-file facility code
APR|3917,concernsDam,DAM|HRFCO_APPROVAL|1017310,MR-04,SUPPORTED,source-scoped to approval-file facility code
APR|3918,concernsDam,DAM|HRFCO_APPROVAL|1001210,MR-04,SUPPORTED,source-scoped to approval-file facility code
APR|3919,concernsDam,DAM|HRFCO_APPROVAL|1001210,MR-04,SUPPORTED,source-scoped to approval-file facility code
APR|3920,concernsDam,DAM|HRFCO_APPROVAL|1017310,MR-04,SUPPORTED,source-scoped to approval-file facility code
APR|3921,concernsDam,DAM|HRFCO_APPROVAL|1017310,MR-04,SUPPORTED,source-scoped to approval-file facility code
APR|3922,concernsDam,DAM|HRFCO_APPROVAL|1017310,MR-04,SUPPORTED,source-scoped to approval-file facility code
APR|3923,concernsDam,DAM|HRFCO_APPROVAL|1017310,MR-04,SUPPORTED,source-scoped to approval-file facility code
APR|3924,concernsDam,DAM|HRFCO_APPROVAL|1017310,MR-04,SUPPORTED,source-scoped to approval-file facility code
APR|3925,concernsDam,DAM|HRFCO_APPROVAL|1017310,MR-04,SUPPORTED,source-scoped to approval-file facility code
APR|3926,concernsDam,DAM|HRFCO_APPROVAL|1017310,MR-04,SUPPORTED,source-scoped to approval-file facility code
APR|3927,concernsDam,DAM|HRFCO_APPROVAL|1007801,MR-04,SUPPORTED,source-scoped to approval-file facility code
APR|3928,concernsDam,DAM|HRFCO_APPROVAL|1007802,MR-04,SUPPORTED,source-scoped to approval-file facility code
APR|3929,concernsDam,DAM|HRFCO_APPROVAL|1007803,MR-04,SUPPORTED,source-scoped to approval-file facility code
CRT|CR-01,definedIn,DOC|DOC-11,MR-07,SUPPORTED,
CRT|CR-02,definedIn,DOC|DOC-11,MR-07,SUPPORTED,
CRT|CR-03,definedIn,DOC|DOC-11,MR-07,SUPPORTED,
CRT|CR-04,definedIn,DOC|DOC-11,MR-07,SUPPORTED,
CRT|CR-05,definedIn,DOC|DOC-11,MR-07,SUPPORTED,
CRT|CR-06,definedIn,DOC|DOC-11,MR-07,SUPPORTED,
CRT|CR-07,definedIn,DOC|DOC-11,MR-07,SUPPORTED,
CRT|CR-08,definedIn,DOC|DOC-11,MR-07,SUPPORTED,
CRT|CR-09,definedIn,DOC|DOC-11,MR-07,SUPPORTED,
CRT|CR-10,definedIn,DOC|DOC-11,MR-07,SUPPORTED,
CRT|CR-11,definedIn,DOC|DOC-11,MR-07,SUPPORTED,
CRT|CR-12,definedIn,DOC|DOC-11,MR-07,SUPPORTED,
CRT|CR-13,definedIn,DOC|DOC-11,MR-07,SUPPORTED,
CRT|CR-14,definedIn,DOC|DOC-11,MR-07,SUPPORTED,
CRT|CR-15,definedIn,DOC|DOC-11,MR-07,SUPPORTED,
DAM|MYWATER|1001210,monitoredBy,STN|MYWATER|1001452,MR-09,SUPPORTED,association = query parameter
DAM|MYWATER|1001210,monitoredBy,STN|MYWATER|9000040,MR-09,SUPPORTED,association = query parameter
DAM|MYWATER|1003110,monitoredBy,STN|MYWATER|1001420,MR-09,SUPPORTED,association = query parameter
DAM|MYWATER|1003110,monitoredBy,STN|MYWATER|1001422,MR-09,SUPPORTED,association = query parameter
DAM|MYWATER|1003110,monitoredBy,STN|MYWATER|1001426,MR-09,SUPPORTED,association = query parameter
DAM|MYWATER|1003110,monitoredBy,STN|MYWATER|1001430,MR-09,SUPPORTED,association = query parameter
DAM|MYWATER|1003110,monitoredBy,STN|MYWATER|1001432,MR-09,SUPPORTED,association = query parameter
DAM|MYWATER|1003110,monitoredBy,STN|MYWATER|1001434,MR-09,SUPPORTED,association = query parameter
DAM|MYWATER|1003110,monitoredBy,STN|MYWATER|1001436,MR-09,SUPPORTED,association = query parameter
DAM|MYWATER|1003110,monitoredBy,STN|MYWATER|1001438,MR-09,SUPPORTED,association = query parameter
DAM|MYWATER|1003110,monitoredBy,STN|MYWATER|1001440,MR-09,SUPPORTED,association = query parameter
DAM|MYWATER|1003110,monitoredBy,STN|MYWATER|1001442,MR-09,SUPPORTED,association = query parameter
DAM|MYWATER|1003110,monitoredBy,STN|MYWATER|1001444,MR-09,SUPPORTED,association = query parameter
DAM|MYWATER|1003110,monitoredBy,STN|MYWATER|1001446,MR-09,SUPPORTED,association = query parameter
DAM|MYWATER|1003110,monitoredBy,STN|MYWATER|1001448,MR-09,SUPPORTED,association = query parameter
DAM|MYWATER|1003110,monitoredBy,STN|MYWATER|1001450,MR-09,SUPPORTED,association = query parameter
DAM|MYWATER|1003110,monitoredBy,STN|MYWATER|1001456,MR-09,SUPPORTED,association = query parameter
DAM|MYWATER|1003110,monitoredBy,STN|MYWATER|1001458,MR-09,SUPPORTED,association = query parameter
DAM|MYWATER|1003110,monitoredBy,STN|MYWATER|1002432,MR-09,SUPPORTED,association = query parameter
DAM|MYWATER|1003110,monitoredBy,STN|MYWATER|1002434,MR-09,SUPPORTED,association = query parameter
DAM|MYWATER|1003110,monitoredBy,STN|MYWATER|1002436,MR-09,SUPPORTED,association = query parameter
DAM|MYWATER|1003110,monitoredBy,STN|MYWATER|1002438,MR-09,SUPPORTED,association = query parameter
DAM|MYWATER|1003110,monitoredBy,STN|MYWATER|1002440,MR-09,SUPPORTED,association = query parameter
DAM|MYWATER|1003110,monitoredBy,STN|MYWATER|1002442,MR-09,SUPPORTED,association = query parameter
DAM|MYWATER|1003110,monitoredBy,STN|MYWATER|1002444,MR-09,SUPPORTED,association = query parameter
DAM|MYWATER|1003110,monitoredBy,STN|MYWATER|1002446,MR-09,SUPPORTED,association = query parameter
DAM|MYWATER|1003110,monitoredBy,STN|MYWATER|1002448,MR-09,SUPPORTED,association = query parameter
DAM|MYWATER|1003110,monitoredBy,STN|MYWATER|1003412,MR-09,SUPPORTED,association = query parameter
DAM|MYWATER|1003110,monitoredBy,STN|MYWATER|1003420,MR-09,SUPPORTED,association = query parameter
DAM|MYWATER|1003110,monitoredBy,STN|MYWATER|1003422,MR-09,SUPPORTED,association = query parameter
DAM|MYWATER|1003110,monitoredBy,STN|MYWATER|1003424,MR-09,SUPPORTED,association = query parameter
DAM|MYWATER|1003110,monitoredBy,STN|MYWATER|1003426,MR-09,SUPPORTED,association = query parameter
DAM|MYWATER|1003110,monitoredBy,STN|MYWATER|1003428,MR-09,SUPPORTED,association = query parameter
DAM|MYWATER|1003110,monitoredBy,STN|MYWATER|1003430,MR-09,SUPPORTED,association = query parameter
DAM|MYWATER|1003110,monitoredBy,STN|MYWATER|1003432,MR-09,SUPPORTED,association = query parameter
DAM|MYWATER|1003110,monitoredBy,STN|MYWATER|1003434,MR-09,SUPPORTED,association = query parameter
DAM|MYWATER|1003110,monitoredBy,STN|MYWATER|1003436,MR-09,SUPPORTED,association = query parameter
DAM|MYWATER|1003110,monitoredBy,STN|MYWATER|1003438,MR-09,SUPPORTED,association = query parameter
DAM|MYWATER|1003110,monitoredBy,STN|MYWATER|1002655,MR-09,SUPPORTED,association = query parameter
DAM|MYWATER|1003110,monitoredBy,STN|MYWATER|1002656,MR-09,SUPPORTED,association = query parameter
DAM|MYWATER|1003110,monitoredBy,STN|MYWATER|1003626,MR-09,SUPPORTED,association = query parameter
DAM|MYWATER|1003110,monitoredBy,STN|MYWATER|1003655,MR-09,SUPPORTED,association = query parameter
DAM|MYWATER|1003110,monitoredBy,STN|MYWATER|1003656,MR-09,SUPPORTED,association = query parameter
DAM|MYWATER|1003110,monitoredBy,STN|MYWATER|1003696,MR-09,SUPPORTED,association = query parameter
DAM|MYWATER|1003110,monitoredBy,STN|MYWATER|8000081,MR-09,SUPPORTED,association = query parameter
DAM|MYWATER|1003110,monitoredBy,STN|MYWATER|9000181,MR-09,SUPPORTED,association = query parameter
DAM|MYWATER|1003110,monitoredBy,STN|MYWATER|9000252,MR-09,SUPPORTED,association = query parameter
DAM|MYWATER|1003110,monitoredBy,STN|MYWATER|9000253,MR-09,SUPPORTED,association = query parameter
DAM|MYWATER|1003110,monitoredBy,STN|MYWATER|9000273,MR-09,SUPPORTED,association = query parameter
DAM|MYWATER|1003110,monitoredBy,STN|MYWATER|9000308,MR-09,SUPPORTED,association = query parameter
DAM|MYWATER|1003110,monitoredBy,STN|MYWATER|9000309,MR-09,SUPPORTED,association = query parameter
DAM|MYWATER|1003611,monitoredBy,STN|MYWATER|1004418,MR-09,SUPPORTED,association = query parameter
DAM|MYWATER|1003611,monitoredBy,STN|MYWATER|1004420,MR-09,SUPPORTED,association = query parameter
DAM|MYWATER|1003611,monitoredBy,STN|MYWATER|1004422,MR-09,SUPPORTED,association = query parameter
DAM|MYWATER|1003611,monitoredBy,STN|MYWATER|1004424,MR-09,SUPPORTED,association = query parameter
DAM|MYWATER|1006110,monitoredBy,STN|MYWATER|9000005,MR-09,SUPPORTED,association = query parameter
DAM|MYWATER|1006110,monitoredBy,STN|MYWATER|9000006,MR-09,SUPPORTED,association = query parameter
DAM|MYWATER|1006110,monitoredBy,STN|MYWATER|9000007,MR-09,SUPPORTED,association = query parameter
DAM|MYWATER|1006110,monitoredBy,STN|MYWATER|1006610,MR-09,SUPPORTED,association = query parameter
DAM|MYWATER|1006110,monitoredBy,STN|MYWATER|1006612,MR-09,SUPPORTED,association = query parameter
DAM|MYWATER|1009710,monitoredBy,STN|MYWATER|1009465,MR-09,SUPPORTED,association = query parameter
DAM|MYWATER|1009710,monitoredBy,STN|MYWATER|9000004,MR-09,SUPPORTED,association = query parameter
DAM|MYWATER|1012110,monitoredBy,STN|MYWATER|1010430,MR-09,SUPPORTED,association = query parameter
DAM|MYWATER|1012110,monitoredBy,STN|MYWATER|1010440,MR-09,SUPPORTED,association = query parameter
DAM|MYWATER|1012110,monitoredBy,STN|MYWATER|1010470,MR-09,SUPPORTED,association = query parameter
DAM|MYWATER|1012110,monitoredBy,STN|MYWATER|1011414,MR-09,SUPPORTED,association = query parameter
DAM|MYWATER|1012110,monitoredBy,STN|MYWATER|1011416,MR-09,SUPPORTED,association = query parameter
DAM|MYWATER|1012110,monitoredBy,STN|MYWATER|1011418,MR-09,SUPPORTED,association = query parameter
DAM|MYWATER|1012110,monitoredBy,STN|MYWATER|1011424,MR-09,SUPPORTED,association = query parameter
DAM|MYWATER|1012110,monitoredBy,STN|MYWATER|1011428,MR-09,SUPPORTED,association = query parameter
DAM|MYWATER|1012110,monitoredBy,STN|MYWATER|1011430,MR-09,SUPPORTED,association = query parameter
DAM|MYWATER|1012110,monitoredBy,STN|MYWATER|1011432,MR-09,SUPPORTED,association = query parameter
DAM|MYWATER|1012110,monitoredBy,STN|MYWATER|1012432,MR-09,SUPPORTED,association = query parameter
DAM|MYWATER|1012110,monitoredBy,STN|MYWATER|9000139,MR-09,SUPPORTED,association = query parameter
DAM|MYWATER|1012110,monitoredBy,STN|MYWATER|9000143,MR-09,SUPPORTED,association = query parameter
DAM|MYWATER|1012110,monitoredBy,STN|MYWATER|1010640,MR-09,SUPPORTED,association = query parameter
DAM|MYWATER|1012110,monitoredBy,STN|MYWATER|1011650,MR-09,SUPPORTED,association = query parameter
DAM|MYWATER|1012110,monitoredBy,STN|MYWATER|1011690,MR-09,SUPPORTED,association = query parameter
DAM|MYWATER|1012110,monitoredBy,STN|MYWATER|1011692,MR-09,SUPPORTED,association = query parameter
DAM|MYWATER|1012110,monitoredBy,STN|MYWATER|1012110,MR-09,SUPPORTED,association = query parameter
DAM|MYWATER|1012110,monitoredBy,STN|MYWATER|1012650,MR-09,SUPPORTED,association = query parameter
DAM|MYWATER|1012110,monitoredBy,STN|MYWATER|1012670,MR-09,SUPPORTED,association = query parameter
DAM|MYWATER|1012110,monitoredBy,STN|MYWATER|1012682,MR-09,SUPPORTED,association = query parameter
DAM|MYWATER|1012110,monitoredBy,STN|MYWATER|1012702,MR-09,SUPPORTED,association = query parameter
DAM|MYWATER|1012110,monitoredBy,STN|MYWATER|9000272,MR-09,SUPPORTED,association = query parameter
DAM|MYWATER|1021701,monitoredBy,STN|MYWATER|1021401,MR-09,SUPPORTED,association = query parameter
DAM|MYWATER|1021701,monitoredBy,STN|MYWATER|9000239,MR-09,SUPPORTED,association = query parameter
DAM|MYWATER|1021701,monitoredBy,STN|MYWATER|9000240,MR-09,SUPPORTED,association = query parameter
DAM|MYWATER|1022701,monitoredBy,STN|MYWATER|1022402,MR-09,SUPPORTED,association = query parameter
DAM|MYWATER|1022701,monitoredBy,STN|MYWATER|1022404,MR-09,SUPPORTED,association = query parameter
DAM|MYWATER|1022701,monitoredBy,STN|MYWATER|1022406,MR-09,SUPPORTED,association = query parameter
DAM|MYWATER|1022701,monitoredBy,STN|MYWATER|1022408,MR-09,SUPPORTED,association = query parameter
DAM|MYWATER|1022701,monitoredBy,STN|MYWATER|1022410,MR-09,SUPPORTED,association = query parameter
DAM|MYWATER|1022701,monitoredBy,STN|MYWATER|1022412,MR-09,SUPPORTED,association = query parameter
DS|DS-S038,concernsDam,DAM|MYWATER|1001210,MR-11,SUPPORTED,dataset requested for this single facility
DS|DS-S039,concernsDam,DAM|MYWATER|1003110,MR-11,SUPPORTED,dataset requested for this single facility
DS|DS-S040,concernsDam,DAM|MYWATER|1003611,MR-11,SUPPORTED,dataset requested for this single facility
DS|DS-S041,concernsDam,DAM|MYWATER|1006110,MR-11,SUPPORTED,dataset requested for this single facility
DS|DS-S042,concernsDam,DAM|MYWATER|1007601,MR-11,SUPPORTED,dataset requested for this single facility
DS|DS-S043,concernsDam,DAM|MYWATER|1007602,MR-11,SUPPORTED,dataset requested for this single facility
DS|DS-S044,concernsDam,DAM|MYWATER|1007603,MR-11,SUPPORTED,dataset requested for this single facility
DS|DS-S045,concernsDam,DAM|MYWATER|1009710,MR-11,SUPPORTED,dataset requested for this single facility
DS|DS-S046,concernsDam,DAM|MYWATER|1012110,MR-11,SUPPORTED,dataset requested for this single facility
DS|DS-S047,concernsDam,DAM|MYWATER|1021701,MR-11,SUPPORTED,dataset requested for this single facility
DS|DS-S048,concernsDam,DAM|MYWATER|1022701,MR-11,SUPPORTED,dataset requested for this single facility
DS|DS-S049,concernsDam,DAM|MYWATER|1001210,MR-11,SUPPORTED,dataset requested for this single facility
DS|DS-S050,concernsDam,DAM|MYWATER|1003110,MR-11,SUPPORTED,dataset requested for this single facility
DS|DS-S051,concernsDam,DAM|MYWATER|1003611,MR-11,SUPPORTED,dataset requested for this single facility
DS|DS-S052,concernsDam,DAM|MYWATER|1006110,MR-11,SUPPORTED,dataset requested for this single facility
DS|DS-S053,concernsDam,DAM|MYWATER|1007601,MR-11,SUPPORTED,dataset requested for this single facility
DS|DS-S054,concernsDam,DAM|MYWATER|1007602,MR-11,SUPPORTED,dataset requested for this single facility
DS|DS-S055,concernsDam,DAM|MYWATER|1007603,MR-11,SUPPORTED,dataset requested for this single facility
DS|DS-S056,concernsDam,DAM|MYWATER|1009710,MR-11,SUPPORTED,dataset requested for this single facility
DS|DS-S057,concernsDam,DAM|MYWATER|1012110,MR-11,SUPPORTED,dataset requested for this single facility
DS|DS-S058,concernsDam,DAM|MYWATER|1021701,MR-11,SUPPORTED,dataset requested for this single facility
DS|DS-S059,concernsDam,DAM|MYWATER|1022701,MR-11,SUPPORTED,dataset requested for this single facility
DS|DS-S060,concernsDam,DAM|MYWATER|1001210,MR-11,SUPPORTED,dataset requested for this single facility
DS|DS-S061,concernsDam,DAM|MYWATER|1003110,MR-11,SUPPORTED,dataset requested for this single facility
DS|DS-S062,concernsDam,DAM|MYWATER|1003611,MR-11,SUPPORTED,dataset requested for this single facility
DS|DS-S063,concernsDam,DAM|MYWATER|1006110,MR-11,SUPPORTED,dataset requested for this single facility
DS|DS-S064,concernsDam,DAM|MYWATER|1009710,MR-11,SUPPORTED,dataset requested for this single facility
DS|DS-S065,concernsDam,DAM|MYWATER|1012110,MR-11,SUPPORTED,dataset requested for this single facility
DS|DS-S066,concernsDam,DAM|MYWATER|1021701,MR-11,SUPPORTED,dataset requested for this single facility
DS|DS-S067,concernsDam,DAM|MYWATER|1022701,MR-11,SUPPORTED,dataset requested for this single facility
DS|DS-S068,concernsDam,DAM|MYWATER|1003110,MR-11,SUPPORTED,dataset requested for this single facility
DS|DS-S069,concernsDam,DAM|MYWATER|1003611,MR-11,SUPPORTED,dataset requested for this single facility
DS|DS-S070,concernsDam,DAM|MYWATER|1006110,MR-11,SUPPORTED,dataset requested for this single facility
DS|DS-S071,concernsDam,DAM|MYWATER|1012110,MR-11,SUPPORTED,dataset requested for this single facility
