path,category,bytes,sha256
01_raw/DataGoKr/catalog_pages/15099047.html,raw,211938,3541a21d9816b1606429c811e6fbf9e1fe44595cdb86f33ceb072ceaa4ee06b0
01_raw/DataGoKr/catalog_pages/15099049.html,raw,212054,23c54712d6d5dcc48f48576f00ab7bac8c2749b9e755adf1e02061ee34fe9978
01_raw/DataGoKr/catalog_pages/15099105.html,raw,200835,4993cde1ec93a36022fd4a00379b1279ab368da6f596e0ef992fa3e7dd088d3e
01_raw/DataGoKr/catalog_pages/15099107.html,raw,206541,39e53a38e71dd6280782f902c293841760ce86c3459bc796c0380e36ffc4b6f7
01_raw/DataGoKr/catalog_pages/15099110.html,raw,207981,01b4fc229f1617094d221f7e180d6acaf21369325395f696235d6c7b4901569b
01_raw/DataGoKr/catalog_pages/15140222.html,raw,206605,c7bf582497594213b17cc8fba3b9370113d10375d21ed19ea8fc358be19e434f
01_raw/DataGoKr/catalog_pages/15150614.html,raw,178390,0f47266718522a0479b6e3c5928c6dc638424706ce19eeb6c4380bcf6c3e6993
01_raw/DataGoKr/catalog_pages/15150667.html,raw,178427,51b2a6d2e9e4233204f3c8fa917cbf8df28ef5fabf47a7913d3f767d7847a19a
01_raw/DataGoKr/catalog_pages/15153328.html,raw,178419,f52db9cc98ef3385448d7b0d5fc5891108a0e0d07b0ed1e160fb6e5ac0b83648
01_raw/DataGoKr/catalog_pages/15153508.html,raw,178412,afe10b8d0167d84628790cc41aa3ed79663ed7377ec411d8c50ab8bc35cdd416
01_raw/DataGoKr/catalog_pages/3040409.html,raw,179011,d1c492446cdc1c6cbd0bd3e5304b4ed8fb952fe72e5320e2fecdca11495f612c
01_raw/DataGoKr/probe_nokey/damCode.txt,raw,39,e8686a973844835d982b4caba4113ca34f4af19b383cc4c595c1d18c649ce310
01_raw/DataGoKr/probe_nokey/dataPresent.txt,raw,722,c54f373f12c5a477039afc43024f4c6a923e2c14a7fab2207659ebd8aa0f0c66
01_raw/DataGoKr/probe_nokey/multipurPoseDam.txt,raw,722,d201d7e242e2b44ac590447173a0aff875599a301e6159f5241cd4e27c605389
01_raw/DataGoKr/probe_nokey/sluicePresentCondition_hourlist.txt,raw,722,7948d03600086bc9704dd9a29aecf0b1981707abc7c723e0c8d3317096e34055
01_raw/KHNP/pages/khnp_index.html,raw,268426,e8820a8fa82ccb50f9946e853972fd88015dd9bfa40fb0ca3eec527fd4a95805
01_raw/KHNP/pages/khnp_realtime_water.html,raw,98846,7576b046f19b0930087cbab1392765ce40735c9c5bf4b37d1a964dc79d30a523
01_raw/KHNP/pages/khnp_root.html,raw,321,170f27f34789b089d1555e9c6daf495d2be87b73d0b390942e61a1027ecc582d
01_raw/KMA/pages/kma_api_list.html,raw,119948,f1ca7e58dceb4bd846de3e0060e997e41c69e67bb9300b7baa80ac0dcf61cb76
01_raw/KMA/pages/kma_asos_hourly_page.html,raw,231469,4b6d74df49cd2ca5d94dcd066fed786dc7fd6df50cc8db36009f4a37d1485ed5
01_raw/KMA/pages/kma_main.html,raw,108027,65e050fc39d04ce1d8b3dd0f562d3967fda6c60a3c7bc09a254069e66013edd8
01_raw/KMA/pages/kma_stat_page.html,raw,184270,f9d4cbb25a2148a30673c39b63c3e1c0eb94639088629f03d36dbbbb342ba11d
01_raw/KWater/mywater_period/D1/group1/DATA1/2021-01-01_2021-12-31.json,raw,181832,ebaacb2c657fe6330ab5ae32377065455e7fb4bf0824192e9fa739cccb2e3321
01_raw/KWater/mywater_period/D1/group1/DATA1/2022-01-01_2022-12-31.json,raw,181604,90e791b9f02b8d053ed4ba43b20846b5be5de680e1efbf6918d254871c3ca1b3
01_raw/KWater/mywater_period/D1/group1/DATA1/2023-01-01_2023-12-31.json,raw,181862,a86321570a34d80fa4fad7378b14ff0a09a30ddd328e0260971c3818fa798e47
01_raw/KWater/mywater_period/D1/group1/DATA1/2024-01-01_2024-12-30.json,raw,182290,e91397a0165b2129240ad338205ff1bb80aebf84e53b1bcfb76389f42a31d213
01_raw/KWater/mywater_period/D1/group1/DATA1/2024-12-31_2025-12-30.json,raw,182296,44572ef9efdd0fdb5deecaaea6cd056b9bf731532989b53a176efcfa6a2959f4
01_raw/KWater/mywater_period/D1/group1/DATA1/2025-12-31_2026-09-28.json,raw,137963,80d92f1494b25fe0f271cabb8999f4e66cdefdb851d938efcd24a86afeab62f3
01_raw/KWater/mywater_period/D1/group1/DATA2/2021-01-01_2021-12-31.json,raw,178932,ded6cd40b67dd60523d603c5d65fcb1e875111f8cd6c7aace3c76fa73b5d9544
01_raw/KWater/mywater_period/D1/group1/DATA2/2022-01-01_2022-12-31.json,raw,178163,a3eedc85e2c2d6708f94b7766a77a8c8a6b5dfeeea3bad23bd1459793b62aadc
01_raw/KWater/mywater_period/D1/group1/DATA2/2023-01-01_2023-12-31.json,raw,178712,0bc8fb66881328a1384c4d45a9909ab9b29078585aec87f0979af4a00f0b57b5
01_raw/KWater/mywater_period/D1/group1/DATA2/2024-01-01_2024-12-30.json,raw,179331,2c8c8b144272775429cd59b7baa6c7df6e6e7476ce938e96b8af5b49d5545252
01_raw/KWater/mywater_period/D1/group1/DATA2/2024-12-31_2025-12-30.json,raw,179016,e02de93522b0c0f3e3a9865b925085ee6015759344995defca48badbc07bc832
01_raw/KWater/mywater_period/D1/group1/DATA2/2025-12-31_2026-09-28.json,raw,135230,fabdec24d4b64444d243da6ee9d33cd536fd0d57207dbd7b422cc47b273c0845
01_raw/KWater/mywater_period/D1/group1/DATA3/2021-01-01_2021-12-31.json,raw,144765,18952bec456f206b294f7ec90dbe529e6ce0d2dbcb5fcdbb3481ef5a968fc218
01_raw/KWater/mywater_period/D1/group1/DATA3/2022-01-01_2022-12-31.json,raw,142735,cf1eb81aff9dbb3a70ae3d29aae98a5e73de68cc647ddea724747cf98e4678c6
01_raw/KWater/mywater_period/D1/group1/DATA3/2023-01-01_2023-12-31.json,raw,144683,4c09339123c438507382396c21d25cf7b556586b9176abbdb6d8f2d04be6d755
01_raw/KWater/mywater_period/D1/group1/DATA3/2024-01-01_2024-12-30.json,raw,145146,80e84c7df93470de050b97f9f34ae88fdcaeef758df68870f65c5d7f7ab9b4f2
01_raw/KWater/mywater_period/D1/group1/DATA3/2024-12-31_2025-12-30.json,raw,144430,660823a283dd13567c6810ef4075716b1035c766c5c9b1ef6ab4725b0e76c57b
01_raw/KWater/mywater_period/D1/group1/DATA3/2025-12-31_2026-09-28.json,raw,108886,283dc72147d2d01271f362af022cba92973f216df6fd09f8bcc2bfc96da88274
01_raw/KWater/mywater_period/D1/group1/DATA4/2021-01-01_2021-12-31.json,raw,167519,9849a5f04b6a6cd7f8e4fdd910650cd5a8211ccda9348f9d0fa9fd7ca3dffde6
01_raw/KWater/mywater_period/D1/group1/DATA4/2022-01-01_2022-12-31.json,raw,165208,593c00058b8143e9c451175a2300a52fd11ad58b28108d16c1ce8d3d91c0ba1a
01_raw/KWater/mywater_period/D1/group1/DATA4/2023-01-01_2023-12-31.json,raw,168314,003894a6f51249ac02244127dac8e6799215a42d2a3f207f1b686ede355ed191
01_raw/KWater/mywater_period/D1/group1/DATA4/2024-01-01_2024-12-30.json,raw,168864,a460cd1824c809306927a1e323f76a73a255ed119def5c7cdc26636f7e6574e9
01_raw/KWater/mywater_period/D1/group1/DATA4/2024-12-31_2025-12-30.json,raw,167962,2b940b555f3e3269674d3dbcf46083ab2fc384dc50f172e6c12820d9bcd7f86d
01_raw/KWater/mywater_period/D1/group1/DATA4/2025-12-31_2026-09-28.json,raw,126318,6aa657917091a2963939a75b231825a758043c47a7f9edee067a9ab2fb1fde21
01_raw/KWater/mywater_period/D1/group1/DATA5/2021-01-01_2021-12-31.json,raw,162786,0cf14998c16a2c5522369c5768247029f81a8b4886bd2daf332b9d86236ccf6c
01_raw/KWater/mywater_period/D1/group1/DATA5/2022-01-01_2022-12-31.json,raw,160957,a68cd813e3ab9e344db5dc5d16d15dbd6f4c7e58920517e5d97ccadbd866caa5
01_raw/KWater/mywater_period/D1/group1/DATA5/2023-01-01_2023-12-31.json,raw,164733,7c4aef46c739563b7cef17cfad089cf53711538d98e3259bc2c6aeb62f83680e
01_raw/KWater/mywater_period/D1/group1/DATA5/2024-01-01_2024-12-30.json,raw,164328,dfb9d93e6905198a801035a30eaf7e34847d3937e9527dee63fff427ce665cea
01_raw/KWater/mywater_period/D1/group1/DATA5/2024-12-31_2025-12-30.json,raw,163454,0e05e8830eda719a6b09b0a3a8bc7115d3e5f170eabd6702e1ba2051aa202c13
01_raw/KWater/mywater_period/D1/group1/DATA5/2025-12-31_2026-09-28.json,raw,122483,7af40d64bcfbd09200a9611ffc82a02b466a3bbee58524a2ee407b991689e86a
01_raw/KWater/mywater_period/D1/group1/DATA6/2021-01-01_2021-12-31.json,raw,170163,2107d69e60978c39921ce897128ce93bd043535ae5d6fd5d6424688810f75168
01_raw/KWater/mywater_period/D1/group1/DATA6/2022-01-01_2022-12-31.json,raw,168780,15286e5a621513cf19460073c4f23798b07b4251545e627c0849fc1e1050a164
01_raw/KWater/mywater_period/D1/group1/DATA6/2023-01-01_2023-12-31.json,raw,168917,1ea5db6378b87d959a959e3bb2b3c3e60513d8b6dbbb0fc0cbd6622590c17411
01_raw/KWater/mywater_period/D1/group1/DATA6/2024-01-01_2024-12-30.json,raw,171039,90e6e13ca18997be67925c81d5037a0c8f050067f345c0df78ab5d34e3309e1f
01_raw/KWater/mywater_period/D1/group1/DATA6/2024-12-31_2025-12-30.json,raw,169916,d5f108461b08b860eb2cb59bedb07e3ad17990b8cd9f6f235c275845d97685cc
01_raw/KWater/mywater_period/D1/group1/DATA6/2025-12-31_2026-09-28.json,raw,128938,d531c80d51e9fcb6493d2bbdec407b60a09412eb1e29986bea0862157ba25c26
01_raw/KWater/mywater_period/D1/group2/DATA1/2021-01-01_2021-12-31.json,raw,98164,9146ecf6389efa3b9b756222c4678462a884cebed288cc30e1e2e6cf99420dcc
01_raw/KWater/mywater_period/D1/group2/DATA1/2022-01-01_2022-12-31.json,raw,98310,04ece6a0fb1c332a1e4952555fd5fa43cd2e830aba42a96e20491686f5218524
01_raw/KWater/mywater_period/D1/group2/DATA1/2023-01-01_2023-12-31.json,raw,98459,12b5efb3ed5c635e453f1f6bde9d79108830e7af5504c5c09363001ef442686f
01_raw/KWater/mywater_period/D1/group2/DATA1/2024-01-01_2024-12-30.json,raw,98313,d5dd0e1fa5bd72c95e6cf3a41ac1e6ab30fcdd267b550ff72f7611387a977b58
01_raw/KWater/mywater_period/D1/group2/DATA1/2024-12-31_2025-12-30.json,raw,98468,458943c68e1194cc60ecc0f2af57c53c5b7bab53f949c736951315cdf24ddeac
01_raw/KWater/mywater_period/D1/group2/DATA1/2025-12-31_2026-09-28.json,raw,74533,89b4a51ac067ed1dff5b0c3e7a5e798f6e8f3b597652a99714b0b9c5471f1eea
01_raw/KWater/mywater_period/D1/group2/DATA2/2021-01-01_2021-12-31.json,raw,92633,f5ddf977c4230305a463875a3542fb49696141de33141aeef2212acc532d7427
01_raw/KWater/mywater_period/D1/group2/DATA2/2022-01-01_2022-12-31.json,raw,92545,804ad477813bb8fc1485edf7f926498537083a5dfa1afc81436256efd96979f2
01_raw/KWater/mywater_period/D1/group2/DATA2/2023-01-01_2023-12-31.json,raw,92659,fdb989063dc8b10120b1eb4a509f2170c9085a49f82a6ec343f4672bcacec478
01_raw/KWater/mywater_period/D1/group2/DATA2/2024-01-01_2024-12-30.json,raw,92629,f6d6cd2d397f5d76d475a9a66d8713c100a2fc4fdb9ec248182643d80c4b66ae
01_raw/KWater/mywater_period/D1/group2/DATA2/2024-12-31_2025-12-30.json,raw,92353,cc0fe48412f1f8af5b48c7f1617eec69a2bb3ab2b05fa76dc19567aa0436c051
01_raw/KWater/mywater_period/D1/group2/DATA2/2025-12-31_2026-09-28.json,raw,69848,509e1552e15744654760d1eadb9904a1426657e3afdd93a2615b621ccf29f025
01_raw/KWater/mywater_period/D1/group2/DATA3/2021-01-01_2021-12-31.json,raw,77597,7974bd29fde68f9ef5c83cacf6dc001e59534aece02a981127ede43a4bb5b7de
01_raw/KWater/mywater_period/D1/group2/DATA3/2022-01-01_2022-12-31.json,raw,76521,953555c130fd70d0a868bd66f5ae46cd4c0be0b84a497bc398a444ad0cdcfeb3
01_raw/KWater/mywater_period/D1/group2/DATA3/2023-01-01_2023-12-31.json,raw,77430,7e814d9c58964e4c7537910c369742731e9133ec312717aacb07b16091705c13
01_raw/KWater/mywater_period/D1/group2/DATA3/2024-01-01_2024-12-30.json,raw,77797,e2e0af65808f4eab0ae47f5f3661da141c34819e98e934c45011f49a21069d0e
01_raw/KWater/mywater_period/D1/group2/DATA3/2024-12-31_2025-12-30.json,raw,77336,0430d9444efb40da735a0c6496bf18253c39064a694d7353ce13e3c342ee6a03
01_raw/KWater/mywater_period/D1/group2/DATA3/2025-12-31_2026-09-28.json,raw,58466,5d6d52dc0d9a60002d1671ef603f13594cdb8f015374e3373a9fcf6cd7bf66db
01_raw/KWater/mywater_period/D1/group2/DATA4/2021-01-01_2021-12-31.json,raw,87406,9bdaa674ba337288bafadfe2163a40dcbba198e1f593b7360cfd190d5361b03f
01_raw/KWater/mywater_period/D1/group2/DATA4/2022-01-01_2022-12-31.json,raw,86694,1ca9f5533cb39882b9c59febccbff6f53486e003af54901890947d02dca86dd1
01_raw/KWater/mywater_period/D1/group2/DATA4/2023-01-01_2023-12-31.json,raw,87440,a4e11e4d94eb717a91abb7579b5a9e93bc957610508811a676ce26c33d49bc42
01_raw/KWater/mywater_period/D1/group2/DATA4/2024-01-01_2024-12-30.json,raw,87519,b558251e9d6a13b07a07f011db94784630aca7ea4d5d7f2e7fdd1d967c375817
01_raw/KWater/mywater_period/D1/group2/DATA4/2024-12-31_2025-12-30.json,raw,87107,8ddb5c0fe996dd564b97f728e7cad685b90a65433838e3728afb4696008ce651
01_raw/KWater/mywater_period/D1/group2/DATA4/2025-12-31_2026-09-28.json,raw,66010,0bf46ff7e79fcfea47b4a09bdc4122649ebc371c04c83f0c166e188ab98a10bc
01_raw/KWater/mywater_period/D1/group2/DATA5/2021-01-01_2021-12-31.json,raw,85206,19c5a3c0d5e24b9d28325c2fc7e31f16f915c6a8f8ab56c9417c894a168aa66f
01_raw/KWater/mywater_period/D1/group2/DATA5/2022-01-01_2022-12-31.json,raw,84228,b3af131eaedfb819e97c6d1f66a2633135ba762d460f0253450baaae6f17fac4
01_raw/KWater/mywater_period/D1/group2/DATA5/2023-01-01_2023-12-31.json,raw,85151,cd60d4fdef3f1185c91d9c80d82afa2aad1efebafadc55938bbc9963d97a80c1
01_raw/KWater/mywater_period/D1/group2/DATA5/2024-01-01_2024-12-30.json,raw,85827,64f1a46406eb4b13bdd7d0490b72674b326cbee314c93180f232b35cf8ffa3e2
01_raw/KWater/mywater_period/D1/group2/DATA5/2024-12-31_2025-12-30.json,raw,84987,de92900f7e074ec90a4dc7d98d40295302419dbd36d95ec26eecc9d65d9ad196
01_raw/KWater/mywater_period/D1/group2/DATA5/2025-12-31_2026-09-28.json,raw,64156,a0da386d39f1267566fc5f1b08fd13f15114d74eb9b5b6b9b3fbd47a89d4a606
01_raw/KWater/mywater_period/D1/group2/DATA6/2021-01-01_2021-12-31.json,raw,88040,f5ac6b9beb4705fa58fbd95d9c4ceefb53d8002ec81e1ba2b8a6da2e915e240f
01_raw/KWater/mywater_period/D1/group2/DATA6/2022-01-01_2022-12-31.json,raw,87416,682d30d0e309d8213187b738630d139ef56e4a7e9c56c6db7f7bb18d28cdf1f5
01_raw/KWater/mywater_period/D1/group2/DATA6/2023-01-01_2023-12-31.json,raw,87591,daae5a3572bac254825babbbab4a08110eea2117f5ee116d360be0776eb05c73
01_raw/KWater/mywater_period/D1/group2/DATA6/2024-01-01_2024-12-30.json,raw,87795,42d72a5a2d7b16f67c0a31df51b47f6f20fd1d36ca207f30ec40f36444980c14
01_raw/KWater/mywater_period/D1/group2/DATA6/2024-12-31_2025-12-30.json,raw,87314,c8678413b01964927b768434d43054d36a74c037aec93b96d568c578d6e69088
01_raw/KWater/mywater_period/D1/group2/DATA6/2025-12-31_2026-09-28.json,raw,66223,f0b1e2840dd403199bdd07b2ca1b5588be5bb61c6a14df50ffb6bb67fda197d7
01_raw/KWater/mywater_period/D1/group3/DATA1/2021-01-01_2021-12-31.json,raw,129992,43a6daa0ddeda092d8f9581af2738014baf52b318b2427b16ab6ca634059d5e8
01_raw/KWater/mywater_period/D1/group3/DATA1/2022-01-01_2022-12-31.json,raw,130243,7a126a38b7dcacb468f7a227934b0cbede51cd535366537c35da17291b097725
01_raw/KWater/mywater_period/D1/group3/DATA1/2023-01-01_2023-12-31.json,raw,130372,0cbbdd55f48c548bd0f851b3bfde2eef71e4ebbd08bbf8c38d5e92060d9cdcc1
01_raw/KWater/mywater_period/D1/group3/DATA1/2024-01-01_2024-12-30.json,raw,130334,c95754dac0677a6fc8efe60bb3b9e8f4eb9ead724ba7e2114306af9a2a0ab405
01_raw/KWater/mywater_period/D1/group3/DATA1/2024-12-31_2025-12-30.json,raw,130293,a21aca12bae155895aaa978bc1c0518983178eba174292dd3fcad6fe01ff2775
01_raw/KWater/mywater_period/D1/group3/DATA1/2025-12-31_2026-09-28.json,raw,98832,14104d64a3752bf1de0f5da33e3b487e8b4004222d890f58bb61eacd68e9a4ea
01_raw/KWater/mywater_period/D1/group3/DATA2/2021-01-01_2021-12-31.json,raw,129877,2ff8dd4372ed1e8e9b3cdcb0372e1323b5e1d6798074a759cb134b8e8956528e
01_raw/KWater/mywater_period/D1/group3/DATA2/2022-01-01_2022-12-31.json,raw,129999,775c06805404387ab1583432cda851b009b50308c82806b47da37d28254dd64b
01_raw/KWater/mywater_period/D1/group3/DATA2/2023-01-01_2023-12-31.json,raw,130193,da6cf24002f2794a4ea92f19dc636d6dfca005e18d435cd2a886cdbb5f0696ac
01_raw/KWater/mywater_period/D1/group3/DATA2/2024-01-01_2024-12-30.json,raw,130090,3b8fce4a85be0a86a0795e47ac3416b2315dbe200a7025bda174a05cd3cddf8d
01_raw/KWater/mywater_period/D1/group3/DATA2/2024-12-31_2025-12-30.json,raw,129998,7c982ff0090aa70b4b9e986a305f943c61a6eee0c64275f0fdda91cedeffbe6d
01_raw/KWater/mywater_period/D1/group3/DATA2/2025-12-31_2026-09-28.json,raw,98418,1b00904a48dc038b176dec00f57268858a9a8031a175c4d50970f0761594a4f6
01_raw/KWater/mywater_period/D1/group3/DATA3/2021-01-01_2021-12-31.json,raw,114217,1d95b828058392fb5c427f300004107ce502c6669d07bae2470aa3953f1ee468
01_raw/KWater/mywater_period/D1/group3/DATA3/2022-01-01_2022-12-31.json,raw,112665,96b8bf36aaf669fe327fc60cb6fcdc7f306cbbc9d4444ebfcb98f8ecaf06ff77
01_raw/KWater/mywater_period/D1/group3/DATA3/2023-01-01_2023-12-31.json,raw,114225,6f84f29ef2a086183798c1450aaaf190598db7b5fe4e40f0a4433cfad3a1d3c5
01_raw/KWater/mywater_period/D1/group3/DATA3/2024-01-01_2024-12-30.json,raw,114626,27467409ec69b258531a8fb1d74cae95088f0219d11ae6e1aa65848b2336d79a
01_raw/KWater/mywater_period/D1/group3/DATA3/2024-12-31_2025-12-30.json,raw,113908,05b89a9266101cdb7b56af46e924c4168078258594be63298824e79f53db5aa8
01_raw/KWater/mywater_period/D1/group3/DATA3/2025-12-31_2026-09-28.json,raw,85781,80c40af04936ff7a0cd8f91599a629f715c6d4b880286948530c368c3fafbfa6
01_raw/KWater/mywater_period/D1/group3/DATA4/2021-01-01_2021-12-31.json,raw,134519,69dfadc051b461e67f7067b6fb5c20c32c59e3392a62b26f3330191b0c7839f9
01_raw/KWater/mywater_period/D1/group3/DATA4/2022-01-01_2022-12-31.json,raw,133276,246896353c7ce420e3a16be5be80b10bc493f937e4fe671fbf5def9dec6da38c
01_raw/KWater/mywater_period/D1/group3/DATA4/2023-01-01_2023-12-31.json,raw,134163,7618758a42939f75b649787f8c16f75272730ca3825c7f9bb406340474011ed7
01_raw/KWater/mywater_period/D1/group3/DATA4/2024-01-01_2024-12-30.json,raw,134821,543d7ac904715528e21b43587ff4fa247c97b9bed899a955218b3bbaa2f9b717
01_raw/KWater/mywater_period/D1/group3/DATA4/2024-12-31_2025-12-30.json,raw,133825,b16d31af91230a14f5cca40c62285d5ca4b30128688f4218417f8a58eefd60ed
01_raw/KWater/mywater_period/D1/group3/DATA4/2025-12-31_2026-09-28.json,raw,101204,e3a4cb8cb4ffbb876b8ac0239a8158be830b952a5038c1efd0e86a0d0a34a8f9
01_raw/KWater/mywater_period/D1/group3/DATA5/2021-01-01_2021-12-31.json,raw,124683,cb3085770164895ff1e8644f28dfdbbde999b4835c287a398140f5680d10e6d9
01_raw/KWater/mywater_period/D1/group3/DATA5/2022-01-01_2022-12-31.json,raw,123039,88c6a3ae48ef48344f61089328533514313e831bcfe5c98f0f37b425d6fff0c9
01_raw/KWater/mywater_period/D1/group3/DATA5/2023-01-01_2023-12-31.json,raw,125224,ce8447c1563490e99d172264bcba84fcaee03a7959d346e1db1d2f7cdaabbf01
01_raw/KWater/mywater_period/D1/group3/DATA5/2024-01-01_2024-12-30.json,raw,125614,6f2365bb6016d6ad40e0fba72ae226a6102e45802f491d436944c47a012502cd
01_raw/KWater/mywater_period/D1/group3/DATA5/2024-12-31_2025-12-30.json,raw,125176,9ac3132d9542367e73eabeebec781f7b1c080f51ef7777e02648a6837bc43365
01_raw/KWater/mywater_period/D1/group3/DATA5/2025-12-31_2026-09-28.json,raw,94109,7e9ee476f6e59b93af108cb69ed3f0a6e1e0540a7066a2b802d4f02bb1cc7e65
01_raw/KWater/mywater_period/D1/group3/DATA6/2021-01-01_2021-12-31.json,raw,134634,726ee49ac73895bed53cb3c3530ae061110387d124808878eb8457f141ab9c4c
01_raw/KWater/mywater_period/D1/group3/DATA6/2022-01-01_2022-12-31.json,raw,133393,1ab6f952cb80c7dd225c835934c31f102f848dd2b913948e0c9bd7311bf4e63d
01_raw/KWater/mywater_period/D1/group3/DATA6/2023-01-01_2023-12-31.json,raw,134284,7b9ae3193a533eccd2ad36918c9a78b503d0d119a790c3a9f6af556f1f0b4d9f
01_raw/KWater/mywater_period/D1/group3/DATA6/2024-01-01_2024-12-30.json,raw,135044,8d7e1b30fe7b29083e8924691dcd7dbcd76ae13069ffe289f2b6b573f17ffa97
01_raw/KWater/mywater_period/D1/group3/DATA6/2024-12-31_2025-12-30.json,raw,133978,b30366ba377c7db9583ab23011a6e950295247e2a23685151a2d3f1000461ba1
01_raw/KWater/mywater_period/D1/group3/DATA6/2025-12-31_2026-09-28.json,raw,101189,ed147d236879a5b82313b1bf7560679de7195f8cfeeded56a2aaf4dd8b02fdd6
01_raw/KWater/mywater_period/H1/group1/DATA1/2021-01-01_2021-01-30.json,raw,352244,db14cde653352637119bc2c055618e9de6d35d916de1829b8927a676781bd32b
01_raw/KWater/mywater_period/H1/group1/DATA1/2021-01-31_2021-03-01.json,raw,352438,6327fd962e756e53fe849e5895064fa2ddb116d7131e322905386113b44e39ed
01_raw/KWater/mywater_period/H1/group1/DATA1/2021-03-02_2021-03-31.json,raw,351774,fe8b1d483ef9902af335956a1d73a85417c69f1d8652e2a20e99d36df699632a
01_raw/KWater/mywater_period/H1/group1/DATA1/2021-04-01_2021-04-30.json,raw,350834,2ef25607fe04d2c4707e2b07266ca59168bbb343d91b7927c643f24a8df7739a
01_raw/KWater/mywater_period/H1/group1/DATA1/2021-05-01_2021-05-30.json,raw,350929,4804140a27105454e3e3052b1f7ab92d925267cdf2f9f5903cff85717c0a9b6b
01_raw/KWater/mywater_period/H1/group1/DATA1/2021-05-31_2021-06-29.json,raw,351073,ff8165dc77c9b4d6ec2402d7a3c0ced75db3d46951134566041ea1bc2274bde8
01_raw/KWater/mywater_period/H1/group1/DATA1/2021-06-30_2021-07-29.json,raw,351530,6627f1fadc84733c10532ffd09b619ffce638730061c85d1080b55a7959a3922
01_raw/KWater/mywater_period/H1/group1/DATA1/2021-07-30_2021-08-28.json,raw,352459,ece4e1f6b542c2e914fc46579dac28baa29a66cbba919e573d28946cb4a4fe81
01_raw/KWater/mywater_period/H1/group1/DATA1/2021-08-29_2021-09-27.json,raw,352935,783d8e59c9d240b51bfa998426a7e649ecee81a01c78567f6df4fb45f0727aea
01_raw/KWater/mywater_period/H1/group1/DATA1/2021-09-28_2021-10-27.json,raw,352829,7cce870d8cae91622fc1605cb95fec97125ece94e6f011361d9be71caf1f5663
01_raw/KWater/mywater_period/H1/group1/DATA1/2021-10-28_2021-11-26.json,raw,352883,6b4cc7633494282c2dd13418a7becb04a90bf41c873465c14612a6d4a52436c8
01_raw/KWater/mywater_period/H1/group1/DATA1/2021-11-27_2021-12-26.json,raw,352429,49355839a2a547d2f8f4d5222743dab161c19a48c2fe9288c761f3f9976bff40
01_raw/KWater/mywater_period/H1/group1/DATA1/2021-12-27_2022-01-25.json,raw,351598,0261c7560fe6b049ab011e5a2ffc2a38b96f132f1d3d00d6eb7acd073eb9fb1f
01_raw/KWater/mywater_period/H1/group1/DATA1/2022-01-26_2022-02-24.json,raw,351463,2af0de7c1de4faf4260f08d2933f1934d06466e8fe5c85ee5324d83947c0a272
01_raw/KWater/mywater_period/H1/group1/DATA1/2022-02-25_2022-03-26.json,raw,351989,82757370a6efe1ae8dd560a78c6fcd4080af5b4dd6c9150eb87fc4ddcc293f5a
01_raw/KWater/mywater_period/H1/group1/DATA1/2022-03-27_2022-04-25.json,raw,351373,a78337cc00fc3637811098db130161f4ceaa6d7ccaa4798e1967758e87d7747a
01_raw/KWater/mywater_period/H1/group1/DATA1/2022-04-26_2022-05-25.json,raw,351638,b9a2451305ea669cc2599ac1d8a983fad1b1e782fc7f78d094c524070f38c4d8
01_raw/KWater/mywater_period/H1/group1/DATA1/2022-05-26_2022-06-24.json,raw,351521,b0513def7616349574bb776d2d87632f412da8885b4bb29b18ac854b3d7e4198
01_raw/KWater/mywater_period/H1/group1/DATA1/2022-06-25_2022-07-24.json,raw,351648,2e3fc0f623038330a21cb34749eaafa8d926a466c49d59956c8cbf61e19dfa60
01_raw/KWater/mywater_period/H1/group1/DATA1/2022-07-25_2022-08-23.json,raw,351582,e7a89f1aa1109eb4f0a58205eea49e10e7f5338ce9b386e5f435b6fa5a4c006b
01_raw/KWater/mywater_period/H1/group1/DATA1/2022-08-24_2022-09-22.json,raw,351457,cdb0043ee1f214b8cdcda0c36b2fd651cc9964bb9138ac6a0e48219caa9616ff
01_raw/KWater/mywater_period/H1/group1/DATA1/2022-09-23_2022-10-22.json,raw,351711,a4b1305e924541b4378d2dcfd6ace023e68b5f677031bbe2f853c8bb260ac921
01_raw/KWater/mywater_period/H1/group1/DATA1/2022-10-23_2022-11-21.json,raw,351702,01b8d48e8078238586bda7a7bd39cb54f36159b15ce4edac3b9b61add6204e31
01_raw/KWater/mywater_period/H1/group1/DATA1/2022-11-22_2022-12-21.json,raw,351328,bb7e42e874f1ecf9b338d9bebca38fe7d26a55740a32ff4255a45b309a0ad714
01_raw/KWater/mywater_period/H1/group1/DATA1/2022-12-22_2023-01-20.json,raw,351690,0312b5f54a5db4e9ed23e3758651d068b9dcfc9801b2d9485ae6ac362c68f2f9
01_raw/KWater/mywater_period/H1/group1/DATA1/2023-01-21_2023-02-19.json,raw,351355,da90871127240f8a64a16e401d1216c863f052ec32e032f728b0df3f17de2f7f
01_raw/KWater/mywater_period/H1/group1/DATA1/2023-02-20_2023-03-21.json,raw,351724,7106992d7173ff59fcb76e69da5867a074c88f612688785893e321ab369e1ad4
01_raw/KWater/mywater_period/H1/group1/DATA1/2023-03-22_2023-04-20.json,raw,351435,bea4c1d5b67cf33efc8355df9ed55bb6ff6f5f0c87b612c680821dc0862b82bb
01_raw/KWater/mywater_period/H1/group1/DATA1/2023-04-21_2023-05-20.json,raw,351458,274a237eb5b868bc34ed3a40fccaebfea4376e13a8f0175523a0ce30f4e4f9e8
01_raw/KWater/mywater_period/H1/group1/DATA1/2023-05-21_2023-06-19.json,raw,351412,0d99aa6015c370269277124d44d0cfa046694edf7659bff669fc1f1c937c7fcb
01_raw/KWater/mywater_period/H1/group1/DATA1/2023-06-20_2023-07-19.json,raw,351886,c3456a96bb8d0f6d1ac326b869034b7a38fdc92ebea8598b93b8c03d143ddac3
01_raw/KWater/mywater_period/H1/group1/DATA1/2023-07-20_2023-08-18.json,raw,352393,29fa86660000bee2d86dbe9316828bc0a3a326aac4032f3e4cdd606d33badc51
01_raw/KWater/mywater_period/H1/group1/DATA1/2023-08-19_2023-09-17.json,raw,353058,ac40fe4703dde1c9c6b1818444af6d95e8bc517eec8dba0621e4eaafc28ceee4
01_raw/KWater/mywater_period/H1/group1/DATA1/2023-09-18_2023-10-17.json,raw,352994,0e1783df0682f094f3da34508b5d224e75e7480f08650cad49b98e55cdeda830
01_raw/KWater/mywater_period/H1/group1/DATA1/2023-10-18_2023-11-16.json,raw,353039,25d79e4d8099041e6dea8b4a61c6551a94ccd935c6d4685b6756c46e11483903
01_raw/KWater/mywater_period/H1/group1/DATA1/2023-11-17_2023-12-16.json,raw,353043,c6f6a837de63d82cfa3abb1343a5a663025c022b64110ded0c9ba7dcc96d2153
01_raw/KWater/mywater_period/H1/group1/DATA1/2023-12-17_2024-01-15.json,raw,353167,29af0d19bb2271559ec51a23663e741d199f4393f225c0eb64b147c808f561d8
01_raw/KWater/mywater_period/H1/group1/DATA1/2024-01-16_2024-02-14.json,raw,353265,b1bcf74fba05eae7e277df2fa60bb480d9f66dce41de764206194b669ffa8319
01_raw/KWater/mywater_period/H1/group1/DATA1/2024-02-15_2024-03-15.json,raw,353179,5f707a5e18acdb441eced6f608adaff1587ed055bd94771e4fd52e9aa153de14
01_raw/KWater/mywater_period/H1/group1/DATA1/2024-03-16_2024-04-14.json,raw,352958,bbeb08f25c89f3fec5f5f8bdf2216bffb2011aac1bbd2920a137fd529e506ef6
01_raw/KWater/mywater_period/H1/group1/DATA1/2024-04-15_2024-05-14.json,raw,352276,ce7821dac32748930f5f8188cd204bd0c836057cd3c3a638290e31c363c60263
01_raw/KWater/mywater_period/H1/group1/DATA1/2024-05-15_2024-06-13.json,raw,352378,31d24b42f68f105e9ca6598bad11162f93d15d277326c239cc7bfb130e0a0ba0
01_raw/KWater/mywater_period/H1/group1/DATA1/2024-06-14_2024-07-13.json,raw,351957,01c334c1a0fc9ed9f97b32676fcafacce8569391734165f19119a1a62d1d8689
01_raw/KWater/mywater_period/H1/group1/DATA1/2024-07-14_2024-08-12.json,raw,352322,8cdb91df4dd244bc078f7f21514bbd6eee377f3193b8ae00d810341034ab9762
01_raw/KWater/mywater_period/H1/group1/DATA1/2024-08-13_2024-09-11.json,raw,352640,77beed38aa14c03016f61b268bc8ace8a654a77c3274c38f10d963fc9759e22b
01_raw/KWater/mywater_period/H1/group1/DATA1/2024-09-12_2024-10-11.json,raw,353266,dc6bc4704c5906bee42328c48f8c4ffda0b61eb67969fca1852a5f0e5b60b330
01_raw/KWater/mywater_period/H1/group1/DATA1/2024-10-12_2024-11-10.json,raw,352928,28f4cb31af4d33bb65417b823f28148d97c60f53fdead3de6f2790a09223d18f
01_raw/KWater/mywater_period/H1/group1/DATA1/2024-11-11_2024-12-10.json,raw,352950,77685640c1e8c11d58b45ab118e06e7e79e21c6cea0e9840c342e39035d7d147
01_raw/KWater/mywater_period/H1/group1/DATA1/2024-12-11_2025-01-09.json,raw,353065,3f2e07a3b4780e0f491630c62a2402eccf88fed7942afdecfc1e9a328866d821
01_raw/KWater/mywater_period/H1/group1/DATA1/2025-01-10_2025-02-08.json,raw,353079,ae61b69bff81d182a93b9c98949def0ba5c6066e3d4da08981204089cd6c64d2
01_raw/KWater/mywater_period/H1/group1/DATA1/2025-02-09_2025-03-10.json,raw,352712,cc4f637e4a4e76f748bfe39077b612609d6cafb03a0aef00bad7e16064bf5e96
01_raw/KWater/mywater_period/H1/group1/DATA1/2025-03-11_2025-04-09.json,raw,353082,1dcef92d86c35bef2dc031680dc77fdd943079d83a769c8592927420a1049fbf
01_raw/KWater/mywater_period/H1/group1/DATA1/2025-04-10_2025-05-09.json,raw,352805,c3d1c1f42d2c54a9fafb026492f696e0f1fcb3fb3bdc75bb78018b29577113c0
01_raw/KWater/mywater_period/H1/group1/DATA1/2025-05-10_2025-06-08.json,raw,352374,407d878175e9da605461d7d37ebc70f3658e75f1532530c04aa811734c1f1dbc
01_raw/KWater/mywater_period/H1/group1/DATA1/2025-06-09_2025-07-08.json,raw,352409,55bcfb6c3753fbe2b6a645f0dd70391f615dc64f14e91c4946062d46fe327a9a
01_raw/KWater/mywater_period/H1/group1/DATA1/2025-07-09_2025-08-07.json,raw,352162,640034a70fb93a3ed0823885e6b9d1fac311ec80fbccff901149e09e222e5146
01_raw/KWater/mywater_period/H1/group1/DATA1/2025-08-08_2025-09-06.json,raw,352615,4459db9672d31d08076c87897c05ca46433c7b6b5e99f477905fc0fd580233cf
01_raw/KWater/mywater_period/H1/group1/DATA1/2025-09-07_2025-10-06.json,raw,353206,4c20f0b1cad108ab12178edc7e8e197b6f3a7d250e34b739f9e7c16ac9972ec2
01_raw/KWater/mywater_period/H1/group1/DATA1/2025-10-07_2025-11-05.json,raw,353009,7d1f1f1dbcd113c26587f86e769424424da310f04cac2cb2c922085d26e92001
01_raw/KWater/mywater_period/H1/group1/DATA1/2025-11-06_2025-12-05.json,raw,353032,70053cbb9e8afbd9eee469a2aa7382a704eb33e835c4b50aa54e0af6fea0d06c
01_raw/KWater/mywater_period/H1/group1/DATA1/2025-12-06_2026-01-04.json,raw,353035,3472a0b53b3f83d3b31fb8301b1fade0258bc6bdfbf947c9c2ac4aa9a5243a99
01_raw/KWater/mywater_period/H1/group1/DATA1/2026-01-05_2026-02-03.json,raw,352905,a1f535aba0398535172fe58b25a696e2930a8521f2eefa7c207f3d546c8cec61
01_raw/KWater/mywater_period/H1/group1/DATA1/2026-02-04_2026-03-05.json,raw,352997,3dd50565a18081bd26ed219364443227d360e09127943d70c3cfe3cd84b9ecfc
01_raw/KWater/mywater_period/H1/group1/DATA1/2026-03-06_2026-04-04.json,raw,352824,8b2572b3e90d988a6c9e80edf2c9a9affedd4c2054ad567a95a856cee9192613
01_raw/KWater/mywater_period/H1/group1/DATA1/2026-04-05_2026-05-04.json,raw,352948,7e623789cf86d8e0f9dd05a5768f0f337b2c926cc893bbd9e2c29ddd44695632
01_raw/KWater/mywater_period/H1/group1/DATA1/2026-05-05_2026-06-03.json,raw,352524,55eaf6fb74396e720842606ec71d3573e2886b029b269902b7d860eb07b231c0
01_raw/KWater/mywater_period/H1/group1/DATA1/2026-06-04_2026-07-03.json,raw,351700,cbfc94ec85a8933305ec5031bd7121c2386ea3dacf0231d695e17632dca6fc03
01_raw/KWater/mywater_period/H1/group1/DATA1/2026-07-04_2026-08-02.json,raw,351791,107ac9472c2588c06290655c1254dc9345cda515bc8aec82c4af2ec53e5f13f4
01_raw/KWater/mywater_period/H1/group1/DATA1/2026-08-03_2026-09-01.json,raw,351439,59a5b636a5f8e2a3e5d9a7d437adb20d989421de5e4795550c6f56ebde26eec4
01_raw/KWater/mywater_period/H1/group1/DATA1/2026-09-02_2026-09-28.json,raw,317111,ba93fb836f4b56ce65faef315f64b2e6f1088a3fd66b7bbc5a5339799e413930
01_raw/KWater/mywater_period/H1/group1/DATA2/2021-01-01_2021-01-30.json,raw,345868,cb29da1dcc9ce3adbf097f1c8db5b258cc7b63ac34ea456b913511bdc96301d5
01_raw/KWater/mywater_period/H1/group1/DATA2/2021-01-31_2021-03-01.json,raw,345179,0b14ed6c76c3db64e0e8a7af7e8fece03a347c5e160cc8af969529aec7a44190
01_raw/KWater/mywater_period/H1/group1/DATA2/2021-03-02_2021-03-31.json,raw,345192,c91bcbbbac0252d47833eecdf3d2f8c9b9ab073c1c346628ad931fe4cc8c2362
01_raw/KWater/mywater_period/H1/group1/DATA2/2021-04-01_2021-04-30.json,raw,345533,4388860b87f83db14822546a83a034756a7d8e9550ca2d2b21ea3afccc3c66a3
01_raw/KWater/mywater_period/H1/group1/DATA2/2021-05-01_2021-05-30.json,raw,345061,ed35deb4582cddc88258ca9cc2f5f10d627ca5c6bd8958a9640a738c683e1bd2
01_raw/KWater/mywater_period/H1/group1/DATA2/2021-05-31_2021-06-29.json,raw,345857,6371f0eef3e904e55c85d614ee731a025fc282ff2a09fc2451df72377622cd5f
01_raw/KWater/mywater_period/H1/group1/DATA2/2021-06-30_2021-07-29.json,raw,346133,1e01a51460472cc5daa674694e210afd8aee81338b531384c8f26823f06c7e35
01_raw/KWater/mywater_period/H1/group1/DATA2/2021-07-30_2021-08-28.json,raw,346005,4def43a547135bd9431e937f6d4ae1252e8c463809fdea0ac726620bfa113c37
01_raw/KWater/mywater_period/H1/group1/DATA2/2021-08-29_2021-09-27.json,raw,346906,a380b58b9cea20c7c776e863ea2f6b3929d54e841f13de13f110a8d7dc58021f
01_raw/KWater/mywater_period/H1/group1/DATA2/2021-09-28_2021-10-27.json,raw,347380,271b496cf84e77d77e400fba2c67d12d1b5e8e3d5718a60f6576bc0c3717da0e
01_raw/KWater/mywater_period/H1/group1/DATA2/2021-10-28_2021-11-26.json,raw,346945,114722a0d5f03964d2c91dfe39d438100dd94dc54b1a223835db558ed96bd80e
01_raw/KWater/mywater_period/H1/group1/DATA2/2021-11-27_2021-12-26.json,raw,346991,03e96ee9b4082db9b079b1e6d74e6c0dc4266290cb72835790c0636ce806e51c
01_raw/KWater/mywater_period/H1/group1/DATA2/2021-12-27_2022-01-25.json,raw,347029,6e4a5ee106d07da868acd246b9697dd52f2e7ac306cbcdc8c0ba84a3005b2411
01_raw/KWater/mywater_period/H1/group1/DATA2/2022-01-26_2022-02-24.json,raw,345750,90c416d4d466f4378876292a4d7054df974f307b59b3d2e69d474b2da5e014b2
01_raw/KWater/mywater_period/H1/group1/DATA2/2022-02-25_2022-03-26.json,raw,345510,6d0860b33a3936bcfef85f97716b3d08083b97e99e58776df94e2e0b61a0a443
01_raw/KWater/mywater_period/H1/group1/DATA2/2022-03-27_2022-04-25.json,raw,344916,1b429d88b67bb684a7c466c2249cea5a734fb4516d9f4bde9d00a95fa441f1e0
01_raw/KWater/mywater_period/H1/group1/DATA2/2022-04-26_2022-05-25.json,raw,344383,582e10bea6dd4de8528309d4ecb62a73d2676d6ba503c764117d76fdb9db68a9
01_raw/KWater/mywater_period/H1/group1/DATA2/2022-05-26_2022-06-24.json,raw,343187,6d1d4cb2faf00713d32f6acd49c5d9a52f70d57ea7407c32ff1ea2692f09acf2
01_raw/KWater/mywater_period/H1/group1/DATA2/2022-06-25_2022-07-24.json,raw,343101,36ecbdb874182737c1f900eee713ca7743114a6c9f0da8f6fb22a35f0dc0b0e0
01_raw/KWater/mywater_period/H1/group1/DATA2/2022-07-25_2022-08-23.json,raw,344232,e5dbb94942df3e7efd6c8d2a6a9ef12d2187c7f7a8ffb8d0600e83a9dc834e3e
01_raw/KWater/mywater_period/H1/group1/DATA2/2022-08-24_2022-09-22.json,raw,344815,95eb8c43a5e1a5e8c65bfd58236922767d1bfd254ebec3684852bba734aa9d71
01_raw/KWater/mywater_period/H1/group1/DATA2/2022-09-23_2022-10-22.json,raw,345212,e5da1e050cbed2a2c896ab0a7f328b7556ad7c42d7958417e06bb38499b635cc
01_raw/KWater/mywater_period/H1/group1/DATA2/2022-10-23_2022-11-21.json,raw,343435,2fd0360ebed6322adc8e46f313f2be36e62debf460e7506cceef9abc8dc5d560
01_raw/KWater/mywater_period/H1/group1/DATA2/2022-11-22_2022-12-21.json,raw,344044,b7e272bc746d44ae96ceb307c1442a89c1fe13aff8abfaee1a564103734de013
01_raw/KWater/mywater_period/H1/group1/DATA2/2022-12-22_2023-01-20.json,raw,343692,b7b8a2999d9df2fbf15437c68eae53410efb0b39bc83cb6b1aaea2de5e87e803
01_raw/KWater/mywater_period/H1/group1/DATA2/2023-01-21_2023-02-19.json,raw,344072,7bef40c01e8fa759e0b066376293962e412f33bbc6986c27759717bd82bb059c
01_raw/KWater/mywater_period/H1/group1/DATA2/2023-02-20_2023-03-21.json,raw,343686,cce6eb2de789dfffd455eb125ee5f0ed55c63a818e07f0f9fe90f5bb5ccb2f2b
01_raw/KWater/mywater_period/H1/group1/DATA2/2023-03-22_2023-04-20.json,raw,343309,ff5a7a027c6e5514d75f608b2760740a15a9b7cad3fedaf8ee2e072141912229
01_raw/KWater/mywater_period/H1/group1/DATA2/2023-04-21_2023-05-20.json,raw,343748,a8bec931e05da6ac1b0fe1791677e85f8cebe3c5c9a76d3fcbed51d90c301311
01_raw/KWater/mywater_period/H1/group1/DATA2/2023-05-21_2023-06-19.json,raw,344193,007b4760a90cd334e2a444bfbbc3985f321baf2ed434aa3e9ec0666e1538627b
01_raw/KWater/mywater_period/H1/group1/DATA2/2023-06-20_2023-07-19.json,raw,344638,a3d6de19c4542141c5a47ec78fc6ef53e83d5cad0da07e4a6014f9fa3dbef693
01_raw/KWater/mywater_period/H1/group1/DATA2/2023-07-20_2023-08-18.json,raw,346554,bd50937ded9d38c489008cd2027227c49f584335efae48554cda7cadbe71ff0f
01_raw/KWater/mywater_period/H1/group1/DATA2/2023-08-19_2023-09-17.json,raw,347834,5c8e251bcb8abd1710dc03ec6874610f78b996044046a31a21940a0880c13448
01_raw/KWater/mywater_period/H1/group1/DATA2/2023-09-18_2023-10-17.json,raw,348601,f27f2b6e70dbda4578c93b2ec376982298275f5aea4d7039ba5363dc4255714f
01_raw/KWater/mywater_period/H1/group1/DATA2/2023-10-18_2023-11-16.json,raw,348409,caa019cbd2a1c488101f420b6349e0583e9013df5d5547df30c3ac2110e625b1
01_raw/KWater/mywater_period/H1/group1/DATA2/2023-11-17_2023-12-16.json,raw,347693,9842d990f2f1ed70c347b3f0357a43c100462e6acbaab6cb5d592a8cccfa9084
01_raw/KWater/mywater_period/H1/group1/DATA2/2023-12-17_2024-01-15.json,raw,347675,10502aa48d926ad9e233f9648eb8d6466e9097af1a05072455fc4a0b0b4ba502
01_raw/KWater/mywater_period/H1/group1/DATA2/2024-01-16_2024-02-14.json,raw,347458,82df7e36479f2334aab8aa726592772cac675cccee5911894f848806f86f06d3
01_raw/KWater/mywater_period/H1/group1/DATA2/2024-02-15_2024-03-15.json,raw,347946,5bdf06b4d59c0f2d8b2c7b41028fb1782a3593e959cf2e9d06b2445c88fa27f4
01_raw/KWater/mywater_period/H1/group1/DATA2/2024-03-16_2024-04-14.json,raw,347748,9972b600c4a8741fe4d1a48e7988f07e14e451e35ccf54e7dade988927af6e62
01_raw/KWater/mywater_period/H1/group1/DATA2/2024-04-15_2024-05-14.json,raw,347392,d3faca94d9bb80df45f5a1e4784b109b5094ece802afba300f38d42f1aafae11
01_raw/KWater/mywater_period/H1/group1/DATA2/2024-05-15_2024-06-13.json,raw,345999,ddd780c0f671ebe83701166b1362637734b9a4157c1f33ce5fe735af6a156f70
01_raw/KWater/mywater_period/H1/group1/DATA2/2024-06-14_2024-07-13.json,raw,344698,9993f1cc85d1bc5a75029b1a586afbdb7a6213c5aabd3820b69561448facdd53
01_raw/KWater/mywater_period/H1/group1/DATA2/2024-07-14_2024-08-12.json,raw,345897,3b048cfac2444b50495de6cec7430192ee5f747ea2a9d12c9ba2cd6a0aa6383e
01_raw/KWater/mywater_period/H1/group1/DATA2/2024-08-13_2024-09-11.json,raw,346472,e3aff4e601f6c45a5e1db2f5ae8bfbdd4e1c97ca5a81d018e724e0fd2ba4c00c
01_raw/KWater/mywater_period/H1/group1/DATA2/2024-09-12_2024-10-11.json,raw,347147,c60629bc9a15b3566a873f441dc8f999de8d5bfb469d5bc7c0b93598c52459a7
01_raw/KWater/mywater_period/H1/group1/DATA2/2024-10-12_2024-11-10.json,raw,347572,f57f38698fc50e5ed9ed19df1c02f572895a63acede5fe5f59ff385e9fb1a4ed
01_raw/KWater/mywater_period/H1/group1/DATA2/2024-11-11_2024-12-10.json,raw,347714,36cec5dabd40334cdc07cf0bc6be5bc5fdcdc7952cf0d7077525345164030202
01_raw/KWater/mywater_period/H1/group1/DATA2/2024-12-11_2025-01-09.json,raw,347627,7b1c9815e88893d4c64b8f4f6e5eff8c33f64df40a47dfe21c60b1a470328cba
01_raw/KWater/mywater_period/H1/group1/DATA2/2025-01-10_2025-02-08.json,raw,346990,828cc771975675fa17832dcb565377a03a7a7f6f307f8abcc97eacadabdcfc94
01_raw/KWater/mywater_period/H1/group1/DATA2/2025-02-09_2025-03-10.json,raw,346398,fd02e21f2313c929101b67f84cdef2c73f3f45c381634dd9c5c21ff48ff1ed36
01_raw/KWater/mywater_period/H1/group1/DATA2/2025-03-11_2025-04-09.json,raw,345710,0a65fcb90d21e21f1819cf3fcd8be22849fe5e30e344c79dd5b4451388107cf8
01_raw/KWater/mywater_period/H1/group1/DATA2/2025-04-10_2025-05-09.json,raw,345904,97c9b5168d49b17a4381093d9432e4651870cd749785f4c2b7a394a404cdf454
01_raw/KWater/mywater_period/H1/group1/DATA2/2025-05-10_2025-06-08.json,raw,345831,815f749d622ae0cb2e08138c2ab93f599c6421a788070aa33f0536967018c99c
01_raw/KWater/mywater_period/H1/group1/DATA2/2025-06-09_2025-07-08.json,raw,344966,4260d2cefc74337f0b49780a34d8a5a80889e97344982a703ac9cbad59f5ad8b
01_raw/KWater/mywater_period/H1/group1/DATA2/2025-07-09_2025-08-07.json,raw,346059,e38d610204216c77781d3c18f9b199293fc027c9026bec8750e9badfc14a415d
01_raw/KWater/mywater_period/H1/group1/DATA2/2025-08-08_2025-09-06.json,raw,346393,cdd638ec1700d5fb5508933fafff4de9ce7196be2d50ba6b1c5de980d77e106a
01_raw/KWater/mywater_period/H1/group1/DATA2/2025-09-07_2025-10-06.json,raw,346865,b5c437c083f5e9f085cc9f7efd08ba3838c3a8bf960ecb4e950584be56da2ff8
01_raw/KWater/mywater_period/H1/group1/DATA2/2025-10-07_2025-11-05.json,raw,346980,dc68000af0260678fa9bbaab4f56ebd1a7e6e90e99d1e455f4fc403df0305599
01_raw/KWater/mywater_period/H1/group1/DATA2/2025-11-06_2025-12-05.json,raw,346983,1bb57e070fb8e1da6391b7f59b39cee7864d251f664bf8f11e201a81510719e0
01_raw/KWater/mywater_period/H1/group1/DATA2/2025-12-06_2026-01-04.json,raw,346776,0a2d1b689a1ce91fea4fbcd0721739719e5c1214b053c55db313f0a080da18f8
01_raw/KWater/mywater_period/H1/group1/DATA2/2026-01-05_2026-02-03.json,raw,346625,6a3c5f742f4c00e323fdc52c49da9cbb4809a1375c5eea1ae72d7b6d27eb93f7
01_raw/KWater/mywater_period/H1/group1/DATA2/2026-02-04_2026-03-05.json,raw,345825,5ee2722ba8d17622397722c2a020ec8e9f98fc140cd06b46e74d3760a5a17d3f
01_raw/KWater/mywater_period/H1/group1/DATA2/2026-03-06_2026-04-04.json,raw,345384,2999fa492ed8fb576e61576556bf926ef8917a50bc01fdb07c3a35081e09a06c
01_raw/KWater/mywater_period/H1/group1/DATA2/2026-04-05_2026-05-04.json,raw,346165,9803540c8f5423c82516070b3cf8ad3d74da4074e1f6be858f523c3f7b41c38e
01_raw/KWater/mywater_period/H1/group1/DATA2/2026-05-05_2026-06-03.json,raw,345482,31ce7a13433aec672c84e0afdceef1465acfa3bc59df088cb79591563b51b705
01_raw/KWater/mywater_period/H1/group1/DATA2/2026-06-04_2026-07-03.json,raw,344338,b5d672c44ffb4c9d7a6e40919290508cbddb628a8895464cfba145af52951c00
01_raw/KWater/mywater_period/H1/group1/DATA2/2026-07-04_2026-08-02.json,raw,344153,9da5dc6311de2d8f07ef2dde07122fe9f56a86ec3f872a9718a8e59b0e08f39b
01_raw/KWater/mywater_period/H1/group1/DATA2/2026-08-03_2026-09-01.json,raw,343444,c61897aa40f79691b2f703884710f3b5c368fd6cc6e8845098b18f6f4348af9b
01_raw/KWater/mywater_period/H1/group1/DATA2/2026-09-02_2026-09-28.json,raw,310000,5f42a5d8aaff034a19b5402849039246cc6ea33ced6e5002e0ca0a7428dca06f
01_raw/KWater/mywater_period/H1/group1/DATA3/2021-01-01_2021-01-30.json,raw,237040,e9be169b6fa0aa0cc37acdfe47fb84a68bc38850d44b56f53f8d743ab529c303
01_raw/KWater/mywater_period/H1/group1/DATA3/2021-01-31_2021-03-01.json,raw,236266,d21756576891a62137269c376a6fa37e2762a2542767ed263492c0a1a9843404
01_raw/KWater/mywater_period/H1/group1/DATA3/2021-03-02_2021-03-31.json,raw,236543,4624919d87263e0b03e50dddc12734be60cf05f19d0dd873bf8cf9efb9937455
01_raw/KWater/mywater_period/H1/group1/DATA3/2021-04-01_2021-04-30.json,raw,232614,613037af9a10d61133ff6817ce0523241cf711bb3215b09a135c633eaf275bbf
01_raw/KWater/mywater_period/H1/group1/DATA3/2021-05-01_2021-05-30.json,raw,231961,aae4090dfb5899236eed60cda1c3ce819b3586c70bedae45b942537db506acff
01_raw/KWater/mywater_period/H1/group1/DATA3/2021-05-31_2021-06-29.json,raw,231234,2748588861b063319a07bb6e391b9d5b7f81355e2aaed7960eabbce5cb1bfc51
01_raw/KWater/mywater_period/H1/group1/DATA3/2021-06-30_2021-07-29.json,raw,233168,216e746561e0d76da96efa8f33895dab070cc91b94fb722cabb633456b8c36b4
01_raw/KWater/mywater_period/H1/group1/DATA3/2021-07-30_2021-08-28.json,raw,234645,0ca05407819514fc4cf275b0e525fdf3013a48057bbb425ad8941d3fe579ee28
01_raw/KWater/mywater_period/H1/group1/DATA3/2021-08-29_2021-09-27.json,raw,231227,2e4e3d9adf032ec6cf154d92b90f6221411d8fa97b289fa25a7296016ff804a2
01_raw/KWater/mywater_period/H1/group1/DATA3/2021-09-28_2021-10-27.json,raw,230884,5f6e2fccd8df3d02797bc6265f877d4792ff8764c1ba476f1e27fee396513e47
01_raw/KWater/mywater_period/H1/group1/DATA3/2021-10-28_2021-11-26.json,raw,228255,e5d762aaac469e5af9c4add1d3c22884e68e9bc4792473270c247a9f0b5fa9a5
01_raw/KWater/mywater_period/H1/group1/DATA3/2021-11-27_2021-12-26.json,raw,227583,3d6d8673dac77a1a03c897adaf07345d6e4f22fc8b023e610d37215836595980
01_raw/KWater/mywater_period/H1/group1/DATA3/2021-12-27_2022-01-25.json,raw,226388,a16143d6d1cfc4a73b1b04873edf59e49911fd947c56b2cdddec7555587624a9
01_raw/KWater/mywater_period/H1/group1/DATA3/2022-01-26_2022-02-24.json,raw,226343,d140f64ca4193e987428eab7669302f2fa562cce4b8fb62e8c451e13c557cef0
01_raw/KWater/mywater_period/H1/group1/DATA3/2022-02-25_2022-03-26.json,raw,229802,99f7e08d5f9ba6a3d62fe6b80bc2a063def4f89756911586f8953a9080c86b86
01_raw/KWater/mywater_period/H1/group1/DATA3/2022-03-27_2022-04-25.json,raw,228024,4ca7dad6ae221bb1f0022001614ed85fa45ed86ed6d335ea1da59f5739c1e36f
01_raw/KWater/mywater_period/H1/group1/DATA3/2022-04-26_2022-05-25.json,raw,227547,19714c70a7228d338982c4b4c5c57eddf1dea674126d6ba9173809fa05f5841c
01_raw/KWater/mywater_period/H1/group1/DATA3/2022-05-26_2022-06-24.json,raw,230178,27b5c8d96a17d89166234635c4ac769246a86edd4063bcb24eee8dcac295eac4
01_raw/KWater/mywater_period/H1/group1/DATA3/2022-06-25_2022-07-24.json,raw,233621,58bc78b7376526bf325db77abfc10ab9ebe1540fd5815bcabb3e4c46e1cde9ad
01_raw/KWater/mywater_period/H1/group1/DATA3/2022-07-25_2022-08-23.json,raw,234047,a333f8430eb81291459b36bd992944b2853017a055e11b53a0807987fce2a398
01_raw/KWater/mywater_period/H1/group1/DATA3/2022-08-24_2022-09-22.json,raw,232352,0457ce704c89f52da8a31893571f770cfba21c80ada53438927314bf7ea06ede
01_raw/KWater/mywater_period/H1/group1/DATA3/2022-09-23_2022-10-22.json,raw,234760,6c80605d5a95ca27ad91e0354c1407818b53eee26dcc4b05beffc45de5f71d2d
01_raw/KWater/mywater_period/H1/group1/DATA3/2022-10-23_2022-11-21.json,raw,227248,df38198ca2652fde29fb6c921be32e7a574bf80f952b27856c5fe5f9f0146a12
01_raw/KWater/mywater_period/H1/group1/DATA3/2022-11-22_2022-12-21.json,raw,229322,e157eb6ba9a869d3fcf4c4bb8292767955917258b590af3cc5d2bd3821bb41d0
01_raw/KWater/mywater_period/H1/group1/DATA3/2022-12-22_2023-01-20.json,raw,228839,2f8e6031c24a9c494a3961fc979f30a629fa69e2815038c97a56c3bf33ee664d
01_raw/KWater/mywater_period/H1/group1/DATA3/2023-01-21_2023-02-19.json,raw,231358,23ec0d5b6a84bdedf7d3b360d6d27a59d4aab5bf42320217c9d56e4dc6202173
01_raw/KWater/mywater_period/H1/group1/DATA3/2023-02-20_2023-03-21.json,raw,226423,a7fc1186ed7be356c75d037f3fcce15534cec85be1680f98df7121421790187d
01_raw/KWater/mywater_period/H1/group1/DATA3/2023-03-22_2023-04-20.json,raw,228896,b8b610e705f3eb2fa97643da5eb4e9794f2e3a2032141dd084ca9b8568e23bba
01_raw/KWater/mywater_period/H1/group1/DATA3/2023-04-21_2023-05-20.json,raw,230547,07e7008beaea3f21ade10cea4d47bc769377ccd4862111cc00e7f22ff96f283f
01_raw/KWater/mywater_period/H1/group1/DATA3/2023-05-21_2023-06-19.json,raw,229864,f446bd8659f172f7f257b4f92ff80a99267f205c9796ebca707e6c7acbc9fc9e
01_raw/KWater/mywater_period/H1/group1/DATA3/2023-06-20_2023-07-19.json,raw,241753,5d4dce9cff27d9a5ebec4aebb29365e3238d47f1fcef6943628237e303ab1900
01_raw/KWater/mywater_period/H1/group1/DATA3/2023-07-20_2023-08-18.json,raw,232776,d5864b0f8d19852d64ea77dcd345d6492769d01629677dfd73a698be413ec05f
01_raw/KWater/mywater_period/H1/group1/DATA3/2023-08-19_2023-09-17.json,raw,234976,12f12a4a6ecc896f5688cbe17ff51efb568fdc3c9c1aef3b0f390f282313870f
01_raw/KWater/mywater_period/H1/group1/DATA3/2023-09-18_2023-10-17.json,raw,231388,ea321261ce3c35a1887e66323ccf2019733d712ec2e573d3280b954d710edc22
01_raw/KWater/mywater_period/H1/group1/DATA3/2023-10-18_2023-11-16.json,raw,230423,fd3e9232ec581f282d021e60358e85ba1a61019b183ebea296230523d4ef6024
01_raw/KWater/mywater_period/H1/group1/DATA3/2023-11-17_2023-12-16.json,raw,231305,a590e474aea34fdb5367200eae7d2a5b852a3650805eba355bf69914a7e87498
01_raw/KWater/mywater_period/H1/group1/DATA3/2023-12-17_2024-01-15.json,raw,229734,fa62176185424f07c1f4cae12f1862757606cb30d96ca12d104637f3d7d8b398
01_raw/KWater/mywater_period/H1/group1/DATA3/2024-01-16_2024-02-14.json,raw,231905,e4319f67df894c14c3f4816d465666c0e2739356f9434d4e7954f05c6d79226f
01_raw/KWater/mywater_period/H1/group1/DATA3/2024-02-15_2024-03-15.json,raw,232012,59204c6f9c9f20b8f38a9806226cc4ea71a79a919d2590008eabbe5e6a923a62
01_raw/KWater/mywater_period/H1/group1/DATA3/2024-03-16_2024-04-14.json,raw,238385,118aa06a04fb11f27efd483f2ab6311e6b0aafd2a10ad30dd55cbd326ddd87bf
01_raw/KWater/mywater_period/H1/group1/DATA3/2024-04-15_2024-05-14.json,raw,232870,96842e1935d8403252f7ce1242c37fc6b07f10aa937111f2420463d81758b62f
01_raw/KWater/mywater_period/H1/group1/DATA3/2024-05-15_2024-06-13.json,raw,233085,e1dfdfd1331b87f91fbfe18c54d28d4c9e498d7baedc4c5d55a56128857f18f2
01_raw/KWater/mywater_period/H1/group1/DATA3/2024-06-14_2024-07-13.json,raw,233977,9ba55423d7827746fe1332d086fcd89033a93eead7d95ddac8a5be02615ed332
01_raw/KWater/mywater_period/H1/group1/DATA3/2024-07-14_2024-08-12.json,raw,233385,893437919d7b626a065ea47933cfd9bd996830f917fbd03406d89b85f9d1e8b6
01_raw/KWater/mywater_period/H1/group1/DATA3/2024-08-13_2024-09-11.json,raw,235099,5e664c96a6c9e399369efaaf26b2e056834e920884be57ff35f470c8d06a0da0
01_raw/KWater/mywater_period/H1/group1/DATA3/2024-09-12_2024-10-11.json,raw,232513,36dc5c8411f9047141f05126e2e4b4ad0ac59975098d65d55c3bbc9bbef337d0
01_raw/KWater/mywater_period/H1/group1/DATA3/2024-10-12_2024-11-10.json,raw,231321,a69800f8670e87756ad1d4c87840ff957d057581bc5be9a221dea568d520fd80
01_raw/KWater/mywater_period/H1/group1/DATA3/2024-11-11_2024-12-10.json,raw,228519,da7ffd34d1eb701b1ded4aa23e021b5f07b6f4af58053b47b972ce7536398e6b
01_raw/KWater/mywater_period/H1/group1/DATA3/2024-12-11_2025-01-09.json,raw,230175,d7120da8e18fc8c077e8058e83f71b526e2230bb95d121432ba9df32a4cf45ce
01_raw/KWater/mywater_period/H1/group1/DATA3/2025-01-10_2025-02-08.json,raw,231167,d3d3468ef48568e0a83b7da9be486e6547d56e7eee912445a5251f560c237613
01_raw/KWater/mywater_period/H1/group1/DATA3/2025-02-09_2025-03-10.json,raw,232445,8f8230dfbe7869a58a1d1f7e77ff7ad986c797ae83e807ad007ebc9749bc245d
01_raw/KWater/mywater_period/H1/group1/DATA3/2025-03-11_2025-04-09.json,raw,233016,7fd04e42251d746eac614a3937a4fbbea73ed9e179b04a867625d5637729ec4e
01_raw/KWater/mywater_period/H1/group1/DATA3/2025-04-10_2025-05-09.json,raw,235941,611ba09274b920df1013a0d89a12fe444f232ce04c565e7e9d7e4be2f8ed84c5
01_raw/KWater/mywater_period/H1/group1/DATA3/2025-05-10_2025-06-08.json,raw,229353,6ba7ae04f94f3fd4b02c409d9663e97f94474135637f15f6feab664df22e7fb4
01_raw/KWater/mywater_period/H1/group1/DATA3/2025-06-09_2025-07-08.json,raw,231319,64ee42063e674da6edfc11db28d8ac628c1d55f3ca716cdde1cd322853c84eaa
01_raw/KWater/mywater_period/H1/group1/DATA3/2025-07-09_2025-08-07.json,raw,233554,2fd27b09a1c84ffcb8d5385686835196c779068e7752ee587a407ebf0f758ba3
01_raw/KWater/mywater_period/H1/group1/DATA3/2025-08-08_2025-09-06.json,raw,231364,736de3a3e69552816c89fedc372e9f087d3f6968ea0a67ffc21a2ca13bc10bb5
01_raw/KWater/mywater_period/H1/group1/DATA3/2025-09-07_2025-10-06.json,raw,235710,50c98576a42826dc51757b2a35b8be7a056f13da2f95ed4d5854bbce859a0833
01_raw/KWater/mywater_period/H1/group1/DATA3/2025-10-07_2025-11-05.json,raw,233337,d009334d2f9ca700cd47b4dc4195338dd528edfbc604457eb884b55c5b819522
01_raw/KWater/mywater_period/H1/group1/DATA3/2025-11-06_2025-12-05.json,raw,227155,4b2bccd7602ca8b1ef926de1e3f5347eb4c885f95ecfaa84ddae4ec8cf493bc1
01_raw/KWater/mywater_period/H1/group1/DATA3/2025-12-06_2026-01-04.json,raw,228582,ef2bec013eb9529083cc2e91c50b32b7b6fcdb1e7b6826ae05e67c9ddbbc0219
01_raw/KWater/mywater_period/H1/group1/DATA3/2026-01-05_2026-02-03.json,raw,226804,e7a4a6a87edbae1878ef396ed440d89255a3c333a80677f063e46a8eeaf4be6a
01_raw/KWater/mywater_period/H1/group1/DATA3/2026-02-04_2026-03-05.json,raw,228165,04731454758c0c7a267bc2188ca4186455eb1844bee68a281e803a2340f04cb3
01_raw/KWater/mywater_period/H1/group1/DATA3/2026-03-06_2026-04-04.json,raw,230126,ca9a813645c91572f89bb9e6745de89c83b134af70c3ad4ba8f4dd8d2a1f17c8
01_raw/KWater/mywater_period/H1/group1/DATA3/2026-04-05_2026-05-04.json,raw,232434,ac70b6e12d37dc5e47aa1e1815e4683671d13363e9fed7e7f042904b62c126f2
01_raw/KWater/mywater_period/H1/group1/DATA3/2026-05-05_2026-06-03.json,raw,229556,def247bef6944dd8c5ccd929e7cead594140ad5b173acb43ddeff658bfdb9a4e
01_raw/KWater/mywater_period/H1/group1/DATA3/2026-06-04_2026-07-03.json,raw,230712,ffe7298b4810b46558cf1b078ca10a9edc65af78759afaba8919c71a9f058942
01_raw/KWater/mywater_period/H1/group1/DATA3/2026-07-04_2026-08-02.json,raw,232207,1980a849c036798033b76a8be4ad6d161a05dcd138e9054e77d6830d8ff74154
01_raw/KWater/mywater_period/H1/group1/DATA3/2026-08-03_2026-09-01.json,raw,233557,1fec01abffa85f099be7a509956bc5e77ed32257e2ce425b9665e9dd7b2a9533
01_raw/KWater/mywater_period/H1/group1/DATA3/2026-09-02_2026-09-28.json,raw,206075,d9c1b4803659fce7b4aa56ffd21760aaf2fe3a99cf6830f66e098a335a350785
01_raw/KWater/mywater_period/H1/group1/DATA4/2021-01-01_2021-01-30.json,raw,306914,005f079d62f20b5a1d4b2e4aa2a0a1fc0a51836261f62691451bb268124b6d70
01_raw/KWater/mywater_period/H1/group1/DATA4/2021-01-31_2021-03-01.json,raw,309282,c0f8c87bf495b352eba04e92126d663b12f1848f8b12994ed312e4140a82cb79
01_raw/KWater/mywater_period/H1/group1/DATA4/2021-03-02_2021-03-31.json,raw,315483,356c3a8ac04e4974daae0bd09bdf85f730038cb5dab4c1121330dade3929e2ab
01_raw/KWater/mywater_period/H1/group1/DATA4/2021-04-01_2021-04-30.json,raw,315734,7e0da8bd7edb7003b0d1601e11f2c3b939b4393694436267623553ed968c73d7
01_raw/KWater/mywater_period/H1/group1/DATA4/2021-05-01_2021-05-30.json,raw,315542,1456bb121eb1f6e42811e47d3613ad0bcd7941944b19607dff4e5888e2b3dbf5
01_raw/KWater/mywater_period/H1/group1/DATA4/2021-05-31_2021-06-29.json,raw,314788,60bacdc0fee560430ec8f418033307788c94a70e2d4be43aaf07b917de379f97
01_raw/KWater/mywater_period/H1/group1/DATA4/2021-06-30_2021-07-29.json,raw,323246,471f8e16ca9de33e97ab5cf5526ad414afcfc19229284514ecc2d7614456d488
01_raw/KWater/mywater_period/H1/group1/DATA4/2021-07-30_2021-08-28.json,raw,322348,0fb89562b6989838ae0ea8b931f90657447d3daa613ec0ab718a08b0b364af8d
01_raw/KWater/mywater_period/H1/group1/DATA4/2021-08-29_2021-09-27.json,raw,324879,37144d3624ddb9ade6cdbaaaada0fe2d0c1266d94106fb4f300d86eef048687b
01_raw/KWater/mywater_period/H1/group1/DATA4/2021-09-28_2021-10-27.json,raw,316477,fe1be05c2f219dea4a9e991b479d8d7db00ee4585b5b241f8b9c7097acd616cd
01_raw/KWater/mywater_period/H1/group1/DATA4/2021-10-28_2021-11-26.json,raw,311580,fd6cf2d559a6a594716d70fce0fe66c340e9c760a749939b860b4dcd5feca483
01_raw/KWater/mywater_period/H1/group1/DATA4/2021-11-27_2021-12-26.json,raw,310140,7203d5f4822247ae016cc11cd53559bb07fac272b9a0d6dbe5f63bf4837fba05
01_raw/KWater/mywater_period/H1/group1/DATA4/2021-12-27_2022-01-25.json,raw,307779,f2d78dcddc0195d56ee89f7d3e71caac6026541c332279062f6c1ca282719aa2
01_raw/KWater/mywater_period/H1/group1/DATA4/2022-01-26_2022-02-24.json,raw,307405,03f65604108d9a0269090980b85abe2c9d1f3d91e1d0f4ba18f440bf57b106a1
01_raw/KWater/mywater_period/H1/group1/DATA4/2022-02-25_2022-03-26.json,raw,310859,8ff8787de0443b9dc9d447a7918982ba7b04a8d29e92d7b988677c4aad0fcc7d
01_raw/KWater/mywater_period/H1/group1/DATA4/2022-03-27_2022-04-25.json,raw,312588,518d05268a5b8ae8b8a6c18666fc3ef4b9a3b6b37b5a44052782287a8ec0d423
01_raw/KWater/mywater_period/H1/group1/DATA4/2022-04-26_2022-05-25.json,raw,308437,153e4ed1eaa7f144b45d07bd0c5a2ae0395b6e60e8f4b3ae77c91c3bfb79d03c
01_raw/KWater/mywater_period/H1/group1/DATA4/2022-05-26_2022-06-24.json,raw,306430,671c080d65fb597ac1e1b72ce6a9dd728f4b7b55b4e7fa17617e06cd01821eda
01_raw/KWater/mywater_period/H1/group1/DATA4/2022-06-25_2022-07-24.json,raw,316323,284cbfb739df5eaa50a1e5d6d4a9b8c240547abbea2fd51d05d1c1a5eeaadb44
01_raw/KWater/mywater_period/H1/group1/DATA4/2022-07-25_2022-08-23.json,raw,322554,98c620d3162a928fe88b9d257fb6e6f631984de221195a29373a55741c33955c
01_raw/KWater/mywater_period/H1/group1/DATA4/2022-08-24_2022-09-22.json,raw,322139,d006026dfa36239f3c781f2bc64917867a9fe0e56f892a1991d2106a767490c8
01_raw/KWater/mywater_period/H1/group1/DATA4/2022-09-23_2022-10-22.json,raw,311310,d4416b523a672d475fd7075b4b92e1594887fa8941ce1c7b0058b79c54b7984d
01_raw/KWater/mywater_period/H1/group1/DATA4/2022-10-23_2022-11-21.json,raw,307379,9c73dc451b47cd8395a2d1e9176d14aa921eb8bbe853a3d618843541fbeeb7e8
01_raw/KWater/mywater_period/H1/group1/DATA4/2022-11-22_2022-12-21.json,raw,307439,19f0ee1126f0dd39302bce65196dc39455386d5d4824612a327fba4cb7010e9b
01_raw/KWater/mywater_period/H1/group1/DATA4/2022-12-22_2023-01-20.json,raw,307239,ef9a4392e69100115b7bd19f6ae455360b380fb966202c33ad02235d851aebd8
01_raw/KWater/mywater_period/H1/group1/DATA4/2023-01-21_2023-02-19.json,raw,304824,f625599a76af8090b08513adbea55f05e2489abada35cb8a65eba2539a0533c3
01_raw/KWater/mywater_period/H1/group1/DATA4/2023-02-20_2023-03-21.json,raw,305442,c73523cebcd566aa053908ed06a3fc6ac61466b789dfaf80aeb65466aa79b925
01_raw/KWater/mywater_period/H1/group1/DATA4/2023-03-22_2023-04-20.json,raw,309148,b1c1717edf2c7c01c19d816c7cb8e44bbe17f308a5899ac90ff0db56a6835232
01_raw/KWater/mywater_period/H1/group1/DATA4/2023-04-21_2023-05-20.json,raw,312681,68f98507a6a8f1994d73e1776a1eed901167be143d4a06a4c6bc9a1ff09612fd
01_raw/KWater/mywater_period/H1/group1/DATA4/2023-05-21_2023-06-19.json,raw,310733,d98f0ddf74ec7fe760e6d11618bcbf2783f381ffda40890937b479fa4339c8f0
01_raw/KWater/mywater_period/H1/group1/DATA4/2023-06-20_2023-07-19.json,raw,334901,40da828bef37fa768ea8f2afaadafad9ee52b1b66c73228ff4ff4ce953cd2091
01_raw/KWater/mywater_period/H1/group1/DATA4/2023-07-20_2023-08-18.json,raw,328287,508061d7996c4cd1729cccaf823fafc01816a78b07a74724ffcc82c8aa186f59
01_raw/KWater/mywater_period/H1/group1/DATA4/2023-08-19_2023-09-17.json,raw,326656,1090055d0200efc32ae05ff31d85ef3253aa7a7a76d99ede2e03ce9e81a97f04
01_raw/KWater/mywater_period/H1/group1/DATA4/2023-09-18_2023-10-17.json,raw,324241,233153af3cb7ab73117c08cd6ba405f0c3ce17363218a88332517a8c6983272f
01_raw/KWater/mywater_period/H1/group1/DATA4/2023-10-18_2023-11-16.json,raw,311098,f3709aa915d81f97e041cdb3796e45099de918a6930d0a6399b7370533fb3d98
01_raw/KWater/mywater_period/H1/group1/DATA4/2023-11-17_2023-12-16.json,raw,312892,d98bde84ac1227916a4bc4dcb499f0edd6fdf37aca207c72fae0ecf03c77ef95
01_raw/KWater/mywater_period/H1/group1/DATA4/2023-12-17_2024-01-15.json,raw,315212,2d989be30c1764e8b7e561a5bf67bfea6b4a9a73da347fa5efb0239374142627
01_raw/KWater/mywater_period/H1/group1/DATA4/2024-01-16_2024-02-14.json,raw,315313,eb028d5b6f84c713e0bfb6c22759d77184a42f748881131f14cdb8e72a81e9ce
01_raw/KWater/mywater_period/H1/group1/DATA4/2024-02-15_2024-03-15.json,raw,322903,eb8e03e72581054ffba4c2508d5019bab321f9062c643ed887eb956407fe8fac
01_raw/KWater/mywater_period/H1/group1/DATA4/2024-03-16_2024-04-14.json,raw,322889,e2a2318d723955f11e30dd92b8e4ee0fceb81a1213b1b2a627613b2562b97be2
01_raw/KWater/mywater_period/H1/group1/DATA4/2024-04-15_2024-05-14.json,raw,321053,829fda84a68b7b4159784b2f37fbea3118b92d69f96fc303f25bbd09938e4e34
01_raw/KWater/mywater_period/H1/group1/DATA4/2024-05-15_2024-06-13.json,raw,316838,be8591b5dc33a81a404a98c70f77e430273ee614dddaa6b6e0fb9b2fc62e4c1e
01_raw/KWater/mywater_period/H1/group1/DATA4/2024-06-14_2024-07-13.json,raw,324581,415bbfd415ae107c262061b782d83711e29ebe124164e73ae4b3bf49f0de8f19
01_raw/KWater/mywater_period/H1/group1/DATA4/2024-07-14_2024-08-12.json,raw,325066,daf51ab38c75ab2699d5edc1b438db4d53ac72f846478521020271356cf8d456
01_raw/KWater/mywater_period/H1/group1/DATA4/2024-08-13_2024-09-11.json,raw,312293,8354e008e2ad051cbe31b2c727595a83336ed3423c9579f29b9686a8abff3418
01_raw/KWater/mywater_period/H1/group1/DATA4/2024-09-12_2024-10-11.json,raw,320027,0c6ed9d5b04329e4f671bdcdb09b3ac8836f534f4e295cf48308e46ab69d6b2e
01_raw/KWater/mywater_period/H1/group1/DATA4/2024-10-12_2024-11-10.json,raw,316940,33730267daa4ecd47c1589a9a39c2d51fc0e944e72f2092d488d1220595189be
01_raw/KWater/mywater_period/H1/group1/DATA4/2024-11-11_2024-12-10.json,raw,311617,c99528107ecf7401761741b02c4e9f08ca527ac400ce6596ae5e572109e3d5cd
01_raw/KWater/mywater_period/H1/group1/DATA4/2024-12-11_2025-01-09.json,raw,307396,c209062fcaff583c618e64adfd15ebc1c63b7a43392d98cd2fd263dbe731a211
01_raw/KWater/mywater_period/H1/group1/DATA4/2025-01-10_2025-02-08.json,raw,308288,81a2213da8ba83ece444608efc26326175bfc1f81914c1f99085850ee6604c3d
01_raw/KWater/mywater_period/H1/group1/DATA4/2025-02-09_2025-03-10.json,raw,310351,167ff9fefc5d780db6a0f649b831d87baf728a9dc4b57195138832e14924fa65
01_raw/KWater/mywater_period/H1/group1/DATA4/2025-03-11_2025-04-09.json,raw,311088,127cd738db2ceae3d4c5146813b3a65cda7bc6d5ff73dc0761a7c80a02fddd93
01_raw/KWater/mywater_period/H1/group1/DATA4/2025-04-10_2025-05-09.json,raw,315823,37e725b199cadb0a47eacced1f6559b9b9fef1c01b2b81e9f74802298bbf0ee9
01_raw/KWater/mywater_period/H1/group1/DATA4/2025-05-10_2025-06-08.json,raw,316510,b7688982f382326f08fe0124010006d8a49ad1f40b0bccfb6bb8c5ca21f27948
01_raw/KWater/mywater_period/H1/group1/DATA4/2025-06-09_2025-07-08.json,raw,319733,2cad85a370fcf72a8bb50b03b8a0a572b6d0fcad67edbcecf6986739ceaaa4f6
01_raw/KWater/mywater_period/H1/group1/DATA4/2025-07-09_2025-08-07.json,raw,321255,a26c4ba3bd1c27489f813e93e558da783e9de139cf5a97eef30ddf46925c2d73
01_raw/KWater/mywater_period/H1/group1/DATA4/2025-08-08_2025-09-06.json,raw,316028,3144cf0fc656b3985ea8c0ea5f5ea64c86014bebde9003490dc02ad1573ae6db
01_raw/KWater/mywater_period/H1/group1/DATA4/2025-09-07_2025-10-06.json,raw,324121,626d84805373bd49f9a7683bc2aed399335fea717d1b146f6faee72cdb663e5e
01_raw/KWater/mywater_period/H1/group1/DATA4/2025-10-07_2025-11-05.json,raw,324180,ef6b2fea12f9ce8d02a9a8bc9d10e5087fddf148b8d4cf8bf1d6dbad7439c8bf
01_raw/KWater/mywater_period/H1/group1/DATA4/2025-11-06_2025-12-05.json,raw,307859,6ea6af9b9c5c57dfea7ec22cc01d87caf678fd36bf93f8d58861988f9dccef68
01_raw/KWater/mywater_period/H1/group1/DATA4/2025-12-06_2026-01-04.json,raw,304645,3f7b6e7c7dead2000ecc0451b6fade3f368df6d0cbd8077d376473e9f780056b
01_raw/KWater/mywater_period/H1/group1/DATA4/2026-01-05_2026-02-03.json,raw,302534,830dbee195a3f2cc7be22eae8b887577dcaaa8176bff5368cb80653de91b48eb
01_raw/KWater/mywater_period/H1/group1/DATA4/2026-02-04_2026-03-05.json,raw,305584,83c5306cc67b6430970fba365eae98d41a1c0f8dc4643aacd73f4005d9f3c70b
01_raw/KWater/mywater_period/H1/group1/DATA4/2026-03-06_2026-04-04.json,raw,309293,a47479ec379745f2dd9204bdf3df7d2ef3cd7a631875bdc7721c7e4cf325f62e
01_raw/KWater/mywater_period/H1/group1/DATA4/2026-04-05_2026-05-04.json,raw,317184,0a30a0a2b773ea5aa2e0f77fce3fa58fc1755fc8f1e44bca1e9b7628608dc491
01_raw/KWater/mywater_period/H1/group1/DATA4/2026-05-05_2026-06-03.json,raw,312896,9212b06e53733e2f521ce771ca9650ee5e656869caabb36b3a8a3f295625cd2c
01_raw/KWater/mywater_period/H1/group1/DATA4/2026-06-04_2026-07-03.json,raw,311090,b0bf4f47447e17f11e5595c506a085abb34c15bd26dd60d6d79d8cb2debc868f
01_raw/KWater/mywater_period/H1/group1/DATA4/2026-07-04_2026-08-02.json,raw,318699,82b34716e9d43d831bc1c3512b89823bbf3b090d5bf9a57c764894d7301aaac8
01_raw/KWater/mywater_period/H1/group1/DATA4/2026-08-03_2026-09-01.json,raw,313033,291280f77369b94c03fd5d72d82d5fe95d385eb9b887ba36208332a30e64ed23
01_raw/KWater/mywater_period/H1/group1/DATA4/2026-09-02_2026-09-28.json,raw,280992,fcb2d19ad25571dafc9eea9b2676fb3650b2b3f8776efceff1acc1667c11263e
01_raw/KWater/mywater_period/H1/group1/DATA5/2021-01-01_2021-01-30.json,raw,302844,306265f2d0b655530d5c3a6972409c7a863698657913a8c471de3eb877cdfabe
01_raw/KWater/mywater_period/H1/group1/DATA5/2021-01-31_2021-03-01.json,raw,304898,780a4549fc616ab88480e5b3c06f5faf0a7e369bffd71df6f1a94749021a86e0
01_raw/KWater/mywater_period/H1/group1/DATA5/2021-03-02_2021-03-31.json,raw,310994,24dc29d428f4315313f23bead89015cd27cc920f066e32532398a5f08190c4b3
01_raw/KWater/mywater_period/H1/group1/DATA5/2021-04-01_2021-04-30.json,raw,311457,4b7db8893488fc2a3048708eca1f9de3afa1aed23a0c3d01d39aa44df58098c3
01_raw/KWater/mywater_period/H1/group1/DATA5/2021-05-01_2021-05-30.json,raw,311029,e298db0a6709d3aa2f753c2cc93c06cda2ac2ce2fa5f90a69db096bf30bd8d8b
01_raw/KWater/mywater_period/H1/group1/DATA5/2021-05-31_2021-06-29.json,raw,309422,62e1ae19f5f3300db5a2cc6716878ed70b8bd89286afa0e1da4735caf67b842c
01_raw/KWater/mywater_period/H1/group1/DATA5/2021-06-30_2021-07-29.json,raw,317462,8e3bdb94272b195d5f36aef01be0ec2478ca0845b8f43dac5083d5445d471c22
01_raw/KWater/mywater_period/H1/group1/DATA5/2021-07-30_2021-08-28.json,raw,316186,328b8ff6131791dc6fe6ac8ac3bacbcde4d5a6d5b0ed8881f3144000f681a2d2
01_raw/KWater/mywater_period/H1/group1/DATA5/2021-08-29_2021-09-27.json,raw,319859,3a4c65c22c7e2241822daf81a90b5e895b2aa6bcad54eb43e7e9c7f016c48b3e
01_raw/KWater/mywater_period/H1/group1/DATA5/2021-09-28_2021-10-27.json,raw,312050,7a32880c2c20b49b58ad35eb1e9bdf5b2fdb4f8f10fa39741bd9a437269f6471
01_raw/KWater/mywater_period/H1/group1/DATA5/2021-10-28_2021-11-26.json,raw,306753,3e9352e2042c305c721cd97821a7f8d82ab4585ca4e7b093c5f6de4b9e659d5e
01_raw/KWater/mywater_period/H1/group1/DATA5/2021-11-27_2021-12-26.json,raw,305529,5115f1904f49875a62599315eacd4bb585bc8de95c4d11c512068952672e4b2b
01_raw/KWater/mywater_period/H1/group1/DATA5/2021-12-27_2022-01-25.json,raw,302755,c8424d6defdaf9405a452c36302c3bf68f79fbaacf33f840954e04dfc28df631
01_raw/KWater/mywater_period/H1/group1/DATA5/2022-01-26_2022-02-24.json,raw,302774,b9311483fb9f9f479dba6e43edb3db580055883455603a51f176e09c5d163c0f
01_raw/KWater/mywater_period/H1/group1/DATA5/2022-02-25_2022-03-26.json,raw,306826,ebef03504b686f04a223f1966dcdbe6ba09c17ee085fba14b239ce20fcfbf9bb
01_raw/KWater/mywater_period/H1/group1/DATA5/2022-03-27_2022-04-25.json,raw,308880,5649948dac3dede0978c1dff4c7e7bb10412dc256ae828fefa30e02b735f22d8
01_raw/KWater/mywater_period/H1/group1/DATA5/2022-04-26_2022-05-25.json,raw,303473,30a43b64fcc642a514838240707769fcb79610182f38ea782245e89a1455264a
01_raw/KWater/mywater_period/H1/group1/DATA5/2022-05-26_2022-06-24.json,raw,301071,f3a6b9d94c3cfa064e8d7fa3d6e518edb1cae1ee0c2498d815aecaf236e22d55
01_raw/KWater/mywater_period/H1/group1/DATA5/2022-06-25_2022-07-24.json,raw,312499,71ebaee114d1bb502ecced771a6f3f5c26d3a75da00f7ef20b4ccd1c1b854b5e
01_raw/KWater/mywater_period/H1/group1/DATA5/2022-07-25_2022-08-23.json,raw,319554,dd63b933517380a9161976811396f7c9deb2577ec1c461edacafff4e17214d6a
01_raw/KWater/mywater_period/H1/group1/DATA5/2022-08-24_2022-09-22.json,raw,317020,bb318cb4f227b0c3adeb48a6b3d9633d6553de33fba3dc850e9e7d75171c985b
01_raw/KWater/mywater_period/H1/group1/DATA5/2022-09-23_2022-10-22.json,raw,307194,7133d6f8d9e410ec7b08a83076bb137f77313697bfec1526e9943029d36ff077
01_raw/KWater/mywater_period/H1/group1/DATA5/2022-10-23_2022-11-21.json,raw,304238,4d7911ee83a9f5a6ea8a8529ca3a164ffe195e3fcdae6e6d882cadef78ac47f1
01_raw/KWater/mywater_period/H1/group1/DATA5/2022-11-22_2022-12-21.json,raw,303817,9a672c4e59499ff9954b10b452066ed00541795768ae21fd7772e29f33077046
01_raw/KWater/mywater_period/H1/group1/DATA5/2022-12-22_2023-01-20.json,raw,303768,d1c5849fa5d0090534b81754cd8d67d52c3ba0adfd83d47e05c1b500a4be9406
01_raw/KWater/mywater_period/H1/group1/DATA5/2023-01-21_2023-02-19.json,raw,301222,b34492318713060fea61278613fb9edf3dddb70677b9567a0cbfdc9f0899816c
01_raw/KWater/mywater_period/H1/group1/DATA5/2023-02-20_2023-03-21.json,raw,300689,ea3b1202387e76bd26048c4cc9eeba643a2207ca28bbe809293e3b29bc2bd6eb
01_raw/KWater/mywater_period/H1/group1/DATA5/2023-03-22_2023-04-20.json,raw,305450,82ec389960d0ad16292eb8f1b716bd76f3ec5f95cffcb296f45d2f172c7dc217
01_raw/KWater/mywater_period/H1/group1/DATA5/2023-04-21_2023-05-20.json,raw,309126,6d2ec76974e98b8d22e2b29c42cb9b6518e42a690cafd7b5860b29c9997dbae2
01_raw/KWater/mywater_period/H1/group1/DATA5/2023-05-21_2023-06-19.json,raw,306098,0a75f16d404cbff02e43df30f850134f0109e02364e61bb8563c601c0bffaaef
01_raw/KWater/mywater_period/H1/group1/DATA5/2023-06-20_2023-07-19.json,raw,330446,bc70364982b0ce9356a06fc74877e0c17a1f3557895a73be43492851183ea69b
01_raw/KWater/mywater_period/H1/group1/DATA5/2023-07-20_2023-08-18.json,raw,322953,183e59f34ba94e98970fa6bf0841b339ee6d451d3c8dbbd0c398d7749c254eb4
01_raw/KWater/mywater_period/H1/group1/DATA5/2023-08-19_2023-09-17.json,raw,321213,445f8951b7e691f8d6f80ba83a566e88be06366aa0bd995e6b9516e8278759dd
01_raw/KWater/mywater_period/H1/group1/DATA5/2023-09-18_2023-10-17.json,raw,319563,3150baad4f1f5f870b3e309b892bafed2765bfbfcc90f69df50c98e5f89c68f6
01_raw/KWater/mywater_period/H1/group1/DATA5/2023-10-18_2023-11-16.json,raw,306888,eb99e53f13181321234eebaad7481604675c3738add8c3dae3004cd1711a0366
01_raw/KWater/mywater_period/H1/group1/DATA5/2023-11-17_2023-12-16.json,raw,308983,28b0f01beabe659c76abfe7d65fc778e16b4590f326e4ab1c6a5162467fb5326
01_raw/KWater/mywater_period/H1/group1/DATA5/2023-12-17_2024-01-15.json,raw,311234,b96201e9bd70f290aeed0f792a256865c97c2ee90274910eaf7a02c049bf653f
01_raw/KWater/mywater_period/H1/group1/DATA5/2024-01-16_2024-02-14.json,raw,310208,9b5525656bd6c18a35eb88259ef159d50136a8a484650d36caf136c62c116577
01_raw/KWater/mywater_period/H1/group1/DATA5/2024-02-15_2024-03-15.json,raw,318108,179f9cd537425144a6a0036abb97a8a18d802aef25b02043196683082e2a0249
01_raw/KWater/mywater_period/H1/group1/DATA5/2024-03-16_2024-04-14.json,raw,316780,ee4c13c72dc0761595e052f36294e23c754f541752d633e53ac4f074a3fa498a
01_raw/KWater/mywater_period/H1/group1/DATA5/2024-04-15_2024-05-14.json,raw,314386,0f5ae096a9cc7c19a6ed74e56a8c94a55cde5ab4b61ee94fa6c20c4893d00355
01_raw/KWater/mywater_period/H1/group1/DATA5/2024-05-15_2024-06-13.json,raw,307877,39a5a46557f5011e235b54af6fc9599071ec166d77bd445407833049b6f2247a
01_raw/KWater/mywater_period/H1/group1/DATA5/2024-06-14_2024-07-13.json,raw,317039,17fba3868a1925474fa02af941398a534ca760298c09bb32695a090412654460
01_raw/KWater/mywater_period/H1/group1/DATA5/2024-07-14_2024-08-12.json,raw,319248,7e0025655cc8c034c7a1144fcd0ad5593aa7b33cfd5ac565014b69e8baebc201
01_raw/KWater/mywater_period/H1/group1/DATA5/2024-08-13_2024-09-11.json,raw,306728,999dfc9810a783bacf28bbd7f73b7e866069edc14f9a416426938e5b8f291a6a
01_raw/KWater/mywater_period/H1/group1/DATA5/2024-09-12_2024-10-11.json,raw,313780,8f925b5f50d83e38883ccaa4799843a82e1918c94fd8955252df617917bcc0c6
01_raw/KWater/mywater_period/H1/group1/DATA5/2024-10-12_2024-11-10.json,raw,311629,f095665d4246188179c289954f9191aee9a54967e986e0504902bb6787aff3b6
01_raw/KWater/mywater_period/H1/group1/DATA5/2024-11-11_2024-12-10.json,raw,306694,b9902bae3792ca20bee843ef5f2a502e0b58db15fef0235a07f1e2fc4733c62b
01_raw/KWater/mywater_period/H1/group1/DATA5/2024-12-11_2025-01-09.json,raw,302096,d09f1b041cd8c5fd35d28a3f5341fb1be42b0330a5cc4069283f8c158bf67a25
01_raw/KWater/mywater_period/H1/group1/DATA5/2025-01-10_2025-02-08.json,raw,302370,9b0ef3961ccc4c3a2fc8ec9b4822398c3e52f6d61c1f3f183e0bc99883e20ad4
01_raw/KWater/mywater_period/H1/group1/DATA5/2025-02-09_2025-03-10.json,raw,304701,b8f711c1e11e07a30643cd828750a00e569aa59c8d90e0206fc912ab77685b1f
01_raw/KWater/mywater_period/H1/group1/DATA5/2025-03-11_2025-04-09.json,raw,305540,92469507f63f267fbda85229938e052a9b74a5fe2c96b6ad5c37eac6a0faba0f
01_raw/KWater/mywater_period/H1/group1/DATA5/2025-04-10_2025-05-09.json,raw,310008,082812f391004dac02d2c48c4432b259d6a0fa3acd4c0d1b2e76ceebb477a226
01_raw/KWater/mywater_period/H1/group1/DATA5/2025-05-10_2025-06-08.json,raw,307890,fd89f9673cdeb21d6815e6a10c9c2cfbaf0dcce2baf09ea8c7c18fe5862a360a
01_raw/KWater/mywater_period/H1/group1/DATA5/2025-06-09_2025-07-08.json,raw,311783,8d1b0c7383594ad45f7c3553e42a2260bc01c6a77612026042aa2975d9a79ad8
01_raw/KWater/mywater_period/H1/group1/DATA5/2025-07-09_2025-08-07.json,raw,315189,c500eca92a48182f8a99c713882bb3871dc1cd20bd728b815855fed0bfd05a7e
01_raw/KWater/mywater_period/H1/group1/DATA5/2025-08-08_2025-09-06.json,raw,309578,40d6c377979ff5a6fe1d37e861e7fd173a8dde2160cca3ab9f016688dc1d482d
01_raw/KWater/mywater_period/H1/group1/DATA5/2025-09-07_2025-10-06.json,raw,319294,6e996934339b282bce24646b3d33e09fb4fc43e5f2a17cef1183e1c8a3f248cd
01_raw/KWater/mywater_period/H1/group1/DATA5/2025-10-07_2025-11-05.json,raw,317682,3199e5a0d56e694d704080fd8ec64efde25ca086043961573755352351e62984
01_raw/KWater/mywater_period/H1/group1/DATA5/2025-11-06_2025-12-05.json,raw,302149,2dbd27db2a26c20d39628e350547063c2bf68fb6b4fc7f102ca82be9c1ca27e2
01_raw/KWater/mywater_period/H1/group1/DATA5/2025-12-06_2026-01-04.json,raw,299434,7888d7f7044ab05eea7b07db2fda9a10af730c6ee6801dd6bad214641198f02e
01_raw/KWater/mywater_period/H1/group1/DATA5/2026-01-05_2026-02-03.json,raw,297136,143b4bcececde564032b8885387ac29fec057c9f54cd6b53cc2ec301d5627d3a
01_raw/KWater/mywater_period/H1/group1/DATA5/2026-02-04_2026-03-05.json,raw,299496,36898da5d5898655842f65bd951e2ab6bd6fece8cc89aea9defd766c7579d409
01_raw/KWater/mywater_period/H1/group1/DATA5/2026-03-06_2026-04-04.json,raw,303866,b9067774bf6bc77fd68c91d8381b8bd4cc49509bf5754718c7a9882c040807ad
01_raw/KWater/mywater_period/H1/group1/DATA5/2026-04-05_2026-05-04.json,raw,310699,6fac4198849a66e5bd1e2e18cadf5869b9c8eadba21134b939cfbb2ddf662d01
01_raw/KWater/mywater_period/H1/group1/DATA5/2026-05-05_2026-06-03.json,raw,305486,5c15fa0f68137e67ad22954f292b63bc42c28b1f598d218729141c06b861aa87
01_raw/KWater/mywater_period/H1/group1/DATA5/2026-06-04_2026-07-03.json,raw,303553,98a36ba95a2d7dfd3e60b31ac68335547dab2ccd1f27113df304051c9064d476
01_raw/KWater/mywater_period/H1/group1/DATA5/2026-07-04_2026-08-02.json,raw,313255,f4c37abf8bf4c3296fd29e361d6dfd3ebf0893a36df3b664028e4d0d0cae0d0a
01_raw/KWater/mywater_period/H1/group1/DATA5/2026-08-03_2026-09-01.json,raw,307891,82360bfb8dac409e9beac67452d0880821bfe2edc5ccd941b6fe1cef203b864c
01_raw/KWater/mywater_period/H1/group1/DATA5/2026-09-02_2026-09-28.json,raw,275749,ad6bad3a7aba7dc70844806718777b8e022453d822b730d7345ddff41f82e0d3
01_raw/KWater/mywater_period/H1/group1/DATA6/2021-01-01_2021-01-30.json,raw,319733,e9e842e58970848859c323351a1d256da559c391f6ce24a94a4891728f4f6c12
01_raw/KWater/mywater_period/H1/group1/DATA6/2021-01-31_2021-03-01.json,raw,321285,9ee6b61108dc16b7d80f17750f9a081b96f1751e25b6089c34ea0cacc97bcc17
01_raw/KWater/mywater_period/H1/group1/DATA6/2021-03-02_2021-03-31.json,raw,320719,a48bc4601b0b4c74a59308028b04dc363e84891e7e8a1f87d3bbeb7625b04499
01_raw/KWater/mywater_period/H1/group1/DATA6/2021-04-01_2021-04-30.json,raw,322606,f797c77c5b13122fada40aa7869491b25bc303217e0d4eb5bba955f487ccecf7
01_raw/KWater/mywater_period/H1/group1/DATA6/2021-05-01_2021-05-30.json,raw,325840,d23c73df9166fb0c91c47740249179290bc873729e831be96526957f7ee5c0bc
01_raw/KWater/mywater_period/H1/group1/DATA6/2021-05-31_2021-06-29.json,raw,328876,ac1a4bf846421f30532c1b8c841d210e020e8fffa50f6bcbcdd2dbdbfbc9ba23
01_raw/KWater/mywater_period/H1/group1/DATA6/2021-06-30_2021-07-29.json,raw,328762,5dcfa0b0d923c82440b0c0c1597311ff799d920338c631abbcc624ef776f03e9
01_raw/KWater/mywater_period/H1/group1/DATA6/2021-07-30_2021-08-28.json,raw,328206,2983ca820efd928df83dbdbbe8e94d88967e7f17856efe123f4cfa2ec8f2fa11
01_raw/KWater/mywater_period/H1/group1/DATA6/2021-08-29_2021-09-27.json,raw,327105,d9ea31810730a22e5f72d3429d147d3418b3acd7f88953c9a2b337a0177093c0
01_raw/KWater/mywater_period/H1/group1/DATA6/2021-09-28_2021-10-27.json,raw,322366,7204a8000e1ea36efcc837af1182befe7616d848fe02e512ab1ed1a7dbf787b6
01_raw/KWater/mywater_period/H1/group1/DATA6/2021-10-28_2021-11-26.json,raw,321614,dfcc640dacef2ae1186771275887e02b8036ef8ca58b8deed6cb746f6209291f
01_raw/KWater/mywater_period/H1/group1/DATA6/2021-11-27_2021-12-26.json,raw,321411,00e05bf785369c2c2fb8a4273790735e433b9fae06f45aefffee5bb7de53d555
01_raw/KWater/mywater_period/H1/group1/DATA6/2021-12-27_2022-01-25.json,raw,320422,1ccceb5b4f5a053798a13000e7aa3258a7a7d850a059530b7798d7ef229861fa
01_raw/KWater/mywater_period/H1/group1/DATA6/2022-01-26_2022-02-24.json,raw,319520,6f9a5b3db8967d0d4b6ecb6830959d4db0fe019fb011e15f16034763ca7c920d
01_raw/KWater/mywater_period/H1/group1/DATA6/2022-02-25_2022-03-26.json,raw,319863,f3950fa932d8a49c03cecf1e979038a50c017c64ad48a42e2f107c3c9bd5c389
01_raw/KWater/mywater_period/H1/group1/DATA6/2022-03-27_2022-04-25.json,raw,320156,45fa61cee004f8dd6b9925050b8fbd7cf395a120186ee5494b502f4e0be95944
01_raw/KWater/mywater_period/H1/group1/DATA6/2022-04-26_2022-05-25.json,raw,322759,0da9ad1af60c3eaac0ccb8cde950b38a82910c63ce5ab2a5fdbb6ef7ad5d4f65
01_raw/KWater/mywater_period/H1/group1/DATA6/2022-05-26_2022-06-24.json,raw,322948,7bc1dd5eb557d7eaffa0f58544aa1a8318d06ae42d32f35cb22f7f0d9f33af36
01_raw/KWater/mywater_period/H1/group1/DATA6/2022-06-25_2022-07-24.json,raw,321632,eb8a031887ce2a68a86ef0186684dc409aebed3891e93f5c1cd29453dbdf2978
01_raw/KWater/mywater_period/H1/group1/DATA6/2022-07-25_2022-08-23.json,raw,322564,682cf026068920cd31abaa37ec964fb46ee91fd34d81f6d1265d77afe4f982c3
01_raw/KWater/mywater_period/H1/group1/DATA6/2022-08-24_2022-09-22.json,raw,324449,8de7e5018c185d8abe9e11be50c189208179ea565efd41f8b6a65078567f3475
01_raw/KWater/mywater_period/H1/group1/DATA6/2022-09-23_2022-10-22.json,raw,318881,85306f7997ed9e7c2213e440c119ac8d2e5fa6114b7af7f9fc91a2f42198b9ca
01_raw/KWater/mywater_period/H1/group1/DATA6/2022-10-23_2022-11-21.json,raw,318383,b8bec1b61e4016de0e76c7e9180e7536595e634756e1e301aae5f926974aae52
01_raw/KWater/mywater_period/H1/group1/DATA6/2022-11-22_2022-12-21.json,raw,317667,08fd10b2e383be052152c62cc2083f4b90c2371e5443d577f80f8167794b9f11
01_raw/KWater/mywater_period/H1/group1/DATA6/2022-12-22_2023-01-20.json,raw,315571,ddd2323d3ea1a38ec2abf71ebac3acf70fe160694382bc6224f0d1777005e5ce
01_raw/KWater/mywater_period/H1/group1/DATA6/2023-01-21_2023-02-19.json,raw,314728,0e2d66b9c72b0ff8955d0444b005384f1a1a5f3fa216b29f45c0ef7984963516
01_raw/KWater/mywater_period/H1/group1/DATA6/2023-02-20_2023-03-21.json,raw,315213,70fe7e7606f478a4633d7d6306d1d23befa5ef9e75a2dfdcc9a59310c91cb7f4
01_raw/KWater/mywater_period/H1/group1/DATA6/2023-03-22_2023-04-20.json,raw,313237,9ff4c55c4b5d348b716591f78fff3210a4ca6a77a7b2f13bd3033573d3e16b62
01_raw/KWater/mywater_period/H1/group1/DATA6/2023-04-21_2023-05-20.json,raw,316704,5289f7aad9b92ae7826036dda06b90193b273f4a2ee14cf5784d4f41589526f3
01_raw/KWater/mywater_period/H1/group1/DATA6/2023-05-21_2023-06-19.json,raw,318416,33d81109c1abe485e2354c0deb18560d1a76a0b913c69fdff0899a9301529fe0
01_raw/KWater/mywater_period/H1/group1/DATA6/2023-06-20_2023-07-19.json,raw,330629,92998e0cc0aab54f1c53054dcaae51385b7886f2c33ff123a651e14c9858702c
01_raw/KWater/mywater_period/H1/group1/DATA6/2023-07-20_2023-08-18.json,raw,329680,6be310c838487e49b4bc190e59aa0a1340767eaa50a3c4a4bf22884f7d80fffb
01_raw/KWater/mywater_period/H1/group1/DATA6/2023-08-19_2023-09-17.json,raw,325850,17564a11968d327a9a698c7b7f6b06dc1455b3fac0f6f545f8d6aa9cd09a183a
01_raw/KWater/mywater_period/H1/group1/DATA6/2023-09-18_2023-10-17.json,raw,325896,e53199019c253c3325737da92f1f18c5b0ad664a70ff783660fe7a9b58a15fb1
01_raw/KWater/mywater_period/H1/group1/DATA6/2023-10-18_2023-11-16.json,raw,319926,9b286c088be3ef74e93e89ee9410a6efb12baf7ac239527347df1a0e86f06b9b
01_raw/KWater/mywater_period/H1/group1/DATA6/2023-11-17_2023-12-16.json,raw,321812,bff5bf9ac55daeb0cf67e446bc810039899130155b349287ba0ce8c34da14408
01_raw/KWater/mywater_period/H1/group1/DATA6/2023-12-17_2024-01-15.json,raw,322018,e17a73103c752c4ddc922378e348b423430696e9ce04b7e290892eef2f815954
01_raw/KWater/mywater_period/H1/group1/DATA6/2024-01-16_2024-02-14.json,raw,320993,b5aad821dba30b703703746af1d9cee12a2bd61e18e9c45dc39c9dbf7c8edced
01_raw/KWater/mywater_period/H1/group1/DATA6/2024-02-15_2024-03-15.json,raw,324521,4774c18955a88011f982e65a3abec87a28064a09f4ee1d8f75632aab861e5ea5
01_raw/KWater/mywater_period/H1/group1/DATA6/2024-03-16_2024-04-14.json,raw,328083,a64cf7224dd25bfaeef8609f7dbf6bc7e0c963a972e9926d5eddcb4d75466087
01_raw/KWater/mywater_period/H1/group1/DATA6/2024-04-15_2024-05-14.json,raw,332839,b3ef3e5cdb858a01a2ebc21605c30d624582ae1913dd7290b093382a788705bc
01_raw/KWater/mywater_period/H1/group1/DATA6/2024-05-15_2024-06-13.json,raw,334132,f3719b11b0c4235e1cec7aed1556eabaab054bab65aaf5d487091589f0947a19
01_raw/KWater/mywater_period/H1/group1/DATA6/2024-06-14_2024-07-13.json,raw,330295,7a7d5eed9ca80d8e12bb9548ba1cabfdb62752ed5194accb3e600fdc90dd084b
01_raw/KWater/mywater_period/H1/group1/DATA6/2024-07-14_2024-08-12.json,raw,329435,dd257470bd8c0586adb51a8fbd2485a522faa1816a6668488365ad8f237e6a0f
01_raw/KWater/mywater_period/H1/group1/DATA6/2024-08-13_2024-09-11.json,raw,324374,dc80d564b6f2cb90097c4f866d8dee4c640a52f96b9a3cd36d2c16b8ee6f5008
01_raw/KWater/mywater_period/H1/group1/DATA6/2024-09-12_2024-10-11.json,raw,323039,502247c87f331c5e396e7d96f06d41a4bbcb6787afe703ac9fa23214d473b34a
01_raw/KWater/mywater_period/H1/group1/DATA6/2024-10-12_2024-11-10.json,raw,321177,04af6fbb59f02506aa7cc3a3221a5e2b75d6f73f908baa89828f2904fc782eb4
01_raw/KWater/mywater_period/H1/group1/DATA6/2024-11-11_2024-12-10.json,raw,320963,c134c33bad29661b3fdc242d9835490993927b091b867e8e9cdbc77b142e86e9
01_raw/KWater/mywater_period/H1/group1/DATA6/2024-12-11_2025-01-09.json,raw,320946,fe8b88365e1940adaa78791451af5823f8ec971898f0f7600365538d0f1d1060
01_raw/KWater/mywater_period/H1/group1/DATA6/2025-01-10_2025-02-08.json,raw,320877,86fa74825bc7f87d16e1848f7b25bcb2ab14fe6a6b6f656666f7a8ba446790a9
01_raw/KWater/mywater_period/H1/group1/DATA6/2025-02-09_2025-03-10.json,raw,320066,ab23899fc5320ee95f3355cc4405c265d573daeaa0b59cd45b1bd5ec03bbc125
01_raw/KWater/mywater_period/H1/group1/DATA6/2025-03-11_2025-04-09.json,raw,320295,5568f234f8bf645ba5b6cd9ce889bbfa33e12b9bcc1d12f0b577d2a8878e3e8d
01_raw/KWater/mywater_period/H1/group1/DATA6/2025-04-10_2025-05-09.json,raw,322566,ee859ddf9f7d43f7cc6165f8299d806744f2b2bf1362b8ba1b525aaf89fe5bd0
01_raw/KWater/mywater_period/H1/group1/DATA6/2025-05-10_2025-06-08.json,raw,328544,144f44a3ed91e16fd392af8a06726831c3a9a3a4224363f0ad571b28c44f10f7
01_raw/KWater/mywater_period/H1/group1/DATA6/2025-06-09_2025-07-08.json,raw,327296,a06c020671a28bc4c1434dd002f9095a202c30cbda64a7521e1ac57b485800cc
01_raw/KWater/mywater_period/H1/group1/DATA6/2025-07-09_2025-08-07.json,raw,324973,089f52d6e3853af3301a68b98bf22a82e803e0b9756ba52d669ad2828fcb65f1
01_raw/KWater/mywater_period/H1/group1/DATA6/2025-08-08_2025-09-06.json,raw,325224,482d9a86f8e4b9fc05a46800927875b28bddd8028ac6724f0499808701a6ec83
01_raw/KWater/mywater_period/H1/group1/DATA6/2025-09-07_2025-10-06.json,raw,323132,a60761d5bf3d8483575abafd6e50c388947d0a9793db0fbdc03ae0cbb292540b
01_raw/KWater/mywater_period/H1/group1/DATA6/2025-10-07_2025-11-05.json,raw,325710,7c886bf0ae4f9c2f679f3741608d8769d265890466668a4cda2787333c3ef504
01_raw/KWater/mywater_period/H1/group1/DATA6/2025-11-06_2025-12-05.json,raw,322265,a92cf8c069976eb027adc7966e364c00dbe5ac3a1baad24694375e5283feb2f3
01_raw/KWater/mywater_period/H1/group1/DATA6/2025-12-06_2026-01-04.json,raw,319851,da9e7de1a2e1668bacc119fe9d576287cdf64fc74e57831ec43def9e46055fa0
01_raw/KWater/mywater_period/H1/group1/DATA6/2026-01-05_2026-02-03.json,raw,320025,893e4b49614972be1703c498767d99bfe1a024ff032c33f45ce53da1dbdbef3b
01_raw/KWater/mywater_period/H1/group1/DATA6/2026-02-04_2026-03-05.json,raw,319958,148e06dc36ee6eea76fbda171eed426e3be0953acd6d2703ddfb15a95ace4019
01_raw/KWater/mywater_period/H1/group1/DATA6/2026-03-06_2026-04-04.json,raw,320755,b518a2057b2c2dcdef1cc0ccf49e4770f2093955004815b866df49e676cf15a4
01_raw/KWater/mywater_period/H1/group1/DATA6/2026-04-05_2026-05-04.json,raw,323731,557eb4512b77327a92183c5602484f4d8f777de1d107cc35f70432509843f168
01_raw/KWater/mywater_period/H1/group1/DATA6/2026-05-05_2026-06-03.json,raw,326270,fb82ab054fc5fba61319bd1ade3ce1623587af0eeb47c0e9258b50a23acea5c5
01_raw/KWater/mywater_period/H1/group1/DATA6/2026-06-04_2026-07-03.json,raw,326530,90e19e1cea4f814470654eee545eee64b1b63c36d08a413e800ab3b447c0e8db
01_raw/KWater/mywater_period/H1/group1/DATA6/2026-07-04_2026-08-02.json,raw,323496,017f5bc9cc1240b322c863c95fc1d1c3fd1c9003123f610d58b28cc1423f8f65
01_raw/KWater/mywater_period/H1/group1/DATA6/2026-08-03_2026-09-01.json,raw,321776,61972d1f98db996a54c312e30875a01736cc87deebeb825e3cefae107f1795a9
01_raw/KWater/mywater_period/H1/group1/DATA6/2026-09-02_2026-09-28.json,raw,288690,ba5ab7be34c4a42c5d1e60dee33423417e7444d16f0138d32ff96f3d2e9c4adc
01_raw/KWater/mywater_period/H1/group2/DATA1/2021-01-01_2021-01-30.json,raw,191220,b8d3747a805a8046d488a27d1ffb8dd20a158b43d886f2d6ea5ed502c87abd24
01_raw/KWater/mywater_period/H1/group2/DATA1/2021-01-31_2021-03-01.json,raw,191201,2e055099584ddb6efdff485aea57eff8a32047b342928420735aa1e199b7c4cb
01_raw/KWater/mywater_period/H1/group2/DATA1/2021-03-02_2021-03-31.json,raw,191391,c01a8f3df57860f84106a4bacafaa1e14efe981ff57474ebcbeb8b917f258a80
01_raw/KWater/mywater_period/H1/group2/DATA1/2021-04-01_2021-04-30.json,raw,191350,6df76975ac15042ef3c7fa67f1d2573335fd367a7f483e54198b15f02f712807
01_raw/KWater/mywater_period/H1/group2/DATA1/2021-05-01_2021-05-30.json,raw,190914,fc40e94e38f2c357d74781c07b3ee675e2427a838e5ba15dfcb5a6ddf3f242dc
01_raw/KWater/mywater_period/H1/group2/DATA1/2021-05-31_2021-06-29.json,raw,190964,543dbbbaa50aef5c1edc6b1f2870cdee2fc7ca351c42b7130bbc238d57f6dd5f
01_raw/KWater/mywater_period/H1/group2/DATA1/2021-06-30_2021-07-29.json,raw,191042,bcfe5e86d82b78dfdc05b2cb3fc6425e019bd1a8d41a9b2edb0731f24df64ead
01_raw/KWater/mywater_period/H1/group2/DATA1/2021-07-30_2021-08-28.json,raw,191087,b275943763c40a1f606b985ed788afe8a94c0c8bd9cd055967d7a1366ec68c78
01_raw/KWater/mywater_period/H1/group2/DATA1/2021-08-29_2021-09-27.json,raw,191185,552a64a0f61149e03214149f6f81640d728b68da5023933e5f63f18065ada766
01_raw/KWater/mywater_period/H1/group2/DATA1/2021-09-28_2021-10-27.json,raw,191939,38300366db052147b1646c7691ff5807ab308756380fc41c1102082b66e8ae4e
01_raw/KWater/mywater_period/H1/group2/DATA1/2021-10-28_2021-11-26.json,raw,191694,3b06f04b2cdbbf65cdee40a2340062bcb8e882a45fa89281f5f344e90298a419
01_raw/KWater/mywater_period/H1/group2/DATA1/2021-11-27_2021-12-26.json,raw,191982,3e3d3f5c36dcefb6fc280808ba4700e4f94b900e5c5692c04560354d6066650b
01_raw/KWater/mywater_period/H1/group2/DATA1/2021-12-27_2022-01-25.json,raw,191940,5d0564f1ed6dff72c6b0f8ec7f12add1b302b6bd554788a6a546b5a44815e20d
01_raw/KWater/mywater_period/H1/group2/DATA1/2022-01-26_2022-02-24.json,raw,191770,5c03806c1ff73216c4dc59b59838e8d4366cc1c31c63f89a37f9d54cefcf3b50
01_raw/KWater/mywater_period/H1/group2/DATA1/2022-02-25_2022-03-26.json,raw,191362,dfa0f00a2e4f1ef13477cee08d39153d9212c5dfb90bfbf4e4f01a858fbfe9b0
01_raw/KWater/mywater_period/H1/group2/DATA1/2022-03-27_2022-04-25.json,raw,191383,03f8447597354add88aa9f48585e47d413e6d2468671381f3292c106cc15cdea
01_raw/KWater/mywater_period/H1/group2/DATA1/2022-04-26_2022-05-25.json,raw,191128,ef4214ed2dc4b766f316b968331c5ac966734692ee6648adfbd6159624ec76e4
01_raw/KWater/mywater_period/H1/group2/DATA1/2022-05-26_2022-06-24.json,raw,191356,5fc4d59f8342c920835b4cb717c76e9c409b2acd6e761118d8d8ef9e390a2352
01_raw/KWater/mywater_period/H1/group2/DATA1/2022-06-25_2022-07-24.json,raw,191339,e0965d5bf6eeb5fdf81ae18f7aa9e397a30c8b68266a5210622f3ad5f82b0172
01_raw/KWater/mywater_period/H1/group2/DATA1/2022-07-25_2022-08-23.json,raw,191598,8317468fec13d975ae0a72d6d6a53ee1571761ce63482c6f12a17ea98fa11e85
01_raw/KWater/mywater_period/H1/group2/DATA1/2022-08-24_2022-09-22.json,raw,191954,e84384338bb6d6284f679ef6a6b220bd33f6d056400fc5ddfe34c442d12446c8
01_raw/KWater/mywater_period/H1/group2/DATA1/2022-09-23_2022-10-22.json,raw,191726,36f4d5d3589ed90f1fd7e7df3e8e7c1b3cd011a304c48d05f6297399150a3eed
01_raw/KWater/mywater_period/H1/group2/DATA1/2022-10-23_2022-11-21.json,raw,192092,da8adcf51e751c148ef73e665bfa36ac8942a3a8588047e44431853f55215c08
01_raw/KWater/mywater_period/H1/group2/DATA1/2022-11-22_2022-12-21.json,raw,192090,32690cd3a18a42f80cc102d12d44eedff165d1de0c7251e3adec5f1d1100d883
01_raw/KWater/mywater_period/H1/group2/DATA1/2022-12-22_2023-01-20.json,raw,191981,544164f7d25c16768ed6d939f6f18e2e296f25ad1fec9e9d9f28fb69d0ef8241
01_raw/KWater/mywater_period/H1/group2/DATA1/2023-01-21_2023-02-19.json,raw,192071,1dbc583bbe9e3258538bb0fd4f5dbd8aaf2199af88ddd351d7d06276538c18db
01_raw/KWater/mywater_period/H1/group2/DATA1/2023-02-20_2023-03-21.json,raw,191990,8a176be9ca15cd621fd4441c5ace8c748bbde0c4e6da31e6d247795fe59afc5c
01_raw/KWater/mywater_period/H1/group2/DATA1/2023-03-22_2023-04-20.json,raw,192089,1a33ed01f317e77f38ed317fb975802a6dc95cb34d78f37296a30fab006fe111
01_raw/KWater/mywater_period/H1/group2/DATA1/2023-04-21_2023-05-20.json,raw,191943,83b5f9b9624e2e628c3fee2ddfe1434d8ac73c2f8a2809f1e9be517825b1879d
01_raw/KWater/mywater_period/H1/group2/DATA1/2023-05-21_2023-06-19.json,raw,192086,1d16ee88d1201c1e9c8503efe464838aa08dcb74b17e2665d5b8c2fa54a5aeb1
01_raw/KWater/mywater_period/H1/group2/DATA1/2023-06-20_2023-07-19.json,raw,191987,a5bbd6b213f69b1da8c731e45c6a3c246663ea2d35e26832056c8d4c673d2f91
01_raw/KWater/mywater_period/H1/group2/DATA1/2023-07-20_2023-08-18.json,raw,191731,22939e02b2bb9d160bed30c2bc8976f8baa8a67c3096dd8c384b5ffc61802963
01_raw/KWater/mywater_period/H1/group2/DATA1/2023-08-19_2023-09-17.json,raw,191179,c28a84daeb7411b7ef3b946afef7980b94dc3d0c950d4420f29c03b2896e350a
01_raw/KWater/mywater_period/H1/group2/DATA1/2023-09-18_2023-10-17.json,raw,191706,2d8e6f41dbf0d9980556b669d364f99915527a808e26451385b6be6634e134ca
01_raw/KWater/mywater_period/H1/group2/DATA1/2023-10-18_2023-11-16.json,raw,191976,04374d1e317ca06d688499f5e614693588958bea8851fd426645f1c8257aa379
01_raw/KWater/mywater_period/H1/group2/DATA1/2023-11-17_2023-12-16.json,raw,192007,36b68dc17559da7c674fa5cf2a60f4c5538b826dedcb1b4de78c969bd6f01e1f
01_raw/KWater/mywater_period/H1/group2/DATA1/2023-12-17_2024-01-15.json,raw,191844,5aadbf3eac8143acd78ae72178b9491a08c79acaf58e4b5057d600ae130e0ae2
01_raw/KWater/mywater_period/H1/group2/DATA1/2024-01-16_2024-02-14.json,raw,191844,f6855a693b4c589dc8654daad2ab4429de019312a8e366adb873495595d0ae92
01_raw/KWater/mywater_period/H1/group2/DATA1/2024-02-15_2024-03-15.json,raw,191989,4036e1504efb5fdcd320fec30406065a2c55a9fbfad67c34c12ea66b685e304f
01_raw/KWater/mywater_period/H1/group2/DATA1/2024-03-16_2024-04-14.json,raw,191807,86b2c7ae29579655f89309c3fdf9055912d860b36dff4cee123f0a79f070bd8c
01_raw/KWater/mywater_period/H1/group2/DATA1/2024-04-15_2024-05-14.json,raw,190792,420cf50e09622eb16d97e1b75669f019c2adadcc70f1ba31f959a68ed29dcccf
01_raw/KWater/mywater_period/H1/group2/DATA1/2024-05-15_2024-06-13.json,raw,192023,75bac6591692a28cb820fa9de056af8a857357333885a44659c63b1572c50bce
01_raw/KWater/mywater_period/H1/group2/DATA1/2024-06-14_2024-07-13.json,raw,191862,d3f9779149e19337d255f8a33d7aa8df8a7bb268d135596a8a16e7107f50a9d7
01_raw/KWater/mywater_period/H1/group2/DATA1/2024-07-14_2024-08-12.json,raw,191358,344f03ccf3edf473693f8d11ada3c9ae0e5027653a3c0275ef7cde597579cf1c
01_raw/KWater/mywater_period/H1/group2/DATA1/2024-08-13_2024-09-11.json,raw,191943,84f200dcebe5537347ab3541cba5b6935f24fdf285d330ed7269d37e6847843c
01_raw/KWater/mywater_period/H1/group2/DATA1/2024-09-12_2024-10-11.json,raw,191883,6deb56991165923280f96851225258618f59743e41726d17e4780a1045987aa2
01_raw/KWater/mywater_period/H1/group2/DATA1/2024-10-12_2024-11-10.json,raw,190371,9163cd70bc0f420e11d853e9070323ededed4bcedf99f912540ff18e66dcc9e5
01_raw/KWater/mywater_period/H1/group2/DATA1/2024-11-11_2024-12-10.json,raw,191924,9014e4300e0e7226bcf8b3862949bedf5d9bf70bddf7083bd043b26843b25005
01_raw/KWater/mywater_period/H1/group2/DATA1/2024-12-11_2025-01-09.json,raw,191906,290bb648a18236fd69632da2082b56daa15295ef9144ede05d96fb598ac46ef6
01_raw/KWater/mywater_period/H1/group2/DATA1/2025-01-10_2025-02-08.json,raw,192024,e0c51fd754862b3668ee00934df0f5caf74fcd4ba7719395ea5218bef976f590
01_raw/KWater/mywater_period/H1/group2/DATA1/2025-02-09_2025-03-10.json,raw,191802,b333a70eadb7df6d719a5402a40c50b3c7f4084d494650f9d4540d8aff131325
01_raw/KWater/mywater_period/H1/group2/DATA1/2025-03-11_2025-04-09.json,raw,191672,a2b3bec66c003f6130a7ffcd81c7ab1923a9dcf542c5c61b9b619266416cabd6
01_raw/KWater/mywater_period/H1/group2/DATA1/2025-04-10_2025-05-09.json,raw,191757,f6f58e003026f560c6e472f2bbb0f376e3224f48f8a313ae1faf0e15a312d2e6
01_raw/KWater/mywater_period/H1/group2/DATA1/2025-05-10_2025-06-08.json,raw,192028,67c2754c6e71c5d3dcaa9b4ccde33d5903870f0dfd9b0b3ba3f8450ca02b6800
01_raw/KWater/mywater_period/H1/group2/DATA1/2025-06-09_2025-07-08.json,raw,191912,7677a4c38598ff800e91dfb0f07d83a4c89b7548d2900737a371e6e521fcc16d
01_raw/KWater/mywater_period/H1/group2/DATA1/2025-07-09_2025-08-07.json,raw,191961,73c02f717ec3b8c40d90929593f13d9a36540b1532017b6ca13fd75427b152c6
01_raw/KWater/mywater_period/H1/group2/DATA1/2025-08-08_2025-09-06.json,raw,191902,4cf5e20b54e68a77d688c198d6b36018b9ba8870ba1fd4209409d2be5b4ce71f
01_raw/KWater/mywater_period/H1/group2/DATA1/2025-09-07_2025-10-06.json,raw,192087,1ba8a9b4192669373bbfadc9df0b7781664022a1ed0f847f34e3cf091628382f
01_raw/KWater/mywater_period/H1/group2/DATA1/2025-10-07_2025-11-05.json,raw,192055,b589a02d508eacdce0db8b302100ea3f4afe2b2dabf95ddb24b38e5ec42ebb58
01_raw/KWater/mywater_period/H1/group2/DATA1/2025-11-06_2025-12-05.json,raw,192015,85052ef2ef9b7c867310a3887f8ae23b6fce99b2821ef277cb78d828c8ff50d2
01_raw/KWater/mywater_period/H1/group2/DATA1/2025-12-06_2026-01-04.json,raw,191968,f9b09df9565dacc299c4a834fcd54826ce37ba766eebb18429a2aa093bf0f027
01_raw/KWater/mywater_period/H1/group2/DATA1/2026-01-05_2026-02-03.json,raw,191879,847b3f27a39527eccb96a74154817417a4d7b6c992fc51d7a002371031abd578
01_raw/KWater/mywater_period/H1/group2/DATA1/2026-02-04_2026-03-05.json,raw,192053,9bd0e92d91ed879d03e4d6b2e4acef273b3d535e7b34357a8dac7c84b6bc0c2d
01_raw/KWater/mywater_period/H1/group2/DATA1/2026-03-06_2026-04-04.json,raw,192141,fd35252c3fcc4599225136e2525bf241ec9b3cf994b1872bb79a2440e4655de5
01_raw/KWater/mywater_period/H1/group2/DATA1/2026-04-05_2026-05-04.json,raw,192021,1fccb2f931a93da6b71a045fe394322b439f1f8073a04a0d562bd47b203525f7
01_raw/KWater/mywater_period/H1/group2/DATA1/2026-05-05_2026-06-03.json,raw,192039,9497b449224e7a9737be8789a804729e983593dbcb4e9bf189c1434d384d4312
01_raw/KWater/mywater_period/H1/group2/DATA1/2026-06-04_2026-07-03.json,raw,192055,e5fca39d0da97767149e42e81c8e740d0cd3e3460d0155a5d0895db0077018b4
01_raw/KWater/mywater_period/H1/group2/DATA1/2026-07-04_2026-08-02.json,raw,191511,de8b5a9ac265d38d3c3f2ae06a23ca3b2d6d19d9b21542dc881ac81a342455a7
01_raw/KWater/mywater_period/H1/group2/DATA1/2026-08-03_2026-09-01.json,raw,191255,b543810abcbfe347014915dadcc5da36b5000e2d9ef3b8593ca84bb835cdc177
01_raw/KWater/mywater_period/H1/group2/DATA1/2026-09-02_2026-09-28.json,raw,173324,3fad0f970f3e75798c6f6784bca83bb51b06a42e1b651f662a6970eb1574ff73
01_raw/KWater/mywater_period/H1/group2/DATA2/2021-01-01_2021-01-30.json,raw,180593,c273547882bd9c0f7f522d5ea93a8e567ae1c761f6d0ea9482335493b497c52a
01_raw/KWater/mywater_period/H1/group2/DATA2/2021-01-31_2021-03-01.json,raw,179917,7b0e096f2ae89a83e4442fda87729cbccca6ac3c87f96afa970a8e57fe20c341
01_raw/KWater/mywater_period/H1/group2/DATA2/2021-03-02_2021-03-31.json,raw,179697,14ca808df82c148814023e97088db39f0cc42135c3479c18f866b007e52e7dd9
01_raw/KWater/mywater_period/H1/group2/DATA2/2021-04-01_2021-04-30.json,raw,179804,c61308cc919cc7f539adeb41a9580bbc24fee8c5ae7e7699a3577a42edcd1718
01_raw/KWater/mywater_period/H1/group2/DATA2/2021-05-01_2021-05-30.json,raw,179851,4bc1b5522b4801569ea6d30b78bf7994f5f196d7ac6e774b4524b94b42efe87e
01_raw/KWater/mywater_period/H1/group2/DATA2/2021-05-31_2021-06-29.json,raw,179709,9f5c89df1af5ed8f19cc2ae6a7a0f1cb78f409d45113227db7f8d924a93a2450
01_raw/KWater/mywater_period/H1/group2/DATA2/2021-06-30_2021-07-29.json,raw,180054,7627e440285dd47a221dfb21f521554c333d3f6e102a482656ee577e6f9bb5d7
01_raw/KWater/mywater_period/H1/group2/DATA2/2021-07-30_2021-08-28.json,raw,180160,6442576b138a60b0b681d436dc8fbbc73ff58ab2efb030cebc6320876b0a0eae
01_raw/KWater/mywater_period/H1/group2/DATA2/2021-08-29_2021-09-27.json,raw,181899,03e8e9baef5526b983ce26d83147a38cd6ad5a583eb4933fef1cca000ff8ba97
01_raw/KWater/mywater_period/H1/group2/DATA2/2021-09-28_2021-10-27.json,raw,181136,522c9b676655b9d9b61ae9f740748d6b3b5ddc4719cb9aee4668b4550e5688b4
01_raw/KWater/mywater_period/H1/group2/DATA2/2021-10-28_2021-11-26.json,raw,180839,7bc9b67fc3279ef2cd74d60a30a511e232990df73b7c6b7cab439aa5e05793a1
01_raw/KWater/mywater_period/H1/group2/DATA2/2021-11-27_2021-12-26.json,raw,180589,b0f64d4481461c380b9e3b2f000fa7fcea29eb130a94fea2802927093d905d0d
01_raw/KWater/mywater_period/H1/group2/DATA2/2021-12-27_2022-01-25.json,raw,179955,8c6335feccaece7c70928672c7bfcc38d0a9127d870a79aa88719922189b0347
01_raw/KWater/mywater_period/H1/group2/DATA2/2022-01-26_2022-02-24.json,raw,179887,da19c83d3ca87cecd565fd65056dc6eedd95c68bc1bebbe56aae7ed897ce2ac1
01_raw/KWater/mywater_period/H1/group2/DATA2/2022-02-25_2022-03-26.json,raw,179823,4f009e3bb3b1d025bf3afae41c8fe0c0c67b122480a93ba6f82b5d7587383e47
01_raw/KWater/mywater_period/H1/group2/DATA2/2022-03-27_2022-04-25.json,raw,179623,95db3f30404b430405ce3ef6ce1c3396bbe403d868df080ecbe7c01332f7cd97
01_raw/KWater/mywater_period/H1/group2/DATA2/2022-04-26_2022-05-25.json,raw,179722,9a2d67a0d1a8cfb0132a43e50abf51fe313b576068f2510255e72253c9997407
01_raw/KWater/mywater_period/H1/group2/DATA2/2022-05-26_2022-06-24.json,raw,179727,956acfa30539c6f2d49d240a023a9121e767948e234541197301ed8299545f1d
01_raw/KWater/mywater_period/H1/group2/DATA2/2022-06-25_2022-07-24.json,raw,179432,126fc817ea6f9ea1725e71126767dd272d97c4315efee524da56ed150310993a
01_raw/KWater/mywater_period/H1/group2/DATA2/2022-07-25_2022-08-23.json,raw,179359,0076e16242a29d1958c2d992eeeeeb7356fc7883e739ac744faa1d8838483842
01_raw/KWater/mywater_period/H1/group2/DATA2/2022-08-24_2022-09-22.json,raw,180846,9f4a05a576a7084462dba507121d38bfbc1172021f0f9f1aaceaff7782a26db1
01_raw/KWater/mywater_period/H1/group2/DATA2/2022-09-23_2022-10-22.json,raw,181783,1df841f8a4c701f8d87226abf3de6845a3b067aff2bc5c5b7dd0559893f0f987
01_raw/KWater/mywater_period/H1/group2/DATA2/2022-10-23_2022-11-21.json,raw,181308,ce58a0990ab40bc329893858c2ea2ee6482ffef63d8758fe09082f4c0178cd17
01_raw/KWater/mywater_period/H1/group2/DATA2/2022-11-22_2022-12-21.json,raw,180668,99012785545951a00b6ec02f67258f48001109441072a3d74500e70eeab126e2
01_raw/KWater/mywater_period/H1/group2/DATA2/2022-12-22_2023-01-20.json,raw,179889,07a74794f4fd7bcdabf7f177c8fc5e9efa65b58f6e296a12a9918dfbda193090
01_raw/KWater/mywater_period/H1/group2/DATA2/2023-01-21_2023-02-19.json,raw,179299,21db1eeb72fe1a8a589c3b192ad165ad9e9c98eff1ca9a09438025afa2b95ec9
01_raw/KWater/mywater_period/H1/group2/DATA2/2023-02-20_2023-03-21.json,raw,179391,7143ce33c0d4b6dc88c2980ed5902fdfdf74ad5e9907bc4c4153c4ba85a35d92
01_raw/KWater/mywater_period/H1/group2/DATA2/2023-03-22_2023-04-20.json,raw,179123,3027f2b0f8e3826ca4b10beab5ab276b4dc5c581e265d0a8fd3b99cf99fc9fe5
01_raw/KWater/mywater_period/H1/group2/DATA2/2023-04-21_2023-05-20.json,raw,179477,3f8b49f386e39ee99b206240811057086de53bc6fa4188c75dfd5a7339d428fc
01_raw/KWater/mywater_period/H1/group2/DATA2/2023-05-21_2023-06-19.json,raw,179685,9c696cb7befb13dc3ebfbe8d621865296e95ccfabad9ecc535989141d52c5575
01_raw/KWater/mywater_period/H1/group2/DATA2/2023-06-20_2023-07-19.json,raw,180104,b3b66b9c27f5abb1edff57652e545d66c9a635510d0328593d971008722c07c4
01_raw/KWater/mywater_period/H1/group2/DATA2/2023-07-20_2023-08-18.json,raw,181765,a1500f02168917a5b5086b334296a27caa05a18703b272bb7c8564e684519b2b
01_raw/KWater/mywater_period/H1/group2/DATA2/2023-08-19_2023-09-17.json,raw,181706,cb68d7df3aacf71b977d30d0d2e33bbc375bd0f15e5a6a5b8c0f4aefc0c3928e
01_raw/KWater/mywater_period/H1/group2/DATA2/2023-09-18_2023-10-17.json,raw,182034,e146190db27748ae196f4430acdcd4db52d761cc9c5241401efcf80ed4f6a702
01_raw/KWater/mywater_period/H1/group2/DATA2/2023-10-18_2023-11-16.json,raw,181520,39619d043d066895068ab91aed99c154cef68569083f28b3ccb042c7da9ec686
01_raw/KWater/mywater_period/H1/group2/DATA2/2023-11-17_2023-12-16.json,raw,180508,a1a4220acf5a4b23a90fab6263858c3f77c0fff2dada75b5aae1c9e7d294020e
01_raw/KWater/mywater_period/H1/group2/DATA2/2023-12-17_2024-01-15.json,raw,181571,b3fba76796d800f3228dc4bd4df184685812af2b03c76b0c213957a325f992c5
01_raw/KWater/mywater_period/H1/group2/DATA2/2024-01-16_2024-02-14.json,raw,180188,9022a245a4aea09d970cd9c6b23e88651f807aca76da15bac9f5f14b112e628c
01_raw/KWater/mywater_period/H1/group2/DATA2/2024-02-15_2024-03-15.json,raw,181262,0972db128415cd876831a199413425bab37353eceff58918088a1b63df28348d
01_raw/KWater/mywater_period/H1/group2/DATA2/2024-03-16_2024-04-14.json,raw,181291,11d125bdb259e828442f241cd3076ac0935b75dfcd90d5fec51fc1c6819b32e0
01_raw/KWater/mywater_period/H1/group2/DATA2/2024-04-15_2024-05-14.json,raw,181169,b71104346ed428fe604242b53411147e2606da8b4c0c469dc623aec189e014db
01_raw/KWater/mywater_period/H1/group2/DATA2/2024-05-15_2024-06-13.json,raw,180931,4faec3f5a907aed81d65e53274c90e8aa3571e5207d3c09b7caaf1c4885c548b
01_raw/KWater/mywater_period/H1/group2/DATA2/2024-06-14_2024-07-13.json,raw,179964,3563d3c3aa77582099ee2d170b23bc150e701b66107d542777816fd65c4a2e0e
01_raw/KWater/mywater_period/H1/group2/DATA2/2024-07-14_2024-08-12.json,raw,180150,c96511b9cd3aa87e036f8e412f7db2b64cad5d694797f01f18ce4acd9099969b
01_raw/KWater/mywater_period/H1/group2/DATA2/2024-08-13_2024-09-11.json,raw,179534,d523095a030e55df3152d493bb784b419259336210f252ca44d0852f09eadf90
01_raw/KWater/mywater_period/H1/group2/DATA2/2024-09-12_2024-10-11.json,raw,180115,8955d3298e41e3cce881f278649be633bd0e4b9e95bc1754b803f4e594df89f4
01_raw/KWater/mywater_period/H1/group2/DATA2/2024-10-12_2024-11-10.json,raw,180692,625779c074f1e2d966a3026ea652f41a90263517a90672a5519e4779efef495c
01_raw/KWater/mywater_period/H1/group2/DATA2/2024-11-11_2024-12-10.json,raw,180120,6bf129fc589b9fdbc52cd1d9bb1485e0e602ab8fc2c3cfbbcddb13b71628d1d3
01_raw/KWater/mywater_period/H1/group2/DATA2/2024-12-11_2025-01-09.json,raw,179877,8f85d5e0e8e366fac540ab682a09d5df9bcfbe7d2c9dcd709042699d3dfbd97b
01_raw/KWater/mywater_period/H1/group2/DATA2/2025-01-10_2025-02-08.json,raw,179862,6a31009a1650980e43cd599b159c805942ec507de16b277e8225a325f40a3986
01_raw/KWater/mywater_period/H1/group2/DATA2/2025-02-09_2025-03-10.json,raw,179102,a1ef37deb5b465691875ea688c28074149323ddf26b35ab8e7fb45b164a4757b
01_raw/KWater/mywater_period/H1/group2/DATA2/2025-03-11_2025-04-09.json,raw,179757,f3d2b52a4afa87fe352c23a7f1ed2de9f5e065178fe28b12a9bb291f38bb68f4
01_raw/KWater/mywater_period/H1/group2/DATA2/2025-04-10_2025-05-09.json,raw,180041,ef9a72fa117a4103e2d16467c3a7f9376daed4b07fb718afb969be60622be9a3
01_raw/KWater/mywater_period/H1/group2/DATA2/2025-05-10_2025-06-08.json,raw,179222,6c6916dbdf2db4721d3971828293c7a7c2044139c77d457f4ff3d4ac52ffd48e
01_raw/KWater/mywater_period/H1/group2/DATA2/2025-06-09_2025-07-08.json,raw,179697,81d4c94c41eb32c4618465c85a55575326ae20cb8e3cc7e0ba88f118db4ad6d6
01_raw/KWater/mywater_period/H1/group2/DATA2/2025-07-09_2025-08-07.json,raw,180836,6d16aa9355482bdf7e3348a5fd9aa47b789a817b53ea8f504fcf44bc50c109be
01_raw/KWater/mywater_period/H1/group2/DATA2/2025-08-08_2025-09-06.json,raw,180847,36d5ef27da8dab6809d529762764a9c4dd697c9e86ef5ee6784538eb4449196b
01_raw/KWater/mywater_period/H1/group2/DATA2/2025-09-07_2025-10-06.json,raw,179592,fb100950b920ca47a4ec46d9c07774e50f1581dd07464f6ad97dcfdac99d17bd
01_raw/KWater/mywater_period/H1/group2/DATA2/2025-10-07_2025-11-05.json,raw,179529,db5a0dd088fea728637750aa35376b6349a9ce8f451c4416579a33ebd07b08c2
01_raw/KWater/mywater_period/H1/group2/DATA2/2025-11-06_2025-12-05.json,raw,179692,8d09850e87fd00f512565566e76d9870b12373c9c1570a1495b069c45f58d588
01_raw/KWater/mywater_period/H1/group2/DATA2/2025-12-06_2026-01-04.json,raw,179655,97577dfd39a8c7477981b0ec8506cf402fa703baceaff7be8ce984ffba29009a
01_raw/KWater/mywater_period/H1/group2/DATA2/2026-01-05_2026-02-03.json,raw,179545,7da86c91185dfcd55d686547365ec032166b37da64ea54c50b157c337e6541f4
01_raw/KWater/mywater_period/H1/group2/DATA2/2026-02-04_2026-03-05.json,raw,178948,ae64080571e518f88f26f4aeb46c47f678f8fa27ce76a926fbc2090c80df162e
01_raw/KWater/mywater_period/H1/group2/DATA2/2026-03-06_2026-04-04.json,raw,179018,0317df08a03a25c2c1a80ee61f2ee8a7e0e6fcc4a58eeccdb14a796c3c085321
01_raw/KWater/mywater_period/H1/group2/DATA2/2026-04-05_2026-05-04.json,raw,178837,209ca103b860abae9decc579f30b030fd5fc85b1de70f1fa52cbe46c2f33b5de
01_raw/KWater/mywater_period/H1/group2/DATA2/2026-05-05_2026-06-03.json,raw,179644,b9c41db70163c42a7336312e33d113941679e29a74a469a7eb15367a75b0db0a
01_raw/KWater/mywater_period/H1/group2/DATA2/2026-06-04_2026-07-03.json,raw,179819,27dd1b9db87d6de80cf9e8bcc514590ab655255a2c13101e154a297004ec1ee7
01_raw/KWater/mywater_period/H1/group2/DATA2/2026-07-04_2026-08-02.json,raw,179830,1ecb4a7da5c5daed86745d562606f18b13d586179c14cd4c77de93bf4418c5c7
01_raw/KWater/mywater_period/H1/group2/DATA2/2026-08-03_2026-09-01.json,raw,179720,19ce16e3377a031cc73fc53495cf86314908a5f198d080cf51c9c76ad427dce3
01_raw/KWater/mywater_period/H1/group2/DATA2/2026-09-02_2026-09-28.json,raw,162154,df72f7bbc1ae6c2e0b9c6a8806fe063d080203cfc422a93051b478adcb7e335a
01_raw/KWater/mywater_period/H1/group2/DATA3/2021-01-01_2021-01-30.json,raw,144204,79572d7c799b90efae58b95f18b4a7f9d5fd9cd4e932fe4666c2547299737002
01_raw/KWater/mywater_period/H1/group2/DATA3/2021-01-31_2021-03-01.json,raw,144439,4a236b7587547f8ba69780f36c9398bcb16ff13f0af9a1dc2028cdd5e7b1a126
01_raw/KWater/mywater_period/H1/group2/DATA3/2021-03-02_2021-03-31.json,raw,144753,fbf4f60193e90a39adfdb800711cf9973dfafe86338d9a756857e69d57fc0eb7
01_raw/KWater/mywater_period/H1/group2/DATA3/2021-04-01_2021-04-30.json,raw,144499,989ebcf655e295b8b95d83f3352b27d327838719219433cec178d625e0297cb2
01_raw/KWater/mywater_period/H1/group2/DATA3/2021-05-01_2021-05-30.json,raw,145466,df65e1c4a6a88122d5bbc9ebe938beb9b9eccb21741c11a6cfc383aeff48f73c
01_raw/KWater/mywater_period/H1/group2/DATA3/2021-05-31_2021-06-29.json,raw,144943,a943ff7e019e78f5e67d4be109b79a6ed528238e942cf0b2fc5e17604bbd75fd
01_raw/KWater/mywater_period/H1/group2/DATA3/2021-06-30_2021-07-29.json,raw,145737,034535d5899bfa4ba53ef27a7898343a19c3bb4e78c629bd7d28818c8fafcb73
01_raw/KWater/mywater_period/H1/group2/DATA3/2021-07-30_2021-08-28.json,raw,147060,6b0dbf70595be119bae287d5e4814c5b2f2cbef8353d47787721887289d86fb7
01_raw/KWater/mywater_period/H1/group2/DATA3/2021-08-29_2021-09-27.json,raw,145502,4904616dc064e79b432014e983f81eb96f26a9acf4a5a6f2c6f65866daa53794
01_raw/KWater/mywater_period/H1/group2/DATA3/2021-09-28_2021-10-27.json,raw,145278,134cd21046600e4e80b748f06c60613a1b00f58ef23a207ff4bd3cf10b65b1c4
01_raw/KWater/mywater_period/H1/group2/DATA3/2021-10-28_2021-11-26.json,raw,144005,3606328f82a09959bae56007d7c895f6b21dfb61d81799fd662afab3c214fd9b
01_raw/KWater/mywater_period/H1/group2/DATA3/2021-11-27_2021-12-26.json,raw,143987,80d90d63dc372167366ae38247ff898ee2712f3653a3b2019a88677b136a02c1
01_raw/KWater/mywater_period/H1/group2/DATA3/2021-12-27_2022-01-25.json,raw,143529,064dda1a2358d4221c6c868dc63e183c4f9f89eeafb4dbf18a3a2cd8682e16cd
01_raw/KWater/mywater_period/H1/group2/DATA3/2022-01-26_2022-02-24.json,raw,143626,9224faf36b0890c475b26f85f8a82f357d031bdc422574422a33a3aa9d5a9df2
01_raw/KWater/mywater_period/H1/group2/DATA3/2022-02-25_2022-03-26.json,raw,144734,6bd23ae0c9f727fe1dfd60e5d213f413b83a72e10063343985a96b4ae9922461
01_raw/KWater/mywater_period/H1/group2/DATA3/2022-03-27_2022-04-25.json,raw,143874,f5d4ac6c9013f1cb886e2d6d62a9e0b9dd1148ab7bdaa8837de59aa1e72dfe01
01_raw/KWater/mywater_period/H1/group2/DATA3/2022-04-26_2022-05-25.json,raw,144166,c1c67826ee542284070532fff48e6864169ca5384c73806424d8a9812041a57f
01_raw/KWater/mywater_period/H1/group2/DATA3/2022-05-26_2022-06-24.json,raw,144939,b7af612b87914b16d4c63bb9542b4d01a29f61e584d3f3cb94a630920d7b9bba
01_raw/KWater/mywater_period/H1/group2/DATA3/2022-06-25_2022-07-24.json,raw,145715,8090232c85c3273c8a0db6a4a444e62b30f23e96ccfd8328c7e906d6c3ac0c94
01_raw/KWater/mywater_period/H1/group2/DATA3/2022-07-25_2022-08-23.json,raw,145547,b728835f0ceca139bb2b1dafe03c18effadcff68af2c3817bcca73dd6e7d8b92
01_raw/KWater/mywater_period/H1/group2/DATA3/2022-08-24_2022-09-22.json,raw,145767,d3a3c903e6ad4350e965af2617ca6f6a8bcf488e93710a9e662c81ed22db7a52
01_raw/KWater/mywater_period/H1/group2/DATA3/2022-09-23_2022-10-22.json,raw,144207,23354a4571d261e866ed6bd8f1dcc5324c7e48e11e449ed6a227fd1d8202eea4
01_raw/KWater/mywater_period/H1/group2/DATA3/2022-10-23_2022-11-21.json,raw,143919,8fbf240355d09b25754efbbd2b75c5ae37d1e302b162b8c4cbcd318c7079a642
01_raw/KWater/mywater_period/H1/group2/DATA3/2022-11-22_2022-12-21.json,raw,144488,d5b2fb0ebe808417ca557ac89a542321a1dea0b087ae478a2a87150f885d7217
01_raw/KWater/mywater_period/H1/group2/DATA3/2022-12-22_2023-01-20.json,raw,144235,0e21388fdcaf85450d3a307a1dcac2142be3c4c7b56b17757aba0d755aefef3c
01_raw/KWater/mywater_period/H1/group2/DATA3/2023-01-21_2023-02-19.json,raw,144105,d937fd1abceeb13662a7b11d78a1e28eec29e342176613c01e0993468c253a8d
01_raw/KWater/mywater_period/H1/group2/DATA3/2023-02-20_2023-03-21.json,raw,143736,2ba5fe40fc85b898941a85f72d07b135e6b55c8a6aa7486d1e8e66092aff73aa
01_raw/KWater/mywater_period/H1/group2/DATA3/2023-03-22_2023-04-20.json,raw,144776,f803c19edf3a4735970b27775a2c1a96c04ffe83c80026e7eb22080b39819e63
01_raw/KWater/mywater_period/H1/group2/DATA3/2023-04-21_2023-05-20.json,raw,145297,ea5112422680a52ba6e8f7d0d4e016c58b3f65bc80fef76671aed836984ec140
01_raw/KWater/mywater_period/H1/group2/DATA3/2023-05-21_2023-06-19.json,raw,144851,30e72517a96f73e906c8aa509148b5f73a6963d19e44dea402415031990f642b
01_raw/KWater/mywater_period/H1/group2/DATA3/2023-06-20_2023-07-19.json,raw,147675,fbcebfb5edaab42f1ed5fe1b0c41950d3e7a6d02e6d4d43e538cbbfdea3c9dae
01_raw/KWater/mywater_period/H1/group2/DATA3/2023-07-20_2023-08-18.json,raw,145157,9d55f819a43e02c5c32a735ac4283ca8e52d830bc111788179c8af1e5e541b6f
01_raw/KWater/mywater_period/H1/group2/DATA3/2023-08-19_2023-09-17.json,raw,146514,b5424730047314a410725bf815953bd91bd132778ee11314480c6054e3a1b7c5
01_raw/KWater/mywater_period/H1/group2/DATA3/2023-09-18_2023-10-17.json,raw,144832,6a86c37515188a91d9873826ebf361f538a98010ab0bf8d7f6f94892db8fdbb9
01_raw/KWater/mywater_period/H1/group2/DATA3/2023-10-18_2023-11-16.json,raw,144355,6ba39822e2a810676cd9d8a6bdde358f8467140862d1fb87e82e341863fbcc07
01_raw/KWater/mywater_period/H1/group2/DATA3/2023-11-17_2023-12-16.json,raw,144842,d12ce9d922a616e99ab65838cef7f9fa889733b78ebe8fd654040d951a170b9b
01_raw/KWater/mywater_period/H1/group2/DATA3/2023-12-17_2024-01-15.json,raw,143863,dce5919563a2eb1062f777e8f0049b6e5c4ca91d274ad778e3ee652170e42acf
01_raw/KWater/mywater_period/H1/group2/DATA3/2024-01-16_2024-02-14.json,raw,145110,8353400a299d2922afda6d4c78325b1bc105782c37cc04600ad91c6c35b07b35
01_raw/KWater/mywater_period/H1/group2/DATA3/2024-02-15_2024-03-15.json,raw,145589,024a8755c25863b419e75d69312af3a639db2968ac79dd7c398240073dba0ddf
01_raw/KWater/mywater_period/H1/group2/DATA3/2024-03-16_2024-04-14.json,raw,144944,66843f41899f356fc80cd8634a012e4991cc973de683adf769613c7624cedb5c
01_raw/KWater/mywater_period/H1/group2/DATA3/2024-04-15_2024-05-14.json,raw,145512,681ffd179f93c1b09eb5a020e5d0d508b31ac3666c09b35db9dde4edd527ba66
01_raw/KWater/mywater_period/H1/group2/DATA3/2024-05-15_2024-06-13.json,raw,144221,27f7533c7e74dfdd14199cb42e3fedf83319b7eedd57e3630a7af01efa4434c1
01_raw/KWater/mywater_period/H1/group2/DATA3/2024-06-14_2024-07-13.json,raw,145972,5c5c3585c7df001315eb586e709d94dc69be8969d16bafe63181ea00609cf04a
01_raw/KWater/mywater_period/H1/group2/DATA3/2024-07-14_2024-08-12.json,raw,145200,5297ebfe7bb3322527a8f3912647b87288cd1c171ddc8a41102644efb611aa83
01_raw/KWater/mywater_period/H1/group2/DATA3/2024-08-13_2024-09-11.json,raw,145525,3b50bca56a0dd7f7bf84b42afed295c43aab34e629a24275ac5123e8381c1c88
01_raw/KWater/mywater_period/H1/group2/DATA3/2024-09-12_2024-10-11.json,raw,145903,2c57b052fdf02d7ec4db0a40e8b69183c6b67bc86c846af42157d3828df56c9a
01_raw/KWater/mywater_period/H1/group2/DATA3/2024-10-12_2024-11-10.json,raw,145550,f75cc87c35642fbea6093b4359f6b2955d2e15867e3122cc7631c93dbb8e8324
01_raw/KWater/mywater_period/H1/group2/DATA3/2024-11-11_2024-12-10.json,raw,144071,118208106fb37929e7d471b4134d592e70bc917de456598e685fedcc53593e51
01_raw/KWater/mywater_period/H1/group2/DATA3/2024-12-11_2025-01-09.json,raw,143910,bfc63f4fc97f558d9330a337f816188fd7db609302598b25da3502d45afae36a
01_raw/KWater/mywater_period/H1/group2/DATA3/2025-01-10_2025-02-08.json,raw,144448,d2e56d2a120bb8f89609cb639ab06efd779242978fb256532ef6a55828d56a5d
01_raw/KWater/mywater_period/H1/group2/DATA3/2025-02-09_2025-03-10.json,raw,144517,bf4f6a64f8d2169dd385a0affa9354f0ade6f3a5440cba3217938a96a4e9a303
01_raw/KWater/mywater_period/H1/group2/DATA3/2025-03-11_2025-04-09.json,raw,144405,e32a6c93a8cc206f26dfe5b1c549f346a97cb424f56e85fbdc000f01915dc0c6
01_raw/KWater/mywater_period/H1/group2/DATA3/2025-04-10_2025-05-09.json,raw,145173,735e0d59a9463596fac57e5ac99b3d1c2b958272c1153249afd8c35a4a84c77e
01_raw/KWater/mywater_period/H1/group2/DATA3/2025-05-10_2025-06-08.json,raw,144390,badd4df4ede4486c23d2734c21c4ea03a8b1d3e1a32a1810eeebce2464787cf0
01_raw/KWater/mywater_period/H1/group2/DATA3/2025-06-09_2025-07-08.json,raw,145107,fb9e333c039c7b448d6f77762f86b6dd8f8cc22aaea5162783765d7079eadf9a
01_raw/KWater/mywater_period/H1/group2/DATA3/2025-07-09_2025-08-07.json,raw,146080,d5d3ddb6f7d852579d1ea99bb940144e27feb458c179fe8f227b7857bea24f54
01_raw/KWater/mywater_period/H1/group2/DATA3/2025-08-08_2025-09-06.json,raw,144860,8b226b56b2ceb48d7af125f90a951610b61a0cc17b65293d83c4927e3ebc7dc2
01_raw/KWater/mywater_period/H1/group2/DATA3/2025-09-07_2025-10-06.json,raw,146155,bddc628e4ca755ea243d0aea2b11975d09ed6bb4fb74592226b5e7c856d19fe7
01_raw/KWater/mywater_period/H1/group2/DATA3/2025-10-07_2025-11-05.json,raw,145698,caebbbab5545d60b05085ccf17497d6f75d40eb3f589aa2ff4eea6d1be1110ea
01_raw/KWater/mywater_period/H1/group2/DATA3/2025-11-06_2025-12-05.json,raw,143943,ffb0111dc2021a8437642c0bec46a5e3d5259380b44a1ceb59f834a0f5304176
01_raw/KWater/mywater_period/H1/group2/DATA3/2025-12-06_2026-01-04.json,raw,144052,3dc82e26a6757df54944ec2bbe4df87caba47d7688d477e3386d562d39bb1c57
01_raw/KWater/mywater_period/H1/group2/DATA3/2026-01-05_2026-02-03.json,raw,143665,cd9428e73470d92b363ff94b44745bc5710056da287f9c7ba4a401ab75823060
01_raw/KWater/mywater_period/H1/group2/DATA3/2026-02-04_2026-03-05.json,raw,144469,47c92262d9933a2c575f1e67f47e4ec28870f40869916e36140ed64a683e4324
01_raw/KWater/mywater_period/H1/group2/DATA3/2026-03-06_2026-04-04.json,raw,144585,4b36fea91b35323e1f0a117d07653d8143aff334c27e4b891b789edbc1ab98f8
01_raw/KWater/mywater_period/H1/group2/DATA3/2026-04-05_2026-05-04.json,raw,144631,be19b06ffffe80d078aea8e69607eb086c5764687c4088464108aca47e57ef0b
01_raw/KWater/mywater_period/H1/group2/DATA3/2026-05-05_2026-06-03.json,raw,144874,c905aca95b3c1510c52789729c78e2c1b3ee602aa05803951c04be2a5b647399
01_raw/KWater/mywater_period/H1/group2/DATA3/2026-06-04_2026-07-03.json,raw,144768,d604bf08a9ec8171c41fa9bf56103346b96c677e8a5df3d33bd3464a3bc73654
01_raw/KWater/mywater_period/H1/group2/DATA3/2026-07-04_2026-08-02.json,raw,144685,8237246d7cdcfe8e938e0ddd4b9e16dc1ab9d8474beacaa8a6924498f3ce7c7a
01_raw/KWater/mywater_period/H1/group2/DATA3/2026-08-03_2026-09-01.json,raw,146282,97eb78391af44f2b05523e57609f97c280ca536ab6347b7b833ad2db4b71196f
01_raw/KWater/mywater_period/H1/group2/DATA3/2026-09-02_2026-09-28.json,raw,130274,cc6ab64fdf90e8d8c68f4812bc00738590cae9b2ff620af56a8e47355a61eea4
01_raw/KWater/mywater_period/H1/group2/DATA4/2021-01-01_2021-01-30.json,raw,167337,5298ac0940957c687134e12a0defd2235b7245a321b023682a0ed9b018778327
01_raw/KWater/mywater_period/H1/group2/DATA4/2021-01-31_2021-03-01.json,raw,167306,93f88796b78097f794519cdf176543fa435b630bc12a468373242ffec9da31ba
01_raw/KWater/mywater_period/H1/group2/DATA4/2021-03-02_2021-03-31.json,raw,170102,73046b4f376f502c44f7bb4175826e5c7f9d8a5bd24215d97d375923e56f28db
01_raw/KWater/mywater_period/H1/group2/DATA4/2021-04-01_2021-04-30.json,raw,169479,9eeb87c95bd345e54ba88d238bf625a37b214c43d4f524379cf8897ca8e14fe8
01_raw/KWater/mywater_period/H1/group2/DATA4/2021-05-01_2021-05-30.json,raw,168765,6951a34df97d7f4bb4e3038ea98774b91bc2e9d402f5bff304e5c4f42e1450b7
01_raw/KWater/mywater_period/H1/group2/DATA4/2021-05-31_2021-06-29.json,raw,168323,e0a0d8eab1a621649977672ce025fb6af3fd27a1c8cc15a614ab29b32324fb7d
01_raw/KWater/mywater_period/H1/group2/DATA4/2021-06-30_2021-07-29.json,raw,169457,04fd49dc882048a28b11c303742cf8de346471c7b0ab6f7df15de4614f54a4c0
01_raw/KWater/mywater_period/H1/group2/DATA4/2021-07-30_2021-08-28.json,raw,171132,a4bca7d55dca8a1fca9cf169ab3f1baa99ae502905577645b3ca89721c346ae2
01_raw/KWater/mywater_period/H1/group2/DATA4/2021-08-29_2021-09-27.json,raw,168437,5f59e009495138aca96147d303ac0702f11d93335a516a12c08a6ff3c1485437
01_raw/KWater/mywater_period/H1/group2/DATA4/2021-09-28_2021-10-27.json,raw,168498,eb0dbed94ede6b340e023ac8d73a7960817fbbbacfc7c7aca7ce0ba30f636587
01_raw/KWater/mywater_period/H1/group2/DATA4/2021-10-28_2021-11-26.json,raw,167486,fac984c727d1bb5342cf89cf21034f7e9bdff39be1f8ab6bff89eda49f6ee788
01_raw/KWater/mywater_period/H1/group2/DATA4/2021-11-27_2021-12-26.json,raw,166923,3dc6b238a7e2ca9e20a1fa23796b8f425daf04502040be2057688bf5deed4746
01_raw/KWater/mywater_period/H1/group2/DATA4/2021-12-27_2022-01-25.json,raw,166809,dd173658fa8a43ec1969acd893a84ddb7874a04ccd1c0c5054bcf715ae4939d1
01_raw/KWater/mywater_period/H1/group2/DATA4/2022-01-26_2022-02-24.json,raw,165328,e906baafcfec311325e62a54c64cbcc1ca1871c87eb545d6d41a9b246457ac98
01_raw/KWater/mywater_period/H1/group2/DATA4/2022-02-25_2022-03-26.json,raw,166341,1b87a597bbdb0c9626bbf1f77e2dd7e05bbab80ff34ce727e2cde29ae6667dc6
01_raw/KWater/mywater_period/H1/group2/DATA4/2022-03-27_2022-04-25.json,raw,166949,cd02ba6b7594670633d315090799fe062d75b01fb0f84a55a0c8b97587e02e21
01_raw/KWater/mywater_period/H1/group2/DATA4/2022-04-26_2022-05-25.json,raw,166801,27413482287265c5699ddc1f2ae8d08fe9c6c4bbea959ac61e7bbee66ac1be7a
01_raw/KWater/mywater_period/H1/group2/DATA4/2022-05-26_2022-06-24.json,raw,165755,c14111569acd091b032d9a7a78418f41375487cab6616038c15dd6524bd032e9
01_raw/KWater/mywater_period/H1/group2/DATA4/2022-06-25_2022-07-24.json,raw,168781,52980f5d6b42afd80cdaf00c82a043d1e28fa314d189b90d7a20cb504a27fe05
01_raw/KWater/mywater_period/H1/group2/DATA4/2022-07-25_2022-08-23.json,raw,168193,b4dc817c25b843bd710339071b6858188a0dcfe52bf1e6c3a74f6c45e28bf724
01_raw/KWater/mywater_period/H1/group2/DATA4/2022-08-24_2022-09-22.json,raw,170099,31bc6823e339ac28cb1d7a296062722926f4762054d113c5239b1e347d9b0e1b
01_raw/KWater/mywater_period/H1/group2/DATA4/2022-09-23_2022-10-22.json,raw,166278,5d7a4762ebc7f99b628d2bbb594ddb3313739e72f927d45267a69008a07c4447
01_raw/KWater/mywater_period/H1/group2/DATA4/2022-10-23_2022-11-21.json,raw,165998,e049d9efc5320f2459cab16ff0c9a3aeff90335325a14fa643c06fa675193d4a
01_raw/KWater/mywater_period/H1/group2/DATA4/2022-11-22_2022-12-21.json,raw,167208,03f2001c4e816712f9df3aefe59125f3968aaab73a2483b73d962a5972c7f9ab
01_raw/KWater/mywater_period/H1/group2/DATA4/2022-12-22_2023-01-20.json,raw,167023,2d45f59ad8a0ff19174ed82ae29fc6eae3561348991a32b5480117e2c3e09b4a
01_raw/KWater/mywater_period/H1/group2/DATA4/2023-01-21_2023-02-19.json,raw,167376,5eb9cad5ac23977802ee309248df17259ebf709eaf64c3301edb69f01e4bee0a
01_raw/KWater/mywater_period/H1/group2/DATA4/2023-02-20_2023-03-21.json,raw,165973,1865dda8892ac9319a22057b258b510a1d3c8947329cf43f492a0368ae184643
01_raw/KWater/mywater_period/H1/group2/DATA4/2023-03-22_2023-04-20.json,raw,167287,dcd614321756f6d14cf3567935a312698cf2186647ebf876c0cf72cbc5e602df
01_raw/KWater/mywater_period/H1/group2/DATA4/2023-04-21_2023-05-20.json,raw,167115,8dffb51d28f436e99803ff41a422e23075c209396a5d8d59e742f4a308f16b47
01_raw/KWater/mywater_period/H1/group2/DATA4/2023-05-21_2023-06-19.json,raw,166981,a3e461d222be7e5bac7d401b67b58174c37e2183d468c90fbe42da05c96876fc
01_raw/KWater/mywater_period/H1/group2/DATA4/2023-06-20_2023-07-19.json,raw,172659,57038e566d665c34e3effa17b3db0159bda3fa014b621fe7f61690863efaf995
01_raw/KWater/mywater_period/H1/group2/DATA4/2023-07-20_2023-08-18.json,raw,168141,fbc04392b73cbfb9bf38896c347311f07fadc250422efa884a289c516ee45e5e
01_raw/KWater/mywater_period/H1/group2/DATA4/2023-08-19_2023-09-17.json,raw,170856,7b703418a2e1991281cb3c8f16d97531d7843e10558a897dbcd4ada24f77d3c9
01_raw/KWater/mywater_period/H1/group2/DATA4/2023-09-18_2023-10-17.json,raw,168719,113502cddd355235a9d988e58638f06c186ae4bed778957b33ec5bc095255ea0
01_raw/KWater/mywater_period/H1/group2/DATA4/2023-10-18_2023-11-16.json,raw,165529,6a0d102ea5454cc305c1922003225eb8ee3fae13e11dae654125964abe168d10
01_raw/KWater/mywater_period/H1/group2/DATA4/2023-11-17_2023-12-16.json,raw,168053,4c81f5a38360e5a48623555d0802427ea632b6e0856bc53b79e087b3f8abab62
01_raw/KWater/mywater_period/H1/group2/DATA4/2023-12-17_2024-01-15.json,raw,167771,6cf1471c382805633efbb92f555039d93a9911f5154df0998bc666f11e83990d
01_raw/KWater/mywater_period/H1/group2/DATA4/2024-01-16_2024-02-14.json,raw,168490,70ff89220c3fb920f5f1d4e32dcc0a1c9c4c797393752d77167ab2adb804b679
01_raw/KWater/mywater_period/H1/group2/DATA4/2024-02-15_2024-03-15.json,raw,171837,e8a8d2289c531e4515349af0def37c820c0ae1e90eae43738459bad5250c2893
01_raw/KWater/mywater_period/H1/group2/DATA4/2024-03-16_2024-04-14.json,raw,170990,911aff458a918b717fc6012363e3d7f78d1e39f547e559cbdb785edcc37a18c0
01_raw/KWater/mywater_period/H1/group2/DATA4/2024-04-15_2024-05-14.json,raw,169495,9a8474f1291c3f040112f122d216c85bd73da9cb0797fda4b633f86ebe24521b
01_raw/KWater/mywater_period/H1/group2/DATA4/2024-05-15_2024-06-13.json,raw,165725,47d31fcc3a9a6b5066f42bfa44c80920fbdd1d71698bdda5cf21b49f3672e75e
01_raw/KWater/mywater_period/H1/group2/DATA4/2024-06-14_2024-07-13.json,raw,167997,beb0fa4ab1fa539119672953b66c9ec16db45ae76ffb1882d1311383d8583fc9
01_raw/KWater/mywater_period/H1/group2/DATA4/2024-07-14_2024-08-12.json,raw,167869,ce838361cafbb09918df0a37c1296cab3ac564ebbae0688c8f4c29083cafdabb
01_raw/KWater/mywater_period/H1/group2/DATA4/2024-08-13_2024-09-11.json,raw,166483,e123c20a23e9f61e9f95aa0738a06ea6f24398e1564f5fbcc42c47392bc875ce
01_raw/KWater/mywater_period/H1/group2/DATA4/2024-09-12_2024-10-11.json,raw,168797,a4ca187a27090a5753a23ccbb03705547f33b47a7b276a7ac891b600c87c67c4
01_raw/KWater/mywater_period/H1/group2/DATA4/2024-10-12_2024-11-10.json,raw,170264,4b663090c678a5212924899b4726bfeddb75b4b08028d37a962ca2f6b59fb873
01_raw/KWater/mywater_period/H1/group2/DATA4/2024-11-11_2024-12-10.json,raw,165110,55486e2e41e64cccdd7ccd33906b5ef50c7f4badc821250f9012400fe98927bc
01_raw/KWater/mywater_period/H1/group2/DATA4/2024-12-11_2025-01-09.json,raw,165142,6e86336265f1dd2eb8c3c1e7cdb7402e192dd95b2fd06dad3659f0531169713d
01_raw/KWater/mywater_period/H1/group2/DATA4/2025-01-10_2025-02-08.json,raw,165152,64ff91282ad4697c9aad279318b396973f533d0e03e1abbcb731a0582226c70b
01_raw/KWater/mywater_period/H1/group2/DATA4/2025-02-09_2025-03-10.json,raw,167250,57afd0cc49f969e7fb78f19f54544801f6a4d90050fd3c4c07c9bb6786b4f11f
01_raw/KWater/mywater_period/H1/group2/DATA4/2025-03-11_2025-04-09.json,raw,167819,575dce52c5a960362597e4f4b220e563420d9fa77c70e27deef067d05c1a6016
01_raw/KWater/mywater_period/H1/group2/DATA4/2025-04-10_2025-05-09.json,raw,167181,7264e5cb69f5ada00a949abc8dd18da99d7f358331ac65b530855d1d7e41eee6
01_raw/KWater/mywater_period/H1/group2/DATA4/2025-05-10_2025-06-08.json,raw,166517,2595a571c23448811cb8ff6f96690f84d25630e93ac556a48eb79641d82c5e7e
01_raw/KWater/mywater_period/H1/group2/DATA4/2025-06-09_2025-07-08.json,raw,166771,014c28c75b9deb6d2e48ac913a19ecbbc44e8ae3cda04622676d17fb5362913b
01_raw/KWater/mywater_period/H1/group2/DATA4/2025-07-09_2025-08-07.json,raw,168508,0f95537268d5181a1ac6c3a4bf4aee3404bd4a66271e7d6cdcdf69f24cc5883f
01_raw/KWater/mywater_period/H1/group2/DATA4/2025-08-08_2025-09-06.json,raw,165941,6533d9ed15bffbc07bee33679f14f5e3b564a830d702d7e7066635047ca601b4
01_raw/KWater/mywater_period/H1/group2/DATA4/2025-09-07_2025-10-06.json,raw,168769,5ce4df98345543cf54500b1193f5a7c60306fa2a2b9f1690fb51fe724f0b5437
01_raw/KWater/mywater_period/H1/group2/DATA4/2025-10-07_2025-11-05.json,raw,170210,facce4b3fe68f2647d0e7fe3505432c07f1fe3e44df87f594ffda481da00073b
01_raw/KWater/mywater_period/H1/group2/DATA4/2025-11-06_2025-12-05.json,raw,167751,c2aa2fc5fb4a455c5e25534abca032afea13f4f05e63f70d8c181b68ab3c7761
01_raw/KWater/mywater_period/H1/group2/DATA4/2025-12-06_2026-01-04.json,raw,166312,35cc624a2d3270cf18e4f39931d6b074887673f3ca9cfbec55672f0cd84d3310
01_raw/KWater/mywater_period/H1/group2/DATA4/2026-01-05_2026-02-03.json,raw,166432,6fa1ebd9f5dfcf60bd6ed356abce52b5d64fa09fdf321717c12377432d2a5211
01_raw/KWater/mywater_period/H1/group2/DATA4/2026-02-04_2026-03-05.json,raw,166407,16a1593ed9d55fc66f5ecbbace7e6962ddf6895061eecd9c4570e797a2827ef2
01_raw/KWater/mywater_period/H1/group2/DATA4/2026-03-06_2026-04-04.json,raw,166629,499446e62c6af8be6be663d6a80716528e92f03a8bb7adaab41e145965ffa9ab
01_raw/KWater/mywater_period/H1/group2/DATA4/2026-04-05_2026-05-04.json,raw,167112,63b51dfc81e932c87098ce67454b364a424a45695d8da97f2da589725f5c933c
01_raw/KWater/mywater_period/H1/group2/DATA4/2026-05-05_2026-06-03.json,raw,166603,1e164f4ab60f689c3f3fc6a93aed368d09ec7e443f8458b8ce07eb9f9a5bb723
01_raw/KWater/mywater_period/H1/group2/DATA4/2026-06-04_2026-07-03.json,raw,167061,69a13664bb44c343566d9980866350e463dc095bdf633233f0f9a98d7c19cadb
01_raw/KWater/mywater_period/H1/group2/DATA4/2026-07-04_2026-08-02.json,raw,167548,84450e87dff150d9cdcb20b2435c0dd61face209fb8ecb0d9373c395b1950e14
01_raw/KWater/mywater_period/H1/group2/DATA4/2026-08-03_2026-09-01.json,raw,169248,1eb5b989b7cbcee0f1e18b9a0d14679161e0b415a5d2b193c2033caa35a9ffdd
01_raw/KWater/mywater_period/H1/group2/DATA4/2026-09-02_2026-09-28.json,raw,150386,85219eed5570dc67f2cfab43ffd8d8bd3c553a5eec6eec2e74b238f1d6ba6b75
01_raw/KWater/mywater_period/H1/group2/DATA5/2021-01-01_2021-01-30.json,raw,163153,498c4574c6626d732374f8f843d83505da763126755c3a1ba7af5051ea4acf0a
01_raw/KWater/mywater_period/H1/group2/DATA5/2021-01-31_2021-03-01.json,raw,163500,bf0b30b18bfd0c2d40071184eb22e9ca1e6c63274c350f58353d1650484dd2dc
01_raw/KWater/mywater_period/H1/group2/DATA5/2021-03-02_2021-03-31.json,raw,166550,5d1cc5bee4a09e12c10c8970024d9defe5bc6c0d50f418a30abd0786b35efe9a
01_raw/KWater/mywater_period/H1/group2/DATA5/2021-04-01_2021-04-30.json,raw,166010,a31cd5ec07504abfb866821c441f6a28480cb4e3806203a924d4cc60ad46fa89
01_raw/KWater/mywater_period/H1/group2/DATA5/2021-05-01_2021-05-30.json,raw,164614,93d603845b653f11eb569c1a3c3ec828a5b38525425d530dd07988adbb7650ce
01_raw/KWater/mywater_period/H1/group2/DATA5/2021-05-31_2021-06-29.json,raw,163442,95fe35e66955f3a15164efda5d72ce6397fb415b946fd60f1241f8deb529efd4
01_raw/KWater/mywater_period/H1/group2/DATA5/2021-06-30_2021-07-29.json,raw,166526,f398eead68e8e7ff39c521e3917d53cc101b29512100f37fc95a4326115d3bc3
01_raw/KWater/mywater_period/H1/group2/DATA5/2021-07-30_2021-08-28.json,raw,167930,6792b60b6307420a0a245a65da55d1be94a53b90fd4878b4bf8fa4d1a38b9fc7
01_raw/KWater/mywater_period/H1/group2/DATA5/2021-08-29_2021-09-27.json,raw,166260,b6437fb695bdebdbddd336d8ca1f63a96b76381bbb73e011e9bc7801087541d4
01_raw/KWater/mywater_period/H1/group2/DATA5/2021-09-28_2021-10-27.json,raw,165093,9ad234e8599036d59b3c90ee00cc4af6a55b4b7d457e63a023e1957c36658b92
01_raw/KWater/mywater_period/H1/group2/DATA5/2021-10-28_2021-11-26.json,raw,162559,b1067b15ed82f546892e918ce6abbfd725a31239e1406d0f5fe96193f4535520
01_raw/KWater/mywater_period/H1/group2/DATA5/2021-11-27_2021-12-26.json,raw,162913,d372b7c543341bce65195a1dcb8f3983a8fe86f9ca9de60f57b27cbebfc9c21d
01_raw/KWater/mywater_period/H1/group2/DATA5/2021-12-27_2022-01-25.json,raw,161797,7ed71b5c8070b1d7f2d7e66e0a75fefdef0ddfe8885b53b614bfbd3b7dcb1a27
01_raw/KWater/mywater_period/H1/group2/DATA5/2022-01-26_2022-02-24.json,raw,160341,83750adb7176675c3790239b4c4dec32cc2abfb4eadc817143023000f353eb2a
01_raw/KWater/mywater_period/H1/group2/DATA5/2022-02-25_2022-03-26.json,raw,161522,ef106f118d51e97a4f05e20b6cfb850c213f944e26322ed0aefa2994b6c5f9f2
01_raw/KWater/mywater_period/H1/group2/DATA5/2022-03-27_2022-04-25.json,raw,162892,171f3de0983b0f2772b7bb58d699c4d663b69c98c1410002e2b4766447847334
01_raw/KWater/mywater_period/H1/group2/DATA5/2022-04-26_2022-05-25.json,raw,162758,a30506a8eee15fe124fdc103dc9ee833459ce688a5ac7344720e89b0b056a4fd
01_raw/KWater/mywater_period/H1/group2/DATA5/2022-05-26_2022-06-24.json,raw,161163,dee8decca91ea24ef196285c682cf8736f074c43dafcb0d8e3ecad47b500f49e
01_raw/KWater/mywater_period/H1/group2/DATA5/2022-06-25_2022-07-24.json,raw,164189,60db1572e9e7d8ca8769e5a8507d0a71bac048768fefaa1a1af88878577f972a
01_raw/KWater/mywater_period/H1/group2/DATA5/2022-07-25_2022-08-23.json,raw,163435,50ed28b145041bf5376c2a6fce7ce247cba20c5d151b3de9ad36094a1be1ab1a
01_raw/KWater/mywater_period/H1/group2/DATA5/2022-08-24_2022-09-22.json,raw,166915,356a574d0aa22a357d425d057668b907ab947accca07ecf4be25309b2519fe48
01_raw/KWater/mywater_period/H1/group2/DATA5/2022-09-23_2022-10-22.json,raw,161277,ebd38c2962b10a576efb40e987f34f9c1ca6aaf454e0d656f7a25b928956eae5
01_raw/KWater/mywater_period/H1/group2/DATA5/2022-10-23_2022-11-21.json,raw,160258,ec852fce3591b98dba20ca1ba8813bcb51879240c43ffde30ce602605205ea46
01_raw/KWater/mywater_period/H1/group2/DATA5/2022-11-22_2022-12-21.json,raw,161685,0920b5e3408ce1ae496c38b3cdb696455cc9ced4634098478139d20288f112e4
01_raw/KWater/mywater_period/H1/group2/DATA5/2022-12-22_2023-01-20.json,raw,162050,7f2c84418f5532cb77444facffd19ecc27a7b8218a04590799fb0c7f45786b78
01_raw/KWater/mywater_period/H1/group2/DATA5/2023-01-21_2023-02-19.json,raw,161377,5de2b465cb07ed0ee0aa3e2f9a6d2e0c3bf45f01af2bcd498b30db141d081d83
01_raw/KWater/mywater_period/H1/group2/DATA5/2023-02-20_2023-03-21.json,raw,160503,d365f1dc2b3c4061a7180b0878c0774c00c7eea72589b7b1130c63dc7ae01b18
01_raw/KWater/mywater_period/H1/group2/DATA5/2023-03-22_2023-04-20.json,raw,162971,c160bb365f437458757af0dd29b0851d385d85d14321fd4bab4f9e3854bb094b
01_raw/KWater/mywater_period/H1/group2/DATA5/2023-04-21_2023-05-20.json,raw,164025,bf8790e006f8a389ee28a687b673e30bff92e4c86d1ec8361a9ce27712c316fb
01_raw/KWater/mywater_period/H1/group2/DATA5/2023-05-21_2023-06-19.json,raw,163382,840a089f25cda1592d34626cb983918e317916aff4f512abfc43eb753f5449f6
01_raw/KWater/mywater_period/H1/group2/DATA5/2023-06-20_2023-07-19.json,raw,170039,a0090a8339e8c0c3b3c0916be51d2e59e2c88a146475933b616e084d4bf08178
01_raw/KWater/mywater_period/H1/group2/DATA5/2023-07-20_2023-08-18.json,raw,165743,921cf09d1be4295b206f3ab385a4db6469b1b92a12c12c548d54dcf942b8b6b6
01_raw/KWater/mywater_period/H1/group2/DATA5/2023-08-19_2023-09-17.json,raw,168513,d591b45595b86ffb49ee413e5168c4e10dfcf597ab7f61ff037b9c6521c3f204
01_raw/KWater/mywater_period/H1/group2/DATA5/2023-09-18_2023-10-17.json,raw,166004,aa476ac0c0046a1ebef4bb0cceb7339962722d49df08e6cdc4c4d69ac41b14ca
01_raw/KWater/mywater_period/H1/group2/DATA5/2023-10-18_2023-11-16.json,raw,161675,bc9c5ff46d531d2f28ecb1a5bd812fd6b0abff8c7964bfcfc79fbdc384a38860
01_raw/KWater/mywater_period/H1/group2/DATA5/2023-11-17_2023-12-16.json,raw,163349,f9f708cd8e9eea7635f60d6c2889d09434b74c6abb4e90811bca826ac41b4e8a
01_raw/KWater/mywater_period/H1/group2/DATA5/2023-12-17_2024-01-15.json,raw,163716,c002f53592666467138646bc9cae056b516e1f10a17d184abebda4b5dcad3262
01_raw/KWater/mywater_period/H1/group2/DATA5/2024-01-16_2024-02-14.json,raw,164991,153a389c1cf516932970677584ff97168339ace4487d61801ad82e6781ffee0f
01_raw/KWater/mywater_period/H1/group2/DATA5/2024-02-15_2024-03-15.json,raw,169163,26f0295d6b23c21e8586db3d41012fc4253bf3a3e4ef616847ee2e6d5fa7ada8
01_raw/KWater/mywater_period/H1/group2/DATA5/2024-03-16_2024-04-14.json,raw,168708,637172e40e8ce9b2465aaf30e3e2a614916f6c71a52366650ea4aa0c7ec47458
01_raw/KWater/mywater_period/H1/group2/DATA5/2024-04-15_2024-05-14.json,raw,165841,154c4b884a57219dd1194c7e22ee360b24e3fa02a98071d042a376f7db93a4cd
01_raw/KWater/mywater_period/H1/group2/DATA5/2024-05-15_2024-06-13.json,raw,162455,b9a73546882fdaeadcaaf25a6c2225824c8160fbb69b754a9d5cf3683f2d2057
01_raw/KWater/mywater_period/H1/group2/DATA5/2024-06-14_2024-07-13.json,raw,165448,9c518c574bbd841577df7c3db171c621d6822099c7e3d83affcd4aa4c30f0ff5
01_raw/KWater/mywater_period/H1/group2/DATA5/2024-07-14_2024-08-12.json,raw,165203,0df59ac7d9130a7a4c02ec7252202e465206113be17cb6a99e5e13c029b7c19a
01_raw/KWater/mywater_period/H1/group2/DATA5/2024-08-13_2024-09-11.json,raw,162355,d3d8bac7b9702ad71174db0ecc79b7c217ea369bffe0c4fe72b53d864649cfb0
01_raw/KWater/mywater_period/H1/group2/DATA5/2024-09-12_2024-10-11.json,raw,166242,2668154af898a7ae8ff094d00f60be383f7297b73d003f0ab108a39be81a63bc
01_raw/KWater/mywater_period/H1/group2/DATA5/2024-10-12_2024-11-10.json,raw,167088,955f6a3c7f7644238086f39179ec9e623b7c6c6d5a246ae86f6d995fe6d2c696
01_raw/KWater/mywater_period/H1/group2/DATA5/2024-11-11_2024-12-10.json,raw,161488,a343887bb17f114fd8da336b251f1eb4ad3b5416f5d665336db661703f520b11
01_raw/KWater/mywater_period/H1/group2/DATA5/2024-12-11_2025-01-09.json,raw,161203,e5c4fe3b25ce6a29e1d66ccf76714bc725736a3a6b882884aafd710412b6414d
01_raw/KWater/mywater_period/H1/group2/DATA5/2025-01-10_2025-02-08.json,raw,161183,023d9ce997d464b0c0120fd6aae12af47f10cf00ad7f796cbe2e66bc39930f7d
01_raw/KWater/mywater_period/H1/group2/DATA5/2025-02-09_2025-03-10.json,raw,161986,e721f0f22e6607820a88ead60c2d3c934954fb6615c086f5e19dd4a72f26696e
01_raw/KWater/mywater_period/H1/group2/DATA5/2025-03-11_2025-04-09.json,raw,162700,73edfa45fd8f9bda18c90350a9ca3f6eff7e0b54916fbbb6b3a4a41a5df255d4
01_raw/KWater/mywater_period/H1/group2/DATA5/2025-04-10_2025-05-09.json,raw,162731,1001a2ada0a1d5f21517abffbefc9d10849ee607a190fff6f351b625111243e9
01_raw/KWater/mywater_period/H1/group2/DATA5/2025-05-10_2025-06-08.json,raw,163006,8544842ace08fdeb5b72a38110257131eeb986ede3d5bcff82a0449b59a38c67
01_raw/KWater/mywater_period/H1/group2/DATA5/2025-06-09_2025-07-08.json,raw,164600,f0522b59b55228b83322fdd25f6702eee57beaaff12eb1669f1f99d86121e36f
01_raw/KWater/mywater_period/H1/group2/DATA5/2025-07-09_2025-08-07.json,raw,166708,39a4a5b2d76f7bcdb6e651e63aead2750e357d34237a8ea4e82d9f645782be2a
01_raw/KWater/mywater_period/H1/group2/DATA5/2025-08-08_2025-09-06.json,raw,163547,d226fe33529c9c69171ea9f036e9d3baa98d8876e3f87a3df258d373df6c875b
01_raw/KWater/mywater_period/H1/group2/DATA5/2025-09-07_2025-10-06.json,raw,164858,24d20b024eaeecc5a8584e20119046a60da89d1b60c484dfaa69f95de29370aa
01_raw/KWater/mywater_period/H1/group2/DATA5/2025-10-07_2025-11-05.json,raw,167089,545f4fff63ed304cb0d1881f9079c6824cc052c025ee22ca176fa2e142c1b109
01_raw/KWater/mywater_period/H1/group2/DATA5/2025-11-06_2025-12-05.json,raw,162621,df110d00545eb00616d553ac5545da0d3d3e6af181a84f3fa06c37b56decb219
01_raw/KWater/mywater_period/H1/group2/DATA5/2025-12-06_2026-01-04.json,raw,161562,d0d95f82d1c8e9e56a04f161ce680b74c9f15a45ccd91c9faa698e137b2b9877
01_raw/KWater/mywater_period/H1/group2/DATA5/2026-01-05_2026-02-03.json,raw,161737,2256b68ed3e90c5ec07b6da7c90db23e8314e510c5e579385fa1cfa02c3031c4
01_raw/KWater/mywater_period/H1/group2/DATA5/2026-02-04_2026-03-05.json,raw,161569,40f58f69cc1c91a95fe1289109af05fb6e1d6b6ef7e9ef2a66360c674b954c93
01_raw/KWater/mywater_period/H1/group2/DATA5/2026-03-06_2026-04-04.json,raw,162703,bf79c356148c389b9f920a5c1c0379bfc2261e155c0aed476880440adfcca5ad
01_raw/KWater/mywater_period/H1/group2/DATA5/2026-04-05_2026-05-04.json,raw,164063,df2110c866e7b901ad5c50e8ebdca4bac472f93bec541283ba0ce996dbdf7afb
01_raw/KWater/mywater_period/H1/group2/DATA5/2026-05-05_2026-06-03.json,raw,162836,68dda57be112427d12c5b1f82ca21b113c9ddc05549f1ef40e1e05daef6ec7ae
01_raw/KWater/mywater_period/H1/group2/DATA5/2026-06-04_2026-07-03.json,raw,163354,591c58bdf0077809cc7f6f4749e78b012e7811835588f04d139f8ddc9187fbf3
01_raw/KWater/mywater_period/H1/group2/DATA5/2026-07-04_2026-08-02.json,raw,162559,7d00e5b5fc3b7b7644d697d67cb810cb01f63e5863ca1655d294825b764ac46e
01_raw/KWater/mywater_period/H1/group2/DATA5/2026-08-03_2026-09-01.json,raw,164434,22e62e3f474952e29946d8cbad7c54dd5b7a77ae5d6d05bef2928d3b141ea773
01_raw/KWater/mywater_period/H1/group2/DATA5/2026-09-02_2026-09-28.json,raw,145644,e2b6cb62b0f7c5e425846171ebebd8d0adc9ed5f903163237194785a960c53ec
01_raw/KWater/mywater_period/H1/group2/DATA6/2021-01-01_2021-01-30.json,raw,171216,9c833a756e54c99e5fa97607f8376df46ed59eb6b50015130b5cacb599af1e7e
01_raw/KWater/mywater_period/H1/group2/DATA6/2021-01-31_2021-03-01.json,raw,171277,213b3c18e5587809926b8e703d78cdca633c6929d5b73444ba3f8a134518e721
01_raw/KWater/mywater_period/H1/group2/DATA6/2021-03-02_2021-03-31.json,raw,171698,e5f61213fe0bb64c00a22e63d2e1582eae6ce98fd8b9aec314a03be63504c173
01_raw/KWater/mywater_period/H1/group2/DATA6/2021-04-01_2021-04-30.json,raw,169917,729676e565aa9afd1acfe8954c0b3620777c4fc39d4d77956143323a0b1dc893
01_raw/KWater/mywater_period/H1/group2/DATA6/2021-05-01_2021-05-30.json,raw,170200,90dd413bd74e70c2c420dda11b7342c28dfd38af1898a2b62b3c576cb4f5d071
01_raw/KWater/mywater_period/H1/group2/DATA6/2021-05-31_2021-06-29.json,raw,171273,59691fb5ada057298ea42a5b7f9d9ed3f0b4b485c486f680dc89e3ef72ad333e
01_raw/KWater/mywater_period/H1/group2/DATA6/2021-06-30_2021-07-29.json,raw,170564,ae0a6ecdf3c34be2ba36de458d06d65d865753c7159d4ad23ce8bf7bac445fe5
01_raw/KWater/mywater_period/H1/group2/DATA6/2021-07-30_2021-08-28.json,raw,171633,85cc5a4f8b2c90fa7bd6517aaa8df2a8cb2907b1bb68734618a6bcdedb9a2e0a
01_raw/KWater/mywater_period/H1/group2/DATA6/2021-08-29_2021-09-27.json,raw,169617,8ebfa1e2a537892ecdce5037892beedcb7db8d3f4f14d3fd59fabad73a1c88a3
01_raw/KWater/mywater_period/H1/group2/DATA6/2021-09-28_2021-10-27.json,raw,171568,1458bdf8e24313c759a40787456d9796e9bb3898200f40c5519c9e26fdd7a301
01_raw/KWater/mywater_period/H1/group2/DATA6/2021-10-28_2021-11-26.json,raw,171361,1ed6662e52112c7f649e8ed4415dee1b652b1def0e25f761102f786aa726d8a8
01_raw/KWater/mywater_period/H1/group2/DATA6/2021-11-27_2021-12-26.json,raw,171505,09722724b2fb034888d646d58e048f1e261017ded398257dab21ccd1b544b966
01_raw/KWater/mywater_period/H1/group2/DATA6/2021-12-27_2022-01-25.json,raw,171698,ec3b375d50b26188e1d56dea04a5a749a30499205bd333af3fcdfd41848d9d81
01_raw/KWater/mywater_period/H1/group2/DATA6/2022-01-26_2022-02-24.json,raw,170951,f4c8719868e90782ecf81c6afa9812268aceccf607a89a2aed2668ccdddb60e9
01_raw/KWater/mywater_period/H1/group2/DATA6/2022-02-25_2022-03-26.json,raw,170203,3b7b6162128902767824328919f956cfadd7b198b4fd9cb42f595db5a90d23b4
01_raw/KWater/mywater_period/H1/group2/DATA6/2022-03-27_2022-04-25.json,raw,169031,e106a6cef4d37a3a277f9edc8a4a9a83d2ac0354e25a864eee5ad0e59c3fceb0
01_raw/KWater/mywater_period/H1/group2/DATA6/2022-04-26_2022-05-25.json,raw,168992,34604b2b9406ea57b72df71db97c54c7d181057dd30f2da5901f4d1aee4ccfa4
01_raw/KWater/mywater_period/H1/group2/DATA6/2022-05-26_2022-06-24.json,raw,168899,19df7b8bddaae737e67cddb94b85f614019323c475ce66b88cb2083eac444469
01_raw/KWater/mywater_period/H1/group2/DATA6/2022-06-25_2022-07-24.json,raw,170540,871350dd39a3ce8e5febf54026bc3e42d0c9b4a6cd3011e725ed71e1e6a61e76
01_raw/KWater/mywater_period/H1/group2/DATA6/2022-07-25_2022-08-23.json,raw,169557,3ef8a914c08135abbd7fde387b2f223a46b0ca9422c1c213e6ad359dc80410b0
01_raw/KWater/mywater_period/H1/group2/DATA6/2022-08-24_2022-09-22.json,raw,170411,b4c0a7c14302bea86e1b069a774487c3aa1ca8f14a292647c257020af4079987
01_raw/KWater/mywater_period/H1/group2/DATA6/2022-09-23_2022-10-22.json,raw,169628,f30f6833e243bdb706b080b4e36790d564d56508d6ab3a0ea99474a7279dff56
01_raw/KWater/mywater_period/H1/group2/DATA6/2022-10-23_2022-11-21.json,raw,169630,cc3c8113c0cb0f6fa845d761bb0d9a24a6c2dd5e087329fc7abfb4e5f360ca08
01_raw/KWater/mywater_period/H1/group2/DATA6/2022-11-22_2022-12-21.json,raw,171591,4dd49df8290f0ec1edbd3b9668b1fa524d3d93e36da7e287c817b8631378858d
01_raw/KWater/mywater_period/H1/group2/DATA6/2022-12-22_2023-01-20.json,raw,171342,2a92dd99a4e09c21b86534d06f10f7609a7262a07cb6a490a31ad1013bd4d2ba
01_raw/KWater/mywater_period/H1/group2/DATA6/2023-01-21_2023-02-19.json,raw,171001,043fea472422e665bf24ab120e69871f6b634fd272dd15345046f229d2ebf7b6
01_raw/KWater/mywater_period/H1/group2/DATA6/2023-02-20_2023-03-21.json,raw,169181,1b60604a27a3d1ed06fbe2b35d85a1450ea3cc742d00122a99dbcd45ff808567
01_raw/KWater/mywater_period/H1/group2/DATA6/2023-03-22_2023-04-20.json,raw,168922,80ff2686e895fdc42dc3a8b0f881332142a9ed8afcf4592d6655aca0befcce54
01_raw/KWater/mywater_period/H1/group2/DATA6/2023-04-21_2023-05-20.json,raw,168510,834b2ee8cee955b07c942ba09722d871ff823982ab71863b936c5a45e506f48c
01_raw/KWater/mywater_period/H1/group2/DATA6/2023-05-21_2023-06-19.json,raw,169515,1161403bf0d7bf7673edd52ac0dcba2142ceed574867486def860f540adf7d07
01_raw/KWater/mywater_period/H1/group2/DATA6/2023-06-20_2023-07-19.json,raw,171259,fda324ea88159100f4889f1cf8b5e816cbbdcdf7978f1f39a6692639b91460be
01_raw/KWater/mywater_period/H1/group2/DATA6/2023-07-20_2023-08-18.json,raw,170908,96532896abdd338f58f6ddec6904a67af7cdee20a57de0f016c060bde7fbea3d
01_raw/KWater/mywater_period/H1/group2/DATA6/2023-08-19_2023-09-17.json,raw,172282,9d2e3d95a6be8a20c9796f81f8bdce7b6fe780c0e773a96d0028074dd831371e
01_raw/KWater/mywater_period/H1/group2/DATA6/2023-09-18_2023-10-17.json,raw,171414,74532d8f4070589b50a1f87154f0091996997c589f599cc70d92f0de62a34473
01_raw/KWater/mywater_period/H1/group2/DATA6/2023-10-18_2023-11-16.json,raw,170034,af0bc0bb5ffb038b9d949ecc0aa92c9a6719eb806e6955e1995df42768a1e0b1
01_raw/KWater/mywater_period/H1/group2/DATA6/2023-11-17_2023-12-16.json,raw,170786,e2c17b5a4de8a7c31c1b2d7a73f8ceab331de2eaa72ff4a3b25f09ddc9a2dea2
01_raw/KWater/mywater_period/H1/group2/DATA6/2023-12-17_2024-01-15.json,raw,170341,a8f1c87f502b9ac92b4661672e56ada77fd8acdcd426d6263186d2cd3e4201fb
01_raw/KWater/mywater_period/H1/group2/DATA6/2024-01-16_2024-02-14.json,raw,170568,e3dce8194c6f2eaf70b461836b8196a6412baedd28a8e6571beee823f3cb8520
01_raw/KWater/mywater_period/H1/group2/DATA6/2024-02-15_2024-03-15.json,raw,171763,f80c3fd96e666b4fce9be6c197b9f47ce4ab291103325eda13aff287fd274a33
01_raw/KWater/mywater_period/H1/group2/DATA6/2024-03-16_2024-04-14.json,raw,171866,20d33d1be895e52462a11e063eb333bea8b2f8435df65d74010b5abf2fdb7278
01_raw/KWater/mywater_period/H1/group2/DATA6/2024-04-15_2024-05-14.json,raw,170847,c08b7eadb0ff9634b732390ff36cdc535362669af4e373a7b81aa3c8dc9f2049
01_raw/KWater/mywater_period/H1/group2/DATA6/2024-05-15_2024-06-13.json,raw,170720,cf099b5a0e851dc05124b5ceb3a5dc790211dd38f4c2d2d00f517d4b28de3089
01_raw/KWater/mywater_period/H1/group2/DATA6/2024-06-14_2024-07-13.json,raw,170923,465ed9742c7b194ccb1d6946df87c45efc3c6889ad10e4328763fec1448f272d
01_raw/KWater/mywater_period/H1/group2/DATA6/2024-07-14_2024-08-12.json,raw,171442,e5bd537d0cae6e350651ce2d7071d6705a1b7c3940ae7760c02ed1873f47dc5a
01_raw/KWater/mywater_period/H1/group2/DATA6/2024-08-13_2024-09-11.json,raw,171412,aafef29d174447bb6377439f89c25ca2eec577f06f6fc8a1e7d9fe88a7e949d5
01_raw/KWater/mywater_period/H1/group3/DATA1/2021-01-01_2021-01-30.json,raw,240100,764bfa4f9908ff7e20454ae164644aa27933396fee44f2970b1065c03aa357eb
01_raw/KWater/mywater_period/H1/group3/DATA1/2021-01-31_2021-03-01.json,raw,240056,99f98effd239fe97c352c92c05095b4af80ffbbc7c7bde85803adec945056a04
01_raw/KWater/mywater_period/H1/group3/DATA1/2021-03-02_2021-03-31.json,raw,239659,f7b4d1cafdab59868d4af37a398da98b228974efd1e35b792a92fd400341da1c
01_raw/KWater/mywater_period/M1/group1/DATA1/2021-06-21_2021-06-27.json,raw,488783,542c5986a8385302c5d3049dd030ac4abd3c811e87c62dcd4c1fa7c728ec9a50
01_raw/KWater/mywater_period/M1/group1/DATA1/2021-06-28_2021-07-04.json,raw,488835,c46fee2e136ae54f207a292ab9118a8115c35f396638f2b870876ea9462d3f99
01_raw/KWater/mywater_period/M1/group1/DATA1/2021-07-05_2021-07-11.json,raw,489458,7d653dc8eea0e1777c4f814f4dd2356a34d46f986563c8b0c4c6d53e1d6ce82c
01_raw/KWater/mywater_period/M1/group1/DATA1/2021-07-12_2021-07-18.json,raw,489337,41c7b3f95f47b10f94672cbf120be59764569103091256e892a3d947bca7bbd0
01_raw/KWater/mywater_period/M1/group1/DATA1/2021-07-19_2021-07-25.json,raw,489860,f78cd375d85f5850ea7b81f54f9bc32b7c27d3c7fc94adf6472c913d3386fa3b
01_raw/KWater/mywater_period/M1/group1/DATA1/2021-07-26_2021-08-01.json,raw,490487,bd6789d310889c6c53fe5e122539094d1ac6b75e77f32ae6e58a4451f15e5db8
01_raw/KWater/mywater_period/M1/group1/DATA1/2021-08-02_2021-08-08.json,raw,490952,82ce88cd832c29cc2f4f6760361e4db849d13d3bc3c9c543caf6ad429f2f57f3
01_raw/KWater/mywater_period/M1/group1/DATA1/2021-08-09_2021-08-15.json,raw,490717,918a02c0bfdd42144576a1daf78a05362a6699b1eb5b6080cbdfbd869c9f1d46
01_raw/KWater/mywater_period/M1/group1/DATA1/2021-08-16_2021-08-22.json,raw,490763,e270150b7feb3b6c64bad5c92c2f25a7e3a8ff9b297d5e25a5753f58608a633f
01_raw/KWater/mywater_period/M1/group1/DATA1/2021-08-23_2021-08-29.json,raw,490569,7d3982dd1749731df87ae3fc3e10dca87c7cb9ad69dbf40f8bd5cd0275a5947a
01_raw/KWater/mywater_period/M1/group1/DATA1/2021-08-30_2021-09-05.json,raw,490557,670ba1dcb2dddf7f3a0c315e1de8882f4acb05f2794b7b4b521626f0f7ea5a37
01_raw/KWater/mywater_period/M1/group1/DATA1/2021-09-06_2021-09-12.json,raw,491044,e8582ff0a8c6b75797375ef93185bf29f956269874041806801516fdc0847315
01_raw/KWater/mywater_period/M1/group1/DATA1/2021-09-13_2021-09-19.json,raw,492035,a1700cca55a439d75d9cd709a713fbf3f7561c1d6d2ba9ddfb1ef6ec8b764bab
01_raw/KWater/mywater_period/M1/group1/DATA1/2021-09-20_2021-09-26.json,raw,492176,0b18c3338bf3921e1cdb3539d74cf8deb95471c5eaa1f983e26973397ff55a90
01_raw/KWater/mywater_period/M1/group1/DATA1/2021-09-27_2021-09-30.json,raw,284958,467c4fdc10b1cbf92cbf1bf51d11afb3f719967ee7b99ea12c48db0e2a9dd596
01_raw/KWater/mywater_period/M1/group1/DATA1/2022-06-21_2022-06-27.json,raw,489153,8a9eaad906ae1e5c8a7d02ea311fc63ac6191b037bfb4c0d1742400b604b7508
01_raw/KWater/mywater_period/M1/group1/DATA1/2022-06-28_2022-07-04.json,raw,490109,2c9e20cc9823e4ac6d73bbc055a26de22b0b1f1d5eecbd956b16580fc3a637dd
01_raw/KWater/mywater_period/M1/group1/DATA1/2022-07-05_2022-07-11.json,raw,489565,49529bf61c0bdaa7e911a48dfe8af0e698480fe406ada4e735db389681563363
01_raw/KWater/mywater_period/M1/group1/DATA1/2022-07-12_2022-07-18.json,raw,489690,3ac198d45326e20b71ef597132a75b89e7ea28824bb21b7b28eb0532fc5f27cf
01_raw/KWater/mywater_period/M1/group1/DATA1/2022-07-19_2022-07-25.json,raw,489908,7923ca08895caefa4f290ad860c8ae8f41b38ad80dd91d6fc49e716380d9f609
01_raw/KWater/mywater_period/M1/group1/DATA1/2022-07-26_2022-08-01.json,raw,489402,9474c9fe0ce47604697d21a768d501f73bd07d25f01bbfc95eaa148505a56370
01_raw/KWater/mywater_period/M1/group1/DATA1/2022-08-02_2022-08-08.json,raw,490096,88bd8c374b55801e9d9514d229448039b2f2056440dd3263de88befdd3487160
01_raw/KWater/mywater_period/M1/group1/DATA1/2022-08-09_2022-08-15.json,raw,489498,3b597fea47ee89d8eab8671b14e8a78e32225650f699868a7d3f0f54f33ea1f5
01_raw/KWater/mywater_period/M1/group1/DATA1/2022-08-16_2022-08-22.json,raw,489568,c3b9171ca5f8ebe6759d4a11ff0247e44824ebf6c6393b8a98e89f1a0d89cb19
01_raw/KWater/mywater_period/M1/group1/DATA1/2022-08-23_2022-08-29.json,raw,489317,fdc8d4efc22ed9468ce90fd4f06193e5fe5c5be71d6190b360ae69d21a5eee2e
01_raw/KWater/mywater_period/M1/group1/DATA1/2022-08-30_2022-09-05.json,raw,489355,106f8c2e71417216dd4133261aa5b1d394d15e54dccce5d794a05e54742b3c61
01_raw/KWater/mywater_period/M1/group1/DATA1/2022-09-06_2022-09-12.json,raw,489875,bd0cc44cf0b40b847b0c4681b786d1b924bec1b45d307e65c861b67f9f8e2cc5
01_raw/KWater/mywater_period/M1/group1/DATA1/2022-09-13_2022-09-19.json,raw,489051,4cbcb1000e315a079501a339007397228f5ee19f6f51abb79236d860bf6d4830
01_raw/KWater/mywater_period/M1/group1/DATA1/2022-09-20_2022-09-26.json,raw,489537,03f9bcf981fe337bafc51997f9a989c2d848f8bdb69fb6638e59d96f5b6d4aaa
01_raw/KWater/mywater_period/M1/group1/DATA1/2022-09-27_2022-09-30.json,raw,284078,fdea0af95c89c3470d21483d328ab5e7a2a4ca82353be8183cb6bdf160d3f0f8
01_raw/KWater/mywater_period/M1/group1/DATA1/2023-06-21_2023-06-27.json,raw,489883,c541d1fef437b635fa01259f72abaa085d42791ff3766d49d9a253180138dbd8
01_raw/KWater/mywater_period/M1/group1/DATA1/2023-06-28_2023-07-04.json,raw,489224,457253cc26044f31b9828f61d57624b6121cd628aea81175f99596a339d216d1
01_raw/KWater/mywater_period/M1/group1/DATA1/2023-07-05_2023-07-11.json,raw,490160,d8cee94db68b5d808673d3ceee3e5cc6abc479557d3718ae272cde8481632d86
01_raw/KWater/mywater_period/M1/group1/DATA1/2023-07-12_2023-07-18.json,raw,490801,69f14defd49f961b1ec068cedec26b5b5c9119b59de2760663a484e5fd288599
01_raw/KWater/mywater_period/M1/group1/DATA1/2023-07-19_2023-07-25.json,raw,490339,c29f164bc4e5839fcfacda68618358986ab14dcdfd3b163aa0ebb14ced0cd7ed
01_raw/KWater/mywater_period/M1/group1/DATA1/2023-07-26_2023-08-01.json,raw,490337,faac67c2a51ff9078ff356e5cc86b0b64cc52e29c19a0344760f940d5b25205f
01_raw/KWater/mywater_period/M1/group1/DATA1/2023-08-02_2023-08-08.json,raw,490728,08e7bcda4888f9c7a1173a5c341b2dc762b2ea3021477dee6188b71be0384e6d
01_raw/KWater/mywater_period/M1/group1/DATA1/2023-08-09_2023-08-15.json,raw,491223,e24a94db3415737f5fb4d3c65b2c32600c367a2dd45c313eac466db189858dcd
01_raw/KWater/mywater_period/M1/group1/DATA1/2023-08-16_2023-08-22.json,raw,491899,6c5386537ef6e0b9d37994c10e60d6fbb7f308cbc0b4190d8fe522fdcaf198df
01_raw/KWater/mywater_period/M1/group1/DATA1/2023-08-23_2023-08-29.json,raw,491628,4add7ec1cd14867d747bf16e79cd1ff1dd1ccb2acc3cb080a7123d7b4e53e723
01_raw/KWater/mywater_period/M1/group1/DATA1/2023-08-30_2023-09-05.json,raw,491647,f31c8c4c34a9026278e55af4557bbd1c8ce7dc362bef7f0e46278ea7be10b86c
01_raw/KWater/mywater_period/M1/group1/DATA1/2023-09-06_2023-09-12.json,raw,491431,3c3d8ecdaa73058ff4c25668cf7978c60d6d83ee03fab8bf76a77a31bc091a02
01_raw/KWater/mywater_period/M1/group1/DATA1/2023-09-13_2023-09-19.json,raw,491681,60e1dcd614b8770efcdc0381a72d456b6abbf2834436c6152be6113756271360
01_raw/KWater/mywater_period/M1/group1/DATA1/2023-09-20_2023-09-26.json,raw,491573,90c86d35d64c6fa9ed8add7d923aebaf5751d42db7a22293bb70165fff37fb24
01_raw/KWater/mywater_period/M1/group1/DATA1/2023-09-27_2023-09-30.json,raw,284862,e032801d4c30c8242605010e2e8807727dd28e4e6aac3a07feeacff1b8849591
01_raw/KWater/mywater_period/M1/group1/DATA1/2024-06-21_2024-06-27.json,raw,489980,1da12c8f2b9408cdc7c66d16e1fe07c804b0a24975983a78c00fc5f60c95e066
01_raw/KWater/mywater_period/M1/group1/DATA1/2024-06-28_2024-07-04.json,raw,489935,ce5fe3ac0e7ddd1ffc732683f8ae4a519f5414fc88925c40136a90311144c6f3
01_raw/KWater/mywater_period/M1/group1/DATA1/2024-07-05_2024-07-11.json,raw,490747,478165e557f316de61ea036c869880bb0405d739773c39ec110d902f5c7725f3
01_raw/KWater/mywater_period/M1/group1/DATA1/2024-07-12_2024-07-18.json,raw,491255,67559ce0d729d9ebde2e80266e117463a404eb203004aa0baa5b5f0cfcbb8b1c
01_raw/KWater/mywater_period/M1/group1/DATA1/2024-07-19_2024-07-25.json,raw,490224,87934571b730a1c905eb1b7dbe4b7a16b6a187a1825569711ba55ba3379fdbff
01_raw/KWater/mywater_period/M1/group1/DATA1/2024-07-26_2024-08-01.json,raw,490864,1497080a8a95f761de66433407e8508c9119832f46ffed433e34fdf36a70d94e
01_raw/KWater/mywater_period/M1/group1/DATA1/2024-08-02_2024-08-08.json,raw,491029,3d4535232fa09b0a990632e3b51e9884e658cb9d71cabfaa00f3157dd0186087
01_raw/KWater/mywater_period/M1/group1/DATA1/2024-08-09_2024-08-15.json,raw,490437,9400a418743a68b6c4d7338bd12e8123485f42de2508712f60248a907e22e1b0
01_raw/KWater/mywater_period/M1/group1/DATA1/2024-08-16_2024-08-22.json,raw,490878,56bd617ca514ad59059db1538b72bb98cd19f60a23b53d55c5c01ce7904b0076
01_raw/KWater/mywater_period/M1/group1/DATA1/2024-08-23_2024-08-29.json,raw,490500,e095afa9b4c1023d95dbade866e879fdd2ac32f83d20f6ee9a1eceaffbe098c2
01_raw/KWater/mywater_period/M1/group1/DATA1/2024-08-30_2024-09-05.json,raw,491113,31bd3090c4da7ad2d28f3405a04825ab0db32f77dfb56fce67227dfdbb87b9b7
01_raw/KWater/mywater_period/M1/group1/DATA1/2024-09-06_2024-09-12.json,raw,491929,af49ddcabf9f7bedf7be2736ac1106ddc51d38620166863825df72bfb95f5180
01_raw/KWater/mywater_period/M1/group1/DATA1/2024-09-13_2024-09-19.json,raw,491817,f048f316c29fbac4bfee6aa070f6f68afbafe41b0f53404ffb7bb3dab1565242
01_raw/KWater/mywater_period/M1/group1/DATA1/2024-09-20_2024-09-26.json,raw,491702,92528059a76619b8fbc49ca7b6f957e2e8f5dd1f2ef7fe3ae704f129a1ecce39
01_raw/KWater/mywater_period/M1/group1/DATA1/2024-09-27_2024-09-30.json,raw,285111,2d02af89bc0a60d3ef17e18292c03ef5d735f3e37ea9ae04d15f629c437a52f3
01_raw/KWater/mywater_period/M1/group1/DATA1/2025-06-21_2025-06-27.json,raw,490564,29da4671dcad16847b47afbeadbe6beb02aaa0982384ab9635a6b9d51d206038
01_raw/KWater/mywater_period/M1/group1/DATA1/2025-06-28_2025-07-04.json,raw,490448,59e4365d3c8fc8ef9b1fd676b0bf43f8960a7a1fc60b4c62e0b7338abfe0a053
01_raw/KWater/mywater_period/M1/group1/DATA1/2025-07-05_2025-07-11.json,raw,490246,38889a7c18f58e0b78b9b8317f6792b73faa5cacc49741d5e2d1209f1adb4c5b
01_raw/KWater/mywater_period/M1/group1/DATA1/2025-07-12_2025-07-18.json,raw,489608,7153535797aa032bfc9af34c9efa07ef87c3b1b7cfb200ede460325b9c37d3a8
01_raw/KWater/mywater_period/M1/group1/DATA1/2025-07-19_2025-07-25.json,raw,490468,9be5b9402445251333e28cc56f90edff85cc0eb14dacb2f0eaa2cb27eeedd0ba
01_raw/KWater/mywater_period/M1/group1/DATA1/2025-07-26_2025-08-01.json,raw,490569,d7592692b75ada7b58b366b1a11ea2e5d4dd65795568186c765deadf8bbaa854
01_raw/KWater/mywater_period/M1/group1/DATA1/2025-08-02_2025-08-08.json,raw,491061,b3ae8428fa0c16305355ab4d85b1a248c115eb0c4827c4077aadfbd0426744e6
01_raw/KWater/mywater_period/M1/group1/DATA1/2025-08-09_2025-08-15.json,raw,490511,22e052cba4b3e8ba1b74b9a1817a564220d676385859fe47da3dc65dd478666f
01_raw/KWater/mywater_period/M1/group1/DATA1/2025-08-16_2025-08-22.json,raw,490647,52ca767483af0252501f25643d96961430cb02e29d70a4db2224adb8b15d1791
01_raw/KWater/mywater_period/M1/group1/DATA1/2025-08-23_2025-08-29.json,raw,491005,7641338f455c64925e14a7ea5e91cbd1dbd9b0dc03b6b78f291365e3d5d3d1b7
01_raw/KWater/mywater_period/M1/group1/DATA1/2025-08-30_2025-09-05.json,raw,491988,05ec96486468fa87db25bee8b5cb02e106311c017cdf9d1632cb5c7b07ccb948
01_raw/KWater/mywater_period/M1/group1/DATA1/2025-09-06_2025-09-12.json,raw,491905,e573661ec29fd0529dd182a18584a6e5dc3f27ed5cb3dbe3fe462c3c96499ebc
01_raw/KWater/mywater_period/M1/group1/DATA1/2025-09-13_2025-09-19.json,raw,492089,334c9fdb143c43c3a19b7b0fb98aef4f6b93386fe8c971975d2e42658e197659
01_raw/KWater/mywater_period/M1/group1/DATA1/2025-09-20_2025-09-26.json,raw,491694,12da753b4caacbf2466b99db78f34796b836e46d517ca84afa9859fe8136b301
01_raw/KWater/mywater_period/M1/group1/DATA1/2025-09-27_2025-09-30.json,raw,284825,6a7d8f03c90f7cfae8a48fccebf97d064871f7f96aaed30cd96f4890033820cb
01_raw/KWater/mywater_period/M1/group1/DATA2/2021-06-21_2021-06-27.json,raw,481646,6e38e1278e52182ddd1b98ff97d45e3803a47413732276882d348eec37fa73a9
01_raw/KWater/mywater_period/M1/group1/DATA2/2021-06-28_2021-07-04.json,raw,481135,6b1f0a503e336f1b529d6098e9eced9d3fb9f4095d7117ee686c235b6020388c
01_raw/KWater/mywater_period/M1/group1/DATA2/2021-07-05_2021-07-11.json,raw,481380,3c9c3f468e7d2380247e739215fc2b373d8c5f5de6b13c865c08972a81333bbf
01_raw/KWater/mywater_period/M1/group1/DATA2/2021-07-12_2021-07-18.json,raw,482722,392e89fb9e71428ae99ae58b44ba46b327d696f752b3d21fc156dfa29209b948
01_raw/KWater/mywater_period/M1/group1/DATA2/2021-07-19_2021-07-25.json,raw,482349,b3e219a5f32754f64d3ddccff65f67f59bb936bb05a123bb095f4fb8f643f792
01_raw/KWater/mywater_period/M1/group1/DATA2/2021-07-26_2021-08-01.json,raw,482607,228407c114ab0ee5fc68340eb59d027fc00c07fa09bb88e9ecdff4d97ad2b9aa
01_raw/KWater/mywater_period/M1/group1/DATA2/2021-08-02_2021-08-08.json,raw,481844,9f7d881678548b10c192573e990afe086c6693ef210b817f17b0906498b20010
01_raw/KWater/mywater_period/M1/group1/DATA2/2021-08-09_2021-08-15.json,raw,482061,f7bcd93e3f79af2854aeba66fba169391ad09dddd1389f0048f598c5a526e901
01_raw/KWater/mywater_period/M1/group1/DATA2/2021-08-16_2021-08-22.json,raw,480326,af9b6ca96c74bf6960bcf52a41e392e69c8c5950781cd373d27fab7a01b4c4d8
01_raw/KWater/mywater_period/M1/group1/DATA2/2021-08-23_2021-08-29.json,raw,482053,7877e5ab981da1755ee6e6de64dd4173f296be974efa85c4374a5d365d2938dc
01_raw/KWater/mywater_period/M1/group1/DATA2/2021-08-30_2021-09-05.json,raw,482761,454b00dc776fe4f26919101fb18a1c48413ccd4395340ba94f99dc693f6b9683
01_raw/KWater/mywater_period/M1/group1/DATA2/2021-09-06_2021-09-12.json,raw,483597,3512b5e554b4e7b68cdb77e18fe4f7180184c3a5fd06a6596c7a692a17978359
01_raw/KWater/mywater_period/M1/group1/DATA2/2021-09-13_2021-09-19.json,raw,482890,7f4483bc5b3703e07d4e44c51dbabee404fc6d4800760371060eb963f9bd99c8
01_raw/KWater/mywater_period/M1/group1/DATA2/2021-09-20_2021-09-26.json,raw,482971,b38bb0fc0a584a4d3843bc76ab66d4fd59ea44e1e0a62c298d835f5985a3719b
01_raw/KWater/mywater_period/M1/group1/DATA2/2021-09-27_2021-09-30.json,raw,280275,50ad429ac647c8eae9679dc61f1a8619b098a3f259a030a8f25d9bdc21a96d17
01_raw/KWater/mywater_period/M1/group1/DATA2/2022-06-21_2022-06-27.json,raw,477215,1dc913cb427be3644d358075bc9d22496d9579dfeef8318cfa04425e26c8f854
01_raw/KWater/mywater_period/M1/group1/DATA2/2022-06-28_2022-07-04.json,raw,476903,df576971ca5fbf7b887d1a11446df9161d66a9ecca3dfc5bc4dad8840d471c2d
01_raw/KWater/mywater_period/M1/group1/DATA2/2022-07-05_2022-07-11.json,raw,478146,1d6f8e89cb21b2e38ceebeeab378337871b0a5e4d6e217868c14a63a3dabf158
01_raw/KWater/mywater_period/M1/group1/DATA2/2022-07-12_2022-07-18.json,raw,478350,dbafda81977804005e195547eb2cfd655f60e5f373d7b22d39576c12303264db
01_raw/KWater/mywater_period/M1/group1/DATA2/2022-07-19_2022-07-25.json,raw,477661,95b0cc6faf2e8204185d56e84a92a83969bcf67da115e9948a3318e7b8f9190e
01_raw/KWater/mywater_period/M1/group1/DATA2/2022-07-26_2022-08-01.json,raw,479337,8b95e0f6e405cce575b0a0cb6051c851b580e34bf98d4f21817bf3ab9de204de
01_raw/KWater/mywater_period/M1/group1/DATA2/2022-08-02_2022-08-08.json,raw,479465,0cc3c6b67228d62b841a050a40429f783e9bf556abf383ab7a6b8b32229c29ec
01_raw/KWater/mywater_period/M1/group1/DATA2/2022-08-09_2022-08-15.json,raw,478407,a34ce6310fe854f9b2bbc04c9a75469f307dc8a22f3051ff247f1d4dd8cd6bed
01_raw/KWater/mywater_period/M1/group1/DATA2/2022-08-16_2022-08-22.json,raw,479747,e6a1e555499da08dada11fbcd510249b649228053c86ce71de643b88ed1623ee
01_raw/KWater/mywater_period/M1/group1/DATA2/2022-08-23_2022-08-29.json,raw,480138,5a0cdc24fdbdf05af2a4e9b9eadc917e0d3a71cf035e0aa0dc9d79f7b8066802
01_raw/KWater/mywater_period/M1/group1/DATA2/2022-08-30_2022-09-05.json,raw,479746,e06dd25b2965067c5b11becf0d7b8eb10547f31cd8419fb5758de30faef867f8
01_raw/KWater/mywater_period/M1/group1/DATA2/2022-09-06_2022-09-12.json,raw,479850,67910fb7f183d3b60a8b2d06e63987ba30e7ff13c7b99d347dd8a80c7d3d6796
01_raw/KWater/mywater_period/M1/group1/DATA2/2022-09-13_2022-09-19.json,raw,480553,2c4306902e3e28de77a80d9f17f000b65f3474c4f95d934b14d58f24887bec10
01_raw/KWater/mywater_period/M1/group1/DATA2/2022-09-20_2022-09-26.json,raw,480269,d2eadb8a86fdd547b02fec7dd9c7079d8b8ed559898552f9ad2a71460ce1d0d4
01_raw/KWater/mywater_period/M1/group1/DATA2/2022-09-27_2022-09-30.json,raw,278648,37ca2138dd796d2babdc08d87bca850624543b3e6817626b6290764af21fd46e
01_raw/KWater/mywater_period/M1/group1/DATA2/2023-06-21_2023-06-27.json,raw,478320,bb9ca5e8391ca7f09a6c330f4da5d7bdf92f197e20ef189cc5badb0bec4b1682
01_raw/KWater/mywater_period/M1/group1/DATA2/2023-06-28_2023-07-04.json,raw,479528,2b870d86c6fa49703d8c72af8be62f8a233626c8610b170bc69811e1d66e57ed
01_raw/KWater/mywater_period/M1/group1/DATA2/2023-07-05_2023-07-11.json,raw,479713,3b1d4be0831f319cc187cb8f061f71756597a80c513469bcd9a3ace2b4ef68d2
01_raw/KWater/mywater_period/M1/group1/DATA2/2023-07-12_2023-07-18.json,raw,481309,cb0863b929ef91adc82d7a4cf2bf2c219d9797eadeba2dd2747dc7532e961d6d
01_raw/KWater/mywater_period/M1/group1/DATA2/2023-07-19_2023-07-25.json,raw,482187,0a9e7ea3f872da8ca67a645da014a1f163615723eebbb1b9e5ed61fa3a5b3017
01_raw/KWater/mywater_period/M1/group1/DATA2/2023-07-26_2023-08-01.json,raw,482015,6fe3e3181441fc4a7c673ebc1e03067855e5f0d94d439dd450e26fac6ba69ecf
01_raw/KWater/mywater_period/M1/group1/DATA2/2023-08-02_2023-08-08.json,raw,482842,573350f7ad672ab992472cd36a03aee045b79bc400d6a6d1fd49c581b1db4635
01_raw/KWater/mywater_period/M1/group1/DATA2/2023-08-09_2023-08-15.json,raw,482745,0709bdbb57e5aa4de60aeb98ce465ea67a82f6874b4c1baaae9833d65b45d38d
01_raw/KWater/mywater_period/M1/group1/DATA2/2023-08-16_2023-08-22.json,raw,482654,cace8546277bd799076dd9aa2cc5ec217d431d6a0b51b562e87ab03411cf4198
01_raw/KWater/mywater_period/M1/group1/DATA2/2023-08-23_2023-08-29.json,raw,483606,67de03b9c4bb60d5904dfe0437ce4a7e51596f66623eec69d9852040fcbc22ad
01_raw/KWater/mywater_period/M1/group1/DATA2/2023-08-30_2023-09-05.json,raw,484419,d481e52279f5c9c339f2bb16c6629488b297509c8a32b78ab34556e2a9667405
01_raw/KWater/mywater_period/M1/group1/DATA2/2023-09-06_2023-09-12.json,raw,485767,708259710fc38cb304d11e32d5bc3e4c81877ed2436fc24512d227b860c13a7c
01_raw/KWater/mywater_period/M1/group1/DATA2/2023-09-13_2023-09-19.json,raw,485005,866de979ec846ce3a49887baf3a55a7e7652480d311f2d004f14de81e2f9b1fa
01_raw/KWater/mywater_period/M1/group1/DATA2/2023-09-20_2023-09-26.json,raw,486091,049b68ae359336cf6a9464b73520d5d3ed95c3ad77abcac12a21e2f8b0db8b1d
01_raw/KWater/mywater_period/M1/group1/DATA2/2023-09-27_2023-09-30.json,raw,281190,38fdcaf6ffb13a390e030bae0a6f34ce635a24e3cb37f1e91a9008da4d6dd237
01_raw/KWater/mywater_period/M1/group1/DATA2/2024-06-21_2024-06-27.json,raw,479362,e79ada710e086b6484e39a0be521e414fe6cdc22c84989aa0f1496c6d5c2b8dd
01_raw/KWater/mywater_period/M1/group1/DATA2/2024-06-28_2024-07-04.json,raw,480036,d0c2e9fab957ee9c156a7f5e802ed36aa75160fdd66034c12ff5c376b825c5a6
01_raw/KWater/mywater_period/M1/group1/DATA2/2024-07-05_2024-07-11.json,raw,480430,ed169b16eae20ec05b404907197cef2f24739e959f88eb457aeaf803f6358361
01_raw/KWater/mywater_period/M1/group1/DATA2/2024-07-12_2024-07-18.json,raw,481216,445689337fcb08934ff8154a6a02c039dc0c833a58be1c00cf379ee78390192a
01_raw/KWater/mywater_period/M1/group1/DATA2/2024-07-19_2024-07-25.json,raw,482156,e9ec6cde6d3727867bf0f8a4e6a2028c599cd2992d4fb49965c9f3b32b2f3b38
01_raw/KWater/mywater_period/M1/group1/DATA2/2024-07-26_2024-08-01.json,raw,481910,64febd80ccfabdaa0d7b9c68d63769ee8df7b508d051bb3ae7818b5962b1f26f
01_raw/KWater/mywater_period/M1/group1/DATA2/2024-08-02_2024-08-08.json,raw,481482,ec6b5246102bad3483b3e619cfbc58cb59118ca3a381cd18aaea2a3defc2740b
01_raw/KWater/mywater_period/M1/group1/DATA2/2024-08-09_2024-08-15.json,raw,481449,062facd061dec1630869eaea74e0a242732043aa151090b478903b23c568aaa5
01_raw/KWater/mywater_period/M1/group1/DATA2/2024-08-16_2024-08-22.json,raw,482183,5df225e5fef8f9a9416aeab50de191f97a5aac34f3dc57d7e40460e440ac648f
01_raw/KWater/mywater_period/M1/group1/DATA2/2024-08-23_2024-08-29.json,raw,482647,c229edc350c86703efc3d77c176facc5dc294ca0c26a0c63a8b1744dd23399a9
01_raw/KWater/mywater_period/M1/group1/DATA2/2024-08-30_2024-09-05.json,raw,482468,dcf47118e6517c526a9a599f11d66494478a902ea98aceed23bb1ce5037ba833
01_raw/KWater/mywater_period/M1/group1/DATA2/2024-09-06_2024-09-12.json,raw,482831,8ed34f4f3e9d27e2651f38fb644971aebd77f892e902b8912245db90350ccb2c
01_raw/KWater/mywater_period/M1/group1/DATA2/2024-09-13_2024-09-19.json,raw,482789,39d5c494c8c19eba4f063bbec54c4c2cf3791a646cad6cd31757dbdcd253fba5
01_raw/KWater/mywater_period/M1/group1/DATA2/2024-09-20_2024-09-26.json,raw,482971,9545db8eaa6ff5fe22adbef0da025fd47c302def631aa1f284c75436a501c0e7
01_raw/KWater/mywater_period/M1/group1/DATA2/2024-09-27_2024-09-30.json,raw,280518,7b2d60882f395fc7af352f23575b7ad73df5765a792d8b5418831027e18b9faa
01_raw/KWater/mywater_period/M1/group1/DATA2/2025-06-21_2025-06-27.json,raw,479741,7028229339dcb1bfdf5a9c9932063d51082de4dbdd42053394fbaa3b4b6035c9
01_raw/KWater/mywater_period/M1/group1/DATA2/2025-06-28_2025-07-04.json,raw,480608,36d4e53696bd843d5692d06623a85c56be91ce3dfc7d023bbf9500dc8aac71ef
01_raw/KWater/mywater_period/M1/group1/DATA2/2025-07-05_2025-07-11.json,raw,480019,8001b1cf82f0674211758a3228024a3c814e99b74f019ce36377b65cf244f5a0
01_raw/KWater/mywater_period/M1/group1/DATA2/2025-07-12_2025-07-18.json,raw,480069,b58b2d0e75aa6666afee5370aecab626074fcc6916bdcdb149e53f5289e0be46
01_raw/KWater/mywater_period/M1/group1/DATA2/2025-07-19_2025-07-25.json,raw,483002,2dea66fa5f85e45365865f6d4bfaf9602b1822fdd7f92e6ee90c96bd5958931d
01_raw/KWater/mywater_period/M1/group1/DATA2/2025-07-26_2025-08-01.json,raw,482796,33d1b25e1f731d301a55842d6008182ec02ff624c402a4d31e59bbfdee79f040
01_raw/KWater/mywater_period/M1/group1/DATA2/2025-08-02_2025-08-08.json,raw,482762,ba1129da9e1f09fff17da9b5a4fb775ade34dc80c610d31ae2e7401eadde7b5b
01_raw/KWater/mywater_period/M1/group1/DATA2/2025-08-09_2025-08-15.json,raw,482205,6ad8a5657015dcb3284901b0974b37584692bf482653745d403b604da934dd4c
01_raw/KWater/mywater_period/M1/group1/DATA2/2025-08-16_2025-08-22.json,raw,482911,c7202615ddd86fba16a61dfd1db9f6f71874e0d72368a03d203262686162b9c2
01_raw/KWater/mywater_period/M1/group1/DATA2/2025-08-23_2025-08-29.json,raw,481976,187edf7ac29e7af255ddfce0ac06419b4ce7a691f26fd955dd2eecbfe72e342d
01_raw/KWater/mywater_period/M1/group1/DATA2/2025-08-30_2025-09-05.json,raw,482288,ab81e8d6f66aad5f803b34975ca8b92220c1f8854302111a52c5329009928940
01_raw/KWater/mywater_period/M1/group1/DATA2/2025-09-06_2025-09-12.json,raw,482372,58b4f364adb4ba030f2fe6eb80b466ffabd1963fb3b5cf81f3e0944713cf81f9
01_raw/KWater/mywater_period/M1/group1/DATA2/2025-09-13_2025-09-19.json,raw,482708,805104b0fdfd136220d89fb4e0fe81b4194f1ab7c582ea59206bb950f1526e39
01_raw/KWater/mywater_period/M1/group1/DATA2/2025-09-20_2025-09-26.json,raw,483207,ec7f3e70652affcb411fa6e9804353d8cd140aa64df518f31203d5dae241e560
01_raw/KWater/mywater_period/M1/group1/DATA2/2025-09-27_2025-09-30.json,raw,280390,3479726f6362b479c1dbdaf01dc1860562c0f5ba0b0524cafd63ac84799ebbf2
01_raw/KWater/mywater_period/M1/group1/DATA3/2021-06-21_2021-06-27.json,raw,366326,2dc75401714e08fcfa2d8309d545b00dc6ba4fa230f4bc3e543cbd7bcc4a7a4d
01_raw/KWater/mywater_period/M1/group1/DATA3/2021-06-28_2021-07-04.json,raw,367970,1d043734523278ac55bc6f83bdd1191c52df22918caed5623d0b7d6048cf5d31
01_raw/KWater/mywater_period/M1/group1/DATA3/2021-07-05_2021-07-11.json,raw,374363,5456dae05ffdf2e4305b4ab0128202466d4ca482ab43a992cc68b2aaa4b27b72
01_raw/KWater/mywater_period/M1/group1/DATA3/2021-07-12_2021-07-18.json,raw,364374,354068d44a8fce40ec59d5a47cfc26d514b4e933e4bbd588f703bf24e6eb2952
01_raw/KWater/mywater_period/M1/group1/DATA3/2021-07-19_2021-07-25.json,raw,362671,6b0b3434737c5099073c6ff3032135681fff45d92d156f5e312ab092b00ad3a5
01_raw/KWater/mywater_period/M1/group1/DATA3/2021-07-26_2021-08-01.json,raw,364605,dde395c00339313819a095266e910fc7e976160d8016b41f7018c67f618dabcc
01_raw/KWater/mywater_period/M1/group1/DATA3/2021-08-02_2021-08-08.json,raw,366133,42f8896fffe607659c1416a5ab47a4bf11ea45204daea624f9ddc1b677c61483
01_raw/KWater/mywater_period/M1/group1/DATA3/2021-08-09_2021-08-15.json,raw,366682,ee16f0b2b3930fbac32b9551e8ced77b0e19209f283334201c67d72b1c1d2f67
01_raw/KWater/mywater_period/M1/group1/DATA3/2021-08-16_2021-08-22.json,raw,368120,aac24dba8ad01ea84e75e23b10d5f1cec063dcc976d40cf33dfa9d60e0bae1b8
01_raw/KWater/mywater_period/M1/group1/DATA3/2021-08-23_2021-08-29.json,raw,372919,016b46abefa342a3947d6a0bc2e136568a069481227b63dc7f0549eb47661b7c
01_raw/KWater/mywater_period/M1/group1/DATA3/2021-08-30_2021-09-05.json,raw,367420,44de68e7443e04e003d11242b8c11fe2f947853fe622e82a57e1c0566c07c308
01_raw/KWater/mywater_period/M1/group1/DATA3/2021-09-06_2021-09-12.json,raw,366081,ae95810fc2c1961197e9f3f1d4f972db28028083b3a887bfe8df2de4f59f815e
01_raw/KWater/mywater_period/M1/group1/DATA3/2021-09-13_2021-09-19.json,raw,364256,b5cfe3d86c6617cff97a21285219e6faeddf2d0b6fb2ab973815c80ed6a9b8e8
01_raw/KWater/mywater_period/M1/group1/DATA3/2021-09-20_2021-09-26.json,raw,364970,dcc2a218e76677ea6a11695250c7415f564aa61525565287e94cafdf1acd70dc
01_raw/KWater/mywater_period/M1/group1/DATA3/2021-09-27_2021-09-30.json,raw,214100,a9973d0d4e48e240e9950d5aa760e3d841ee3577f6c19d58451adc197a15aeeb
01_raw/KWater/mywater_period/M1/group1/DATA3/2022-06-21_2022-06-27.json,raw,367334,0cd17dbfed2c58441f6f2a4d29f0665f67ecd406cb832cf5ab7659bf66bf2c50
01_raw/KWater/mywater_period/M1/group1/DATA3/2022-06-28_2022-07-04.json,raw,367398,0dda5536e8c3ccbab288e91f44ec9f926bce2243e88eb09962db423e49186331
01_raw/KWater/mywater_period/M1/group1/DATA3/2022-07-05_2022-07-11.json,raw,366295,cbf7b0d0c4c87bfae81d8238bdc32754cdea90f69fac1685d3ddd2078e897daf
01_raw/KWater/mywater_period/M1/group1/DATA3/2022-07-12_2022-07-18.json,raw,368387,7fa0dbb8721d7266b9fc17e3586830bb554204ead2a8d7a0509a059d2fc85605
01_raw/KWater/mywater_period/M1/group1/DATA3/2022-07-19_2022-07-25.json,raw,368076,f2d480cd973ca6ae1d5f9bcda97caf962eb1367b1552ae8dcf67c952a1d9722c
01_raw/KWater/mywater_period/M1/group1/DATA3/2022-07-26_2022-08-01.json,raw,367058,62dc3a62a1580d4ad1ea91f60fdab4aa625bdf8b3dd0ee851e9723ce4686ba8b
01_raw/KWater/mywater_period/M1/group1/DATA3/2022-08-02_2022-08-08.json,raw,367324,3e8de2391dbc8a5dc0520838f85c54da795d6a3a32055b86e2c2e0467ab8d8b1
01_raw/KWater/mywater_period/M1/group1/DATA3/2022-08-09_2022-08-15.json,raw,372028,7351e84ccd9023ef5e8337f099b2ae43329216bdf74252fb13e35ccca6ed2e65
01_raw/KWater/mywater_period/M1/group1/DATA3/2022-08-16_2022-08-22.json,raw,366934,8383c41baab95cd0a5d4d4883c1698f455195debdcc7ca912fea82c1c73c12e6
01_raw/KWater/mywater_period/M1/group1/DATA3/2022-08-23_2022-08-29.json,raw,364779,3c3b0a666295b59ef2b420a3fecca3c9e9647a6a060007e12f990fa7f8f4056a
01_raw/KWater/mywater_period/M1/group1/DATA3/2022-08-30_2022-09-05.json,raw,371750,5f957679bbb5b0c0a4583976a2f8e7d001f32d57387ffffed1bf35aebfc4b799
01_raw/KWater/mywater_period/M1/group1/DATA3/2022-09-06_2022-09-12.json,raw,364654,b21f2f6df7759f7c18837feff00d4bab6f28df20f9d3b6702e145d60dcaf5707
01_raw/KWater/mywater_period/M1/group1/DATA3/2022-09-13_2022-09-19.json,raw,363478,042e26203197c2c73a4ebb2f85b4bbb70bc7833159c158e23b15f852e0d64d03
01_raw/KWater/mywater_period/M1/group1/DATA3/2022-09-20_2022-09-26.json,raw,361965,238e76ed72c450fb2fe6dad9f510819b4a503ef8636a57ede376f4e32f75ea22
01_raw/KWater/mywater_period/M1/group1/DATA3/2022-09-27_2022-09-30.json,raw,210735,e5f7dd33c39894f95d30810f9cc32b513515c78b042f00c8d681363bc811de9e
01_raw/KWater/mywater_period/M1/group1/DATA3/2023-06-21_2023-06-27.json,raw,370383,dc6586adbb3b296c208fe0eead727d4cf8d29458ebe1dc9cada004b99a9e902e
01_raw/KWater/mywater_period/M1/group1/DATA3/2023-06-28_2023-07-04.json,raw,370529,bf19807b8d9ca287fe65ee3a3c7b6f663dcdb14160f0add1feb43edc838754a8
01_raw/KWater/mywater_period/M1/group1/DATA3/2023-07-05_2023-07-11.json,raw,369269,890a44f50b64edb91797f383246000322e6b380fb0e43a57fbeda4be5aafaab2
01_raw/KWater/mywater_period/M1/group1/DATA3/2023-07-12_2023-07-18.json,raw,382057,a2a1fed631ef85e533a86ee444fe39bef091d03f72f6117d3726dae88d499077
01_raw/KWater/mywater_period/M1/group1/DATA3/2023-07-19_2023-07-25.json,raw,368196,58d1f73e325f4fea86c116ae082b18f29b04bc612cb664866ae673b6e22db7ba
01_raw/KWater/mywater_period/M1/group1/DATA3/2023-07-26_2023-08-01.json,raw,364545,4bd0e5564d4fbc9456afb591685e216165b296259b5d6f481ecc1727f74c7d34
01_raw/KWater/mywater_period/M1/group1/DATA3/2023-08-02_2023-08-08.json,raw,363196,e1d2be6d2e6320a548ec3c62501422065880372a95f640379bfe753d7bf526f4
01_raw/KWater/mywater_period/M1/group1/DATA3/2023-08-09_2023-08-15.json,raw,371228,1e83b4f376c355f78456e4ef0c0a49843e1a01a919559f5c3e83844f571b92a6
01_raw/KWater/mywater_period/M1/group1/DATA3/2023-08-16_2023-08-22.json,raw,364895,bf15285abf8c178844c488adbcc6a48f0c7182b8755803cd7d174aa82cddce53
01_raw/KWater/mywater_period/M1/group1/DATA3/2023-08-23_2023-08-29.json,raw,370007,be3c0b9897285ba76c5c3ff53a1c4e4444cbe7bf7ae298d1a8078440734a47de
01_raw/KWater/mywater_period/M1/group1/DATA3/2023-08-30_2023-09-05.json,raw,368699,6919282a16be6e49989d177800024dc2db720cb6ed3cf7f6ec521427f5418dc9
01_raw/KWater/mywater_period/M1/group1/DATA3/2023-09-06_2023-09-12.json,raw,362175,b847c5cf37c510bcb28c8b5b29daa195061d8608152bac4d491eceef2df2acb3
01_raw/KWater/mywater_period/M1/group1/DATA3/2023-09-13_2023-09-19.json,raw,372289,b23f416fba749d0f7fd9441e7ea2f80516ac9fc6fcb0b33dd6195513a90d9e96
01_raw/KWater/mywater_period/M1/group1/DATA3/2023-09-20_2023-09-26.json,raw,369628,475893110a458959a38195c16d9bcc6607b4bf2b0647e7adb0aba08f3e051232
01_raw/KWater/mywater_period/M1/group1/DATA3/2023-09-27_2023-09-30.json,raw,212933,b76f1ac1b87aa17b110794a69c7b38920c3052484e891e5aceab7c49924c879e
01_raw/KWater/mywater_period/M1/group1/DATA3/2024-06-21_2024-06-27.json,raw,366316,baa06fdd9d9337b4a552df4ec5fb375ed9535e33823becbf39055bbcd4f454c3
01_raw/KWater/mywater_period/M1/group1/DATA3/2024-06-28_2024-07-04.json,raw,370710,67269bcbf6cbf89948203dc2ba0aaa1a36523ed497f111fb144c2ad95ca04318
01_raw/KWater/mywater_period/M1/group1/DATA3/2024-07-05_2024-07-11.json,raw,373993,602b2fffe63ecd44a9cc01ab91ab460f335a760cb6fcfd98f290b95a87021a97
01_raw/KWater/mywater_period/M1/group1/DATA3/2024-07-12_2024-07-18.json,raw,368649,8a974a57f76fedeb11c00cdf071cfb35bbf8dcc26f595c82e6475ca41ccc0abb
01_raw/KWater/mywater_period/M1/group1/DATA3/2024-07-19_2024-07-25.json,raw,368249,41dd537e2082284550ed7a69ab5472de953453678a4a6ed78e69dba64103f99c
01_raw/KWater/mywater_period/M1/group1/DATA3/2024-07-26_2024-08-01.json,raw,364828,22edb3e01939cc7370d2cd1ae7d526adb455646ca59e475c72a145c6b4590a12
01_raw/KWater/mywater_period/M1/group1/DATA3/2024-08-02_2024-08-08.json,raw,364688,2ae7219415ecc9cec696987218e35407e8165e977aa9417a87fa6d4d1989ba7f
01_raw/KWater/mywater_period/M1/group1/DATA3/2024-08-09_2024-08-15.json,raw,363069,1f9572f5d4adbcf5290db5f9d056f0f396746498988fdcb2d29d834179588a8a
01_raw/KWater/mywater_period/M1/group1/DATA3/2024-08-16_2024-08-22.json,raw,367274,372314459af53e0c1be4e88c3132578a0bbca07b59aba950c425a00f6997df08
01_raw/KWater/mywater_period/M1/group1/DATA3/2024-08-23_2024-08-29.json,raw,365130,86feabf2d1fd9c3ed482d65e24aa5bb43b8f41122c5ce24430d1688d8dd1a812
01_raw/KWater/mywater_period/M1/group1/DATA3/2024-08-30_2024-09-05.json,raw,362845,3f46eaacf77586caa53e0f310e149c350967c2f8786227883aef4fa4f22154eb
01_raw/KWater/mywater_period/M1/group1/DATA3/2024-09-06_2024-09-12.json,raw,367263,23eb6fd9bd15d0350b3e6ef1c71a5ae4f58f3af12725a28cc94db14c01aeb479
01_raw/KWater/mywater_period/M1/group1/DATA3/2024-09-13_2024-09-19.json,raw,365488,7a48327ac5324876c2e70873a2e98d5dc076d7874719ad03e528120c32224079
01_raw/KWater/mywater_period/M1/group1/DATA3/2024-09-20_2024-09-26.json,raw,371533,1bad9701a6c70456bf2a8c3ae98597825088192e0a387add3146f09a11c66bde
01_raw/KWater/mywater_period/M1/group1/DATA3/2024-09-27_2024-09-30.json,raw,211568,5589d50ee2e382fd0a2eb661ae3d0bd34d7af59e7f3a4892c8c145cc43b4dde8
01_raw/KWater/mywater_period/M1/group1/DATA3/2025-06-21_2025-06-27.json,raw,369332,f55669110d9d3de0b2861d975d76ef5c8fe490cf3999b8a8ad5b8d9b5f1be7e5
01_raw/KWater/mywater_period/M1/group1/DATA3/2025-06-28_2025-07-04.json,raw,362741,96414ff633c83de4cbc1a7275d6094eef49427b85a55110f996a7421aea69402
01_raw/KWater/mywater_period/M1/group1/DATA3/2025-07-05_2025-07-11.json,raw,362263,9a79435e329b18605f445174b9926be74100a3e420b4bcc4459849304b9364df
01_raw/KWater/mywater_period/M1/group1/DATA3/2025-07-12_2025-07-18.json,raw,374708,9d23954493c032be26d2c1a62e869fe689820b5d9b00b673d192f92aad4165f4
01_raw/KWater/mywater_period/M1/group1/DATA3/2025-07-19_2025-07-25.json,raw,367466,69c3cf5b670c8ab579140c865429544785d70057540ddd5f87e37b485556e69d
01_raw/KWater/mywater_period/M1/group1/DATA3/2025-07-26_2025-08-01.json,raw,362046,20faaabe4ee73d8c0cd918aea5dbab58c3cb42b52395960646e9817e2d2e40dc
01_raw/KWater/mywater_period/M1/group1/DATA3/2025-08-02_2025-08-08.json,raw,368851,7087689f7bae10d10d4618a0063ac653324c0f1d563cb6d113e1b978baafcc9b
01_raw/KWater/mywater_period/M1/group1/DATA3/2025-08-09_2025-08-15.json,raw,368411,7a36f7319c7e51e8b984987563ebbf9f597471e2eeff511acd616394520946e5
01_raw/KWater/mywater_period/M1/group1/DATA3/2025-08-16_2025-08-22.json,raw,362513,81447f8d86f01f87a4e03f2a667d90527639a810da7e7d79bfd3f1fe69553785
01_raw/KWater/mywater_period/M1/group1/DATA3/2025-08-23_2025-08-29.json,raw,363354,f3193d775cac079370ee84e4a3bb252db447f401e02e1f24b3a5fad9c7f843f5
01_raw/KWater/mywater_period/M1/group1/DATA3/2025-08-30_2025-09-05.json,raw,366621,0af6f29faf6e39faf4e7feb22e633aa93201ace13cdb2541235e1d611f5601eb
01_raw/KWater/mywater_period/M1/group1/DATA3/2025-09-06_2025-09-12.json,raw,369240,c1b75b063580bf177eacdc5a4e15a49d619e8137da127de703e0b73754a24ffa
01_raw/KWater/mywater_period/M1/group1/DATA3/2025-09-13_2025-09-19.json,raw,368553,7584b652db3736c86281619e62f6845da29fccfc7056b15a56b804321c894d85
01_raw/KWater/mywater_period/M1/group1/DATA3/2025-09-20_2025-09-26.json,raw,366654,dcfb250ca8d3e21fc333cc05cc80ad445fdeb9266e86ebff2ad8cd200bdc3bd2
01_raw/KWater/mywater_period/M1/group1/DATA3/2025-09-27_2025-09-30.json,raw,212488,a7dc2384369992f17e535b65abf1db1b420b0e6c6e19f4cbce44b04bb1fd89d5
01_raw/KWater/mywater_period/M1/group1/DATA4/2021-06-21_2021-06-27.json,raw,443101,a678dd1a57c80346e19fcc4518ac7829fdef81e1b96ea568f93ad787997737c7
01_raw/KWater/mywater_period/M1/group1/DATA4/2021-06-28_2021-07-04.json,raw,444348,63efd9cdb6caaf78998193a4caaefb294ae4ef31ded61ba226576473ddf17446
01_raw/KWater/mywater_period/M1/group1/DATA4/2021-07-05_2021-07-11.json,raw,471875,e24dd91b180cb07e84392746810190b08d4bc212baef3822417064de571388e3
01_raw/KWater/mywater_period/M1/group1/DATA4/2021-07-12_2021-07-18.json,raw,452465,483f3c0b62cc4e090deda44889b7042bae30310f5156dc1ad0503dbe68449367
01_raw/KWater/mywater_period/M1/group1/DATA4/2021-07-19_2021-07-25.json,raw,443304,06e095cc317944253ed8a8360a5eb49e88f6b07ec3047d2f4048bc647583b8ec
01_raw/KWater/mywater_period/M1/group1/DATA4/2021-07-26_2021-08-01.json,raw,440827,90d119ef613d66d1e61200c2e705d74ebd0abf6bcfcfc7ab76f0074005e80161
01_raw/KWater/mywater_period/M1/group1/DATA4/2021-08-02_2021-08-08.json,raw,447453,1b01d04539ca328378cbec32da30b30b68a51de10b2080c0fe2453b03776697e
01_raw/KWater/mywater_period/M1/group1/DATA4/2021-08-09_2021-08-15.json,raw,446007,e7c12f700f213445051e84a24791f28b09032da4b854bbff4b73fb31f7c5c940
01_raw/KWater/mywater_period/M1/group1/DATA4/2021-08-16_2021-08-22.json,raw,447537,4acab6804c1cbfb568c37d389104f5c0b57e53dc980a6e4f55a9c86344dc34fd
01_raw/KWater/mywater_period/M1/group1/DATA4/2021-08-23_2021-08-29.json,raw,466681,acb755e51da8be828817525e177fb44ada34504ef38a3c459cf4d657a8459cba
01_raw/KWater/mywater_period/M1/group1/DATA4/2021-08-30_2021-09-05.json,raw,461265,5dea88fae421a26e99046bd841e2e6a20ae2d8f1093d50982c5dce869dc748b7
01_raw/KWater/mywater_period/M1/group1/DATA4/2021-09-06_2021-09-12.json,raw,450309,e0034167c35b67782cfcca96e5898de9a8948d4aa014be66c105bb2f6d98094e
01_raw/KWater/mywater_period/M1/group1/DATA4/2021-09-13_2021-09-19.json,raw,443965,c9b14f75c2bff4310d276f96bc0f4a731623b6f06bd973a4e3a886bddabab7bc
01_raw/KWater/mywater_period/M1/group1/DATA4/2021-09-20_2021-09-26.json,raw,445103,c74fb52f58fdd87275e2c4c9ef291327253f08928f199ea06729eb95bd5b4352
01_raw/KWater/mywater_period/M1/group1/DATA4/2021-09-27_2021-09-30.json,raw,258095,61694e36c5683ec01ee5d597730a88d9b2018419cbb7ce2a23231097c518abfc
01_raw/KWater/mywater_period/M1/group1/DATA4/2022-06-21_2022-06-27.json,raw,437036,c76f776127b5ca1b5c9784fb6f1ad57735a9a6e0601a13e358b2404e10d57426
01_raw/KWater/mywater_period/M1/group1/DATA4/2022-06-28_2022-07-04.json,raw,439666,e062ed191313c1fb0eef1ea3a5e9205b16ae9b71a3d57c6add5b1596de876b6c
01_raw/KWater/mywater_period/M1/group1/DATA4/2022-07-05_2022-07-11.json,raw,434175,d9103ad985d986b22da4c4ae513324338a12b7ca742c09356ce713302ce3ac2e
01_raw/KWater/mywater_period/M1/group1/DATA4/2022-07-12_2022-07-18.json,raw,440139,263f655127a7038c3c39cfb295fa26dda95f91dcd924b0ace5f5d29dfa9e810a
01_raw/KWater/mywater_period/M1/group1/DATA4/2022-07-19_2022-07-25.json,raw,445137,c33db5cd9aa280ae54e4feafb79d9c9f7635d72ffce9d527226143808a0e4028
01_raw/KWater/mywater_period/M1/group1/DATA4/2022-07-26_2022-08-01.json,raw,437122,044040a1184882e2dc9c1538ef6235c7b7ded702459859692dc753671fbdc6df
01_raw/KWater/mywater_period/M1/group1/DATA4/2022-08-02_2022-08-08.json,raw,444392,109ea795ed9d934a0e5e4ea35f3f2473b5b4d25fbfa19b629171b7afb1a98f91
01_raw/KWater/mywater_period/M1/group1/DATA4/2022-08-09_2022-08-15.json,raw,452221,c514ef8a61a5101477eb8e79b0137aa35a0f88cd2d318dfad0b95f3cf988dbff
01_raw/KWater/mywater_period/M1/group1/DATA4/2022-08-16_2022-08-22.json,raw,454988,a94414454306bb655ea43a082481d9df78578a86863e0f13bfc5cc152fa012d5
01_raw/KWater/mywater_period/M1/group1/DATA4/2022-08-23_2022-08-29.json,raw,441195,2e90ef09a005608f7e7a51c603a9453555c9822b8c14140d09c9e17f4f25216e
01_raw/KWater/mywater_period/M1/group1/DATA4/2022-08-30_2022-09-05.json,raw,451904,03894c73fb1b95d5f257e9604579220b0f1a832f325a584ef7e996e1bff2518d
01_raw/KWater/mywater_period/M1/group1/DATA4/2022-09-06_2022-09-12.json,raw,459284,eaf76939805558d3cc8f08c22a5384b4ce372edfe92ba52ab832e07e7b872a39
01_raw/KWater/mywater_period/M1/group1/DATA4/2022-09-13_2022-09-19.json,raw,437890,1a01e317a0a2d40e25155c46ddc213b7d22436d7e57c68da3bec4c0e8edcf7e4
01_raw/KWater/mywater_period/M1/group1/DATA4/2022-09-20_2022-09-26.json,raw,433470,56b181338dcd95783e8cfa34bdf210094271946aa7e6dfc567c99b78f5e417d0
01_raw/KWater/mywater_period/M1/group1/DATA4/2022-09-27_2022-09-30.json,raw,250528,e5ff0b1c34d8203ea39b6606206d96fa2afaa80dbe3c6904a6a1daed723afd0f
01_raw/KWater/mywater_period/M1/group1/DATA4/2023-06-21_2023-06-27.json,raw,437637,36bafe9556508f0bc52610d773d0ef79ebae5ea601c465efc266cfaf4174781f
01_raw/KWater/mywater_period/M1/group1/DATA4/2023-06-28_2023-07-04.json,raw,465857,ea2a52e948cb43ba46a84e5c7d850cbd2264a8fd14c8e2a1153eaabb776504db
01_raw/KWater/mywater_period/M1/group1/DATA4/2023-07-05_2023-07-11.json,raw,469218,72bb5e3000af3236654e6e8d1e62af2e9885902f8bdbfc54742bc4fde64b8cd3
01_raw/KWater/mywater_period/M1/group1/DATA4/2023-07-12_2023-07-18.json,raw,488830,798d2596e710358118ddbeb410c02da773d4dcaf84f4704f273b1a53a67f96cd
01_raw/KWater/mywater_period/M1/group1/DATA4/2023-07-19_2023-07-25.json,raw,473889,afb9524dce104d8b187170c49db2b5e815d62138636a19698eb59e8a62815535
01_raw/KWater/mywater_period/M1/group1/DATA4/2023-07-26_2023-08-01.json,raw,450812,358d62081248dd351ba2a030a0561614f1adfd36eadebb69c7a9c8f399cc1733
01_raw/KWater/mywater_period/M1/group1/DATA4/2023-08-02_2023-08-08.json,raw,440832,eb401c2998e8d64ef18dae01dc202763ad1b0049728eaf2b05172e16d0859059
01_raw/KWater/mywater_period/M1/group1/DATA4/2023-08-09_2023-08-15.json,raw,463026,9d5704814b2353475c2d194f39e8f30361fc1b275337a89ec0b8e66e45168d9d
01_raw/KWater/mywater_period/M1/group1/DATA4/2023-08-16_2023-08-22.json,raw,446253,cadd5630afea109d39925b4b258b4ad896f9c41c6ee4bd785199ebb5dd6a25ac
01_raw/KWater/mywater_period/M1/group1/DATA4/2023-08-23_2023-08-29.json,raw,453671,b6b1aa3ebfb2238af794bffaf67cd7a34a60d6f85795a85b51b29893ac67fbc4
01_raw/KWater/mywater_period/M1/group1/DATA4/2023-08-30_2023-09-05.json,raw,462452,ebb1b8aff5d83c2177724c2f9272a6bbf3d455431a3e4f9f7e5b6a1f139d2d8f
01_raw/KWater/mywater_period/M1/group1/DATA4/2023-09-06_2023-09-12.json,raw,441356,fc0ef1a68e410fafc2fd28f840a9c25c664d8718732332b56d1acd9c2682b0a6
01_raw/KWater/mywater_period/M1/group1/DATA4/2023-09-13_2023-09-19.json,raw,456175,026d0e1d250322db4a7199aebee9a203cb824e6223d33e4cdba865f3e80e5a1b
01_raw/KWater/mywater_period/M1/group1/DATA4/2023-09-20_2023-09-26.json,raw,466085,35565441a351ff1196e7d3cedf12ac6e86995c4537e9716db30868a6e7397262
01_raw/KWater/mywater_period/M1/group1/DATA4/2023-09-27_2023-09-30.json,raw,264641,d33b663a8708cca088a239348780c9d097b22dae84578ed78b402697ef5ca2a6
01_raw/KWater/mywater_period/M1/group1/DATA4/2024-06-21_2024-06-27.json,raw,437108,504297f11f6ebec83cfeec89285eece958afb3cf1ce85e2a8bf1c898a1864f6f
01_raw/KWater/mywater_period/M1/group1/DATA4/2024-06-28_2024-07-04.json,raw,453874,2efec266f2b7832f82367ff2263d19830bb4890bdb4b80837195b1ebf33fd3e3
01_raw/KWater/mywater_period/M1/group1/DATA4/2024-07-05_2024-07-11.json,raw,467098,ac7028b4629155cc6dfb4c2f95f7b0717a0b340399157e942b3a3b68e6246bde
01_raw/KWater/mywater_period/M1/group1/DATA4/2024-07-12_2024-07-18.json,raw,464838,2a74562d8aad966387301a9b13c732c16267df7e7e9b845f0db600ad5d9e5852
01_raw/KWater/mywater_period/M1/group1/DATA4/2024-07-19_2024-07-25.json,raw,464802,c73a23fc0312a4bf04107c59e088692d38140bf73a419a476d5e3862420e1998
01_raw/KWater/mywater_period/M1/group1/DATA4/2024-07-26_2024-08-01.json,raw,449705,000c399d209e6b0e0f08eda145dde9535c72e8302f9278f2e4309ba02bac10e1
01_raw/KWater/mywater_period/M1/group1/DATA4/2024-08-02_2024-08-08.json,raw,439635,20ca3d2d8b99d446d9a132b1d5b901d459157d205b510f2cd2ab137957e4c331
01_raw/KWater/mywater_period/M1/group1/DATA4/2024-08-09_2024-08-15.json,raw,433463,95883cb0041bffd85886fc7648c6a563aee3766649be5b73d95c6319c832669b
01_raw/KWater/mywater_period/M1/group1/DATA4/2024-08-16_2024-08-22.json,raw,436305,8882d8ba932eaecdd405de16c02423f06e50009e76a7aa3fd6c4e39dc41c3d37
01_raw/KWater/mywater_period/M1/group1/DATA4/2024-08-23_2024-08-29.json,raw,436111,652006fa13e698f4ed63e9f22b073c2f544623816dbe6c868096446497d13bd9
01_raw/KWater/mywater_period/M1/group1/DATA4/2024-08-30_2024-09-05.json,raw,431839,76584d7787bde000e1ea07cdeaa1ff0b6ceb302064fd7c8da39792aacfcabcd6
01_raw/KWater/mywater_period/M1/group1/DATA4/2024-09-06_2024-09-12.json,raw,434297,9607ff76295f6b704e3c89daa2c53dc7c3ec2d7ad48c850306631aba90a0bc5a
01_raw/KWater/mywater_period/M1/group1/DATA4/2024-09-13_2024-09-19.json,raw,435295,58959912117fda14915527551024943f57d188aa78c55031cfbb2a7e725c8fec
01_raw/KWater/mywater_period/M1/group1/DATA4/2024-09-20_2024-09-26.json,raw,461915,6521f9d9c3ebf1f697385a4aa374437b3d0e0ce1ca996b8a98f88f9fe4841484
01_raw/KWater/mywater_period/M1/group1/DATA4/2024-09-27_2024-09-30.json,raw,258097,b0c20d7fcd187bb45925860347599c275780fb829cc79b4e5ee67900378d82d2
01_raw/KWater/mywater_period/M1/group1/DATA4/2025-06-21_2025-06-27.json,raw,458917,58303c25054c0d4f81404a6c5edf8196eb440d1e56b9de7d61602c4cd04cbf08
01_raw/KWater/mywater_period/M1/group1/DATA4/2025-06-28_2025-07-04.json,raw,438130,26cbd6eb044c0b3aee5de92ee011d6af0b1b4fc67a60c4ca3da8552fcf90c74d
01_raw/KWater/mywater_period/M1/group1/DATA4/2025-07-05_2025-07-11.json,raw,427842,6567ad5f0a988e8ff7ea7ce8a4a36db79d6e7a69076c3afffd3d194cc0a2defd
01_raw/KWater/mywater_period/M1/group1/DATA4/2025-07-12_2025-07-18.json,raw,446899,26a20dbefa54126bb9c86825a65dda3177e8a010f663dff7a4325138706566f2
01_raw/KWater/mywater_period/M1/group1/DATA4/2025-07-19_2025-07-25.json,raw,463549,11da527e70ede4686c365366921ce229d924803bf62d8e42c8baffcf6b08cfaf
01_raw/KWater/mywater_period/M1/group1/DATA4/2025-07-26_2025-08-01.json,raw,436817,ed14afbef809070c06b9b007ed1bab259a94343ba4ddd6928e03a3918c0fbb9e
01_raw/KWater/mywater_period/M1/group1/DATA4/2025-08-02_2025-08-08.json,raw,447350,c9f1fff8c048818368d9946c31d77c821109e8499fcaacb7840a957c03d417b3
01_raw/KWater/mywater_period/M1/group1/DATA4/2025-08-09_2025-08-15.json,raw,449590,63ebb46a362344e82b872f2c29bb188a0697be70349e315afaadb95fa32fd51c
01_raw/KWater/mywater_period/M1/group1/DATA4/2025-08-16_2025-08-22.json,raw,435790,f264393ab2249add7acb6f418151f41a2027f787cd2ebb73b63d7dd44a651c0a
01_raw/KWater/mywater_period/M1/group1/DATA4/2025-08-23_2025-08-29.json,raw,432724,c3cb079b0ba2527d2d514e1b9e412fa6cc7e345be278a6710c5b465998094c11
01_raw/KWater/mywater_period/M1/group1/DATA4/2025-08-30_2025-09-05.json,raw,435861,a744a06b3f7defa604b9a3aa21580c893b3cac3532b9cfd2c6ea1893bc0efa39
01_raw/KWater/mywater_period/M1/group1/DATA4/2025-09-06_2025-09-12.json,raw,445352,e0348e64d1e7f70daaa508d64be32d12f007904e5f353d0193d62e9f7c921349
01_raw/KWater/mywater_period/M1/group1/DATA4/2025-09-13_2025-09-19.json,raw,451270,188a75f56e5aab94ae6d6cdf53469879ca2e9a5563d806f1dc417c3e74c66cf8
01_raw/KWater/mywater_period/M1/group1/DATA4/2025-09-20_2025-09-26.json,raw,450777,7b79c608bcd60d7bce5d4aa213d6af200b52f31b24e6f539e5f7a3c010586e43
01_raw/KWater/mywater_period/M1/group1/DATA4/2025-09-27_2025-09-30.json,raw,258628,9e3503a78320c27b29f9601f69150df5fa5e2856fbfcf0a1a0232bbfa2ad8798
01_raw/KWater/mywater_period/M1/group1/DATA5/2021-06-21_2021-06-27.json,raw,436133,51b7f9784fa67f2446fb2fc76ab625ccda33f4f422a994ee63710af8982133c2
01_raw/KWater/mywater_period/M1/group1/DATA5/2021-06-28_2021-07-04.json,raw,436901,8fb88cd201f90432e623a58d468a2849fa47a47f51bdea58795be2cf8f66dfb6
01_raw/KWater/mywater_period/M1/group1/DATA5/2021-07-05_2021-07-11.json,raw,465606,fea3e93859eac03cc2c54cf3c94e1b3a4f52a9e2b7000406170c449c23f94515
01_raw/KWater/mywater_period/M1/group1/DATA5/2021-07-12_2021-07-18.json,raw,443698,885aa7976141597b5017856b22055107d8675445507da7561d449af6fb9f23db
01_raw/KWater/mywater_period/M1/group1/DATA5/2021-07-19_2021-07-25.json,raw,434802,bcaab4d6dfdc9801528501c4f50b930dbf416b81a01d44c49a527284c3688230
01_raw/KWater/mywater_period/M1/group1/DATA5/2021-07-26_2021-08-01.json,raw,432059,e766cc31a003791f801fb1f4c8569a89734df5e6f52e3f9a7e509f4d702e8a65
01_raw/KWater/mywater_period/M1/group1/DATA5/2021-08-02_2021-08-08.json,raw,438780,2566eba2a2053f53a01888f4763e8593d31786fbdb02db525ff5aa2a25f460d6
01_raw/KWater/mywater_period/M1/group1/DATA5/2021-08-09_2021-08-15.json,raw,436812,4f0282858052d8fdbdb5f95e678702fc80ebfd0b4f8ce11ff92e990c2ba4b5d3
01_raw/KWater/mywater_period/M1/group1/DATA5/2021-08-16_2021-08-22.json,raw,439740,4f3167524ddefc2caf4058a7f4ebe492448e661a62478fc10a7edbb6e08d2fa9
01_raw/KWater/mywater_period/M1/group1/DATA5/2021-08-23_2021-08-29.json,raw,458524,b700b0304d016fc2d0b6f545fe83ca4a700006bb08dcde28203b33f4c4d1cde2
01_raw/KWater/mywater_period/M1/group1/DATA5/2021-08-30_2021-09-05.json,raw,452686,0b40d251996c70c7a8c1bc796c0ad9c149f1d7e520fc35cc410b02efe1b1ff22
01_raw/KWater/mywater_period/M1/group1/DATA5/2021-09-06_2021-09-12.json,raw,443842,f30fceabcd10d07a591e60fd25504d75d6583f02973142be566c6c23aad754d1
01_raw/KWater/mywater_period/M1/group1/DATA5/2021-09-13_2021-09-19.json,raw,436533,6e3c7af4e56f66bf649fe366d82ccb217f313d0cde4164646be66e08d1c7d394
01_raw/KWater/mywater_period/M1/group1/DATA5/2021-09-20_2021-09-26.json,raw,438857,209f1ac2d4648a1816b849fcc8fa84505b44e7707ffabda92bb06268ee4d177d
01_raw/KWater/mywater_period/M1/group1/DATA5/2021-09-27_2021-09-30.json,raw,254372,775bb022b8bfae9cb275cc29e5d6f8ba4f025f96aea282ec8634882b5f9c4d5d
01_raw/KWater/mywater_period/M1/group1/DATA5/2022-06-21_2022-06-27.json,raw,430456,9dbd7f9676397a6c54e7079eef11cc21ed298dbb046e8807ac051bf194a070bb
01_raw/KWater/mywater_period/M1/group1/DATA5/2022-06-28_2022-07-04.json,raw,434304,676838893384cb4eaee1767e208c4b04262d4701d3ab27fd88c7b41cb89b7e4c
01_raw/KWater/mywater_period/M1/group1/DATA5/2022-07-05_2022-07-11.json,raw,428743,8965d6a5e92c2bd47c301626c8c26e8fea82515aa0df75fc7f5e825aeb5cf6dd
01_raw/KWater/mywater_period/M1/group1/DATA5/2022-07-12_2022-07-18.json,raw,435346,5896f0b0cdd6d1f4348b46f336dcf9206b9328c86b107aa7d8d83f0b44caeff5
01_raw/KWater/mywater_period/M1/group1/DATA5/2022-07-19_2022-07-25.json,raw,441232,b9cb76b2c7fdc034e3e0b69dd02b70b10a8157d7f2c6ffd0f2fc9a6e2328eafb
01_raw/KWater/mywater_period/M1/group1/DATA5/2022-07-26_2022-08-01.json,raw,432342,1a560d769b56374848e7d10ec83d8ab5596f85dc5755544c1043c7b171b62cc9
01_raw/KWater/mywater_period/M1/group1/DATA5/2022-08-02_2022-08-08.json,raw,439798,e4faffc63b1f489db5d708df20e698f9aaf8fd67169b253b97192bffd8511b9f
01_raw/KWater/mywater_period/M1/group1/DATA5/2022-08-09_2022-08-15.json,raw,449139,ce426cc12eb57f117a83635acd1538ee047f99736605c02039d0c2f1646c87f9
01_raw/KWater/mywater_period/M1/group1/DATA5/2022-08-16_2022-08-22.json,raw,451514,34988ec7da33b75c48f1c177c325d4a916d38758c500bc67a2860a43cfb23e37
01_raw/KWater/mywater_period/M1/group1/DATA5/2022-08-23_2022-08-29.json,raw,434255,a1ccc81a204131480190e39b16ea2b8caee13f75ae28f61d62d01e184fa53a4b
01_raw/KWater/mywater_period/M1/group1/DATA5/2022-08-30_2022-09-05.json,raw,443261,365513adba19b591a3c330b4143f416a06b2c495dfc48c759fa6d805c63eecc7
01_raw/KWater/mywater_period/M1/group1/DATA5/2022-09-06_2022-09-12.json,raw,452224,496f874ded26dcfd3f4712fc27b5833f864dd7426b3c8a3fd6f8753f6856fd8a
01_raw/KWater/mywater_period/M1/group1/DATA5/2022-09-13_2022-09-19.json,raw,431796,9233858223eae8fd375af7cad818f8f52af4753af8c991a467d52d6f4430b6ec
01_raw/KWater/mywater_period/M1/group1/DATA5/2022-09-20_2022-09-26.json,raw,426995,59e2ff1278e9fb2c6d8fe0b1a7ffaa47ce2eac3e558c908cd296499858571516
01_raw/KWater/mywater_period/M1/group1/DATA5/2022-09-27_2022-09-30.json,raw,247058,98ef3bb965d52402356e610e923cd7600f0de9e23760e36d672711bb2ca40408
01_raw/KWater/mywater_period/M1/group1/DATA5/2023-06-21_2023-06-27.json,raw,430504,be778092a02118f5805f5db6e4a0c2e999d822d11d9db6df20da64630572755a
01_raw/KWater/mywater_period/M1/group1/DATA5/2023-06-28_2023-07-04.json,raw,461924,da78a23c8744d4f43d0125f345637cc1b49e024157c6d1aa2c1d1910b39cd5f7
01_raw/KWater/mywater_period/M1/group1/DATA5/2023-07-05_2023-07-11.json,raw,464006,633ef8540f54c4c6bb74b0ed5650befd6510bdd9df94cb4c8fccfedca5583f54
01_raw/KWater/mywater_period/M1/group1/DATA5/2023-07-12_2023-07-18.json,raw,480887,22fbdbb0ed4f20963c4316bd2027b9d0e47872210304be26309ca67d3d9b839a
01_raw/KWater/mywater_period/M1/group1/DATA5/2023-07-19_2023-07-25.json,raw,464208,b05818fd27fc3bb407ed93a7ec76241ac821aef2c872d55b3788283a52c696d2
01_raw/KWater/mywater_period/M1/group1/DATA5/2023-07-26_2023-08-01.json,raw,443142,dce53ac0b3ef0fad40dbadd6940f46ce277ae525c522f86b524cd5987c6d81e0
01_raw/KWater/mywater_period/M1/group1/DATA5/2023-08-02_2023-08-08.json,raw,433405,a9b5d61e56ac92408be55150946a2c6bc6ec73a419d47c443d05c0a06dbd788e
01_raw/KWater/mywater_period/M1/group1/DATA5/2023-08-09_2023-08-15.json,raw,457656,638f0176a38d113f797b1503e6f745eb6d7bea782c3d89728da75f7367e99d1d
01_raw/KWater/mywater_period/M1/group1/DATA5/2023-08-16_2023-08-22.json,raw,439593,3f92e5762ac114a8182117c721aa4af88d1ce4dfafefe3ae213542af8db6c780
01_raw/KWater/mywater_period/M1/group1/DATA5/2023-08-23_2023-08-29.json,raw,446014,5e1c477ba41867a198338876cbf3f2a13bebcfaa2bc7dbf272d13fbd46e9dfbc
01_raw/KWater/mywater_period/M1/group1/DATA5/2023-08-30_2023-09-05.json,raw,454689,5d34fa426f86ae0eee4a8d48fb645c951343143724bf2e459d8f2f57db49d1d8
01_raw/KWater/mywater_period/M1/group1/DATA5/2023-09-06_2023-09-12.json,raw,433731,0774489405d8b5c130e598a34f458e149d43eb8b9d9d2f33c80e8b9cc567376c
01_raw/KWater/mywater_period/M1/group1/DATA5/2023-09-13_2023-09-19.json,raw,449264,8d9ace97f98715a9f7f4b85f85ff4338b9ded93d7236346722445be67907ab4d
01_raw/KWater/mywater_period/M1/group1/DATA5/2023-09-20_2023-09-26.json,raw,460071,3eca4cf5345e36b649972c0d1187706e850213b3c5fc9946cab4e6a18772447b
01_raw/KWater/mywater_period/M1/group1/DATA5/2023-09-27_2023-09-30.json,raw,261669,2f9a99ca4baf480ab8f8b76bc0a19468253edf5aebda4d68c92483dc423733cd
01_raw/KWater/mywater_period/M1/group1/DATA5/2024-06-21_2024-06-27.json,raw,425723,e83cf00d882f87712cad81e3bfd4d7184d6e3bd6160c13f11eccdaba88060d34
01_raw/KWater/mywater_period/M1/group1/DATA5/2024-06-28_2024-07-04.json,raw,446505,32ad715b38e7c9a30e5ba8de51d8e08e476e7bc1983c07727c38b8daac31d154
01_raw/KWater/mywater_period/M1/group1/DATA5/2024-07-05_2024-07-11.json,raw,458196,1e7b302d31d69f099b5f09005398a1d7e2720f93fc750766f4ab2dfdb1095646
01_raw/KWater/mywater_period/M1/group1/DATA5/2024-07-12_2024-07-18.json,raw,456593,ba6a4f4a7ebde9c6eeea67eaca758ac7368a6c43bb637b6176834e47f0870ae7
01_raw/KWater/mywater_period/M1/group1/DATA5/2024-07-19_2024-07-25.json,raw,456962,5407e76e3ce64288577bb5471a390abe2c9c01ba4ae47851325f8cacd88f4d17
01_raw/KWater/mywater_period/M1/group1/DATA5/2024-07-26_2024-08-01.json,raw,440626,dcf236211566844766a601ef9b0b9b28d928098a5a23f825713fff6c9956e103
01_raw/KWater/mywater_period/M1/group1/DATA5/2024-08-02_2024-08-08.json,raw,431354,7aee26a8a9125ddde920788aeadddd90a4b2deb21e44dbbdc44a090a623cfbc4
01_raw/KWater/mywater_period/M1/group1/DATA5/2024-08-09_2024-08-15.json,raw,426268,3d4d209aa6a066b4c6bc8657f2ffd56f4ad634da38cec53678015dc15ea8669c
01_raw/KWater/mywater_period/M1/group1/DATA5/2024-08-16_2024-08-22.json,raw,427981,56b6696dad000e4fb704874999b240c48532417700e3876db74e6ba3b07c02b9
01_raw/KWater/mywater_period/M1/group1/DATA5/2024-08-23_2024-08-29.json,raw,428674,53d3fa95540df383f4c45318b0ea3a97f32590d7aeeea28ac2dfc2573099fdb4
01_raw/KWater/mywater_period/M1/group1/DATA5/2024-08-30_2024-09-05.json,raw,425238,f0f2b4b58648dc6902d8c743dea903a9e16d6e7ff562d4685485bf3e06e33f31
01_raw/KWater/mywater_period/M1/group1/DATA5/2024-09-06_2024-09-12.json,raw,427903,e2ef98dacb502f6d6f43458fb0514221c9c50c9217f989b6380197a66571c93a
01_raw/KWater/mywater_period/M1/group1/DATA5/2024-09-13_2024-09-19.json,raw,428982,d93c8b4734b257c9fe1eae3f68d27281cc0c7ac6491598a4de03e89b8a404d8f
01_raw/KWater/mywater_period/M1/group1/DATA5/2024-09-20_2024-09-26.json,raw,456144,768df6040dff5427abe56e7226db1198bce83d0160e5e7089453b7354543beae
01_raw/KWater/mywater_period/M1/group1/DATA5/2024-09-27_2024-09-30.json,raw,253056,c3e37c8b107250a007e3846dbff1619c893b62c3015b19ed98a3aa4352cbc85d
01_raw/KWater/mywater_period/M1/group1/DATA5/2025-06-21_2025-06-27.json,raw,452117,5d33a83723f08a3daeee766c94da1e4525f1a8c7c03b006347cb681a35b8a5e8
01_raw/KWater/mywater_period/M1/group1/DATA5/2025-06-28_2025-07-04.json,raw,430099,0b583aa0b3023478a3c03414129f7235a93663d322e1941ddb117cd7b27ee709
01_raw/KWater/mywater_period/M1/group1/DATA5/2025-07-05_2025-07-11.json,raw,419992,9cee84dda0bac776a787d4c3d76b3201478b1c1b460f5ef34c72779163c22596
01_raw/KWater/mywater_period/M1/group1/DATA5/2025-07-12_2025-07-18.json,raw,440481,2480c5b4b3a5f17deafd4e404ef9ea2adca3b6675047c1841442c79baf903365
01_raw/KWater/mywater_period/M1/group1/DATA5/2025-07-19_2025-07-25.json,raw,456369,0a1f7eca80d98d94438052d3db233ffbc4bd4c678e623f871f715044ef98ebd1
01_raw/KWater/mywater_period/M1/group1/DATA5/2025-07-26_2025-08-01.json,raw,426882,ebcdc9c11e91be7c3b5f88d17f5af1fc2df7e823caf70786a16f94e50bf33c7a
01_raw/KWater/mywater_period/M1/group1/DATA5/2025-08-02_2025-08-08.json,raw,437273,6fdbb458ddf0d3ced34a478cffa291c65b7e019954d7d5ca06cb73acf8a6c35a
01_raw/KWater/mywater_period/M1/group1/DATA5/2025-08-09_2025-08-15.json,raw,441606,5c14328a55f90e49cb8a641fc98c91f536a2555e4dec6d08db2b66136051370d
01_raw/KWater/mywater_period/M1/group1/DATA5/2025-08-16_2025-08-22.json,raw,426284,b25565c4b0d10a2e998aa9ac25d4d125bee5bdc911204667c60f9d3b4c00ccc9
01_raw/KWater/mywater_period/M1/group1/DATA5/2025-08-23_2025-08-29.json,raw,423684,4a3ead89657cf9f2798b7dc22e35e4d1c3d89ee169237eedfede3f00c9c5be53
01_raw/KWater/mywater_period/M1/group1/DATA5/2025-08-30_2025-09-05.json,raw,428069,0a1af22cb50308d2ac399c4c51750bc951d57eb84366bb9875c139ed09a41617
01_raw/KWater/mywater_period/M1/group1/DATA5/2025-09-06_2025-09-12.json,raw,437806,e99b75ae5562176be48e3307c2fa795b13a11e38e1aa7bd6de2965a046a8bd33
01_raw/KWater/mywater_period/M1/group1/DATA5/2025-09-13_2025-09-19.json,raw,444557,df144dd9736cbc0dfce465d18bbd43f13e3c22dfd2a7645c4a56bd7ad3144446
01_raw/KWater/mywater_period/M1/group1/DATA5/2025-09-20_2025-09-26.json,raw,444562,813be05ad914840bf3e0e15c835b27c2b1c0edaaf0be2f056d399884ba6e0e3a
01_raw/KWater/mywater_period/M1/group1/DATA5/2025-09-27_2025-09-30.json,raw,254868,6f0a10ad531c25218788d1a951886077200f02f83e4b38fe1cc7277d655f7764
01_raw/KWater/mywater_period/M1/group1/DATA6/2021-06-21_2021-06-27.json,raw,457130,5ec5f4d0b8c40d0b5e3fbd0fd1066a043e3ffdf870d7c7e38cb005150f4b9ef0
01_raw/KWater/mywater_period/M1/group1/DATA6/2021-06-28_2021-07-04.json,raw,456678,b5b54d32df87ccbd7361e9388100bdcc8b0c05d300c594f17dbb60de942bad97
01_raw/KWater/mywater_period/M1/group1/DATA6/2021-07-05_2021-07-11.json,raw,459320,4fb8a83b12e84a05c737a2325750eb030e980c62456832f40f1e508126b88371
01_raw/KWater/mywater_period/M1/group1/DATA6/2021-07-12_2021-07-18.json,raw,458764,f37feb068ba8aac1d82df1975473ea1dcbc3fd29373af0b1238647fd51d047c9
01_raw/KWater/mywater_period/M1/group1/DATA6/2021-07-19_2021-07-25.json,raw,455372,880df8cbd6e8d02a053663826470594f099941d996248cff58d1ff54a1062291
01_raw/KWater/mywater_period/M1/group1/DATA6/2021-07-26_2021-08-01.json,raw,455273,3ccfecee9f2323bbabbfed20062dde21a1c616cda071490aca0b39b0752d57d6
01_raw/KWater/mywater_period/M1/group1/DATA6/2021-08-02_2021-08-08.json,raw,456978,19ee38bb23f3eb3bc2878cc41f547304866bba7f92c9832ab741e75825e20f9e
01_raw/KWater/mywater_period/M1/group1/DATA6/2021-08-09_2021-08-15.json,raw,456367,cff44ca0be6df5ad837d4ca64bdcd3e06ccb21337c03ae70690bb587d32a6f50
01_raw/KWater/mywater_period/M1/group1/DATA6/2021-08-16_2021-08-22.json,raw,454996,f40ee08cc701c34fea606c777cd345cf4972279fefb2b9553a4eaaea40e1a93d
01_raw/KWater/mywater_period/M1/group1/DATA6/2021-08-23_2021-08-29.json,raw,458147,1a5a4247324238dd661ab5cdc7c0edfd5c7e0c21970426505cd15b56d1668870
01_raw/KWater/mywater_period/M1/group1/DATA6/2021-08-30_2021-09-05.json,raw,456488,e10078313652a1b14ed1ecb9bc07bbb34e9f2cfc90bf2565f34a1dadfbc61740
01_raw/KWater/mywater_period/M1/group1/DATA6/2021-09-06_2021-09-12.json,raw,452727,75ae40dec8e97c22f03d84dfbf27505edf578269fd9ea6997d5a9ffec6d99386
01_raw/KWater/mywater_period/M1/group1/DATA6/2021-09-13_2021-09-19.json,raw,456422,761a2b882f78f82d3685330a70923e6e2e61263f44f059435299ae535a075679
01_raw/KWater/mywater_period/M1/group1/DATA6/2021-09-20_2021-09-26.json,raw,452819,6fa2d5137a294a293f22a7714f9dd96e145df87fb55bcad3a90a9d66eaf4bfe0
01_raw/KWater/mywater_period/M1/group1/DATA6/2021-09-27_2021-09-30.json,raw,261328,3d265e5b07f8958564001bc1620be64e54d1006a06a42486622f0e38b88863d1
01_raw/KWater/mywater_period/M1/group1/DATA6/2022-06-21_2022-06-27.json,raw,447265,a6cfdc435740ed040604e03fe94b9fc7cb2a6487062812f7b26e0bd9d2948789
01_raw/KWater/mywater_period/M1/group1/DATA6/2022-06-28_2022-07-04.json,raw,448463,2ec14412c96724163797afcb0acf572a47d405f0f162318f41fd587aeb09fc71
01_raw/KWater/mywater_period/M1/group1/DATA6/2022-07-05_2022-07-11.json,raw,447928,0902af1f96f0a7a85f914d998d5043ceba001de2939d9e8ce2021671b1fc19fa
01_raw/KWater/mywater_period/M1/group1/DATA6/2022-07-12_2022-07-18.json,raw,446111,c25b58fa303801e8cfe7ae15bdfed44e8da6a2d884e699d36e53b36a51f84de4
01_raw/KWater/mywater_period/M1/group1/DATA6/2022-07-19_2022-07-25.json,raw,444084,e12e256c42bb4ed6766e7750e47372076574cd7232ffcbd1476b1e09246a5568
01_raw/KWater/mywater_period/M1/group1/DATA6/2022-07-26_2022-08-01.json,raw,444310,6f0fa691ad083dbde22097c18d056f75926535d3fddf60b5ff34302b10483953
01_raw/KWater/mywater_period/M1/group1/DATA6/2022-08-02_2022-08-08.json,raw,447292,f9a595f1092b6acb69015d59a75f8531e5ca19665bc10ee5aaa1bd6a887be8c2
01_raw/KWater/mywater_period/M1/group1/DATA6/2022-08-09_2022-08-15.json,raw,452693,b46102b6840691896fe8a56e1489cd1e507e404974774b0275186ee821361962
01_raw/KWater/mywater_period/M1/group1/DATA6/2022-08-16_2022-08-22.json,raw,450003,6d3753abc0d553b0c386d2e6738c2c36d14aa0b0e274b9ab236e7ef2f5f4a3ac
01_raw/KWater/mywater_period/M1/group1/DATA6/2022-08-23_2022-08-29.json,raw,448991,12309e0e0e173efb05fa0a078af5ecbeaf0bd23c3c511dc9d5ac3ab96e5cab34
01_raw/KWater/mywater_period/M1/group1/DATA6/2022-08-30_2022-09-05.json,raw,454172,cbf703d0dbca16400b8d70d7e79c17b110e02306aa6b4bc69fc772112905029b
01_raw/KWater/mywater_period/M1/group1/DATA6/2022-09-06_2022-09-12.json,raw,451989,c4cb058bf0241c628796288673a6022cb6ba520b2ca1fff59b958198a51fb473
01_raw/KWater/mywater_period/M1/group1/DATA6/2022-09-13_2022-09-19.json,raw,451434,6734cc631684f188000866e56d0a2ba322a112709a835b2df2a52c72d812cb99
01_raw/KWater/mywater_period/M1/group1/DATA6/2022-09-20_2022-09-26.json,raw,445515,a12d3ccd61df7c68695174fa8332442421ca0b10bcac6b6c57f5bb5603dbe031
01_raw/KWater/mywater_period/M1/group1/DATA6/2022-09-27_2022-09-30.json,raw,258560,098289804750365197e05deff209c24f6cd38bfce727f25da33b2ce94e4d162b
01_raw/KWater/mywater_period/M1/group1/DATA6/2023-06-21_2023-06-27.json,raw,444109,91e13a1bc6d0ad2c442e21f05d5463385b69df39f2b118b7b4ee907af8231acd
01_raw/KWater/mywater_period/M1/group1/DATA6/2023-06-28_2023-07-04.json,raw,453175,98f9b1e82fcd83067ed0bcf20b27401e55ef4454541b3fe4303d7970523b484a
01_raw/KWater/mywater_period/M1/group1/DATA6/2023-07-05_2023-07-11.json,raw,458774,269ba0fc34378df30e64535a60c77d511687e0cda94adacdf30ed59bd772e051
01_raw/KWater/mywater_period/M1/group1/DATA6/2023-07-12_2023-07-18.json,raw,482515,048f87fa7ab78d48b14117384b0746ec8c62568fc4bb37aaa0af1e3e6ab5f9f4
01_raw/KWater/mywater_period/M1/group1/DATA6/2023-07-19_2023-07-25.json,raw,476490,d2b40d4d3fe2d9e073842a514edeae96303d3dca5578e45a03f6f334f881d920
01_raw/KWater/mywater_period/M1/group1/DATA6/2023-07-26_2023-08-01.json,raw,451776,e4f99079539831a8dc43aac81c2690f344410d2a6071012896516e2df005f9f8
01_raw/KWater/mywater_period/M1/group1/DATA6/2023-08-02_2023-08-08.json,raw,451407,703a7314498e6eb45a7487ed760a63afc69b2e40cc5ec6de607a0a376ac8c5ef
01_raw/KWater/mywater_period/M1/group1/DATA6/2023-08-09_2023-08-15.json,raw,458477,74f9571c130ac027062b6f5b1892414ec87f9333cdb97787eca2b1190d44e3b9
01_raw/KWater/mywater_period/M1/group1/DATA6/2023-08-16_2023-08-22.json,raw,451138,bfeb74743502a3e35bfe4ee766da019e3d22ce391f9b31cd49161b57d8172342
01_raw/KWater/mywater_period/M1/group1/DATA6/2023-08-23_2023-08-29.json,raw,453675,d7e9863269a2e081a27eea54287639acd3232a6d79f1eb814ece0f76ff06fba0
01_raw/KWater/mywater_period/M1/group1/DATA6/2023-08-30_2023-09-05.json,raw,456952,85ae77aba2282b9fae9c6c5a17d7883d133d8687ba2ae1edf43b8276bafae7b0
01_raw/KWater/mywater_period/M1/group1/DATA6/2023-09-06_2023-09-12.json,raw,448870,5da4d2180f76e298396f8ba771dcb9651c7b68b6379cc45c96d50c4ab0da638b
01_raw/KWater/mywater_period/M1/group1/DATA6/2023-09-13_2023-09-19.json,raw,452667,11b42032a37166194e7b84af08dcfe9d26f0930587a6d389c2fbed32c97c908a
01_raw/KWater/mywater_period/M1/group1/DATA6/2023-09-20_2023-09-26.json,raw,461428,445a7c47c9b57e351623482e9d6ad359875a0a6347c762a24648289e836e3ade
01_raw/KWater/mywater_period/M1/group1/DATA6/2023-09-27_2023-09-30.json,raw,263348,da66d7ddea5f2751e4609ce4cf100d627ac1ae189d30d97a4a472d5a87f79c6e
01_raw/KWater/mywater_period/M1/group1/DATA6/2024-06-21_2024-06-27.json,raw,457058,640d2d2d90acbb8c22a112cac950d038516573743a7201937788b7c2a08c37fd
01_raw/KWater/mywater_period/M1/group1/DATA6/2024-06-28_2024-07-04.json,raw,452066,9562b38a6b4b0090194b0c7ae513ca00945ed252849aae032776d3ccb976bab8
01_raw/KWater/mywater_period/M1/group1/DATA6/2024-07-05_2024-07-11.json,raw,459057,b68d1097a9bb2097e56e604c050f67472291073eded9b7d655b0346722eb50fe
01_raw/KWater/mywater_period/M1/group1/DATA6/2024-07-12_2024-07-18.json,raw,467302,f90fb39c209bec16f9d967b5b994a8e8f1b52ac10e83e30e2548a87d77532b7a
01_raw/KWater/mywater_period/M1/group1/DATA6/2024-07-19_2024-07-25.json,raw,462162,667b926c340f680450d51a9217b6eae366c4860583e3b12ff84503e926a4d733
01_raw/KWater/mywater_period/M1/group1/DATA6/2024-07-26_2024-08-01.json,raw,458468,309f40fde8da6710d1b1c92581c5b4f1d3528dc18e6c41a58227946851e797c7
01_raw/KWater/mywater_period/M1/group1/DATA6/2024-08-02_2024-08-08.json,raw,451251,f0b672d34e87f526a343be307211753a0966d2bcdcae3833c63d798280b3a266
01_raw/KWater/mywater_period/M1/group1/DATA6/2024-08-09_2024-08-15.json,raw,448992,f408fd226e0309b9696ebd9352eb79d02a44f54eaa69f69736d05343edf7b0fb
01_raw/KWater/mywater_period/M1/group1/DATA6/2024-08-16_2024-08-22.json,raw,452551,c37c73b0407477c2a88f5fe87222b3529b201fcb101016158bf7728f9462b3ce
01_raw/KWater/mywater_period/M1/group1/DATA6/2024-08-23_2024-08-29.json,raw,451427,216729c6ff41edcaf8b46eee41414d376354fade6b0704fec8c87d3dfa31efde
01_raw/KWater/mywater_period/M1/group1/DATA6/2024-08-30_2024-09-05.json,raw,450084,e32b625d59ceb855c94a9702daedb2f3970a08dcdcd0690a8b6dac0f0e33ce93
01_raw/KWater/mywater_period/M1/group1/DATA6/2024-09-06_2024-09-12.json,raw,448375,4b155ef4376aa65931eba20b055b57229f2a5a39f35230b403b600c8f3c3026e
01_raw/KWater/mywater_period/M1/group1/DATA6/2024-09-13_2024-09-19.json,raw,447260,29f4bb9384a980302fe6c0d3f6db25cd99bfdfc8ca069b477885727c49313caa
01_raw/KWater/mywater_period/M1/group1/DATA6/2024-09-20_2024-09-26.json,raw,450523,1521fc1f15c994899295c08737f2a44d68aec4420c9d92fdf062cd57b49b6138
01_raw/KWater/mywater_period/M1/group1/DATA6/2024-09-27_2024-09-30.json,raw,261422,349521cbc142462f784f0ad7040c8a855f544d94b8b81a78404e805a3c016da8
01_raw/KWater/mywater_period/M1/group1/DATA6/2025-06-21_2025-06-27.json,raw,452060,5ac0605825d245e944e9d170dc34449551b1af953ad4c7fb755e545318305191
01_raw/KWater/mywater_period/M1/group1/DATA6/2025-06-28_2025-07-04.json,raw,451555,53cb0a46bab9015d86739b328661c6c39b97e6187a88f3980e075f9e665d43bf
01_raw/KWater/mywater_period/M1/group1/DATA6/2025-07-05_2025-07-11.json,raw,451119,a4998319e924baa35c3616769adde16fe4da0852d6662236696520656fe8f652
01_raw/KWater/mywater_period/M1/group1/DATA6/2025-07-12_2025-07-18.json,raw,450189,4ad6da19846820f42fb27f29b4473efac763a72f10fa1bd0313580087b7cbc9b
01_raw/KWater/mywater_period/M1/group1/DATA6/2025-07-19_2025-07-25.json,raw,451224,89968988df522be487b7a599397996f296a056446cf44cc8493d5898fdac2601
01_raw/KWater/mywater_period/M1/group1/DATA6/2025-07-26_2025-08-01.json,raw,450783,dc227b76905ab1f51de116042c1cadd5d87649a2d80ffd5b22cc087754116fd4
01_raw/KWater/mywater_period/M1/group1/DATA6/2025-08-02_2025-08-08.json,raw,455452,5ba2d235a5ff4750bbf943ce5598752b56c87a9209cd31702200e415eb273191
01_raw/KWater/mywater_period/M1/group1/DATA6/2025-08-09_2025-08-15.json,raw,453859,f2b9ca89f99329f9b39e9f3e2264c923bb98638b87bbfa3988c0bee5413689eb
01_raw/KWater/mywater_period/M1/group1/DATA6/2025-08-16_2025-08-22.json,raw,453181,caddcca062197082f18ec953b201aa04a731b376c53b06f9de56eba628e4f268
01_raw/KWater/mywater_period/M1/group1/DATA6/2025-08-23_2025-08-29.json,raw,451035,268db074d1bbbdb68be1ffa18fc9e6ef649a1bcc37ff15d7f2f913ce88686891
01_raw/KWater/mywater_period/M1/group1/DATA6/2025-08-30_2025-09-05.json,raw,449350,67cb83ed7653a81baff58e3bebfbe87f10b976b985a484cb8208580b6c367aa9
01_raw/KWater/mywater_period/M1/group1/DATA6/2025-09-06_2025-09-12.json,raw,448983,42e44a6f3e28d3ad900e7c81529f923cabc9f5efa5ed2201b82882ee94b46f9e
01_raw/KWater/mywater_period/M1/group1/DATA6/2025-09-13_2025-09-19.json,raw,449937,2fda604e36fb060a6c302580ae181d8224c8eb5eaa1e125f0180d777d9da21b0
01_raw/KWater/mywater_period/M1/group1/DATA6/2025-09-20_2025-09-26.json,raw,449481,a8d06c979952faeb95367ee6d5a1258bc0b35421feee08c93fb3698c3111967b
01_raw/KWater/mywater_period/M1/group1/DATA6/2025-09-27_2025-09-30.json,raw,261100,1ba7b8760efb1294074e843dcc6cedb79e75446a059144adab0191c35066ab14
01_raw/KWater/mywater_station/basic/1001210_damGb1.json,raw,480,2622efab1062ad30a6906bff567660a29b80405fb561529667991ac0c9bb83d7
01_raw/KWater/mywater_station/basic/1001210_damGb2.json,raw,480,486736081eeb3d45d0190d6f1eaab64bed4d34374b0492acce5277566113b8ce
01_raw/KWater/mywater_station/basic/1001210_damGb3.json,raw,211,a0a6faa57ce6646c2ab529f8c2e0a218e631dbc62e7be943c6995120f2f889e2
01_raw/KWater/mywater_station/basic/1003110_damGb1.json,raw,481,4a2d6b432c3bee40cde68a29c7e2c6eadaea72d5b35a819c383c6faa3eab929f
01_raw/KWater/mywater_station/basic/1003110_damGb2.json,raw,481,3252865b1b880930be5b608a8eb927853b0a96ee98ce14b831b87082333c39e8
01_raw/KWater/mywater_station/basic/1003110_damGb3.json,raw,212,69323dbe7459f03d146dcfeb9951978024c01e041a76fbe94bef6ed553b59140
01_raw/KWater/mywater_station/basic/1003611_damGb1.json,raw,463,122251ca3ed213ce32d8af2b53f790a045a391bf880ec9e6515e715477d5c8b4
01_raw/KWater/mywater_station/basic/1003611_damGb2.json,raw,463,d135beb98a32034d4c8336f83ec3fbf5295684b701c65065c9171d2d75861b71
01_raw/KWater/mywater_station/basic/1003611_damGb3.json,raw,212,dbae5603797a254923be70343567bbd1ec9152283c91f594e59effed88813bed
01_raw/KWater/mywater_station/basic/1006110_damGb1.json,raw,484,82e71e2693a6d6d47bed9a314ee543e8c282438e065dd71cbcb909df909006de
01_raw/KWater/mywater_station/basic/1006110_damGb2.json,raw,484,ee6faf462561512ffacbea7d5c03fc786f1f221314f75c53d37fc0762960a636
01_raw/KWater/mywater_station/basic/1006110_damGb3.json,raw,212,64595453f6736b5c05b5fb11ebfbcb0fd83c36d0569626719bd367fcfe799d64
01_raw/KWater/mywater_station/basic/1007601_damGb1.json,raw,289,aa305b4924a0460bb77abe673f68a186f205f614679a23833c41a73a7eeff5bc
01_raw/KWater/mywater_station/basic/1007601_damGb2.json,raw,289,909fa33d11a24fa9e0890c8c92e42462e308118555ef2f810a8be932808eb20d
01_raw/KWater/mywater_station/basic/1007601_damGb3.json,raw,399,7698348be62f4f3da2fc0515f39e4d83042aee56372ea80e465caebb63372bbc
01_raw/KWater/mywater_station/basic/1007602_damGb1.json,raw,340,a138d35984b16059d821fecf4c17ecad61f9e4309f1a76494a2d06dc43a17080
01_raw/KWater/mywater_station/basic/1007602_damGb2.json,raw,339,9417d605cfed283ac9dd97766f8cf481bbaf46bb3b2bf7f4c2c3164ddda19f51
01_raw/KWater/mywater_station/basic/1007602_damGb3.json,raw,401,a2d35d74e639d511dac7116f69b1c3d25bd12c12bdd0ae01c731befad8532855
01_raw/KWater/mywater_station/basic/1007603_damGb1.json,raw,339,7b3e8c4e79ac92ca1a4d3a648589b5d651011afc2e143fc252755575d6b1a6f8
01_raw/KWater/mywater_station/basic/1007603_damGb2.json,raw,339,a83fbc97426d306ffb6397f5816bb242ac36f1e8efa60b2b3e207e3441fc9d5f
01_raw/KWater/mywater_station/basic/1007603_damGb3.json,raw,402,acd9adf59a02f82b0c756e73e90ecdfc05139dcb2b7ed792e1e4aefb6785fe89
01_raw/KWater/mywater_station/basic/1009710_damGb1.json,raw,475,2bb861af557d5d5f2981bdac9297326f378aecfcbd25db521c5fba45da80429f
01_raw/KWater/mywater_station/basic/1009710_damGb2.json,raw,475,ed13e785879702abeb3d881cfe2ba4e3dec02c6f2edbca0d680e50c74ad56a3e
01_raw/KWater/mywater_station/basic/1009710_damGb3.json,raw,211,16485fcf2f414bb2a2b811a58731fa2d8f90dc21b6e71510d084179054f6a603
01_raw/KWater/mywater_station/basic/1012110_damGb1.json,raw,487,0a01c83e33387ba4821f540af89d5ecfefdcf072fad01d2c46a5a50a0118aa99
01_raw/KWater/mywater_station/basic/1012110_damGb2.json,raw,487,e1aae05c43f53ff306e2fdac9a4c518cc7f790be0aa5bfa6e24dd1c779baef55
01_raw/KWater/mywater_station/basic/1012110_damGb3.json,raw,212,85bece1040314bfebbc249d0abb0e316793d84709f11e9974d9f16748ee6bada
01_raw/KWater/mywater_station/basic/1021701_damGb1.json,raw,468,425d34961234a37282edffdb3e4756966c724e6af3abde74a0bcb7f57d19525c
01_raw/KWater/mywater_station/basic/1021701_damGb2.json,raw,468,715a2ee9151710ad4c8f2559b7310fc5fdeff0a3c7785a7b982ac16323f3c526
01_raw/KWater/mywater_station/basic/1021701_damGb3.json,raw,212,a150014681cd1a74ad3c7e2855e0addaafc89eb1e5a62d2c6e92cf76a90327eb
01_raw/KWater/mywater_station/basic/1022701_damGb1.json,raw,426,c28368bdc7dba027154ed38fe062442477da9b49de526576239e7b3dba787b21
01_raw/KWater/mywater_station/basic/1022701_damGb2.json,raw,426,82fc9ac7d51afdf846a07eae4d78972fa7b95a0de1a91e3ed8022c0090a59abd
01_raw/KWater/mywater_station/basic/1022701_damGb3.json,raw,212,23bff985cd0393c101d9e818de3bb2510bf2c1bb6e11fda2e49b2249b7ef6fb2
01_raw/KWater/mywater_station/hydr/D/1001210/2021-01-01_2021-12-31.json,raw,51388,6b53dbc055dac6add0674cbf016625664a57319567522562878276923a1221f6
01_raw/KWater/mywater_station/hydr/D/1001210/2022-01-01_2022-12-31.json,raw,51874,181ed099df3cf7554e0f386b8a444a7f0e4bd32eecd7cacf08836d918de96b1f
01_raw/KWater/mywater_station/hydr/D/1001210/2023-01-01_2023-12-31.json,raw,52061,7bfcb95733cbe82eeb9cf4b8f15627d27b127d3108f3c064249d29937cefe23b
01_raw/KWater/mywater_station/hydr/D/1001210/2024-01-01_2024-12-30.json,raw,52051,a8c281a9f6322302e5cfd282329bfb5ccb1063743e2ec334aa4c3ec055d557da
01_raw/KWater/mywater_station/hydr/D/1001210/2024-12-31_2025-12-30.json,raw,51779,6192dfcfb1f61649673cd1b127807b30455939a538373660afc656dd6fd663a8
01_raw/KWater/mywater_station/hydr/D/1001210/2025-12-31_2026-09-28.json,raw,38824,41d294ab8dadd9283136fc420bb5ddb72925f921d1e9314ced468008a5843f33
01_raw/KWater/mywater_station/hydr/D/1003110/2021-01-01_2021-12-31.json,raw,54768,ec26270dd8270f7fa8f3bdaa181f9967fba2b745da672978a62406d7a66a3485
01_raw/KWater/mywater_station/hydr/D/1003110/2022-01-01_2022-12-31.json,raw,55143,fa4987c6d8e6882bacd62378e49718a97d9455ba41369f3f26ef8676fed513c6
01_raw/KWater/mywater_station/hydr/D/1003110/2023-01-01_2023-12-31.json,raw,55424,7826cf7230e884d7892d463160b330bc1a5c4b700cdb0128fad17c853d46a1ca
01_raw/KWater/mywater_station/hydr/D/1003110/2024-01-01_2024-12-30.json,raw,55475,29b0786d68dc79759b3a665c50f1ec59565a7cefc7861fbd455eb3e63e14174c
01_raw/KWater/mywater_station/hydr/D/1003110/2024-12-31_2025-12-30.json,raw,55396,e590d511dc4b90d0b5a879045fa346225606f734cc64b4adf07723a3f1b8851a
01_raw/KWater/mywater_station/hydr/D/1003110/2025-12-31_2026-09-28.json,raw,41500,7295621c40b523a4245e36ef826854b37d88ab9c45b923af7259d91d5b8f70e4
01_raw/KWater/mywater_station/hydr/D/1003611/2021-01-01_2021-12-31.json,raw,52918,e6711348e5a3189b12f37c2542a381dd0c82d6a534f15f59bfeafede70fea855
01_raw/KWater/mywater_station/hydr/D/1003611/2022-01-01_2022-12-31.json,raw,53217,ef84420e6bb5d2c8f48777dbc86e11fe4e24aebcefd60b9002fe69e1d2a9258f
01_raw/KWater/mywater_station/hydr/D/1003611/2023-01-01_2023-12-31.json,raw,53626,6285b91919e8f5a83103853f8a2629b8d57b6e52a8eb63cfeb118ddd5fc86c35
01_raw/KWater/mywater_station/hydr/D/1003611/2024-01-01_2024-12-30.json,raw,54026,f1c93a50d8a72b9eaa60b4bbb94ba1864b1d67bbfee2799de891954ccb0d5036
01_raw/KWater/mywater_station/hydr/D/1003611/2024-12-31_2025-12-30.json,raw,53584,0feeb685b072acd1d7cca624d9e495785565e689a1e470d306a3e09a4aefc27c
01_raw/KWater/mywater_station/hydr/D/1003611/2025-12-31_2026-09-28.json,raw,40056,d2ad7489c1ac4af54fe03462ef770ada4bc2f690206b8566f74c036ca31a95f8
01_raw/KWater/mywater_station/hydr/D/1006110/2021-01-01_2021-12-31.json,raw,51560,a99d4f2a7b661391da09afeb24568ae48f3f0d0ac5a023913db1259998d64012
01_raw/KWater/mywater_station/hydr/D/1006110/2022-01-01_2022-12-31.json,raw,52261,c5f9f47d92d7832dcd40dda7a5874041aa2a1028323a58e0aa57ae7c70db1829
01_raw/KWater/mywater_station/hydr/D/1006110/2023-01-01_2023-12-31.json,raw,52438,439e08644cceb7da28aae6763f80a60c6e4d186347e26dbe2ab4c33f0e262aee
01_raw/KWater/mywater_station/hydr/D/1006110/2024-01-01_2024-12-30.json,raw,52377,bfea527b999cbd6a7350de781b480f895cce4bab7ee4d2159d6797398887faea
01_raw/KWater/mywater_station/hydr/D/1006110/2024-12-31_2025-12-30.json,raw,52416,f82f407308353b5d78d341f602bf3b115534bea0bfe7bbed6010e9c2c5fd1e55
01_raw/KWater/mywater_station/hydr/D/1006110/2025-12-31_2026-09-28.json,raw,39133,cdd310fd3a61187394f1822160b5a200ced8ce0add44c235489b1616cb8318bc
01_raw/KWater/mywater_station/hydr/D/1007601/2021-01-01_2021-12-31.json,raw,53355,5536b61301269df5de0652b949888fe1c7f27d1cc1c5600135a4538468a7f528
01_raw/KWater/mywater_station/hydr/D/1007601/2022-01-01_2022-12-31.json,raw,53823,e9926cdea8cf97ab831c256d08c0c871eb6b2846779bccfe9aeef7460d962c4f
01_raw/KWater/mywater_station/hydr/D/1007601/2023-01-01_2023-12-31.json,raw,54496,f36d7f200649cdc62adf5ab1395dd729b70f2a32610dce6d8e53077c2a0bb535
01_raw/KWater/mywater_station/hydr/D/1007601/2024-01-01_2024-12-30.json,raw,54568,67d962734a39e18e6c813465ce2e98cc5684928ccab40143957008f40ac65132
01_raw/KWater/mywater_station/hydr/D/1007601/2024-12-31_2025-12-30.json,raw,54229,4daed33d8ea0a09cb591429caeb817345875a7441ed563d5997c1ace81cacc41
01_raw/KWater/mywater_station/hydr/D/1007601/2025-12-31_2026-09-28.json,raw,40519,9298f3263a74065326692f6a5be22e02a453f7f1140fa8e79ec6e43af61f0e95
01_raw/KWater/mywater_station/hydr/D/1007602/2021-01-01_2021-12-31.json,raw,53664,67099b8db8f94e00ea9f2d831b267334ac2fc912071e5e86660082797c3f4c4e
01_raw/KWater/mywater_station/hydr/D/1007602/2022-01-01_2022-12-31.json,raw,54155,32b6a5d326be451c6373e64d10427a285960dd24ccda6d0684feb9e1c006185e
01_raw/KWater/mywater_station/hydr/D/1007602/2023-01-01_2023-12-31.json,raw,54573,8b24db6d54311bf6044f12b22e6ead70258bb4f981e0489a5c07dc9e281f1e89
01_raw/KWater/mywater_station/hydr/D/1007602/2024-01-01_2024-12-30.json,raw,54883,88afbefe17648d98fe87fd78469bb92f12b6535da967d7b1743d8e89dadff9ba
01_raw/KWater/mywater_station/hydr/D/1007602/2024-12-31_2025-12-30.json,raw,54538,acda45f12688d41ccea837a017fc3487455ab617056e902814270c7fe31ce075
01_raw/KWater/mywater_station/hydr/D/1007602/2025-12-31_2026-09-28.json,raw,40637,17ef415feaf4afd09ccfe2108f8932b6fd3f92d882e451de69612754b11bb5f7
01_raw/KWater/mywater_station/hydr/D/1007603/2021-01-01_2021-12-31.json,raw,53907,12a0af26678af34230133dbe7ea29d6f0fd272a3bf3634d6863044b10e73e413
01_raw/KWater/mywater_station/hydr/D/1007603/2022-01-01_2022-12-31.json,raw,54972,a49b406445f811e580e15e76b58bb1ec39d5a19c48aab5b7218822cde26f63ff
01_raw/KWater/mywater_station/hydr/D/1007603/2023-01-01_2023-12-31.json,raw,54707,37411b38c833acf22f82b6355cd17c72104d7a4d661f3be73e637006b266fdc0
01_raw/KWater/mywater_station/hydr/D/1007603/2024-01-01_2024-12-30.json,raw,54923,4cbee2de28f03472153a59f89ab20cb80c8b2e0da8cdbfe9285e961f69e25743
01_raw/KWater/mywater_station/hydr/D/1007603/2024-12-31_2025-12-30.json,raw,54549,25bbfa61ce8962d099a027510827d23c18b7d4ad46653db4bbf8bf6a82ec7bf2
01_raw/KWater/mywater_station/hydr/D/1007603/2025-12-31_2026-09-28.json,raw,40684,5590f0fd7dc0b143dde18bc5ad423f669376bd93cefd7303d4545e0b1c67afee
01_raw/KWater/mywater_station/hydr/D/1009710/2021-01-01_2021-12-31.json,raw,50642,c8ca21cb0427d9ac8b77f9674e6f5ff32275ad6e9fba2453f060ef7e6d03d106
01_raw/KWater/mywater_station/hydr/D/1009710/2022-01-01_2022-12-31.json,raw,51847,e22ab35e830464bc49f925a0b8f967d58612592e5a48a269775bbae42308b93b
01_raw/KWater/mywater_station/hydr/D/1009710/2023-01-01_2023-12-31.json,raw,51804,7bdb6431a65ff2da66f09641a69b8727f63296946d304bf41ad1154bf61ccc27
01_raw/KWater/mywater_station/hydr/D/1009710/2024-01-01_2024-12-30.json,raw,51999,071f6b05ef687293cf821cdc0e70207beedde9dc66dfb57b2297a59afff38314
01_raw/KWater/mywater_station/hydr/D/1009710/2024-12-31_2025-12-30.json,raw,52399,d4baf744fa2d0f2449766e500ff18c5fff9b7a22807db290379ac8b4689ad2ea
01_raw/KWater/mywater_station/hydr/D/1009710/2025-12-31_2026-09-28.json,raw,39089,87c63d234ebb6ef434b231f9a3d56eb3f474e2b6967c312f167ba77623f4e907
01_raw/KWater/mywater_station/hydr/D/1012110/2021-01-01_2021-12-31.json,raw,53594,8dc684d603a8dabbd7fa5aede3c4a9d4e8fc8459d0408790e7b5623a0839d977
01_raw/KWater/mywater_station/hydr/D/1012110/2022-01-01_2022-12-31.json,raw,54657,550c754574cafc54d4a0789c89b9edab65bbd0b0100eaaa54fce1de173445efa
01_raw/KWater/mywater_station/hydr/D/1012110/2023-01-01_2023-12-31.json,raw,54971,f440dc956b045384c9bb4dd873e7709cdf7d088faecca376ae787b480b5f0a73
01_raw/KWater/mywater_station/hydr/D/1012110/2024-01-01_2024-12-30.json,raw,55073,58d50a599e89a878f2fa261f20cd8325e96945728ae0774870a355ee137d3e8d
01_raw/KWater/mywater_station/hydr/D/1012110/2024-12-31_2025-12-30.json,raw,54893,fe3eaa6be078fa4612d0a4f4aef5392ae71c741a034785febbe7db38541690f4
01_raw/KWater/mywater_station/hydr/D/1012110/2025-12-31_2026-09-28.json,raw,40969,b745c5bbd568e0ffb56bbf1b38c233c1e8e7b42734009c9eed26c844e75cab8e
01_raw/KWater/mywater_station/hydr/D/1021701/2021-01-01_2021-12-31.json,raw,51163,03830ef403712c2289bcd4834f70904f6eb3301b9a6dd61a77d4cde46277dfd1
01_raw/KWater/mywater_station/hydr/D/1021701/2022-01-01_2022-12-31.json,raw,51676,d3839c8cf2defa3f317770367ada1a0fbfb2d2c671583f37de62e669fd6dd346
01_raw/KWater/mywater_station/hydr/D/1021701/2023-01-01_2023-12-31.json,raw,52123,4f448a093382b7d4986aaa91a16bf0955ff715c53f1d6da1bfc087d7baee708c
01_raw/KWater/mywater_station/hydr/D/1021701/2024-01-01_2024-12-30.json,raw,52230,375a9ad5b4f8ad55000bda5d51e33485d400f3e9b48aac8dfe399c12a7e23144
01_raw/KWater/mywater_station/hydr/D/1021701/2024-12-31_2025-12-30.json,raw,51996,63dca3cec4cd09bce42eb68525f9b227e3176a209818d8793447d1ea7c44f211
01_raw/KWater/mywater_station/hydr/D/1021701/2025-12-31_2026-09-28.json,raw,38503,5eac59cd4516f2c006547209aaab04fc278bd9caaeed50fb6555f2a23e228b7c
01_raw/KWater/mywater_station/hydr/D/1022701/2021-01-01_2021-12-31.json,raw,50129,16f3c35e5a4082be36a1201fa9e5f644e9a7030ddafc47ff6cc16c9b4a67c4f1
01_raw/KWater/mywater_station/hydr/D/1022701/2022-01-01_2022-12-31.json,raw,51573,37921e8c093a87e243fa5d680d9992b853ca0ea8f35878909d98e556591f1941
01_raw/KWater/mywater_station/hydr/D/1022701/2023-01-01_2023-12-31.json,raw,51752,bc7aedfbffa4f51b939919ff97604780083b084348285a62ba270759b4664fb5
01_raw/KWater/mywater_station/hydr/D/1022701/2024-01-01_2024-12-30.json,raw,51443,6eede341ee78baf71244c7c41d02c96ecad92ab25f72316815a22a52dee61e3b
01_raw/KWater/mywater_station/hydr/D/1022701/2024-12-31_2025-12-30.json,raw,51893,7cad63089df1c2515d846d3de6d922e331cbec894e9aa682a0f51ee6b62db6ad
01_raw/KWater/mywater_station/hydr/D/1022701/2025-12-31_2026-09-28.json,raw,38411,8f398ea000d772d746b1699f888d2ff7d6b89ba98f3c981d724cb5f94e4eacfe
01_raw/KWater/mywater_station/hydr/H/1001210/2021-01-01_2021-01-30.json,raw,96941,543b4b1afb3c5ca89c6b0d07a965f52d0c8bbffb4758f81b4298c0b8f9ab1498
01_raw/KWater/mywater_station/hydr/H/1001210/2021-01-31_2021-03-01.json,raw,98247,d983d31385105afdd2fc2b2235a979c9e4fcfe5b7e9c746ee900b219d263efe2
01_raw/KWater/mywater_station/hydr/H/1001210/2021-03-02_2021-03-31.json,raw,97928,ec359645fc2aa65241b6df61d480569613ac48eac79247847a90b34872c077ae
01_raw/KWater/mywater_station/hydr/H/1001210/2021-04-01_2021-04-30.json,raw,97869,6bf40771f801e346383df97d912e2ac0c5ede9072a2df3fd7d240a8490adee75
01_raw/KWater/mywater_station/hydr/H/1001210/2021-05-01_2021-05-30.json,raw,98172,742bacb0135fed181183318c588b319634212e83416d7166df98c55960e21628
01_raw/KWater/mywater_station/hydr/H/1001210/2021-05-31_2021-06-29.json,raw,98130,12b0d5b883017629fbec7f232e70981a457fb7b6b50607bf554b516a809e1ccd
01_raw/KWater/mywater_station/hydr/H/1001210/2021-06-30_2021-07-29.json,raw,106572,b2e91fb8a805bc142cc4394e35e7ed3855a9b9d8378e4aabe88aad22ef538055
01_raw/KWater/mywater_station/hydr/H/1001210/2021-07-30_2021-08-28.json,raw,104274,de74052c9ff228c15695749ba181fa670ca974f4e38326582c97f0d6e9b69522
01_raw/KWater/mywater_station/hydr/H/1001210/2021-08-29_2021-09-27.json,raw,103204,e0c58085679f95464263aac23689a41479899b21623bf7a4ed18b80bb7e97203
01_raw/KWater/mywater_station/hydr/H/1001210/2021-09-28_2021-10-27.json,raw,97933,704818d0d3f8981b9349c15c653ee08d6da72b9a1320deaee482a9035c552c92
01_raw/KWater/mywater_station/hydr/H/1001210/2021-10-28_2021-11-26.json,raw,98700,bc96db4ed14628633b414f156e6d8b00ae729c6eb9155bf6b16a594ca0fcb111
01_raw/KWater/mywater_station/hydr/H/1001210/2021-11-27_2021-12-26.json,raw,97781,35fe954e7e7c8c373d003c1b557b412cff1ce02a199ae597fd0b7b19cbad1ccc
01_raw/KWater/mywater_station/hydr/H/1001210/2021-12-27_2022-01-25.json,raw,99787,46025dd5ae1c4caaf105885cf5068450cb9995c0b86df36b667afece39c5df7e
01_raw/KWater/mywater_station/hydr/H/1001210/2022-01-26_2022-02-24.json,raw,98069,ce564616a01c9f8300a4b205526c84dd221176ca1546f92c9e6126b8fbf8e438
01_raw/KWater/mywater_station/hydr/H/1001210/2022-02-25_2022-03-26.json,raw,97864,8ef3183aef979efde1014b01f2a8796e9d53d7a2bf692173195fded1af89472d
01_raw/KWater/mywater_station/hydr/H/1001210/2022-03-27_2022-04-25.json,raw,102843,65d5092487d048e0a25120a22e6cd76a9bb547680e7f2b69d8c7c7f905aa9ecc
01_raw/KWater/mywater_station/hydr/H/1001210/2022-04-26_2022-05-25.json,raw,99187,f6665175568e67f6c611075252eaabc3bac05f72c9d5a483843aa8cf1c5c1357
01_raw/KWater/mywater_station/hydr/H/1001210/2022-05-26_2022-06-24.json,raw,99392,a00523d96feeb3bc949b482fa07cc5dc0adb9cd9cec3de9ad115a16f4da285fc
01_raw/KWater/mywater_station/hydr/H/1001210/2022-06-25_2022-07-24.json,raw,99554,07b250f3c4a41134a174f53e8dc0c3d50261f1cb89d536db401bb90d8d1e914a
01_raw/KWater/mywater_station/hydr/H/1001210/2022-07-25_2022-08-23.json,raw,101051,f7b6c94c11d24d56ad7c01c8b52b4ae657e31930f3625d54161d9ed40d66d1dd
01_raw/KWater/mywater_station/hydr/H/1001210/2022-08-24_2022-09-22.json,raw,100294,4e2bf4cb34a04674042ea54e5360bf566b488ca720d08c292e9d3e0519214683
01_raw/KWater/mywater_station/hydr/H/1001210/2022-09-23_2022-10-22.json,raw,100798,46f0c3beb6b291694c1fd5dada50949ceba6d9514f5014801725e3ac7381ca82
01_raw/KWater/mywater_station/hydr/H/1001210/2022-10-23_2022-11-21.json,raw,99799,f628e756268c548c96168375f5bade648966d645410ab9a83b072304fe711697
01_raw/KWater/mywater_station/hydr/H/1001210/2022-11-22_2022-12-21.json,raw,99522,94b8d3da52132706a8e9fb9b9114d438ac6de30ed514afc6a4bb01964dde669b
01_raw/KWater/mywater_station/hydr/H/1001210/2022-12-22_2023-01-20.json,raw,102496,67521ac98bb66dedb09efb8fc55a9042a69583242ce6d2e89bfc12ff21dde42d
01_raw/KWater/mywater_station/hydr/H/1001210/2023-01-21_2023-02-19.json,raw,98287,6a98c03b20bd5fd2f18d42cf82cb68dfaf096e71f766c73d174194503f61b0ee
01_raw/KWater/mywater_station/hydr/H/1001210/2023-02-20_2023-03-21.json,raw,97684,f3f967ae7358921c3ad18a930e09646196bce48a94bf5c304f4391c0b0298676
01_raw/KWater/mywater_station/hydr/H/1001210/2023-03-22_2023-04-20.json,raw,97489,5d0385dd33228994b471dcd931e4ef22b00d00bf8856161b530602d4d68dbb84
01_raw/KWater/mywater_station/hydr/H/1001210/2023-04-21_2023-05-20.json,raw,101829,fbd324e0eaffb627c4d2f9c5040fa2bedceed1115f194d4de480e076c1518976
01_raw/KWater/mywater_station/hydr/H/1001210/2023-05-21_2023-06-19.json,raw,100591,87846c0983296770d2d7e46ab2f55405fa3e0b72e6ee90246ae13760f39e0e27
01_raw/KWater/mywater_station/hydr/H/1001210/2023-06-20_2023-07-19.json,raw,101894,eb475ef0bf2183a2c5a31851a74d5a1b5198c9fb7d82c82c9ebe76b8d0af1f6a
01_raw/KWater/mywater_station/hydr/H/1001210/2023-07-20_2023-08-18.json,raw,98918,79a1a39b9b936aeda8902bc5daa5754c4535954c4069b7c7612bf79830589d2b
01_raw/KWater/mywater_station/hydr/H/1001210/2023-08-19_2023-09-17.json,raw,100709,c9d55b5ac084ab984b3da7065a14d7301db615734ee85de4f703eab62ba54515
01_raw/KWater/mywater_station/hydr/H/1001210/2023-09-18_2023-10-17.json,raw,99906,edb40b69982a47df99edd0f3f396c127a4ef15ab3ae9f18413dbd8a05e0082cd
01_raw/KWater/mywater_station/hydr/H/1001210/2023-10-18_2023-11-16.json,raw,99245,fd43e220c271e4866d9e70b6236160a466a8f22b2a2ee6527cd6daf0367cbfca
01_raw/KWater/mywater_station/hydr/H/1001210/2023-11-17_2023-12-16.json,raw,99414,cdc14c71f127076f2318c6680ba95d7e6f4f5dcca45cf84557d53e831619e7a6
01_raw/KWater/mywater_station/hydr/H/1001210/2023-12-17_2024-01-15.json,raw,102427,1c6e4024a0cea3e8fbfdfbb45e66817df14c963dad3a380a580f1f1e8fb9f73f
01_raw/KWater/mywater_station/hydr/H/1001210/2024-01-16_2024-02-14.json,raw,100791,e33d091f7d25f6ab761be4aadec8c20fd0630fe499a0b1d0a420c315f7c14e98
01_raw/KWater/mywater_station/hydr/H/1001210/2024-02-15_2024-03-15.json,raw,98895,20c16cb380eae4c9e356afc0386caf840c0a6ec4825fe45e7d3729011a5cbdc2
01_raw/KWater/mywater_station/hydr/H/1001210/2024-03-16_2024-04-14.json,raw,99089,7c9632807c985f674282525417c76d9d517714b9594403c576877bf9fc6e9f6e
01_raw/KWater/mywater_station/hydr/H/1001210/2024-04-15_2024-05-14.json,raw,99023,d91997baa3469d34fd2d55985299176a1eb81a9cb92c93e95077f98c1d479e35
01_raw/KWater/mywater_station/hydr/H/1001210/2024-05-15_2024-06-13.json,raw,98563,901ba59786142d3c58ce2db87ad19a4bd9a4b52746af6b45eccefe48016e49f0
01_raw/KWater/mywater_station/hydr/H/1001210/2024-06-14_2024-07-13.json,raw,99087,4c879e5a789be11888290cdb7428d18ed4c268a038135611558834e0af496ae5
01_raw/KWater/mywater_station/hydr/H/1001210/2024-07-14_2024-08-12.json,raw,98801,45e8c23f4971428c934c64d3e968365b1e9a2ef3ca30fc55c7d7c87bc32c809b
01_raw/KWater/mywater_station/hydr/H/1001210/2024-08-13_2024-09-11.json,raw,98780,65877505ac4b6aded8f1ca7087ac8f95a09c7634dd3c0ea67283a906fcf7eedb
01_raw/KWater/mywater_station/hydr/H/1001210/2024-09-12_2024-10-11.json,raw,99623,0ea685694ba809a71fd4e9deb296c7475d3620671dcd3731081aca1cc93ca09c
01_raw/KWater/mywater_station/hydr/H/1001210/2024-10-12_2024-11-10.json,raw,104659,f4d7029b7f2e5b84891d80c9a06988f825d0e7366f390bff31f35e043777a5aa
01_raw/KWater/mywater_station/hydr/H/1001210/2024-11-11_2024-12-10.json,raw,98864,bfdf1f3505faa9d96f7ad5e587dadefb80699987dfafc4ae367bb9547383f7c0
01_raw/KWater/mywater_station/hydr/H/1001210/2024-12-11_2025-01-09.json,raw,104662,0c044af7d48a802a2b240386f3867b72a153cc8d203504084ffb69e44807c5b4
01_raw/KWater/mywater_station/hydr/H/1001210/2025-01-10_2025-02-08.json,raw,104627,771a7854a7419f7ef895edc6e732cfd5f65b055631df7b011829b4b243237765
01_raw/KWater/mywater_station/hydr/H/1001210/2025-02-09_2025-03-10.json,raw,98156,1ae4597f4646eb8a40fa5b597fc2acea154cc1ce33258156a0227c25f686869f
01_raw/KWater/mywater_station/hydr/H/1001210/2025-03-11_2025-04-09.json,raw,98254,73065a032b058f03e89cc155ec2abc249ff0424dba90c7f80452cade2222739e
01_raw/KWater/mywater_station/hydr/H/1001210/2025-04-10_2025-05-09.json,raw,97968,e79eafb894f52272ba4a662674d45f825f1c1d492f1bf3f96761fdb03f8ef3e0
01_raw/KWater/mywater_station/hydr/H/1001210/2025-05-10_2025-06-08.json,raw,98599,acd26143b999197fad4b38ea41a9df603e04e46efb3b92c4f075c16cd88ab864
01_raw/KWater/mywater_station/hydr/H/1001210/2025-06-09_2025-07-08.json,raw,99493,8f7a2bcad005d850cba2f909ff3e76299d69e58e2edecdb254fd2ef398ebde96
01_raw/KWater/mywater_station/hydr/H/1001210/2025-07-09_2025-08-07.json,raw,98515,acfe59c3cd3006a7f678cd1ae78d88fc07a864fda17011f5b25d5c567530c2ee
01_raw/KWater/mywater_station/hydr/H/1001210/2025-08-08_2025-09-06.json,raw,98299,a43be5edd2323b56a577c234c2cc5061fca09ae306f5dab744d1ec8c79eceda9
01_raw/KWater/mywater_station/hydr/H/1001210/2025-09-07_2025-10-06.json,raw,98908,6a35f2acb42d4dee2d1b18a7a8a787ce4f601f4f0210e9783a0ac76e37cc37a6
01_raw/KWater/mywater_station/hydr/H/1001210/2025-10-07_2025-11-05.json,raw,99851,56e4709d7f8c32c99ddba6b3a22fd18740de92bf850689374b627a35860c7286
01_raw/KWater/mywater_station/hydr/H/1001210/2025-11-06_2025-12-05.json,raw,98461,38073af1a6f542d3921853dea5d1e7ac4a7b7824f3f713c9514254ece9b64c48
01_raw/KWater/mywater_station/hydr/H/1001210/2025-12-06_2026-01-04.json,raw,98201,be32d768d7a0a00c06aa28008f876867cac15224dba50f6684ca9a3f38b11c17
01_raw/KWater/mywater_station/hydr/H/1001210/2026-01-05_2026-02-03.json,raw,98390,c093c19033d40dca433371b12852db7c92bef3fe47b05b7027c5726b690a2da8
01_raw/KWater/mywater_station/hydr/H/1001210/2026-02-04_2026-03-05.json,raw,98441,6ae2eb6aebb4d1db068c52a186982fd79699d52898f0b11259da2ae666ff64b1
01_raw/KWater/mywater_station/hydr/H/1001210/2026-03-06_2026-04-04.json,raw,98777,156b27f7e974104aca65d653c03c43213e95353251a21e21cb27f4061c4c0810
01_raw/KWater/mywater_station/hydr/H/1001210/2026-04-05_2026-05-04.json,raw,98692,cae86f4ebb96390ca18ecf0deea0be0a3ec3b633d7f134538fbc74d1831731a9
01_raw/KWater/mywater_station/hydr/H/1001210/2026-05-05_2026-06-03.json,raw,98711,e7354779d92cd5cdea901cfb13c16dca7da13572c52c7ab8eb30c118143b327d
01_raw/KWater/mywater_station/hydr/H/1001210/2026-06-04_2026-07-03.json,raw,98571,95a08c410acfa0bee33dda228cb469ab7442fc1d3197ff1a9201d70794a63fb1
01_raw/KWater/mywater_station/hydr/H/1001210/2026-07-04_2026-08-02.json,raw,98933,972701b2c0bac15c48849c4fbb4cb3d7e2b3ec18570a76fbabd7084d743144e9
01_raw/KWater/mywater_station/hydr/H/1001210/2026-08-03_2026-09-01.json,raw,98939,2e4c995cd3a6f39e3128a2fd71f1cd5e2b4e7fea0b21f7030d21004c70e020a3
01_raw/KWater/mywater_station/hydr/H/1001210/2026-09-02_2026-09-28.json,raw,89119,3c51761e3892cfe9b3d2bfa5b48dd8245d6cd56840ab0acf1856a8fa6cf1186f
01_raw/KWater/mywater_station/hydr/H/1003110/2021-01-01_2021-01-30.json,raw,111474,aa33b07253dbf9c72fec367b51aaf2c25f04cfc94568e44c75f5e22f92ce616d
01_raw/KWater/mywater_station/hydr/H/1003110/2021-01-31_2021-03-01.json,raw,110735,8d88913af1eba2a0394ac5f81d96e709bb912cd731596cab621fedbe010ce896
01_raw/KWater/mywater_station/hydr/H/1003110/2021-03-02_2021-03-31.json,raw,111911,1d08578014544f47fa514e902e79c3d65552789c1c979628bcf572bc4d45f88f
01_raw/KWater/mywater_station/hydr/H/1003110/2021-04-01_2021-04-30.json,raw,111959,d652b5c2b047733faaf38c6ce8d9336e386a53189a604aebbe1240a5d1d448f8
01_raw/KWater/mywater_station/hydr/H/1003110/2021-05-01_2021-05-30.json,raw,112852,471c3e66871b0cf7f114545ea08847f8acadedd5a2037135a2b794ca59f251cf
01_raw/KWater/mywater_station/hydr/H/1003110/2021-05-31_2021-06-29.json,raw,115109,c50f384d4cc75a9bd907f82af40b418946acc0a28a458337e6b101cb995e0f6d
01_raw/KWater/mywater_station/hydr/H/1003110/2021-06-30_2021-07-29.json,raw,116286,18b20c08b9faddb188911d4ea37b22e1720c4e3423bf9ec3d24d18fe445d4ce4
01_raw/KWater/mywater_station/hydr/H/1003110/2021-07-30_2021-08-28.json,raw,114211,b96230a50389b6d02514c3c8707b9f4a7cbb18e27e2c9ef5fb8d395600373334
01_raw/KWater/mywater_station/hydr/H/1003110/2021-08-29_2021-09-27.json,raw,117262,f07c2b9de8cee94c72958fc20a82b8428e6e71faf5750a5d16156d6a99b65d2e
01_raw/KWater/mywater_station/hydr/H/1003110/2021-09-28_2021-10-27.json,raw,113369,43add9f5f6ceafa07059d0b5f10b2832867b443f24a336e0f014402db467065e
01_raw/KWater/mywater_station/hydr/H/1003110/2021-10-28_2021-11-26.json,raw,112886,3eb03b152c1f99ec245c2d3ce8a875cae5afead1b3a7ad0646c3b15acb77b904
01_raw/KWater/mywater_station/hydr/H/1003110/2021-11-27_2021-12-26.json,raw,112124,3b28f4d72fdf19f86014d9ea6b399c71635619e859012b3f36d0045ce649c6ef
01_raw/KWater/mywater_station/hydr/H/1003110/2021-12-27_2022-01-25.json,raw,110992,934402fe3866403dcb4404bef37f5a7f91e15cd45a1cf0b2ba51f82ffa6f19fa
01_raw/KWater/mywater_station/hydr/H/1003110/2022-01-26_2022-02-24.json,raw,110627,92e93151d54eb8c2b69724cf4e73817b006017e7e2d95575886c2e9bf968dcc0
01_raw/KWater/mywater_station/hydr/H/1003110/2022-02-25_2022-03-26.json,raw,111906,1d5978209be465271b18aa3d20980e59c752163c791de73fff5dab8b9969fba4
01_raw/KWater/mywater_station/hydr/H/1003110/2022-03-27_2022-04-25.json,raw,111747,a9f05a81ef686f93b7e58b1a479d15f41860c4f2434d04a9e05fe9d73008d02d
01_raw/KWater/mywater_station/hydr/H/1003110/2022-04-26_2022-05-25.json,raw,112487,3d451c41ecf4b0db0207415d3de43fef0df6ef42e21280979369a710de56ea57
01_raw/KWater/mywater_station/hydr/H/1003110/2022-05-26_2022-06-24.json,raw,111524,e0bc7b244091efac2b9fdcc82301a4c8a7fe89e9e74a6ecfb472c37c1581d618
01_raw/KWater/mywater_station/hydr/H/1003110/2022-06-25_2022-07-24.json,raw,116143,8c035b26ef9701fd11b41427930ee022679ccccdb437ae68130b95e131d20687
01_raw/KWater/mywater_station/hydr/H/1003110/2022-07-25_2022-08-23.json,raw,121751,0a350e039261471ed0d3ec23cf317a7b732f78877930600ace378e1f90dbccd2
01_raw/KWater/mywater_station/hydr/H/1003110/2022-08-24_2022-09-22.json,raw,120036,0b3c2e48bf52de71e2483dcd8a1b35b6501dcb1f95845c2c262202c08e0a419e
01_raw/KWater/mywater_station/hydr/H/1003110/2022-09-23_2022-10-22.json,raw,113839,f23be7a8b48955c13f7975f508cb63bc2b420cfffa0323588d7ee211f94be287
01_raw/KWater/mywater_station/hydr/H/1003110/2022-10-23_2022-11-21.json,raw,113153,479d4d98739e6d4e62decd028d26f60399f108e1b43b57e1a5d37a48d887e1c0
01_raw/KWater/mywater_station/hydr/H/1003110/2022-11-22_2022-12-21.json,raw,110195,0eaa9c2728bda0526184cd3a4d3dbdbb356565316d31ff2de43a78cfcb1da5b0
01_raw/KWater/mywater_station/hydr/H/1003110/2022-12-22_2023-01-20.json,raw,102920,ea20103dccdc4f1185e454bbbadfc85d95310e5ba23d0302f5e1c2a4f643018f
01_raw/KWater/mywater_station/hydr/H/1003110/2023-01-21_2023-02-19.json,raw,101571,ce23bf17a38fb176d64574c0c49fabafb61d766ab7cbe41f93176429f47cc496
01_raw/KWater/mywater_station/hydr/H/1003110/2023-02-20_2023-03-21.json,raw,102322,e77da931134ff18e2dc6854025e4418cd9f14c77a9f5fc2b202556fce8d7ff45
01_raw/KWater/mywater_station/hydr/H/1003110/2023-03-22_2023-04-20.json,raw,102609,b01e3bdfe23f818a301bee317fb4ef804d6d15bdd8a37b234fd6b8f384dfd2d5
01_raw/KWater/mywater_station/hydr/H/1003110/2023-04-21_2023-05-20.json,raw,103575,8a74c7cfdbd2733669113980d7db2cc3c54320252a2b98193f1015a76c54c560
01_raw/KWater/mywater_station/hydr/H/1003110/2023-05-21_2023-06-19.json,raw,103225,975c8ee52955431df0096f26ef84b99c39b6fc197a52fdb306968121ae72e4f0
01_raw/KWater/mywater_station/hydr/H/1003110/2023-06-20_2023-07-19.json,raw,109563,e02810dc97c6cb44cf45e606e003a3e59f628723a4b7cd1becf7e02427319b49
01_raw/KWater/mywater_station/hydr/H/1003110/2023-07-20_2023-08-18.json,raw,106154,b0a4f657b4c9e3f40a251e4207a7b96de467ba3957cf08ec9c2c3ff27134667a
01_raw/KWater/mywater_station/hydr/H/1003110/2023-08-19_2023-09-17.json,raw,105339,f720f1b59c11b912403a49f4346bcb7b0d95d4a246ea1e1c497a1e7b71893659
01_raw/KWater/mywater_station/hydr/H/1003110/2023-09-18_2023-10-17.json,raw,103823,fd6bbf755b8033b24bfb88b952e291f403f4678dac181da9742f6be9aacea908
01_raw/KWater/mywater_station/hydr/H/1003110/2023-10-18_2023-11-16.json,raw,102424,8e7c5fc258ad4da25fa5d644e196e203219dd7e79c287a461be001911fe54df9
01_raw/KWater/mywater_station/hydr/H/1003110/2023-11-17_2023-12-16.json,raw,105701,e2c0749775f4c5a58cfe653b974c0457931382fbb57d2787d6594e29e787ef00
01_raw/KWater/mywater_station/hydr/H/1003110/2023-12-17_2024-01-15.json,raw,105994,cae26744264066cd01657a39307ecc3b832f4adef3581aa8bd021ed6882336cf
01_raw/KWater/mywater_station/hydr/H/1003110/2024-01-16_2024-02-14.json,raw,107361,22eefd6a29e0c411bbf53743ec10089525f78920121ef073c2c1d3417e208173
01_raw/KWater/mywater_station/hydr/H/1003110/2024-02-15_2024-03-15.json,raw,114251,a0d80c58a9be0c7f89f63ae79fca4bd75cddb78e786a606f4ea27d503d6815a2
01_raw/KWater/mywater_station/hydr/H/1003110/2024-03-16_2024-04-14.json,raw,109476,4e07bf2c8bfba1a0ac13c8d6db4595f8641be1602274c2fd801379097168555e
01_raw/KWater/mywater_station/hydr/H/1003110/2024-04-15_2024-05-14.json,raw,104547,f088b78778cce2581ad69d5e98ea306302337959ae6e648f9c5726507ffe97ac
01_raw/KWater/mywater_station/hydr/H/1003110/2024-05-15_2024-06-13.json,raw,103938,18e97ee733862380629c6b90fea019196a9640f3bcf9d6972e6bef991d977d45
01_raw/KWater/mywater_station/hydr/H/1003110/2024-06-14_2024-07-13.json,raw,105357,0bce859024c8afa4ca677f5c922eda2936fbeae2870794bdea0718dda7498b60
01_raw/KWater/mywater_station/hydr/H/1003110/2024-07-14_2024-08-12.json,raw,105875,2ae4531f6a36270eba5af8295152ceba3516828350e2115b46814f70ba0fb220
01_raw/KWater/mywater_station/hydr/H/1003110/2024-08-13_2024-09-11.json,raw,103217,31df7463a837b8a3f9f96301327e8c0ab4ed1d641b935bb221bbf07e709e94dd
01_raw/KWater/mywater_station/hydr/H/1003110/2024-09-12_2024-10-11.json,raw,104683,f6c20c879a4b19b86f41d4e69803c878eb12935b4832d91b8a5da14093df434d
01_raw/KWater/mywater_station/hydr/H/1003110/2024-10-12_2024-11-10.json,raw,104177,a6fafcd1690d7617c152f9bc93a1a92232e999fe0666a1ce8746c27f95988ecc
01_raw/KWater/mywater_station/hydr/H/1003110/2024-11-11_2024-12-10.json,raw,103390,5d145fa462df8ff590511173e004fee97ebcadadb1af0ca609470bdc43b1ac69
01_raw/KWater/mywater_station/hydr/H/1003110/2024-12-11_2025-01-09.json,raw,102469,777e7abe924fd5a2cab862477fa02282ace450480d529320b4dbbdba39f8ada5
01_raw/KWater/mywater_station/hydr/H/1003110/2025-01-10_2025-02-08.json,raw,101816,b0f103e402d82bc9ea27099cb2a9a30f56bd0a447b70df7dca2ef3874bb88291
01_raw/KWater/mywater_station/hydr/H/1003110/2025-02-09_2025-03-10.json,raw,102409,1e1e285e457c255696ff2af890b61d9c772ab81317fc700abb965eaf9786fba7
01_raw/KWater/mywater_station/hydr/H/1003110/2025-03-11_2025-04-09.json,raw,103573,7cd6825505d02be7b354b33154ff2e487b5a52ad1944d60f12be3ea48d227ff2
01_raw/KWater/mywater_station/hydr/H/1003110/2025-04-10_2025-05-09.json,raw,104122,54a785ec2ae44be161a0c9580d0bc35dd24ca11cf167d33cd51249b3d2ee2f46
01_raw/KWater/mywater_station/hydr/H/1003110/2025-05-10_2025-06-08.json,raw,104889,3419dfb6842a07ed40b28224a5f21dd6179fdc4f1c01d72f870846200c6fc1e5
01_raw/KWater/mywater_station/hydr/H/1003110/2025-06-09_2025-07-08.json,raw,105419,c9bbcae4fa5be2f9256fa00ed2f8faa9f29e1e9c29b01ea61499375ba3325cae
01_raw/KWater/mywater_station/hydr/H/1003110/2025-07-09_2025-08-07.json,raw,105049,435619127665fde571b392d664fcd2ce0c6674bac08678e74d922819b999f32d
01_raw/KWater/mywater_station/hydr/H/1003110/2025-08-08_2025-09-06.json,raw,104221,d3ddd1d5403c65c6e649940b6ea610ba90376bf02daf1307855cf6c64e96fd9b
01_raw/KWater/mywater_station/hydr/H/1003110/2025-09-07_2025-10-06.json,raw,106029,0ce034d73b8d122825683df78fa37d7a903b6638c521a15b83475341d7a6cf1d
01_raw/KWater/mywater_station/hydr/H/1003110/2025-10-07_2025-11-05.json,raw,107577,3b4e57fa9aaf1113f4c1397bc5803d862eb53914b232f053ce37bbea1e30d061
01_raw/KWater/mywater_station/hydr/H/1003110/2025-11-06_2025-12-05.json,raw,103336,9c031a147fbc6a6a9a7c4d5d6cc73ee27cb01ebf288afd1d83ecbcdc88d37811
01_raw/KWater/mywater_station/hydr/H/1003110/2025-12-06_2026-01-04.json,raw,103618,6ffaadbf909e580c9d0d38021ad59a787ece0c4d4903ef881d3d46745276018f
01_raw/KWater/mywater_station/hydr/H/1003110/2026-01-05_2026-02-03.json,raw,103377,11dcadd4b1fd4b73e8bd28a2529893bf6a106cc5bac0804b3b6b69585d9c28de
01_raw/KWater/mywater_station/hydr/H/1003110/2026-02-04_2026-03-05.json,raw,103821,2b3aaf5bff9a6f5b853ce7fc80c8c27cee46e097cfbdf7d29ad6c2aaefcc438f
01_raw/KWater/mywater_station/hydr/H/1003110/2026-03-06_2026-04-04.json,raw,104001,e05d70dc0bd9b2a21e80019ea5d6a263f98523db7056f0277869946a7130e7aa
01_raw/KWater/mywater_station/hydr/H/1003110/2026-04-05_2026-05-04.json,raw,104612,acdb89d4c35b50605d6d97a240d583f9032cbe5a11e525c06b22875f57cf3665
01_raw/KWater/mywater_station/hydr/H/1003110/2026-05-05_2026-06-03.json,raw,104224,9991bca89e0ab4628537772f420a930594f794d8c73a0e1486cd984c589370f6
01_raw/KWater/mywater_station/hydr/H/1003110/2026-06-04_2026-07-03.json,raw,104121,eee40b0e7059d9f0c1ee7e910b6ce16ae139de9cbeaf55d0a6eb04f4c06a1064
01_raw/KWater/mywater_station/hydr/H/1003110/2026-07-04_2026-08-02.json,raw,106571,fe8b12570eb4368d78b7440320786e51140e35f27fdb4fb1571cf6a1c4a1ad1d
01_raw/KWater/mywater_station/hydr/H/1003110/2026-08-03_2026-09-01.json,raw,105701,89115d1a3914641c957bdd0a0ba4651b983522d848ef21a5f956db5fadb86d06
01_raw/KWater/mywater_station/hydr/H/1003110/2026-09-02_2026-09-28.json,raw,94196,d6ef0744882ca239718e5a0d7697779a5e6a7fe5126a645aaa7457c8521d1664
01_raw/KWater/mywater_station/hydr/H/1003611/2021-01-01_2021-01-30.json,raw,100697,b1acfcbc5173d219cdefdbafc5d6a4a003926f3b4a2ab4d1f18f267898f84951
01_raw/KWater/mywater_station/hydr/H/1003611/2021-01-31_2021-03-01.json,raw,100713,75e4eecd4a84ea6df89283ccb432eca28e893338fb5927e40dcf021216108278
01_raw/KWater/mywater_station/hydr/H/1003611/2021-03-02_2021-03-31.json,raw,100726,a5e66df22b497c49abc3b2f33f9240bca045288adc2c20cf4fcf2a60a5c19966
01_raw/KWater/mywater_station/hydr/H/1003611/2021-04-01_2021-04-30.json,raw,101089,fcd1dcc9593c4b65fd1f4a7484ca065387d26bfbcab2a469f3e15d322ac1f27c
01_raw/KWater/mywater_station/hydr/H/1003611/2021-05-01_2021-05-30.json,raw,101484,22ed98ba096cbd852c32b6dfec0b004c49b90f8ec9d74c6a7c76fd72f5389c7c
01_raw/KWater/mywater_station/hydr/H/1003611/2021-05-31_2021-06-29.json,raw,111086,2256de1f39040d1b21e99e5f179a6ce259ba3d07877a687ba6a4eb10aa57c484
01_raw/KWater/mywater_station/hydr/H/1003611/2021-06-30_2021-07-29.json,raw,121050,1c20fc1454e9ec10fefb71f1509ccac68f079f3e985c3dc7f91afbacf99868be
01_raw/KWater/mywater_station/hydr/H/1003611/2021-07-30_2021-08-28.json,raw,103857,96be1fe4e7daf65659d7e763d9ebd9a545023f1190a3ab4173a2fd39cb23194d
01_raw/KWater/mywater_station/hydr/H/1003611/2021-08-29_2021-09-27.json,raw,102328,502f20c6a4386a4bd377d8bdc0512c25d39264a11ea392ada14407a2206fc1f0
01_raw/KWater/mywater_station/hydr/H/1003611/2021-09-28_2021-10-27.json,raw,103082,a15822045b86f850a6d7f1238441d185095782052455faf2aee34eff24faa241
01_raw/KWater/mywater_station/hydr/H/1003611/2021-10-28_2021-11-26.json,raw,101750,b27c01e903af326e78d22c29319d46ce9273a9e3ca46c6167c71b1ee5ed0427c
01_raw/KWater/mywater_station/hydr/H/1003611/2021-11-27_2021-12-26.json,raw,101566,9cc5e87c57fc4841f1fbce2039e8bc474f53c2b6d616ff8a6db4568f5e08d979
01_raw/KWater/mywater_station/hydr/H/1003611/2021-12-27_2022-01-25.json,raw,101439,c34bc213eaa9dbd0aa68c34e55448895bd814014e76d67cbf48ac9d0e096d975
01_raw/KWater/mywater_station/hydr/H/1003611/2022-01-26_2022-02-24.json,raw,101095,04c984c3c953969ad5055783107b1291adfe91f5fae5e6384bb8036beb80f181
01_raw/KWater/mywater_station/hydr/H/1003611/2022-02-25_2022-03-26.json,raw,101217,c4fc6fce88a960d52d02fdc69e1544fb04f1779346c0e1f09d82d0dacb6d86e3
01_raw/KWater/mywater_station/hydr/H/1003611/2022-03-27_2022-04-25.json,raw,101780,5760cae96b84b065a6220fce3c8a883d03b24cb744501337ee74d670216c0082
01_raw/KWater/mywater_station/hydr/H/1003611/2022-04-26_2022-05-25.json,raw,101938,a2431c069461784f928ea9c769a5355b8b44f81a6fe6b67b5bae4552ea983bb1
01_raw/KWater/mywater_station/hydr/H/1003611/2022-05-26_2022-06-24.json,raw,102100,5f2109661e1d6ad291ad851cd6a2e38d7425f104e99dfde04e29bac0303c7378
01_raw/KWater/mywater_station/hydr/H/1003611/2022-06-25_2022-07-24.json,raw,103116,14ed39d6ef91acfed94296836efef3091faa4a130b837469a085db6a9a321d09
01_raw/KWater/mywater_station/hydr/H/1003611/2022-07-25_2022-08-23.json,raw,103940,7d9016d87c05d440e010881eb3283479d9c2dea188044bd6d1544fb2fcc06cd0
01_raw/KWater/mywater_station/hydr/H/1003611/2022-08-24_2022-09-22.json,raw,103491,c36299ebac249f1c9714b81a85bed826b942005a98221669d404f82aff796c23
01_raw/KWater/mywater_station/hydr/H/1003611/2022-09-23_2022-10-22.json,raw,101985,9cd782c280328084dc0f7889779dbe10ee3c541839b95565802d802dfa4fc171
01_raw/KWater/mywater_station/hydr/H/1003611/2022-10-23_2022-11-21.json,raw,101660,529b95006481e804c5cab20684c81083f2999ae08eb3c2ee859a193adff4d37b
01_raw/KWater/mywater_station/hydr/H/1003611/2022-11-22_2022-12-21.json,raw,101806,58807e2cb19030dc0cd47a41c8483c69b50961f18d750b58cb6943b5db8ef0fe
01_raw/KWater/mywater_station/hydr/H/1003611/2022-12-22_2023-01-20.json,raw,101668,c399ef35715ad8b1803ba4da44d1eb51290e7612cc90f7d0ceef2ebb12ca66b7
01_raw/KWater/mywater_station/hydr/H/1003611/2023-01-21_2023-02-19.json,raw,101624,166faec9a00d516a5580e086865de986af473482e8f090023e2edf7c47c5ed17
01_raw/KWater/mywater_station/hydr/H/1003611/2023-02-20_2023-03-21.json,raw,101738,ffa8327a0fa57aea227cee10d314cea7aed59e12c0579c77858928a724488b90
01_raw/KWater/mywater_station/hydr/H/1003611/2023-03-22_2023-04-20.json,raw,102172,857c7814c226e4f1585f6809a9c882ce4deaaa9fc17ce380df1e6b61c1b674cc
01_raw/KWater/mywater_station/hydr/H/1003611/2023-04-21_2023-05-20.json,raw,102623,b331852c4e3eeb7ee8f967b269f00a1b44d52b3532e7516b62de63c3a6f1ef2e
01_raw/KWater/mywater_station/hydr/H/1003611/2023-05-21_2023-06-19.json,raw,102777,a7b2136cbfb1a67fa6ddd74595fd5be4a001dc2db866650f5c6531280ed972e0
01_raw/KWater/mywater_station/hydr/H/1003611/2023-06-20_2023-07-19.json,raw,104563,d7c414c65856d74cd8585acdc563d421448debb91d167b79754841c4d2ce0cba
01_raw/KWater/mywater_station/hydr/H/1003611/2023-07-20_2023-08-18.json,raw,105304,aa458c32e38ed27b7b5d2fe03e37caafeee81adc74a0aab8797c30198eaed099
01_raw/KWater/mywater_station/hydr/H/1003611/2023-08-19_2023-09-17.json,raw,121326,d4562b2b77b681db764b3ddec7611161f93bd0fcc11244ec7e914018df2ec866
01_raw/KWater/mywater_station/hydr/H/1003611/2023-09-18_2023-10-17.json,raw,121755,fecdfac2aaa326e8f177135d00bb66ecd17ad0c61400560353673532b7a300e8
01_raw/KWater/mywater_station/hydr/H/1003611/2023-10-18_2023-11-16.json,raw,119824,a643f694c94b846abb2a159cc646d2321bccce24b0b67bdf77a19203654fb7a3
01_raw/KWater/mywater_station/hydr/H/1003611/2023-11-17_2023-12-16.json,raw,120102,10c2daaceff49bd1a35d278f1b9b2c95472fe24380a3686e02295f72d2724d38
01_raw/KWater/mywater_station/hydr/H/1003611/2023-12-17_2024-01-15.json,raw,118350,fdedba9855f38aa47b84b719ce99ee6a7b77394b10f860eaa681db424bbd5519
01_raw/KWater/mywater_station/hydr/H/1003611/2024-01-16_2024-02-14.json,raw,120018,f258e1de24af803374f9b839ea101ee93ce2be79d3f8decb1f68fb35597b2256
01_raw/KWater/mywater_station/hydr/H/1003611/2024-02-15_2024-03-15.json,raw,120668,90c8f013bc8b1a2405b091ca446fa594b82de117ca3ed3e5c2fd766dcce013b7
01_raw/KWater/mywater_station/hydr/H/1003611/2024-03-16_2024-04-14.json,raw,119802,a152d9241331c039eb47886f94760c929565c8eeae7ec2c4995b29bc0fb9ce67
01_raw/KWater/mywater_station/hydr/H/1003611/2024-04-15_2024-05-14.json,raw,120811,bc9d000bd284aa3dcf32f8dbeb24c42d19df4f1a65d9d740d07c5e825f0cdc8d
01_raw/KWater/mywater_station/hydr/H/1003611/2024-05-15_2024-06-13.json,raw,119915,c2bb2a06fdc7565ff23d1395854b4dde70c5237323de22c255e98bd9295519d6
01_raw/KWater/mywater_station/hydr/H/1003611/2024-06-14_2024-07-13.json,raw,119600,7c3c2e2932b5a2008cf22f1589a9e4e211467372481891e2269a96746061fd72
01_raw/KWater/mywater_station/hydr/H/1003611/2024-07-14_2024-08-12.json,raw,114045,ef4e39d4650ae38a464d9a663aa0c3f5254278f0a209e57f85e989683b5c43ac
01_raw/KWater/mywater_station/hydr/H/1003611/2024-08-13_2024-09-11.json,raw,120126,7ecae377be1fbdfe1885e51af97fb10b6ff7bedd29d7cccc4e60d61f9d876054
01_raw/KWater/mywater_station/hydr/H/1003611/2024-09-12_2024-10-11.json,raw,120996,9b6f275f4ea45644699d7d379a4ab6d9ddabb19e65d016d3a67afb72063c6788
01_raw/KWater/mywater_station/hydr/H/1003611/2024-10-12_2024-11-10.json,raw,120372,585fe61ed1e42881992a3972c03f0572c86380bb57bb47333424a98e06c1d10a
01_raw/KWater/mywater_station/hydr/H/1003611/2024-11-11_2024-12-10.json,raw,119657,6f56b11210b5db193507991b1cf7fef2bdedb0902895b1829ff971835dab3952
01_raw/KWater/mywater_station/hydr/H/1003611/2024-12-11_2025-01-09.json,raw,110792,b5d9199250fd4bd4ba1c8d3a36898bf4938670c3f6f81323debf13d779091621
01_raw/KWater/mywater_station/hydr/H/1003611/2025-01-10_2025-02-08.json,raw,101761,8176dd2a04533d3425c7259251f673972ffff2b00ffd1e52594862610aa24f42
01_raw/KWater/mywater_station/hydr/H/1003611/2025-02-09_2025-03-10.json,raw,102242,bd2cb6e98e3bea8eaaebb7248edb52333bd114cc485e11f83daadfcf1c406cce
01_raw/KWater/mywater_station/hydr/H/1003611/2025-03-11_2025-04-09.json,raw,102792,4a443d2baeb9d8458db3faf3e8eee7b350c3e06ea08562c7be47d9545275ec3a
01_raw/KWater/mywater_station/hydr/H/1003611/2025-04-10_2025-05-09.json,raw,103137,403179ee687da609546bb492b6592c697f4d8e0ce4b99cf079c0ae5c46f52874
01_raw/KWater/mywater_station/hydr/H/1003611/2025-05-10_2025-06-08.json,raw,103025,c4ea5a8a2e696073680afe889bb83f9afef6557ac80b7d760cfad41ad999a0dd
01_raw/KWater/mywater_station/hydr/H/1003611/2025-06-09_2025-07-08.json,raw,103040,15e84a8c55f83e8dc02d30fdb348018ae428f94bf4ded6a6170f06fda3b2463f
01_raw/KWater/mywater_station/hydr/H/1003611/2025-07-09_2025-08-07.json,raw,103237,ea462805f0c5b64238dc67f5d7fd105ab6a135c5e502fa708e1d1933dfd17334
01_raw/KWater/mywater_station/hydr/H/1003611/2025-08-08_2025-09-06.json,raw,102679,261e5880f26183801a55340ab68f58b60054c565db497f6103e104c77992387c
01_raw/KWater/mywater_station/hydr/H/1003611/2025-09-07_2025-10-06.json,raw,102361,4e5f65ac38b8907701d851222465998fb9889daac7b5246ebba38700a1f165ce
01_raw/KWater/mywater_station/hydr/H/1003611/2025-10-07_2025-11-05.json,raw,103226,5186d5f82a5c109d952df9c039b290fdcc94ef9a25c3de6efcee01d16b4b5273
01_raw/KWater/mywater_station/hydr/H/1003611/2025-11-06_2025-12-05.json,raw,101823,6f216e64ee8a66b9372c8c3e2b97f08879e80fddb74d1a4c521b87255dd3f383
01_raw/KWater/mywater_station/hydr/H/1003611/2025-12-06_2026-01-04.json,raw,101852,4eaef5f54295242b43c631a7a11d508daf680e786d097912043aa3daac0655ab
01_raw/KWater/mywater_station/hydr/H/1003611/2026-01-05_2026-02-03.json,raw,101872,430490052c908efd3c7711c510f92bf1f01570493b4bbc534c05d34aa95c2760
01_raw/KWater/mywater_station/hydr/H/1003611/2026-02-04_2026-03-05.json,raw,101909,30802efdbe5578bc3937b1220c12d5471c051ff494b73c58204f9825685303ea
01_raw/KWater/mywater_station/hydr/H/1003611/2026-03-06_2026-04-04.json,raw,102794,67762c91e3e91973e1b1ea28877c6cbc4f47fbe729b2803b0d0f991acf23aefa
01_raw/KWater/mywater_station/hydr/H/1003611/2026-04-05_2026-05-04.json,raw,102562,fe0a1efe10e65ec71146d5182fc1c6b4d35a0182a7dd607d45d1182cbd9b26c6
01_raw/KWater/mywater_station/hydr/H/1003611/2026-05-05_2026-06-03.json,raw,102478,cdc35661de9494737c74cad3a6be3c9086d5bd465191e98a5c37ca996b9b2a08
01_raw/KWater/mywater_station/hydr/H/1003611/2026-06-04_2026-07-03.json,raw,102838,422ccc1dc04c7f8f8b7c8ff55fece419c87947438ed67417c130640822e8c570
01_raw/KWater/mywater_station/hydr/H/1003611/2026-07-04_2026-08-02.json,raw,103386,2a1ff4fc2fa224ebca26975295a8ed8194635a742505c8a80c1b3caaff0368d7
01_raw/KWater/mywater_station/hydr/H/1003611/2026-08-03_2026-09-01.json,raw,103096,64d1561e8b0654cab0aa07692654086afec95a4d71937205b96be655a5468888
01_raw/KWater/mywater_station/hydr/H/1003611/2026-09-02_2026-09-28.json,raw,92463,bc3c1387ec53a4fac5ecb3a06fae305700f6fe0907c690bd0ed70b790707df5b
01_raw/KWater/mywater_station/hydr/H/1006110/2021-01-01_2021-01-30.json,raw,98316,fd76e24482bc44d4969b8b7c4009a8c3012240e522397d7d8a93bc4565e298b0
01_raw/KWater/mywater_station/hydr/H/1006110/2021-01-31_2021-03-01.json,raw,98404,ca7f440b251726ce71eaf57c29f31b83ce0875da6c4d85f0cdae1c4cfab993d5
01_raw/KWater/mywater_station/hydr/H/1006110/2021-03-02_2021-03-31.json,raw,98565,a2dfe545966fc4713322216f0ff6a005d848e693a7a8a3c508845c2858116064
01_raw/KWater/mywater_station/hydr/H/1006110/2021-04-01_2021-04-30.json,raw,99090,0693e68c43e3d4b4d24d20e36d733608cbfc90d047487678a24de46622187fe7
01_raw/KWater/mywater_station/hydr/H/1006110/2021-05-01_2021-05-30.json,raw,98881,0af7064f1f7bc8afeb22f8747dc589d101339e81b07ef45f9da5e9d5f72cf502
01_raw/KWater/mywater_station/hydr/H/1006110/2021-05-31_2021-06-29.json,raw,98586,49bff70607386ab2ad1b81495ccda2c2b3143abb8771e6976609b74f5ec1f26f
01_raw/KWater/mywater_station/hydr/H/1006110/2021-06-30_2021-07-29.json,raw,98545,f5ffb57a8cd72934c0d9bea5c7e73eaa440e7416369da22034fb90793452fb66
01_raw/KWater/mywater_station/hydr/H/1006110/2021-07-30_2021-08-28.json,raw,100671,6fc3208cab6475a217353e9d684bbda837c8c99a255eaa2b67e7fc8dddb8bb89
01_raw/KWater/mywater_station/hydr/H/1006110/2021-08-29_2021-09-27.json,raw,99003,1e5d9de485e02bead8270d141d6d43eacf8534f4fb751177ee8640fd2c86c015
01_raw/KWater/mywater_station/hydr/H/1006110/2021-09-28_2021-10-27.json,raw,98982,a775f7d38ff5d999280be36b45459ee2b9757282db793380e3fdbadeb80c82f2
01_raw/KWater/mywater_station/hydr/H/1006110/2021-10-28_2021-11-26.json,raw,98642,c506d3be92e6ae9db620c53a8a0f41dc105e649d8abd9a036fd05b3d3f526718
01_raw/KWater/mywater_station/hydr/H/1006110/2021-11-27_2021-12-26.json,raw,98262,01c4c535d2c85626a8b339d3d1244a6d4fe71008cd835fa247a279f7b0b6bc39
01_raw/KWater/mywater_station/hydr/H/1006110/2021-12-27_2022-01-25.json,raw,98149,ce08cf1e2f4e6d53e887a53d146bf7d1031472703f5af0bb79f18095fa1441a8
01_raw/KWater/mywater_station/hydr/H/1006110/2022-01-26_2022-02-24.json,raw,98505,a5e047688cd9fdf8a7174120f80ef9d9d26ab9299356e65805cef9fa97d14c99
01_raw/KWater/mywater_station/hydr/H/1006110/2022-02-25_2022-03-26.json,raw,101018,9794eea8ad8b009f8941935cf256513395434eaf6c0f822a7ae152fa296ce0f9
01_raw/KWater/mywater_station/hydr/H/1006110/2022-03-27_2022-04-25.json,raw,99786,8efdbe47285c12cd33e163c2f7f1732b91335a953706306edd9fc1abba8595b3
01_raw/KWater/mywater_station/hydr/H/1006110/2022-04-26_2022-05-25.json,raw,98672,d9a063c85b01ce5522156de45d1af53439ff78fdd74a68c557d0e402e4f0b152
01_raw/KWater/mywater_station/hydr/H/1006110/2022-05-26_2022-06-24.json,raw,107867,c9a089aab3cd37e5ea7c14f32d7feb92e48202698f5858dab74b7e0190045f93
01_raw/KWater/mywater_station/hydr/H/1006110/2022-06-25_2022-07-24.json,raw,100672,d97812b30cba3889b76ba06a6ac503c7fde9495380ed5eb9d7565d8acafbc63b
01_raw/KWater/mywater_station/hydr/H/1006110/2022-07-25_2022-08-23.json,raw,101423,22551d7c790de5258092669a133f23aa5b4aaaa25d4c7ea25ff0c53ad2835a6a
01_raw/KWater/mywater_station/hydr/H/1006110/2022-08-24_2022-09-22.json,raw,100193,440e1de0e9f7018563479a27889dd0489cc2654dbfd4ec550790cf15d10b840c
01_raw/KWater/mywater_station/hydr/H/1006110/2022-09-23_2022-10-22.json,raw,99543,507e6e1d48045a0de50cb15c0247a003463b2ca96b3ba7c6e60d82bd181e8ca2
01_raw/KWater/mywater_station/hydr/H/1006110/2022-10-23_2022-11-21.json,raw,99120,47058b7ad4a2469a57a4c03bc2009a9d80120a0d2975ab3e7db55b2be55b8708
01_raw/KWater/mywater_station/hydr/H/1006110/2022-11-22_2022-12-21.json,raw,99353,1b697da56c0b372f457b295268627dd4fce4a058e632499f5b894acc8323600b
01_raw/KWater/mywater_station/hydr/H/1006110/2022-12-22_2023-01-20.json,raw,99152,defb51134439dc21213c74dd07783d0999782c4456e18496f4d28e5986267cdc
01_raw/KWater/mywater_station/hydr/H/1006110/2023-01-21_2023-02-19.json,raw,103839,82b8802bb5172e5ffc37776f861dea2f87b721f24462b207a4905a2b318dcf6f
01_raw/KWater/mywater_station/hydr/H/1006110/2023-02-20_2023-03-21.json,raw,99035,de653eb6350a292a1c37406825e3530ca731f7ae84d158d20bd03e37c2ff5c90
01_raw/KWater/mywater_station/hydr/H/1006110/2023-03-22_2023-04-20.json,raw,106329,287f2a7bd4844946645ce20468f026f67ac41006a8974945bda3e6d6a0fa94a0
01_raw/KWater/mywater_station/hydr/H/1006110/2023-04-21_2023-05-20.json,raw,100947,316209b7568545d4ded15426228e4c6ddbc0f3cf22e78a699e268088e9345a7c
01_raw/KWater/mywater_station/hydr/H/1006110/2023-05-21_2023-06-19.json,raw,101210,2036f4d25956cd48edf17039542a455b9915423003a1aa963b0a1cc0c495493b
01_raw/KWater/mywater_station/hydr/H/1006110/2023-06-20_2023-07-19.json,raw,101579,81c0ce256a671ed132884a04f431b9e4d5c633b08eb698b48b56985436612ece
01_raw/KWater/mywater_station/hydr/H/1006110/2023-07-20_2023-08-18.json,raw,100000,83f91d73dbb4132938f0664566c322d199692ab5874da446458cd56008f17c6b
01_raw/KWater/mywater_station/hydr/H/1006110/2023-08-19_2023-09-17.json,raw,99972,50ebe2155d805d932d6fbd103ab587cc1882c1b930eb04886ac935b50d9d0617
01_raw/KWater/mywater_station/hydr/H/1006110/2023-09-18_2023-10-17.json,raw,99929,c27594d71aaa2cd669f60beb2c0ca5e40a21ad1bf2ad67d52afd5682a482ed05
01_raw/KWater/mywater_station/hydr/H/1006110/2023-10-18_2023-11-16.json,raw,99327,8490571c9d6957d4042a65b93a92c3eff6128be38796701a563d51513834c241
01_raw/KWater/mywater_station/hydr/H/1006110/2023-11-17_2023-12-16.json,raw,114148,78a5c4ca55867800913eb7801b96e2b3042fc2ae8e21faeb85043354c36486ce
01_raw/KWater/mywater_station/hydr/H/1006110/2023-12-17_2024-01-15.json,raw,105078,0e0e3677f196ccda4264bd4bddf8d58f6787eddd4f03da9236948487375e2909
01_raw/KWater/mywater_station/hydr/H/1006110/2024-01-16_2024-02-14.json,raw,99431,39a348e40a2a40a3f4ce3493cf9618f451d79b09839c32feab30345ad847f1dd
01_raw/KWater/mywater_station/hydr/H/1006110/2024-02-15_2024-03-15.json,raw,100298,d658f94be1f2092ba874679aa2ae7cd2974aafcef5e4f601bf01c99d54ab1e9a
01_raw/KWater/mywater_station/hydr/H/1006110/2024-03-16_2024-04-14.json,raw,99180,5dd8bd09955926131444969c5fbdba7a308654e93e19e83948076d47cce81b46
01_raw/KWater/mywater_station/hydr/H/1006110/2024-04-15_2024-05-14.json,raw,99606,b1051e346353286f2f70ed8414c9352883c14902c617bc9ad3d1c4685117b3f3
01_raw/KWater/mywater_station/hydr/H/1006110/2024-05-15_2024-06-13.json,raw,99603,9f3851d82c8d46650b0fd4e5b7aea96cf4d2333c16d9a08958eb9981d7d5770b
01_raw/KWater/mywater_station/hydr/H/1006110/2024-06-14_2024-07-13.json,raw,100646,2b504cf39dc770f877ce0ef47a801dbbf780431d59b0e27bb2e08c9c39f7a28d
01_raw/KWater/mywater_station/hydr/H/1006110/2024-07-14_2024-08-12.json,raw,101706,a85eeb5ff5a03089ab57ac0859e32967f3eba42bac852a94b316964978e3c540
01_raw/KWater/mywater_station/hydr/H/1006110/2024-08-13_2024-09-11.json,raw,99732,e7c3161c6623e6b355848c2e068b59353a3d6b21258d2a0f33ae56e1dcf581f4
01_raw/KWater/mywater_station/hydr/H/1006110/2024-09-12_2024-10-11.json,raw,101205,62406c84f3ea9252262d25d389b48addb4d1e85c0729aa6aa80dfa658d4cc7e1
01_raw/KWater/mywater_station/hydr/H/1006110/2024-10-12_2024-11-10.json,raw,99332,c702b6687c22eaaf338fd990cab9fc52bfa98612dc97189559c89a4f03f0da91
01_raw/KWater/mywater_station/hydr/H/1006110/2024-11-11_2024-12-10.json,raw,99725,ff5776d6db26d5630bc56f2168c631fdacb9736f2a58f7a0591e228492e0e52f
01_raw/KWater/mywater_station/hydr/H/1006110/2024-12-11_2025-01-09.json,raw,99422,ab7be8d60dc1b6a7dbcf4433b5db1b1b5ab705026b5bec8390d36a1e7464642a
01_raw/KWater/mywater_station/hydr/H/1006110/2025-01-10_2025-02-08.json,raw,99310,a1b288f7f54ce44f5cbea6af91fcd57fbe5381764dfb974737f10b9ae2b82200
01_raw/KWater/mywater_station/hydr/H/1006110/2025-02-09_2025-03-10.json,raw,99673,ddc965bb918a6ba45180d109592b2a4ad07c430a0d97527f3caa56167c44e25e
01_raw/KWater/mywater_station/hydr/H/1006110/2025-03-11_2025-04-09.json,raw,99790,7b1bd5e7e48a8efc50c2db687b739853599a0a0ac67e1738e9ea2398dec56572
01_raw/KWater/mywater_station/hydr/H/1006110/2025-04-10_2025-05-09.json,raw,99604,ed5bf1baad63b998598e4862341b6ccbd90ffdfbbb995fccd2d606835b89f995
01_raw/KWater/mywater_station/hydr/H/1006110/2025-05-10_2025-06-08.json,raw,98933,d5b118cb7f1a45521f7c0c681f807d4fcd48c8c3cde610fb9ae69c448272ba79
01_raw/KWater/mywater_station/hydr/H/1006110/2025-06-09_2025-07-08.json,raw,99681,e7f3e069f0f72beedb9c53bad418bdbf669b87ea3a07d47437c4361f809691e8
01_raw/KWater/mywater_station/hydr/H/1006110/2025-07-09_2025-08-07.json,raw,100097,7d11a7888bcdc3f3f158a24bcd15ffbbb9715ed09732bd45f291027d517b4917
01_raw/KWater/mywater_station/hydr/H/1006110/2025-08-08_2025-09-06.json,raw,99782,7ccbfd2e272d9464b4787ef24c8af353d145bb9e9736e161a585c3b742e59d2c
01_raw/KWater/mywater_station/hydr/H/1006110/2025-09-07_2025-10-06.json,raw,101066,b2b1d3e5e9ac5cbef71efde6e54bfa4ccca22cd793849a80e527d8282b863256
01_raw/KWater/mywater_station/hydr/H/1006110/2025-10-07_2025-11-05.json,raw,100366,5c769a5b1010a3236a98e200c945ba2611460db9882d31db47b02671ccf1d8a9
01_raw/KWater/mywater_station/hydr/H/1006110/2025-11-06_2025-12-05.json,raw,99477,57d956c97fae924d99a4ce52b8ae40362997e26efc1d8bc3784bbb5acc0ebb4e
01_raw/KWater/mywater_station/hydr/H/1006110/2025-12-06_2026-01-04.json,raw,99144,1bd319e9be122d0dede45301be63df91e0e0e6079d24c6e509e1804aea9ff5c6
01_raw/KWater/mywater_station/hydr/H/1006110/2026-01-05_2026-02-03.json,raw,99002,5a5cf780a8f7f6d72f2bbf20d1f45f3699087b19cb2868b44bbce0ea7035e9cd
01_raw/KWater/mywater_station/hydr/H/1006110/2026-02-04_2026-03-05.json,raw,99149,238da8ecfa2887ef229ee7228f95122b08ded41fd10afebb52a8203c5a0545c1
01_raw/KWater/mywater_station/hydr/H/1006110/2026-03-06_2026-04-04.json,raw,99067,9e9bae932e33e237ba4ab7baa4c347841051d48b72d63369ce5eeb1f327da13d
01_raw/KWater/mywater_station/hydr/H/1006110/2026-04-05_2026-05-04.json,raw,99239,3ac070077333ec9209df83429d388710945d4eb556dba05f37f35443493c5df1
01_raw/KWater/mywater_station/hydr/H/1006110/2026-05-05_2026-06-03.json,raw,99341,cc4cc67eab099599a3fdcba9e3c31ba46047794cd8a74cfc9b66e9d005ad9a1e
01_raw/KWater/mywater_station/hydr/H/1006110/2026-06-04_2026-07-03.json,raw,99134,d007a75a18c40d4d6bf62c1064c977f647da3f5a7bb259632476a03f06545d19
01_raw/KWater/mywater_station/hydr/H/1006110/2026-07-04_2026-08-02.json,raw,100739,d99237e25f1a6aaee5f097d48ea251cae999fac63f18789075092d5c84d75466
01_raw/KWater/mywater_station/hydr/H/1006110/2026-08-03_2026-09-01.json,raw,99402,45a85c4913b0c53c7e78bc669bea36033e5bc13190a9152f83f469a95c912977
01_raw/KWater/mywater_station/hydr/H/1006110/2026-09-02_2026-09-28.json,raw,89202,748ab2c2e882e74116b312a4e4627dd8ff864bcead9287e4bcea19cbe5818d7b
01_raw/KWater/mywater_station/hydr/H/1007601/2021-01-01_2021-01-30.json,raw,99981,957029f2930129b61fcb9dfe44cd48823ba7a661b730a7602c29972724f5243a
01_raw/KWater/mywater_station/hydr/H/1007601/2021-01-31_2021-03-01.json,raw,99784,97b2d29f3edff5926aedc185b58d09ba30a14aa9a2437ba3211f3d1c4e82aec5
01_raw/KWater/mywater_station/hydr/H/1007601/2021-03-02_2021-03-31.json,raw,100568,823977cd8ceb88203ff30504ff40e9b70757a2154431c28f2bf7a555f9c0be34
01_raw/KWater/mywater_station/hydr/H/1007601/2021-04-01_2021-04-30.json,raw,100954,0d3aeb6bed79dfad3eff5f59dcee2cb35d8f99ebfa3327ed3b5c8489ca0c6027
01_raw/KWater/mywater_station/hydr/H/1007601/2021-05-01_2021-05-30.json,raw,103562,7e09de0c73aa266bd6cb51a687474a438dd96939170e50af277a1b65d3370d6d
01_raw/KWater/mywater_station/hydr/H/1007601/2021-05-31_2021-06-29.json,raw,102756,50f682f3fdd4af95b1d4621920c909ba6c679df7b36d56eab0c4525d533c1717
01_raw/KWater/mywater_station/hydr/H/1007601/2021-06-30_2021-07-29.json,raw,103264,6d4caddcb76b90242ca545f7c07044f3c4f2ee1ffd493eeeecc57480aeffb1a1
01_raw/KWater/mywater_station/hydr/H/1007601/2021-07-30_2021-08-28.json,raw,103006,3e19b68a7bdf64f043ee3afe2ca8009404b50db98a08f3cd37117a82ba794116
01_raw/KWater/mywater_station/hydr/H/1007601/2021-08-29_2021-09-27.json,raw,102681,506280589e2484f5823b82c1bf8be596392d9b3ccdbbf6b8981962249fc1b284
01_raw/KWater/mywater_station/hydr/H/1007601/2021-09-28_2021-10-27.json,raw,104520,64c0f527d3f8c64ebdf1512974319405e657e8689c029d6deb5b34d3853016ad
01_raw/KWater/mywater_station/hydr/H/1007601/2021-10-28_2021-11-26.json,raw,100833,0145a177fd5be162640ba5d4cc17cf47eb857ce84e078675a448355e3ceb4c7e
01_raw/KWater/mywater_station/hydr/H/1007601/2021-11-27_2021-12-26.json,raw,115937,89c6d5df602ae43e67a2d015ba315a2653c224b9bb7e13aea4b4c1b4e1fb5a0a
01_raw/KWater/mywater_station/hydr/H/1007601/2021-12-27_2022-01-25.json,raw,104679,6586819b9e1347401039cfcffb1bf3807bae2deaf339fc190bbf1900ca9076f6
01_raw/KWater/mywater_station/hydr/H/1007601/2022-01-26_2022-02-24.json,raw,100679,e03f38bb0cb4b7e088f96f8a6e828c7dc54782b1c2a37041d9e337e4d5b8a8c4
01_raw/KWater/mywater_station/hydr/H/1007601/2022-02-25_2022-03-26.json,raw,100346,12c4583c60efca4a582c18c6a0bdf46b85e521acfb47aedcbd045ea326c6dbfd
01_raw/KWater/mywater_station/hydr/H/1007601/2022-03-27_2022-04-25.json,raw,101159,cd847d427ca669ed0472d5749c7041dbd5d247c598c7a1c0dd33fb5a4cdf3a1c
01_raw/KWater/mywater_station/hydr/H/1007601/2022-04-26_2022-05-25.json,raw,100736,c8922d2b1e1a8fa5282d89cbc73771ff55b34408a14b12c59e6c118b8bfb5d09
01_raw/KWater/mywater_station/hydr/H/1007601/2022-05-26_2022-06-24.json,raw,101220,94b7eb3927d1af67beb0115df95fa073b852202432da7bfe2d8caec463583616
01_raw/KWater/mywater_station/hydr/H/1007601/2022-06-25_2022-07-24.json,raw,104209,064a095ac2d01d2a076b5cbbe778fdb9da3a8c27ce9d9c08d555fb222df376f6
01_raw/KWater/mywater_station/hydr/H/1007601/2022-07-25_2022-08-23.json,raw,105881,7653bc2ee0d8d41a332ca14741c60b41be14fbcdbbe3f72be130551522d94a2c
01_raw/KWater/mywater_station/hydr/H/1007601/2022-08-24_2022-09-22.json,raw,107670,44b7962189e6403c222ffe066688940fa33d52dae597788dcd6cee31748b4cf8
01_raw/KWater/mywater_station/hydr/H/1007601/2022-09-23_2022-10-22.json,raw,104840,3332a53c2ca67cbd9b98d4c51c1f0a348b79c2b38d1e27cee3c594f6be283087
01_raw/KWater/mywater_station/hydr/H/1007601/2022-10-23_2022-11-21.json,raw,101307,d05c3bc41dc3729b5bbfcf0a317953d7b57521f30e12f42e44cc3cf6c19bc1fb
01_raw/KWater/mywater_station/hydr/H/1007601/2022-11-22_2022-12-21.json,raw,102101,351ae0102786c2b94d1b76f4a975914704cb1bbefd8262308ab1d9147b26664b
01_raw/KWater/mywater_station/hydr/H/1007601/2022-12-22_2023-01-20.json,raw,102034,32588ff30b8d5d242da287047a71b4e3c34a3e2c3236b2e4b700116d294d54db
01_raw/KWater/mywater_station/hydr/H/1007601/2023-01-21_2023-02-19.json,raw,101123,4f74c83f88748db7d7eaa5dfdd91d57c981c6f0526a788de3603543024c38663
01_raw/KWater/mywater_station/hydr/H/1007601/2023-02-20_2023-03-21.json,raw,101393,1ed17ed7d6a83b8cbbb5a9bf41e1586241b48fc6f30feb16608c8eafec2b5dd6
01_raw/KWater/mywater_station/hydr/H/1007601/2023-03-22_2023-04-20.json,raw,102706,f0dc3b3596e43babca0872a5f596b6784912b26f9e8dda7da3c6f976a784a3df
01_raw/KWater/mywater_station/hydr/H/1007601/2023-04-21_2023-05-20.json,raw,103241,832dc86b71a4f53ac920ffc227194b64d93be2719e7fda22af5c694ccb26bf56
01_raw/KWater/mywater_station/hydr/H/1007601/2023-05-21_2023-06-19.json,raw,103411,13ad5aaadfc67fcd0ec6e79066e0f520e635c32118b6921243bbedd2bfda92e0
01_raw/KWater/mywater_station/hydr/H/1007601/2023-06-20_2023-07-19.json,raw,106416,600b4c9579229bf072d548aa4f486c9ea943aa7e8606c06acdeb8c31f1eafa82
01_raw/KWater/mywater_station/hydr/H/1007601/2023-07-20_2023-08-18.json,raw,103872,950be64186e3605e1e5412da1002c5ccbf51622ecc49ccad2608fad57ba9a0ae
01_raw/KWater/mywater_station/hydr/H/1007601/2023-08-19_2023-09-17.json,raw,104030,5865988a82e8d17525ffb3c7852c8cbc33cfa99a45a9099971fa9db3b3ce6467
01_raw/KWater/mywater_station/hydr/H/1007601/2023-09-18_2023-10-17.json,raw,103771,9d9f236e0e610712dcdb7ffc601ca15f41fefc2eaaa77ab3bbd16186cc6207ac
01_raw/KWater/mywater_station/hydr/H/1007601/2023-10-18_2023-11-16.json,raw,102975,66e79b5e2b0494a88d9adacd12b935b84ca0697eb848e21eac247a6856c7223d
01_raw/KWater/mywater_station/hydr/H/1007601/2023-11-17_2023-12-16.json,raw,101830,a0a2c17e11870d35c6caeee05345db1497d2c1cc1574457fce04578ad2feddb0
01_raw/KWater/mywater_station/hydr/H/1007601/2023-12-17_2024-01-15.json,raw,102979,234b3f4b2afc29c988a5e8cd3f1c64d26c730e3c2dfbf65d21e2bb521cdeed84
01_raw/KWater/mywater_station/hydr/H/1007601/2024-01-16_2024-02-14.json,raw,102929,0801336ed6d5779917c1dea7a786776b4ec4b19248ff9ec1f9b6e181aeb7b038
01_raw/KWater/mywater_station/hydr/H/1007601/2024-02-15_2024-03-15.json,raw,103396,74077ae32c36f5318cbff1ab567a206a4f9db89221d5cae43fbce9ff8879f1f4
01_raw/KWater/mywater_station/hydr/H/1007601/2024-03-16_2024-04-14.json,raw,102594,24d4d208f4e3330d555bf379844d58f1d33aeb688e54859b3664a66e46298e11
01_raw/KWater/mywater_station/hydr/H/1007601/2024-04-15_2024-05-14.json,raw,103184,2f027a877a3c18ab09cf21db369b59947a08f18839ed650ff84b51874cf07cef
01_raw/KWater/mywater_station/hydr/H/1007601/2024-05-15_2024-06-13.json,raw,103004,f3482f0520cff342bb665c6a1249f11ba2963326603e542f2ff922f000e612d1
01_raw/KWater/mywater_station/hydr/H/1007601/2024-06-14_2024-07-13.json,raw,104348,edde4a8f51bc22cbdeb20693896d152c3c89b602ec53079614920a3e31571c1f
01_raw/KWater/mywater_station/hydr/H/1007601/2024-07-14_2024-08-12.json,raw,105085,d51f0b89f0a49d39f8c6d647b69db849924964a9a5ffd6da1847fec631b4ea43
01_raw/KWater/mywater_station/hydr/H/1007601/2024-08-13_2024-09-11.json,raw,103034,29b3949de52aa7cd58a1913524572ae75a2e65d3e5b1e5e441f622a0c812dfa1
01_raw/KWater/mywater_station/hydr/H/1007601/2024-09-12_2024-10-11.json,raw,103761,877904fc74877cd967e23b18a3495443a79f6f70915e1353e122f798e89d5647
01_raw/KWater/mywater_station/hydr/H/1007601/2024-10-12_2024-11-10.json,raw,103259,9579d2defe6756bfb6b32dcb0a1e7878796997d4c5f15e5db1cf73ee428f03c6
01_raw/KWater/mywater_station/hydr/H/1007601/2024-11-11_2024-12-10.json,raw,103363,c55b933007a25356a888963f5e4b03a0d75fa78243db333792420c6f37b562f6
01_raw/KWater/mywater_station/hydr/H/1007601/2024-12-11_2025-01-09.json,raw,101917,cb628e906502d4376c61932ca543d983e6c889463dd85d85457c8575966b640f
01_raw/KWater/mywater_station/hydr/H/1007601/2025-01-10_2025-02-08.json,raw,100997,9c4d367e495ec2a4f50ea5363586640d88221eeccc4ba34f6239f1a04ed09f6e
01_raw/KWater/mywater_station/hydr/H/1007601/2025-02-09_2025-03-10.json,raw,102012,f3b5e45c286b8e568402796d6e7cc6e90bf6549ac8ce126dfc137d9d38de04ee
01_raw/KWater/mywater_station/hydr/H/1007601/2025-03-11_2025-04-09.json,raw,104462,55a2cf2793109bfaecc4733c537fb1ebc476ce3c4087ade46df4b703f4fca983
01_raw/KWater/mywater_station/hydr/H/1007601/2025-04-10_2025-05-09.json,raw,103090,7ba2162156c0893595d1107c1736d2a1c419b763a2f5d84b6f91ee177b199afe
01_raw/KWater/mywater_station/hydr/H/1007601/2025-05-10_2025-06-08.json,raw,103204,72eeab37e17a8a24ef0033e7049f785635acf9a871d2ffa35a7fc1244abbf568
01_raw/KWater/mywater_station/hydr/H/1007601/2025-06-09_2025-07-08.json,raw,103544,02fffa360ac4f62bf6a48c794a69ba7dd0e92a42c2a4d5597dda41092114291b
01_raw/KWater/mywater_station/hydr/H/1007601/2025-07-09_2025-08-07.json,raw,103769,1ddea7732cae4a178478803c4d0722469c6111ae87f06384f2a108c0b2d42b81
01_raw/KWater/mywater_station/hydr/H/1007601/2025-08-08_2025-09-06.json,raw,103332,eb0e6229edc245886f263ad294c7e8e384a8dec4a6ddac36ca5d8c87f8e724f0
01_raw/KWater/mywater_station/hydr/H/1007601/2025-09-07_2025-10-06.json,raw,104159,d287b45d43809c76b5993acbc72010ea5cb8847a9df1dafff9b242741241c571
01_raw/KWater/mywater_station/hydr/H/1007601/2025-10-07_2025-11-05.json,raw,104147,3a8887d85f102591db700f3931e709ff6fb22f778595e9e129fdf4f9328b69ce
01_raw/KWater/mywater_station/hydr/H/1007601/2025-11-06_2025-12-05.json,raw,101214,238875f7c623adc8a3448bf1a926c4fccd2951327d42c9ef00e795cc855dea6f
01_raw/KWater/mywater_station/hydr/H/1007601/2025-12-06_2026-01-04.json,raw,101346,939b73debe7ee1316267873081e10634fad0b987e24a2da49d238ff6fec50d82
01_raw/KWater/mywater_station/hydr/H/1007601/2026-01-05_2026-02-03.json,raw,101346,b59daa6f401bcf1f5132153cf93d755a42bb39551d89459a385b25f72e726571
01_raw/KWater/mywater_station/hydr/H/1007601/2026-02-04_2026-03-05.json,raw,101327,0d2eebf28415b13b43115daabe1e2049775cd59a34c0dd2c155444be4635b0ae
01_raw/KWater/mywater_station/hydr/H/1007601/2026-03-06_2026-04-04.json,raw,102890,443f75fddf31c37be035fa82ffa576b46ddd4bc5ea4fb121bb068497dda4a4a1
01_raw/KWater/mywater_station/hydr/H/1007601/2026-04-05_2026-05-04.json,raw,102674,90e1753707b260802c078eb632c803d957947a37f22aff149d6e7ca5fc9a5e85
01_raw/KWater/mywater_station/hydr/H/1007601/2026-05-05_2026-06-03.json,raw,102678,297979db9cfb4996e7d0429fec861920f27bb5b88dce0a8764940580714f3613
01_raw/KWater/mywater_station/hydr/H/1007601/2026-06-04_2026-07-03.json,raw,103146,cf849646cca7ce300884f28ff87ce501bf8594a5f7b773d4749c639882ef9700
01_raw/KWater/mywater_station/hydr/H/1007601/2026-07-04_2026-08-02.json,raw,104329,c462171e5c598ffbedb68ceacd4a6b7beba9e3f41720a1c21d60225298ba0b26
01_raw/KWater/mywater_station/hydr/H/1007601/2026-08-03_2026-09-01.json,raw,103772,e9427255b5aa4cc1646befdc994fd783fa2ae8b940e395fa38c48cef3bee57dc
01_raw/KWater/mywater_station/hydr/H/1007601/2026-09-02_2026-09-28.json,raw,92391,0110fcb6abfc338daa803bf0b2bf8774327e5909b7a6fb1898d31535c2a8a799
01_raw/KWater/mywater_station/hydr/H/1007602/2021-01-01_2021-01-30.json,raw,101563,ec89d0743ab91d153140f096c4388f49b35d3dbdba6b074cf920eea250426d38
01_raw/KWater/mywater_station/hydr/H/1007602/2021-01-31_2021-03-01.json,raw,100794,731adc89135543681c5fb1747c14ad305725b707439234a2b5b949058efaca3c
01_raw/KWater/mywater_station/hydr/H/1007602/2021-03-02_2021-03-31.json,raw,101518,ea9ab3d2f57dc9312b216cd68c5561daefd5c0c704468e47888194774ecca5b1
01_raw/KWater/mywater_station/hydr/H/1007602/2021-04-01_2021-04-30.json,raw,102017,00f34128f1c7fbc49349e9f8faa3037c6fb4f190ecca4227731673672687aa86
01_raw/KWater/mywater_station/hydr/H/1007602/2021-05-01_2021-05-30.json,raw,104475,91580d542fc80d606ee1a9c7e65efca372b6834c73bff7998b8f965e8f0786a1
01_raw/KWater/mywater_station/hydr/H/1007602/2021-05-31_2021-06-29.json,raw,103603,b1f8442c46f9abf5859346adf9f6a2dfd9e6350f96c286870109ea4543b7d1ea
01_raw/KWater/mywater_station/hydr/H/1007602/2021-06-30_2021-07-29.json,raw,103903,fe9e99eadc49797962e0ec104060119bc1cc085672e47e823fe9eb5bcfd5659c
01_raw/KWater/mywater_station/hydr/H/1007602/2021-07-30_2021-08-28.json,raw,103088,97487646a76edb3cd3c76de2c55cca5ba5173e5dcb4ab8fcdf76dd97dfe6a00b
01_raw/KWater/mywater_station/hydr/H/1007602/2021-08-29_2021-09-27.json,raw,103172,8a732ef6b75d8290aa78df88eba7f7d127744f08f29528c59b1f6ff5876e4b79
01_raw/KWater/mywater_station/hydr/H/1007602/2021-09-28_2021-10-27.json,raw,102832,76050724fdf419b12529f0ee04428286c79ef3314d0241dbd0f1f2a5f37e58b4
01_raw/KWater/mywater_station/hydr/H/1007602/2021-10-28_2021-11-26.json,raw,102099,0db7a978937ef5560b5851b0b245636cef13ebfff7bf70b2002e2439d2f12e79
01_raw/KWater/mywater_station/hydr/H/1007602/2021-11-27_2021-12-26.json,raw,102091,63316e6fb2d1fa98ad43892ea7fe7e6da6da2f4584316130cbcca81f17266321
01_raw/KWater/mywater_station/hydr/H/1007602/2021-12-27_2022-01-25.json,raw,101248,f9187f0593b6252306109cde6c3f4c205e1eaa240f186c193f4086d1b0c29311
01_raw/KWater/mywater_station/hydr/H/1007602/2022-01-26_2022-02-24.json,raw,101864,02267909768247b251078fc7544c5cf4701a15b72c0304b815affd525831f8e8
01_raw/KWater/mywater_station/hydr/H/1007602/2022-02-25_2022-03-26.json,raw,101537,bc0f07207575cae33ee95ccc688c8489d9e68fcb5e12877a7c9e939eae03a755
01_raw/KWater/mywater_station/hydr/H/1007602/2022-03-27_2022-04-25.json,raw,102297,8d34d49211f65632ffbde1beb5ae39b9cae5169d4e9d8ea6e1fc082d0843503a
01_raw/KWater/mywater_station/hydr/H/1007602/2022-04-26_2022-05-25.json,raw,101936,17768cd752e358ffdefb6c7ff95dd33171f3f6b67702802e46762bd0809a79fb
01_raw/KWater/mywater_station/hydr/H/1007602/2022-05-26_2022-06-24.json,raw,102280,3dfe5b497f69f3c9f5f0d4cca10ae95d9dc81ce594613e7c8f8cc90ccd4c8c51
01_raw/KWater/mywater_station/hydr/H/1007602/2022-06-25_2022-07-24.json,raw,104380,e648edf119f594efb0040f5b4df9a67ed6ba639d93afb1f39c9119357bdb19f3
01_raw/KWater/mywater_station/hydr/H/1007602/2022-07-25_2022-08-23.json,raw,105716,e1723ced4144a44434a7d90d8be02d0eef6090bcf8822ab2cc8ee8ac221e44c1
01_raw/KWater/mywater_station/hydr/H/1007602/2022-08-24_2022-09-22.json,raw,104230,af1d763ad81a58545e0786ab34940a46793ad5263d3b765af8f7662de04ba897
01_raw/KWater/mywater_station/hydr/H/1007602/2022-09-23_2022-10-22.json,raw,102825,e02f864ed60a69b9e0ae7dec2d35ef3cb04712f25cf505e27f910b8efc123833
01_raw/KWater/mywater_station/hydr/H/1007602/2022-10-23_2022-11-21.json,raw,101953,a55d79dc5b735c2dee5670545a8f5abe4257769d1312cd2aef17d2b8808c7e87
01_raw/KWater/mywater_station/hydr/H/1007602/2022-11-22_2022-12-21.json,raw,102424,67a26ae4dab9f87b4058e1a81b35ea47ce1cf1da5fb61aab7975fe3d86a38619
01_raw/KWater/mywater_station/hydr/H/1007602/2022-12-22_2023-01-20.json,raw,102257,2ae7a6cd41a6a96c225b13772a907004d8023174fe22c9c9f2edfc7ef36d81b6
01_raw/KWater/mywater_station/hydr/H/1007602/2023-01-21_2023-02-19.json,raw,101459,593fa994076bea70182b174594988df9fbe90b744f44f60d9ecedf11373f64fd
01_raw/KWater/mywater_station/hydr/H/1007602/2023-02-20_2023-03-21.json,raw,103345,7d612a70e61edf70f3a0de907df85a3019baf000d82fd6b4d7dc4cefe498128c
01_raw/KWater/mywater_station/hydr/H/1007602/2023-03-22_2023-04-20.json,raw,102963,ccb8fc10ece7c454d86e3196dbb01ba523591f97dee88172bfb03e7f9a119ad6
01_raw/KWater/mywater_station/hydr/H/1007602/2023-04-21_2023-05-20.json,raw,103448,5c9b5cc27e7a70b72ea0fadc1fcd22bd42561fb30fce6b3df35188b5e002dd0c
01_raw/KWater/mywater_station/hydr/H/1007602/2023-05-21_2023-06-19.json,raw,103613,10903a8d84a3e8aa9e7a84f7582e305dac020af449584a741d1c9dea22439c24
01_raw/KWater/mywater_station/hydr/H/1007602/2023-06-20_2023-07-19.json,raw,106072,669bfe14592603116f4cf0edec9e58d1031d5e2916b2859da7ce4a25d6595d15
01_raw/KWater/mywater_station/hydr/H/1007602/2023-07-20_2023-08-18.json,raw,104350,ed0936683e23850740779bf7ed2b874549e9ede542bd9108bc31ffe3dd71cf11
01_raw/KWater/mywater_station/hydr/H/1007602/2023-08-19_2023-09-17.json,raw,104432,ff4268f57f393144323b362cc0476df510d21fd907ddcaaac19b7deaee73716f
01_raw/KWater/mywater_station/hydr/H/1007602/2023-09-18_2023-10-17.json,raw,104014,0e30cd3edb928dce1b9de397f83a69389671c857dc3664f59879e72ef54cc4fc
01_raw/KWater/mywater_station/hydr/H/1007602/2023-10-18_2023-11-16.json,raw,103710,21c58906d7cde5ee0baaf4d7ed0555304146f37eed178dc6b6551d6d5a8347c9
01_raw/KWater/mywater_station/hydr/H/1007602/2023-11-17_2023-12-16.json,raw,102364,2d267837cd697797468e42e54cf835ac91f2b58a196fe5ee37c6c7e5f5e5968a
01_raw/KWater/mywater_station/hydr/H/1007602/2023-12-17_2024-01-15.json,raw,103739,7f7221b87ed131de1619a4f5458d4c7836d0e1be9a7fffad3f471888054fb7ca
01_raw/KWater/mywater_station/hydr/H/1007602/2024-01-16_2024-02-14.json,raw,103904,80adfd36abab2791b4621db60a4a17c4d2fa02e43d9bce0a9782c3c13a9380e3
01_raw/KWater/mywater_station/hydr/H/1007602/2024-02-15_2024-03-15.json,raw,104165,ab210c64346fe67fb021ecb3ae7048a8c67bb7aec70d0d1bd90eb58f7feadc27
01_raw/KWater/mywater_station/hydr/H/1007602/2024-03-16_2024-04-14.json,raw,103404,0ddc597ca040adf36cf62fe384a995cbba747afac6e80e815ccd9ed3b8b4045e
01_raw/KWater/mywater_station/hydr/H/1007602/2024-04-15_2024-05-14.json,raw,103913,3945f9ebc6bc933194aa6b41ccb4f64e2be653807918a23f519d27bec300f2b0
01_raw/KWater/mywater_station/hydr/H/1007602/2024-05-15_2024-06-13.json,raw,103337,f24fcd1f3a38fae33b3c10e32be60e4b43f12593ce7e405ff33a8e48ace80f9b
01_raw/KWater/mywater_station/hydr/H/1007602/2024-06-14_2024-07-13.json,raw,104599,4557b2bb3743dda870a4dcab6672e1f9827c8cc7625dd872b00e79bc06f5c0c5
01_raw/KWater/mywater_station/hydr/H/1007602/2024-07-14_2024-08-12.json,raw,105058,d90fa541c39d617fffd8ecea8f072249c287dd7a8e2ae860e6401de9bde6f100
01_raw/KWater/mywater_station/hydr/H/1007602/2024-08-13_2024-09-11.json,raw,103914,71f574e88cea680a1deda148c8b70deef2d2e48725964a4f423972a1e86b7c5e
01_raw/KWater/mywater_station/hydr/H/1007602/2024-09-12_2024-10-11.json,raw,104007,7999a5d9b2bd2d78d981dbea106602e8cd330ca1cf9717ff7940e9bd5edb5979
01_raw/KWater/mywater_station/hydr/H/1007602/2024-10-12_2024-11-10.json,raw,103495,5d18eb273c8b606a63e615ed7fcbc004d8af6b2aadb32def28eeed38c8ffc7c7
01_raw/KWater/mywater_station/hydr/H/1007602/2024-11-11_2024-12-10.json,raw,103875,e8a8be19cc26ffc4202c788e134d5b6f889c2a5080ba91f7fab69c3f22682352
01_raw/KWater/mywater_station/hydr/H/1007602/2024-12-11_2025-01-09.json,raw,102467,fafc8f202737c5a38d44d5eaf5beb84e66f12e0e040b79396244bd743602d384
01_raw/KWater/mywater_station/hydr/H/1007602/2025-01-10_2025-02-08.json,raw,102771,f3b2d8122413cc80b059f0126bb899e2a9df3f810b3facab25480c45d28a9b22
01_raw/KWater/mywater_station/hydr/H/1007602/2025-02-09_2025-03-10.json,raw,102895,6f215faf3cc3b8333b6da97819c22c9ea1a8afb41e9a12225853b716f3c82ad6
01_raw/KWater/mywater_station/hydr/H/1007602/2025-03-11_2025-04-09.json,raw,103472,222ea5e3c5314ad8d9efe00c1cd1fdbc7f5758582d093d464b06726bc38eb3cf
01_raw/KWater/mywater_station/hydr/H/1007602/2025-04-10_2025-05-09.json,raw,103729,be023d521bce7a2d13dd2a7dd952a288f88148c499200a037c9a741c92e4416e
01_raw/KWater/mywater_station/hydr/H/1007602/2025-05-10_2025-06-08.json,raw,103582,a7b08aa7cb65beb3e30264511ca37382427d23496f68056e6aee15a0fc4ba97b
01_raw/KWater/mywater_station/hydr/H/1007602/2025-06-09_2025-07-08.json,raw,104000,c20588a0a05966c70f9649b81fb0917cff10a106ceb8542a75b088afc18f37e8
01_raw/KWater/mywater_station/hydr/H/1007602/2025-07-09_2025-08-07.json,raw,104109,5a8685709548479461ea53d6a89d56bbb95bb7081bff3e4498c4ab60380623cc
01_raw/KWater/mywater_station/hydr/H/1007602/2025-08-08_2025-09-06.json,raw,103698,387c374466dac2772f56306168c2c558ce83ef82e772559e35d614e12ac85396
01_raw/KWater/mywater_station/hydr/H/1007602/2025-09-07_2025-10-06.json,raw,104358,0951cea3dd5132b606f50929b7ca1fa8a74a9c8031dbbdb08a587de20b4b06f7
01_raw/KWater/mywater_station/hydr/H/1007602/2025-10-07_2025-11-05.json,raw,104412,3e46911849d3950fcdec6b028193efda8494a13fdfcaaeea10104cf3d2a22649
01_raw/KWater/mywater_station/hydr/H/1007602/2025-11-06_2025-12-05.json,raw,101702,bba08aeb002c0f08da39ba2b288699ba7107f031f7498632a3f5f1cd03da0eae
01_raw/KWater/mywater_station/hydr/H/1007602/2025-12-06_2026-01-04.json,raw,101910,409d54683682ce15b365b585437678ce75a077ebd0ca38d8a7a1bfdeb7aeea80
01_raw/KWater/mywater_station/hydr/H/1007602/2026-01-05_2026-02-03.json,raw,101666,803926b6a03385b199ef4f59436d1de36a28a122f258789c2559be3bbab6e66c
01_raw/KWater/mywater_station/hydr/H/1007602/2026-02-04_2026-03-05.json,raw,101443,24c27e474a0cd296b1e4872ba90176513a9f3a3a0fbc656e1cac8635e1499033
01_raw/KWater/mywater_station/hydr/H/1007602/2026-03-06_2026-04-04.json,raw,103246,43208a4af62b99c3701443f992aca396253725a53e0a3f12e5f5f03afbfb27cc
01_raw/KWater/mywater_station/hydr/H/1007602/2026-04-05_2026-05-04.json,raw,103336,869028e6b77216c098e18e3c0752325348241548ea7f4db917f5064d8585b0dc
01_raw/KWater/mywater_station/hydr/H/1007602/2026-05-05_2026-06-03.json,raw,102894,13764c6aad8241782e8a00c374b3bed551063a1e7cecaea442191bb8ddf2f015
01_raw/KWater/mywater_station/hydr/H/1007602/2026-06-04_2026-07-03.json,raw,103168,d98458615e73e9fec47841b1fd5643b895be783d3b2cc6bd734cab69f85e94b0
01_raw/KWater/mywater_station/hydr/H/1007602/2026-07-04_2026-08-02.json,raw,104570,076065309a10b56d8ff7ac488964ab30c091ec9935dfcf097e242f7481998bcc
01_raw/KWater/mywater_station/hydr/H/1007602/2026-08-03_2026-09-01.json,raw,104222,352eb6e431119051dad21255cbae85dbde69b7f9fc9ac9dc0ffeecbd668b38db
01_raw/KWater/mywater_station/hydr/H/1007602/2026-09-02_2026-09-28.json,raw,92908,72773331e439b5d66ccdaec57e2d4d39b3815e53c5b0b04ef4410e76f8d5dce5
01_raw/KWater/mywater_station/hydr/H/1007603/2021-01-01_2021-01-30.json,raw,102725,c5b67455af78dc463880e2edafadcbdf72870a531e95456e6a83285bf12139f8
01_raw/KWater/mywater_station/hydr/H/1007603/2021-01-31_2021-03-01.json,raw,101442,67dce28273dd7ba63c38d0525d6453d48049ef2e8c75d9d1d06d804b3ff1bcd0
01_raw/KWater/mywater_station/hydr/H/1007603/2021-03-02_2021-03-31.json,raw,102460,6d50f773bafc23568ce004f9f66817bc6c3782ae35c486f5a1372a41a9aca437
01_raw/KWater/mywater_station/hydr/H/1007603/2021-04-01_2021-04-30.json,raw,102310,037e65013bf80ccb15b43be360a9668e7611b0147569c8f6182cf924f925c99c
01_raw/KWater/mywater_station/hydr/H/1007603/2021-05-01_2021-05-30.json,raw,104523,b61803b3615e8002e3e5c29ca0cd3f0fec1e230dce3ec852ba694d7dc795fc31
01_raw/KWater/mywater_station/hydr/H/1007603/2021-05-31_2021-06-29.json,raw,103398,8deea907b890af4479d2e938619ed1b45e77cea02da44d16064d211cbc0c0017
01_raw/KWater/mywater_station/hydr/H/1007603/2021-06-30_2021-07-29.json,raw,103667,e3e7b7e3d09cc089089c8d93b81d689f71239f57e7df3bbc9d09fe2111c9bd6e
01_raw/KWater/mywater_station/hydr/H/1007603/2021-07-30_2021-08-28.json,raw,103814,f8bec115d002fa529d7bf05e302a80c0e64b0313d84e905d5122c4d85cac38c8
01_raw/KWater/mywater_station/hydr/H/1007603/2021-08-29_2021-09-27.json,raw,103118,62b1152443ff973bf2cc85659502d321cd056c577925d7453d519dcc08a4ed8f
01_raw/KWater/mywater_station/hydr/H/1007603/2021-09-28_2021-10-27.json,raw,102881,01124cea8d44be77ee023de794e9dd79bdb15f77e8e6630571289fcf1bb3978f
01_raw/KWater/mywater_station/hydr/H/1007603/2021-10-28_2021-11-26.json,raw,102435,6997c60f44b4d459c29210d9d18b72ef384c26add6fefc6071779d8085b5b0e8
01_raw/KWater/mywater_station/hydr/H/1007603/2021-11-27_2021-12-26.json,raw,102587,5b3116df704a0bf1a0221f1ecb2167282bec3057bebb0f50842986c9588bfd36
01_raw/KWater/mywater_station/hydr/H/1007603/2021-12-27_2022-01-25.json,raw,102530,673961d35be21270b2058a8b6cf3a04fa5f53ad12ad8042fa90c2b2f8319b72e
01_raw/KWater/mywater_station/hydr/H/1007603/2022-01-26_2022-02-24.json,raw,102551,6a563edad9bfa1e208417c9d7da3177b2356612b67795789c28a0e50be5081c6
01_raw/KWater/mywater_station/hydr/H/1007603/2022-02-25_2022-03-26.json,raw,102609,20c56856909f310fbf25027560d01a919cd2ba2ec820f6fce535efa8456fd16a
01_raw/KWater/mywater_station/hydr/H/1007603/2022-03-27_2022-04-25.json,raw,103286,53a2bb2db0a5c27a4b65c39dc663ae9b4be807439d771506507d7c7048c20b55
01_raw/KWater/mywater_station/hydr/H/1007603/2022-04-26_2022-05-25.json,raw,103474,e899a953934c4a6c0abc6dc3b3512adc0affde7da6194428478c1c501ab8e4e9
01_raw/KWater/mywater_station/hydr/H/1007603/2022-05-26_2022-06-24.json,raw,103328,b7d1f08adefb12627dd15d5959f3af779ad947f7e075e2ffe22c2f217f2e2594
01_raw/KWater/mywater_station/hydr/H/1007603/2022-06-25_2022-07-24.json,raw,104587,06755006741583138a92a99f854a5dfec3d4a9dfb7835051127e2f4c962dc6d7
01_raw/KWater/mywater_station/hydr/H/1007603/2022-07-25_2022-08-23.json,raw,105816,54c85be8acf2051fde976c721f482b9d31e59de23c428dca575f05edb079c6e4
01_raw/KWater/mywater_station/hydr/H/1007603/2022-08-24_2022-09-22.json,raw,104384,e24a58f830ffcb50380f0d5c51046410ccaebd1f19e017a70719a5f1d1fdf0fa
01_raw/KWater/mywater_station/hydr/H/1007603/2022-09-23_2022-10-22.json,raw,103759,04aa01b0a2ff3f542d8dd9e13ba21dd9c0f10dda55c4edbdbaff1a7785fb6d51
01_raw/KWater/mywater_station/hydr/H/1007603/2022-10-23_2022-11-21.json,raw,103470,b296556534c2269b8f86941ef059d520f3c0015c0ab3d696e8ccdc3a4c479907
01_raw/KWater/mywater_station/hydr/H/1007603/2022-11-22_2022-12-21.json,raw,103200,47e21d3ad271c7f0c74462e6dcf2cd041b6e688baa8836e0e6107452b1153f05
01_raw/KWater/mywater_station/hydr/H/1007603/2022-12-22_2023-01-20.json,raw,102934,07506524787b9fac6f15ad88fa1b59df5ca266a12c2034b32b7958f316597cc0
01_raw/KWater/mywater_station/hydr/H/1007603/2023-01-21_2023-02-19.json,raw,101864,ced24a3295d2d8fe255e4c3558e76eb25fbb9741e262dab61b2dbaab99407d84
01_raw/KWater/mywater_station/hydr/H/1007603/2023-02-20_2023-03-21.json,raw,102418,2b975c68fc930c720f21b397d4af5f3393e5f8e05aba68f37fa9462133bf866b
01_raw/KWater/mywater_station/hydr/H/1007603/2023-03-22_2023-04-20.json,raw,103184,460e08f28c57e04381a9f4eb606479e175d3c1c6ee0776af5cce25ea02ad45ed
01_raw/KWater/mywater_station/hydr/H/1007603/2023-04-21_2023-05-20.json,raw,103515,76918fb89e298ef08c28759b27f1ead67264d8225c48e347129337b84095956c
01_raw/KWater/mywater_station/hydr/H/1007603/2023-05-21_2023-06-19.json,raw,103198,0682feaa6303dc2ecad048cdf43bcf05208ddf300e74b58d868d1c5c1635e3b5
01_raw/KWater/mywater_station/hydr/H/1007603/2023-06-20_2023-07-19.json,raw,106330,302fcc5d1b64f09c64e127a25c630f029e2632176c42fe56afc71d86d0e1a141
01_raw/KWater/mywater_station/hydr/H/1007603/2023-07-20_2023-08-18.json,raw,104317,fb0dc5a27d3c34a0011f32e1b5ab36cf51762dbd8dc5942bdff4d9329629d3c9
01_raw/KWater/mywater_station/hydr/H/1007603/2023-08-19_2023-09-17.json,raw,104357,f87ce0f9cc2215bc39d900c4a912bdc4bec563ca47b126fa2ac6423428163025
01_raw/KWater/mywater_station/hydr/H/1007603/2023-09-18_2023-10-17.json,raw,103895,739a9b1bd34ecdd45144cc55bca5210a4ef7de0ac7d6042067ebba11af201d8e
01_raw/KWater/mywater_station/hydr/H/1007603/2023-10-18_2023-11-16.json,raw,103619,8a6ef63d0db90c58ef66c1c3e74e56936bd93a99f9d2b691e3fe799db4a314ab
01_raw/KWater/mywater_station/hydr/H/1007603/2023-11-17_2023-12-16.json,raw,103212,a59cb2e8fc5a66f567ab04b3c33666e7ae7783270080f0bcf0f2bc1e6698662b
01_raw/KWater/mywater_station/hydr/H/1007603/2023-12-17_2024-01-15.json,raw,103748,73135cfc9bd63e666a45b0d72b4606eb9dd96528150bb8b615a47d58046679b0
01_raw/KWater/mywater_station/hydr/H/1007603/2024-01-16_2024-02-14.json,raw,103481,6196c6f0d905d546457dc9539230a82c1cd51fcd9fe376678c538ec7a4c6742b
01_raw/KWater/mywater_station/hydr/H/1007603/2024-02-15_2024-03-15.json,raw,104293,0ad8f892ea80aa0173e349fb1a07c5ba2e031e393ef95c4263c5df641b324b20
01_raw/KWater/mywater_station/hydr/H/1007603/2024-03-16_2024-04-14.json,raw,103462,674d0dcbecffcb8872337bf45683dbfa1bffcde46515509cf26d5d113bd63356
01_raw/KWater/mywater_station/hydr/H/1007603/2024-04-15_2024-05-14.json,raw,103923,830b02f6ab0b3dcf51bcd24f50f9afb30591efd3aeeee0623690bd26d69b507a
01_raw/KWater/mywater_station/hydr/H/1007603/2024-05-15_2024-06-13.json,raw,103493,8ebf15e0051b157bc37410b8933e496c31559aacb97f20e5f7465d5fa5bc2180
01_raw/KWater/mywater_station/hydr/H/1007603/2024-06-14_2024-07-13.json,raw,104921,6b2032859fc102ecda0c0eedec948d65c7c907cd9c84ed46ddb3e14f8ad4d5fd
01_raw/KWater/mywater_station/hydr/H/1007603/2024-07-14_2024-08-12.json,raw,105448,e05b7cdaedd09447627e6c2afecd0d3c54bb23a019197c4cbc8c7ef490e1ad87
01_raw/KWater/mywater_station/hydr/H/1007603/2024-08-13_2024-09-11.json,raw,103484,53d10c0a0ae128d3ea44b3176a332c9dd62a9fec79b7eda3d0a99ce5530d18cd
01_raw/KWater/mywater_station/hydr/H/1007603/2024-09-12_2024-10-11.json,raw,103954,c4e78916cd5e7e80ff929e769b00c1baa88029b97e6234be01bcb5a253b4fca2
01_raw/KWater/mywater_station/hydr/H/1007603/2024-10-12_2024-11-10.json,raw,103749,da1d08d54cc779330635952b7f384ab6c47c490e69c74941f7cb7590613d36ac
01_raw/KWater/mywater_station/hydr/H/1007603/2024-11-11_2024-12-10.json,raw,104067,fcbee62b4b2a023094626609647fcc2561fd3998203a7c7c18861509590f0825
01_raw/KWater/mywater_station/hydr/H/1007603/2024-12-11_2025-01-09.json,raw,102390,85a7db2932bb66bd151fe1b626baa1637736abda7c31517a2c9a0ea5d776c324
01_raw/KWater/mywater_station/hydr/H/1007603/2025-01-10_2025-02-08.json,raw,102525,8630d3bab12813047350f127f6e58e50a00dcbdc3191f10bae47f565beb582da
01_raw/KWater/mywater_station/hydr/H/1007603/2025-02-09_2025-03-10.json,raw,102581,7d43e224d3d0c2af62c17435c8ea89eab1f6dd20e86d237d19b6a876d629057d
01_raw/KWater/mywater_station/hydr/H/1007603/2025-03-11_2025-04-09.json,raw,103039,d1501c80b45ba2f4435f98926a00236c0d42de84970a88c710ca2e307f3226ed
01_raw/KWater/mywater_station/hydr/H/1007603/2025-04-10_2025-05-09.json,raw,103662,6a0bd69671310a0af85e4aa3cc23b305555d767a79b3fa7ebb647e71a003d88f
01_raw/KWater/mywater_station/hydr/H/1007603/2025-05-10_2025-06-08.json,raw,103878,83fe49fbf1527b26b8d0ee985d570fb661dcc143d0236bbd1f2817b908b2908a
01_raw/KWater/mywater_station/hydr/H/1007603/2025-06-09_2025-07-08.json,raw,103972,d3e7cf52193a15e75b8973c4bdf557ac24986feaffadd429c84c82a2456c1c24
01_raw/KWater/mywater_station/hydr/H/1007603/2025-07-09_2025-08-07.json,raw,104301,50cbaf7b00715c893e44dcc22e8e12493bbc30758a16e9e98b603140a5a9d725
01_raw/KWater/mywater_station/hydr/H/1007603/2025-08-08_2025-09-06.json,raw,103655,a9ae7c32d613c2aa699f508fdb6685e3ae3e728cc022523397d6e544d79dbe17
01_raw/KWater/mywater_station/hydr/H/1007603/2025-09-07_2025-10-06.json,raw,104542,f6ca75adf5fa01b841ce483c47bca944d6fe5453f34cdfc55d802765573421e8
01_raw/KWater/mywater_station/hydr/H/1007603/2025-10-07_2025-11-05.json,raw,104424,109effdc85d93e26fbf84fd51b3e785c3bf00c15fe974984e116564150fbdd84
01_raw/KWater/mywater_station/hydr/H/1007603/2025-11-06_2025-12-05.json,raw,102089,d460b703cfa98a1d3280e41957b1fa2b64b5120214c00eaebce5ed023b28b6ea
01_raw/KWater/mywater_station/hydr/H/1007603/2025-12-06_2026-01-04.json,raw,101918,2d2ea630ac512d4119599dc73dbbb42d7dcdc578e8d33cf1f99a7c4be940a5fe
01_raw/KWater/mywater_station/hydr/H/1007603/2026-01-05_2026-02-03.json,raw,101817,76ef28d921802bc405ff9b7682adaade64dd24f69150fdcfff58b790723e9757
01_raw/KWater/mywater_station/hydr/H/1007603/2026-02-04_2026-03-05.json,raw,101926,1985390c616c7deb71bcef4abe17848a21db82a849771fb3b971a7dcd32ecc27
01_raw/KWater/mywater_station/hydr/H/1007603/2026-03-06_2026-04-04.json,raw,103145,be8e8d95f216dc58d8ae0e1baf6048994dd3705f0ca52bf7e7d1782d48ad6b3b
01_raw/KWater/mywater_station/hydr/H/1007603/2026-04-05_2026-05-04.json,raw,103368,390c35a5f87957472258f06e023102152d7091e8be3cd014e4dbf9ee0a2b1b5d
01_raw/KWater/mywater_station/hydr/H/1007603/2026-05-05_2026-06-03.json,raw,103195,117dff62ccc67b61196ff86ccdadf94a4db45cfc9b68e5bb3e7f3381d3683fbf
01_raw/KWater/mywater_station/hydr/H/1007603/2026-06-04_2026-07-03.json,raw,103445,f423211c2702223ad05b919be45ce9a54374d98f47df087a8e65f3f9aefead7d
01_raw/KWater/mywater_station/hydr/H/1007603/2026-07-04_2026-08-02.json,raw,104930,382eed5f77f3ce2148dcb61da47b8d893d8a7de2da8a7f0a1654ce5dde3bdc2e
01_raw/KWater/mywater_station/hydr/H/1007603/2026-08-03_2026-09-01.json,raw,104182,14818e7873eb7fb8b5bc73ed1cdc747e8ef782409d06d3e795159a275410d9e3
01_raw/KWater/mywater_station/hydr/H/1007603/2026-09-02_2026-09-28.json,raw,92931,5bda0b2ce782051ce00a7165863513cf31130089bc4fbc2860b1eff38b6e733b
01_raw/KWater/mywater_station/hydr/H/1009710/2021-01-01_2021-01-30.json,raw,99954,dc0a26ad525e92faf475847e61bd112aed493577096ca939f7ea98d5e7d02b76
01_raw/KWater/mywater_station/hydr/H/1009710/2021-01-31_2021-03-01.json,raw,98557,361fa772c586683b5db5a815bca4d3b03e69d36c3171059d0056d5585e07feae
01_raw/KWater/mywater_station/hydr/H/1009710/2021-03-02_2021-03-31.json,raw,98572,52613662d6745bf0772337ca911dfb8c580f999a4552430154d3b4158988b48f
01_raw/KWater/mywater_station/hydr/H/1009710/2021-04-01_2021-04-30.json,raw,97777,63fa4fca4b497354bea3696fc2788a2fa87df9fccb52fd48c919c45b969867e5
01_raw/KWater/mywater_station/hydr/H/1009710/2021-05-01_2021-05-30.json,raw,98052,9b80a235e3f42cb2a4dfb38077077e73108a7a6aeeea536f91d4c2b08a8adde0
01_raw/KWater/mywater_station/hydr/H/1009710/2021-05-31_2021-06-29.json,raw,99246,dbf0425667e1c95e6a474cc75afd75900f23cc6bcb2c61f06730ca1b096125b5
01_raw/KWater/mywater_station/hydr/H/1009710/2021-06-30_2021-07-29.json,raw,99283,feba4af8128569c03e48adfffc4216b59e119418c6bc7dbe1ff49dd068375ad5
01_raw/KWater/mywater_station/hydr/H/1009710/2021-07-30_2021-08-28.json,raw,98532,c599613b44651db6b66e66709b5470ecf7703971450229a0597c9e704ae9e84f
01_raw/KWater/mywater_station/hydr/H/1009710/2021-08-29_2021-09-27.json,raw,98260,3eab816d54eb4ffcdedf6f9570f3cbecf2db52c02512ab37f656a56d2112f7aa
01_raw/KWater/mywater_station/hydr/H/1009710/2021-09-28_2021-10-27.json,raw,98827,565d89c69e23c1c06bfa73d9b07f1f95f6dd4201924c071033880a8d7535455e
01_raw/KWater/mywater_station/hydr/H/1009710/2021-10-28_2021-11-26.json,raw,97338,823019faf83deeddc201f03ffbe41ca2e18444b88650d09f12179e3162a5a446
01_raw/KWater/mywater_station/hydr/H/1009710/2021-11-27_2021-12-26.json,raw,97484,ae16b0eece7d0496493840c4d7c78b0f365b2e9ec2f54a77e475cac35efd9aa4
01_raw/KWater/mywater_station/hydr/H/1009710/2021-12-27_2022-01-25.json,raw,97968,ebd96093d6d5a94376bc7bf88f03a988f5c8b2840a2b0875bc55ec9c1c39bfef
01_raw/KWater/mywater_station/hydr/H/1009710/2022-01-26_2022-02-24.json,raw,99534,53b533b9e672796b3cf84d6c1593035d598126ed10141f9a79906707d15deb11
01_raw/KWater/mywater_station/hydr/H/1009710/2022-02-25_2022-03-26.json,raw,99725,d6bebd1c295d598f28b3ba82649d9ab9a780fb29b82df430f98813b2920260f6
01_raw/KWater/mywater_station/hydr/H/1009710/2022-03-27_2022-04-25.json,raw,98859,fb62874c2cf27b64849300d640d88e598c716ed8c09fcc05509dadb8cf47c97f
01_raw/KWater/mywater_station/hydr/H/1009710/2022-04-26_2022-05-25.json,raw,99498,0584014b2c8cb6a9a2db8b1bb80210407f7d3d1d879cd7ca61f6ed74f3efcb5d
01_raw/KWater/mywater_station/hydr/H/1009710/2022-05-26_2022-06-24.json,raw,99052,186d16e610b129924becc05f1bb2192d524cab9a70c25346c85a0ab4fab6e519
01_raw/KWater/mywater_station/hydr/H/1009710/2022-06-25_2022-07-24.json,raw,101767,04681f8a92b2f51b96d166a905e491df77de25f812c49d00d73e7754f4d17b39
01_raw/KWater/mywater_station/hydr/H/1009710/2022-07-25_2022-08-23.json,raw,101946,ad3d76a006c4f1a6baf5943412968ede9bfaad4c4007fe9538c14afcdd3ec9dc
01_raw/KWater/mywater_station/hydr/H/1009710/2022-08-24_2022-09-22.json,raw,99706,9a44a1131e6f7d914571954f0a74410770bda51a2a0e4525094351ed1ddba419
01_raw/KWater/mywater_station/hydr/H/1009710/2022-09-23_2022-10-22.json,raw,99575,5e0e1b31221c0a77334291283073f3178eceaf0a55c9c998d9002d1037660bec
01_raw/KWater/mywater_station/hydr/H/1009710/2022-10-23_2022-11-21.json,raw,98321,1c13ae7626b088e1f04e22aa979bb9e632667279059d5baac51b5839ebb0e82a
01_raw/KWater/mywater_station/hydr/H/1009710/2022-11-22_2022-12-21.json,raw,98913,7386c6dd510cbe48b8539da6e11c43dd6f1e92789e117492a497f6892f587eb4
01_raw/KWater/mywater_station/hydr/H/1009710/2022-12-22_2023-01-20.json,raw,99389,561b92f84e119ee1ad7397725477223bc52c41e97971704becd7469fe301112d
01_raw/KWater/mywater_station/hydr/H/1009710/2023-01-21_2023-02-19.json,raw,99584,805889238331d5c495e79ecf3c12272150fb7eba93494290ef1793e6e638cd57
01_raw/KWater/mywater_station/hydr/H/1009710/2023-02-20_2023-03-21.json,raw,98688,3450d3e7165d42c89fc2df5c6964ad7a7a72547d722ed8e1572107dee7c54904
01_raw/KWater/mywater_station/hydr/H/1009710/2023-03-22_2023-04-20.json,raw,98906,6b5c52b9c0abe4c54daec62f747b6763283adfef16954fbb3f84ab36612e1454
01_raw/KWater/mywater_station/hydr/H/1009710/2023-04-21_2023-05-20.json,raw,99006,7dc83cca961254c3914f57c997fff4b0f3f3c0fa73413e5845761e4bd70dac9d
01_raw/KWater/mywater_station/hydr/H/1009710/2023-05-21_2023-06-19.json,raw,98339,47c053eba7adbb03b59d26be1c4057aefd7043929e30a1d529224a9f457ca1f1
01_raw/KWater/mywater_station/hydr/H/1009710/2023-06-20_2023-07-19.json,raw,100936,16f2d16d00ce08705f98bb205aed36e40694f9e1fea911bb8339d8f69ad9a750
01_raw/KWater/mywater_station/hydr/H/1009710/2023-07-20_2023-08-18.json,raw,100208,612cccfae24ede2d57605e8a84d6c930407c2bc18a55ec8ee18213f244263fcb
01_raw/KWater/mywater_station/hydr/H/1009710/2023-08-19_2023-09-17.json,raw,100646,edb0e445a218c339af7b89bc7c523f17c80e487f2accd18b2be28e27adbb16df
01_raw/KWater/mywater_station/hydr/H/1009710/2023-09-18_2023-10-17.json,raw,99177,aa1e91d074f4b461e7d206fbeeb7fc97deb94984799b7c76f89f143a77d6dcd8
01_raw/KWater/mywater_station/hydr/H/1009710/2023-10-18_2023-11-16.json,raw,98855,76ec27f4f6a00808a31c637193a4163409a0571ea3d018c4ab537bb2c06de813
01_raw/KWater/mywater_station/hydr/H/1009710/2023-11-17_2023-12-16.json,raw,98482,d3d82eb041699dd2d81e308cedbf48c758203f4ebf50ed8061046b319fe5d972
01_raw/KWater/mywater_station/hydr/H/1009710/2023-12-17_2024-01-15.json,raw,97487,58f07ae904b7885e93f6b3571d79d1e78a6c690d8c0708adb84243b97b629857
01_raw/KWater/mywater_station/hydr/H/1009710/2024-01-16_2024-02-14.json,raw,98444,bb23a39018a1727492e30c89212cabb3c7a0655d5697efca82f3ceca2855f362
01_raw/KWater/mywater_station/hydr/H/1009710/2024-02-15_2024-03-15.json,raw,98855,b94615b694f205ce4f919138c341d50fb55a07ef75aa2e5cdc62f7c939682db9
01_raw/KWater/mywater_station/hydr/H/1009710/2024-03-16_2024-04-14.json,raw,98930,dfe3f51de5808884e38dd610d82124137d6aabd598444adf4184155911ffa6af
01_raw/KWater/mywater_station/hydr/H/1009710/2024-04-15_2024-05-14.json,raw,99098,f747ea0a782a88c13467359d862c233d22f0489b4bf43806ed133d917ddf6d05
01_raw/KWater/mywater_station/hydr/H/1009710/2024-05-15_2024-06-13.json,raw,98846,197df7bca80152f5bf6c7b46f17d8cf733d4404b6f41e829de32b560ed41c5b5
01_raw/KWater/mywater_station/hydr/H/1009710/2024-06-14_2024-07-13.json,raw,100017,b55e31ebdadc96e069c4203936e0e79fd0ef08765f047fc83a4cca7082534e63
01_raw/KWater/mywater_station/hydr/H/1009710/2024-07-14_2024-08-12.json,raw,101563,a173c800c691dbd868e9984524ab91e120201f2652ebece0bb64daab3a979f2a
01_raw/KWater/mywater_station/hydr/H/1009710/2024-08-13_2024-09-11.json,raw,105820,191139261637cb9a1b4560757d45948dd8273ae7cfd4cabaa5854693b281dd46
01_raw/KWater/mywater_station/hydr/H/1009710/2024-09-12_2024-10-11.json,raw,104405,013398c8b1ce7601bce9dc46cdac8294b41c0ba8d1535199149b4c2588d14e69
01_raw/KWater/mywater_station/hydr/H/1009710/2024-10-12_2024-11-10.json,raw,99898,7e59f7d3ca9556a8f5ba80d1cb7bbec353a9e87f9bb4a54d81a483493a909d15
01_raw/KWater/mywater_station/hydr/H/1009710/2024-11-11_2024-12-10.json,raw,100576,8c1045921f4a3e9057fe4a96a6e9952889eddc1e2db36b8cdba9deb93e304209
01_raw/KWater/mywater_station/hydr/H/1009710/2024-12-11_2025-01-09.json,raw,101055,b9f88d454b3ba9b18442268a49a738d2b57d5707896a95de36d3e2014b747b65
01_raw/KWater/mywater_station/hydr/H/1009710/2025-01-10_2025-02-08.json,raw,103709,978c8af94f4e686178514911b720409174824b1c7b8c773a32c9795e26a58347
01_raw/KWater/mywater_station/hydr/H/1009710/2025-02-09_2025-03-10.json,raw,101711,293bdf64ff8bc2a1aff3dbcf9457b4c2b08f605bec9cf1d3787915907d455c57
01_raw/KWater/mywater_station/hydr/H/1009710/2025-03-11_2025-04-09.json,raw,101253,827e4661482b9af13c543e35abac39d013889d4ba99ef39d74180ca09f3659a5
01_raw/KWater/mywater_station/hydr/H/1009710/2025-04-10_2025-05-09.json,raw,101374,a807397d1eff52e396f5e6a710bbd4e42924e9fc00daffa2caf432469356df2d
01_raw/KWater/mywater_station/hydr/H/1009710/2025-05-10_2025-06-08.json,raw,101033,704bdc33cdc5b39d4c2399843e571b3b19a4aa15fb0ce1a1762d74b051b23464
01_raw/KWater/mywater_station/hydr/H/1009710/2025-06-09_2025-07-08.json,raw,100805,6983ebb847a407c77a4892487cd16cad187269a72b161351435f52a9f95c695e
01_raw/KWater/mywater_station/hydr/H/1009710/2025-07-09_2025-08-07.json,raw,100795,59f7f36de51dc522ecbf70259d17058ec2ea1f198bced35e34da4964c83ec04f
01_raw/KWater/mywater_station/hydr/H/1009710/2025-08-08_2025-09-06.json,raw,101196,22c3a1c26d6690966b8c1f6114edd511095442837764f62fce22566bc4cab183
01_raw/KWater/mywater_station/hydr/H/1009710/2025-09-07_2025-10-06.json,raw,100478,76207cb9c6bc23ef423a4a17bad5ed6b3469e19e2bf0d07a6c6581a307e3c1f7
01_raw/KWater/mywater_station/hydr/H/1009710/2025-10-07_2025-11-05.json,raw,100727,0e4dd88f222afa9cac59cc46656263aeb9d4a54a2e60e8d1b3033bc38ce194b4
01_raw/KWater/mywater_station/hydr/H/1009710/2025-11-06_2025-12-05.json,raw,99713,6a1db7addebe9bc7355901165c8ffd8529ac1877a00d4f24ef55026fc53d4ef1
01_raw/KWater/mywater_station/hydr/H/1009710/2025-12-06_2026-01-04.json,raw,101184,fbb84130d923b3176aff500087fff4fd02f10d4267c5037d71b519d4db82b8c4
01_raw/KWater/mywater_station/hydr/H/1009710/2026-01-05_2026-02-03.json,raw,101195,253541b3f8afa47d4ffae9d6b59c8d98085aa18755292f407f6423221bdf9fd6
01_raw/KWater/mywater_station/hydr/H/1009710/2026-02-04_2026-03-05.json,raw,100795,16e575fa1c49a07b768ce0528f332ea5d6a2682766ec60b636e9ab2a42ff8ad7
01_raw/KWater/mywater_station/hydr/H/1009710/2026-03-06_2026-04-04.json,raw,101182,d7de05208f920d30695c4e67938e52ded7d2fac5c93a80e0f528891d5ea67126
01_raw/KWater/mywater_station/hydr/H/1009710/2026-04-05_2026-05-04.json,raw,101220,8b9fcc87cf5dd3c956f6b78f02ad7a036e09b894f7bdda219c76c6340049b9a6
01_raw/KWater/mywater_station/hydr/H/1009710/2026-05-05_2026-06-03.json,raw,100463,f1bef8755e9abe1ae680515a3d71840e8fc1d5e37dfea1e286a739058a542b40
01_raw/KWater/mywater_station/hydr/H/1009710/2026-06-04_2026-07-03.json,raw,100284,4865ecf8f7d21a3f81896fe0f4eef178c7ad60e869c02c2ef1ec8a21c0670302
01_raw/KWater/mywater_station/hydr/H/1009710/2026-07-04_2026-08-02.json,raw,101883,85397ec4c919943e01b8b3eecf10bdf006f607046c3f8d881ee293b7e6b2791a
01_raw/KWater/mywater_station/hydr/H/1009710/2026-08-03_2026-09-01.json,raw,101138,e446710d4b6a6221be14c7fa8f134654906ff453ceac4d84a0815d3e22deb7c1
01_raw/KWater/mywater_station/hydr/H/1009710/2026-09-02_2026-09-28.json,raw,91164,8188c0c60e336d9547ccc8f94d386f226ad0ba7c7d812501c71338352f2fb629
01_raw/KWater/mywater_station/hydr/H/1012110/2021-01-01_2021-01-30.json,raw,98445,220dcdddfd323da1919e3edc2983c1d68cbfc7a70e63a5be9269e6e6754de9b3
01_raw/KWater/mywater_station/hydr/H/1012110/2021-01-31_2021-03-01.json,raw,98736,af7986bbed19a7264c7a90f62456d6a7f1163bdb5c7fd395b26728fcc259ca5c
01_raw/KWater/mywater_station/hydr/H/1012110/2021-03-02_2021-03-31.json,raw,98242,856ef632d4a6e1d330ac8a032c5431855d965e848a6c8c82dbe9f2069784f649
01_raw/KWater/mywater_station/hydr/H/1012110/2021-04-01_2021-04-30.json,raw,108285,38b64f4b014c15f1631567239209d70a7cb54b7b951b7c6bf1ab618f8d333a0e
01_raw/KWater/mywater_station/hydr/H/1012110/2021-05-01_2021-05-30.json,raw,107929,e8f258264bfa1820586667d18ae5f1b63c7515a856b19be7eb5af9edf8a5beb1
01_raw/KWater/mywater_station/hydr/H/1012110/2021-05-31_2021-06-29.json,raw,101821,2246194cd465b0cdbcde0daa4e4c55759e383615f176f8c1ba82920cd3183ae4
01_raw/KWater/mywater_station/hydr/H/1012110/2021-06-30_2021-07-29.json,raw,100285,a44212e86b5c089ec2c0984b09b756d599441e539bd3d801dc59b8370b7fdba3
01_raw/KWater/mywater_station/hydr/H/1012110/2021-07-30_2021-08-28.json,raw,100389,01ca45d5729609392371d2e6d8530317d205c55ecabc7390a42d603d58460bed
01_raw/KWater/mywater_station/hydr/H/1012110/2021-08-29_2021-09-27.json,raw,101487,7d4fd07981b5f08744274ab6c25ef3ea16fd644c4566b237a525f7c2189cc11d
01_raw/KWater/mywater_station/hydr/H/1012110/2021-09-28_2021-10-27.json,raw,99214,bba2f40382e3e8e8ecf0448239cf6dc186de3173b4ed608603ed9ed9c57180c6
01_raw/KWater/mywater_station/hydr/H/1012110/2021-10-28_2021-11-26.json,raw,97635,5c0afe9146f01224f2e0291a7de27ea33f8aaed02a43f967822deb1d3b35cc3f
01_raw/KWater/mywater_station/hydr/H/1012110/2021-11-27_2021-12-26.json,raw,97623,0484ac91de9c2ee1126e45ca4531a1b84073649a0fcc7960fd058d43efe9780c
01_raw/KWater/mywater_station/hydr/H/1012110/2021-12-27_2022-01-25.json,raw,98522,871f1acd1f9ae3cd1ebfbb06f81644c2175ae55e5f5bad58e6d1386a5e843d73
01_raw/KWater/mywater_station/hydr/H/1012110/2022-01-26_2022-02-24.json,raw,99394,0517e00ad8ce4d59b8848a888ba69d78d1256574d265551a69b57f3aa2b4acc2
01_raw/KWater/mywater_station/hydr/H/1012110/2022-02-25_2022-03-26.json,raw,102231,5599cfa55cbd1b72fb189ae47b34e73b2371229d03ce9344a7c98642d7bebd06
01_raw/KWater/mywater_station/hydr/H/1012110/2022-03-27_2022-04-25.json,raw,105917,cfd09d633c929d84f21afa1409fb76e09e796ac3ef361394be23a4e3f4a10753
01_raw/KWater/mywater_station/hydr/H/1012110/2022-04-26_2022-05-25.json,raw,105423,a5fc3a5f1b5a66bcd0e04f9fa3cf72577faaf1cb2e416c7e6698f667f0fd6363
01_raw/KWater/mywater_station/hydr/H/1012110/2022-05-26_2022-06-24.json,raw,104104,6ca56954d760481fe6ad6a8ffc2f61b6587930dd08f3b407866cce7ca370a604
01_raw/KWater/mywater_station/hydr/H/1012110/2022-06-25_2022-07-24.json,raw,105169,ca28ee97b6d313715b4d5f5f5d0a563108256914a5884e7f21f268b930eec134
01_raw/KWater/mywater_station/hydr/H/1012110/2022-07-25_2022-08-23.json,raw,106874,0979ea53e8a32e3e46a791ffc218a5104c61512b9fd53347bab209d9a719b969
01_raw/KWater/mywater_station/hydr/H/1012110/2022-08-24_2022-09-22.json,raw,105925,c6c01c6f4c34f0581370d6c8d5823f3393fbda00cd83696f32798cd4ddab94a1
01_raw/KWater/mywater_station/hydr/H/1012110/2022-09-23_2022-10-22.json,raw,103751,6bb811cfefa3020aa345f407b4de02a82e1320c26a5de4d5ae676fccb31b7537
01_raw/KWater/mywater_station/hydr/H/1012110/2022-10-23_2022-11-21.json,raw,102212,d5a45672283b5baf11dc6ba4e4fd4a08c5d349326179e6be3ef51cc25e2e9d10
01_raw/KWater/mywater_station/hydr/H/1012110/2022-11-22_2022-12-21.json,raw,102478,cf19d5d35fd917a35c6672c2b207f033e5aa24be545490e6395e40e030202a06
01_raw/KWater/mywater_station/hydr/H/1012110/2022-12-22_2023-01-20.json,raw,102408,a16d3e8320f3e072d50f7151d15e3fbf9053d79ac78ac5345fbe099d40ac5afe
01_raw/KWater/mywater_station/hydr/H/1012110/2023-01-21_2023-02-19.json,raw,101771,65077a934380addd8ee62d751c2576b3f471f1be42037f65f2812eb35945545b
01_raw/KWater/mywater_station/hydr/H/1012110/2023-02-20_2023-03-21.json,raw,101755,0611381e7bfe07447de1880d79e78eb617490ac52507c55f8c8b084ae4af24b7
01_raw/KWater/mywater_station/hydr/H/1012110/2023-03-22_2023-04-20.json,raw,102442,e20d05cdade667b825d843a4b8bf37ed447f08000b47448c9741304206b923b5
01_raw/KWater/mywater_station/hydr/H/1012110/2023-04-21_2023-05-20.json,raw,102538,d5653ac176c46c06a2c4e6b3510f721a463b6a1f73994e03a77dbd56da11d92d
01_raw/KWater/mywater_station/hydr/H/1012110/2023-05-21_2023-06-19.json,raw,101493,8a1bb510fcc2849f22a76289d453315e363aec518038452c5c854bd28b7e0e54
01_raw/KWater/mywater_station/hydr/H/1012110/2023-06-20_2023-07-19.json,raw,105269,321c17f354b385bb7a7d09c7a21810a702adbea579bce099630c4cf547e0de71
01_raw/KWater/mywater_station/hydr/H/1012110/2023-07-20_2023-08-18.json,raw,103450,45861f550922b506bdc72b9cded824fadf0098821e8181e27cacae410e991342
01_raw/KWater/mywater_station/hydr/H/1012110/2023-08-19_2023-09-17.json,raw,102987,df3eb954a60b18275ba225f69d10a696f795e7c57a3860a87385ae86d8bca075
01_raw/KWater/mywater_station/hydr/H/1012110/2023-09-18_2023-10-17.json,raw,102605,436bbb5a27e43ddd486fddffe96590dc1cec7b8edfd08af30975c6adab332e96
01_raw/KWater/mywater_station/hydr/H/1012110/2023-10-18_2023-11-16.json,raw,101793,be240d13b2679abe459c6326d43a58c514bcb8e93d702f1fb2f6c3a79b60fd40
01_raw/KWater/mywater_station/hydr/H/1012110/2023-11-17_2023-12-16.json,raw,103230,320c40355ba0178a7f13da118618af5dfb4475d213457f39cae5094131c37aec
01_raw/KWater/mywater_station/hydr/H/1012110/2023-12-17_2024-01-15.json,raw,101844,ec867946a9971cc1011dbfe16d230c113a5ba7b7129d30f1248e4f5221133370
01_raw/KWater/mywater_station/hydr/H/1012110/2024-01-16_2024-02-14.json,raw,100863,d3cecaae6d15967046a8ea4a0a93b5e3fac703cd64ff764abec202e6a63fabe4
01_raw/KWater/mywater_station/hydr/H/1012110/2024-02-15_2024-03-15.json,raw,101862,763052ac6cdf43a4d95d10e5af7df17c2c9b04e2591a202f24d0bf94edf7f5a3
01_raw/KWater/mywater_station/hydr/H/1012110/2024-03-16_2024-04-14.json,raw,103476,530118f661b3babba973b418780fb1605daa2a4573db3ba162646ff530550f36
01_raw/KWater/mywater_station/hydr/H/1012110/2024-04-15_2024-05-14.json,raw,105610,95dbbbd7abcf5b378801c51da24872890ac5eb65ba46ad63b4bfbfca8ecf0e2a
01_raw/KWater/mywater_station/hydr/H/1012110/2024-05-15_2024-06-13.json,raw,104178,3fbf350c4e2d28d2eb622f53c1818234c49743314d3d3575718a91a016aebccc
01_raw/KWater/mywater_station/hydr/H/1012110/2024-06-14_2024-07-13.json,raw,103274,cf7dbdaf06c9e250699a3944d2704c05de45c3d770e6fd2b4963249d8d64c95a
01_raw/KWater/mywater_station/hydr/H/1012110/2024-07-14_2024-08-12.json,raw,104332,1008804b7191bdac220d5188082fd8cbceae99ca5ecab8cc886146572d4ff123
01_raw/KWater/mywater_station/hydr/H/1012110/2024-08-13_2024-09-11.json,raw,102029,2ddfce426eaa815f9e3aa2f721f07e777b418108c3c31bd724589df6bd2a6ea0
01_raw/KWater/mywater_station/hydr/H/1012110/2024-09-12_2024-10-11.json,raw,103318,5485201d059f56b866cd872cf858d6efcd54bb1013e4a92f6f28b0e2d0d00632
01_raw/KWater/mywater_station/hydr/H/1012110/2024-10-12_2024-11-10.json,raw,101838,cd3031f596762193b4761e00d88d780edbafbdcaf9c668f9cec7c35b69046877
01_raw/KWater/mywater_station/hydr/H/1012110/2024-11-11_2024-12-10.json,raw,100656,440c6661361940f3ca17d5b972f6d5b0122024757f350ae8601636b0c7f32b13
01_raw/KWater/mywater_station/hydr/H/1012110/2024-12-11_2025-01-09.json,raw,101729,087dec261e59b1c5eb9356a2b4c19bd470bdf6afe16da2628c73c2bdc7ddc532
01_raw/KWater/mywater_station/hydr/H/1012110/2025-01-10_2025-02-08.json,raw,102165,610300f97a363607de682e791a10474b1d45327e6100c30c454bb6b3bdd2dd2e
01_raw/KWater/mywater_station/hydr/H/1012110/2025-02-09_2025-03-10.json,raw,102233,866a66d42d68cf75a19d83d983cedf99b612729d1b4c3f920476b45c81f2b059
01_raw/KWater/mywater_station/hydr/H/1012110/2025-03-11_2025-04-09.json,raw,101762,6b0205ff511de8851da9433018836c107453df127a7b1ea55c0ed65e437d662a
01_raw/KWater/mywater_station/hydr/H/1012110/2025-04-10_2025-05-09.json,raw,103571,cc266c2df7c3801a86a6839d9ff4baee1611980eaf9970d7ac64da006dbeb67b
01_raw/KWater/mywater_station/hydr/H/1012110/2025-05-10_2025-06-08.json,raw,104193,9cf89a2211f4a8a2fcda43eac96483808cdff4dfdabcd37c8dd508561ca77b3a
01_raw/KWater/mywater_station/hydr/H/1012110/2025-06-09_2025-07-08.json,raw,104571,455f83e29add412742e26516232dc3e842e2b5fac6732aa3e2b22d328ac8b6f1
01_raw/KWater/mywater_station/hydr/H/1012110/2025-07-09_2025-08-07.json,raw,103572,4a3167a439b74879b9e3e589c43afb655cd676e75eb17bdd8ead3fa2d8076225
01_raw/KWater/mywater_station/hydr/H/1012110/2025-08-08_2025-09-06.json,raw,102733,2b6ee7751f1d0840482484bd04df08f7ace16840f9317e3b71eb52322c223a05
01_raw/KWater/mywater_station/hydr/H/1012110/2025-09-07_2025-10-06.json,raw,105073,b9f3455125ff537a657ec992dc4eef305b3c35bb86f283abf9d06c471c2e2c94
01_raw/KWater/mywater_station/hydr/H/1012110/2025-10-07_2025-11-05.json,raw,106681,124a68eea01dc1237f9e65e3a78d0b6db361b73fb562354e5958297eb86ca8b1
01_raw/KWater/mywater_station/hydr/H/1012110/2025-11-06_2025-12-05.json,raw,102642,d859df643151b79f36b6fd931477057d2991967da25b6fbc7980e14ab3e0b855
01_raw/KWater/mywater_station/hydr/H/1012110/2025-12-06_2026-01-04.json,raw,101885,b8f5c462139ef315b426ed9cef34f6ecf32e3c74b55bde48328f34c6054e182b
01_raw/KWater/mywater_station/hydr/H/1012110/2026-01-05_2026-02-03.json,raw,101602,b5878eba3a70a37bda1aea9e6c88d15a564aba5dc8c67bc5ec06b941fba30b54
01_raw/KWater/mywater_station/hydr/H/1012110/2026-02-04_2026-03-05.json,raw,101587,f62a00fde901358be7697229519c779b52174f9bc7aec149b656b1c520b9f467
01_raw/KWater/mywater_station/hydr/H/1012110/2026-03-06_2026-04-04.json,raw,102026,2bee481b41c1bfe08f1d40ea2877c878565f933f2e579c2f272d2b198ddccf41
01_raw/KWater/mywater_station/hydr/H/1012110/2026-04-05_2026-05-04.json,raw,102841,0aacbefc084f22f2a657026966047410b06d11b3a646e8dc5a3cdd5b31aaadc3
01_raw/KWater/mywater_station/hydr/H/1012110/2026-05-05_2026-06-03.json,raw,103191,8a1cf022fde4ac1cc971a4dbef0b91d1dd54d8908db6377c44ef85116632f550
01_raw/KWater/mywater_station/hydr/H/1012110/2026-06-04_2026-07-03.json,raw,103064,354d481aa0be5282ab15159133aeb0520f84a8dbe2bb8100d2993e46f88c89de
01_raw/KWater/mywater_station/hydr/H/1012110/2026-07-04_2026-08-02.json,raw,104226,93daffef682413704a3f3650af9faa7470f0f7be0a092e1d0e050370f0234d6f
01_raw/KWater/mywater_station/hydr/H/1012110/2026-08-03_2026-09-01.json,raw,102919,0a41dbdc91754d362f06aa5a878295c8aeac39f4fbc681da18af32eda3be584f
01_raw/KWater/mywater_station/hydr/H/1012110/2026-09-02_2026-09-28.json,raw,91821,81ddf0db54d2ac7f4873c15dbe29f58f2ae8e543564c969618a0a27aee10e76c
01_raw/KWater/mywater_station/hydr/H/1021701/2021-01-01_2021-01-30.json,raw,95358,1eca2e44e1ffba8b4fb592e8bc0f055c4dca22212f45823e208e3d40cc5d4e00
01_raw/KWater/mywater_station/hydr/H/1021701/2021-01-31_2021-03-01.json,raw,95119,491cff9f94d1479aba2470e279dc671de7ebbd2adb8bd2746847895262c51696
01_raw/KWater/mywater_station/hydr/H/1021701/2021-03-02_2021-03-31.json,raw,95448,c5c7c2226afd5cb5636eed622d3dc098d9f64673602fe5bcdeff8057fefe9475
01_raw/KWater/mywater_station/hydr/H/1021701/2021-04-01_2021-04-30.json,raw,96425,0c8a0134671fdf8e9fcc27d587db9a9985b335c0407765317779c380a9735545
01_raw/KWater/mywater_station/hydr/H/1021701/2021-05-01_2021-05-30.json,raw,98287,f695450587b5d32f7c97020fa43230c7958b450c84f86191d3bcdc431851b9fe
01_raw/KWater/mywater_station/hydr/H/1021701/2021-05-31_2021-06-29.json,raw,94336,dd50e8a509fd10e044f205ebcc8d7f75c55e6a5221d6351ea6e9e8b3a6d96d23
01_raw/KWater/mywater_station/hydr/H/1021701/2021-06-30_2021-07-29.json,raw,95528,240e39de3b3d167f158608dfcf70e737fb0175d2cd1b444fe22350e1eb4cfd5d
01_raw/KWater/mywater_station/hydr/H/1021701/2021-07-30_2021-08-28.json,raw,94890,75429415565edbd68a371ffbd76a00e52e469a7697240a975ca8609c9cb42697
01_raw/KWater/mywater_station/hydr/H/1021701/2021-08-29_2021-09-27.json,raw,95565,4a2e44cbea13316752a1791fcb9c9330d3be71d43691ddab5b4db86ab80cb44f
01_raw/KWater/mywater_station/hydr/H/1021701/2021-09-28_2021-10-27.json,raw,97394,d2dc5c55dbc3af242e9a0fde2cd8740cb6cebd35c4dd7c3e1922a4ea443b4280
01_raw/KWater/mywater_station/hydr/H/1021701/2021-10-28_2021-11-26.json,raw,95827,5648bf9f9c2507e76e569bd14d28f2d87925c4052f1629f1bfe71178794183d3
01_raw/KWater/mywater_station/hydr/H/1021701/2021-11-27_2021-12-26.json,raw,96223,f07bf80fb421c3b8b54db563502528f1d6bd188392e6fddd3038fff1b4183f9c
01_raw/KWater/mywater_station/hydr/H/1021701/2021-12-27_2022-01-25.json,raw,95629,d01f5a1842286e1c48f09518ded4802d9a657eab1bd61162a440843a7be7d705
01_raw/KWater/mywater_station/hydr/H/1021701/2022-01-26_2022-02-24.json,raw,94590,b8a5eab8434c4cc5819a332ba9e83cfe8bd7765d7722002f78d55d93f37a935d
01_raw/KWater/mywater_station/hydr/H/1021701/2022-02-25_2022-03-26.json,raw,94529,9516dd93e70e6f4d1e1a5e31de250da84023dc8fed654ae5484625537dcf0f03
01_raw/KWater/mywater_station/hydr/H/1021701/2022-03-27_2022-04-25.json,raw,97061,eda00d6aec1b045d668f1089a80b55045f370d310ef776b4dc484c2316ef8469
01_raw/KWater/mywater_station/hydr/H/1021701/2022-04-26_2022-05-25.json,raw,96194,3b7f8a61e09852b86b2a99647f26b50378eabeffe56f5b932995b4e100a4e031
01_raw/KWater/mywater_station/hydr/H/1021701/2022-05-26_2022-06-24.json,raw,95595,3d2d5503485e214b0b1c2bced860af4ab9394d8bf6b0ce8b8a9646389f3a19fd
01_raw/KWater/mywater_station/hydr/H/1021701/2022-06-25_2022-07-24.json,raw,106093,056e917ef6b816d232c9b371a7b9db48ddf4033bc26447592ef46af7d7a88443
01_raw/KWater/mywater_station/hydr/H/1021701/2022-07-25_2022-08-23.json,raw,112489,5d35fbda5ecb45b51779f422186cf0e55fa1e538408ada09834e152ff3ee30b0
01_raw/KWater/mywater_station/hydr/H/1021701/2022-08-24_2022-09-22.json,raw,107826,2a01a1daa34e58219730b51c5158c1af0792ae29bef0852a3ca886a5ff9bac72
01_raw/KWater/mywater_station/hydr/H/1021701/2022-09-23_2022-10-22.json,raw,101172,cbd25267fe0e32b2782f1491ff8c15afbcbeb7ee871caca91a8cf6bcf4d13cd2
01_raw/KWater/mywater_station/hydr/H/1021701/2022-10-23_2022-11-21.json,raw,97280,5f5654e44e40c1f12a5962688e0ceae31cbda2be9f0fae8231515a1c002faadf
01_raw/KWater/mywater_station/hydr/H/1021701/2022-11-22_2022-12-21.json,raw,100673,c761a94eb8eb7c4e4aa2a2111f05cdb89afd6b75499ad751612c0fe9024d92a0
01_raw/KWater/mywater_station/hydr/H/1021701/2022-12-22_2023-01-20.json,raw,104507,f1c6c624db09ac59db736fe871a49d4df0dc7430405d1e07cc32ce430caa8456
01_raw/KWater/mywater_station/hydr/H/1021701/2023-01-21_2023-02-19.json,raw,102984,789e706d08adba4e22a5760efb29d1bc381f08d9ea9cd4c3de48ead2460db28a
01_raw/KWater/mywater_station/hydr/H/1021701/2023-02-20_2023-03-21.json,raw,99465,9dbbabad57176b0689329e3bf7b1e08e090d06ab9f0f3ba79cf5efc2c7070f40
01_raw/KWater/mywater_station/hydr/H/1021701/2023-03-22_2023-04-20.json,raw,99738,3910e7a17003a96cec2634f1367ae00c3a1422431200f6a4d4816671b6deaec6
01_raw/KWater/mywater_station/hydr/H/1021701/2023-04-21_2023-05-20.json,raw,108879,91166ee91d44a8abb43e8116d3d8fd9182eea5c039caa88713cee90520f07177
01_raw/KWater/mywater_station/hydr/H/1021701/2023-05-21_2023-06-19.json,raw,101462,22835c0d747813c99ada5c75747476e5a1ad57834711d449d1263211ab81189a
01_raw/KWater/mywater_station/hydr/H/1021701/2023-06-20_2023-07-19.json,raw,111929,f70e69382f67aef3ed5d89ff9a338d3ed8773914e616f297e53f89bae6e58499
01_raw/KWater/mywater_station/hydr/H/1021701/2023-07-20_2023-08-18.json,raw,106231,d52fb999445ca61b08ed62c27fea37606899122c22f4882c7805ef1dd96ba02c
01_raw/KWater/mywater_station/hydr/H/1021701/2023-08-19_2023-09-17.json,raw,98911,ca040075cd10eeb1becdb5c07982e28d69140439755c93c120da4d038e586e21
01_raw/KWater/mywater_station/hydr/H/1021701/2023-09-18_2023-10-17.json,raw,95463,8a0f15050fe4b0dda1fe15912fae9d83ee78b0062c524f62e12e3dd177857e8b
01_raw/KWater/mywater_station/hydr/H/1021701/2023-10-18_2023-11-16.json,raw,98194,cd74ac3008c5680e12eeaf2b222aff2f7b8998e7d363f9e9019c4dbb192eb140
01_raw/KWater/mywater_station/hydr/H/1021701/2023-11-17_2023-12-16.json,raw,97921,309852705236842850be39217669356597b4fd99075890d07d7cc6a26e2602af
01_raw/KWater/mywater_station/hydr/H/1021701/2023-12-17_2024-01-15.json,raw,97314,3fe90d40460caa6f8baf95e5e286bcb9efc494164a64959ceebfca7e22046ab0
01_raw/KWater/mywater_station/hydr/H/1021701/2024-01-16_2024-02-14.json,raw,96734,93d44201d9a819490147e252616bbe06d8eff6e79046d83fbca2be399eb496f4
01_raw/KWater/mywater_station/hydr/H/1021701/2024-02-15_2024-03-15.json,raw,97327,092e4ba409cfd4fb1539a5c4a343666284d1674462d1f7861dd101e69561518f
01_raw/KWater/mywater_station/hydr/H/1021701/2024-03-16_2024-04-14.json,raw,98346,96c16d070fca5982de19a20f7a56c1a2932d967ae2e119c7de3554da3ed9925d
01_raw/KWater/mywater_station/hydr/H/1021701/2024-04-15_2024-05-14.json,raw,99258,eeacda4ef5039c7fceb35eeaa5aac089eb1ddfd6de962b4af9c4dacc49248ed5
01_raw/KWater/mywater_station/hydr/H/1021701/2024-05-15_2024-06-13.json,raw,96291,efcb0d73920958a5a41eede539de8b94638d9a64f7f6ad19acf066205145146f
01_raw/KWater/mywater_station/hydr/H/1021701/2024-06-14_2024-07-13.json,raw,97468,92a33ad8af45bb2f8249b17f50b5783c398514bcd43f9e15cd97802fff5a16ef
01_raw/KWater/mywater_station/hydr/H/1021701/2024-07-14_2024-08-12.json,raw,102244,1d8a58600ad67e899a1e6590a710dc008701484ab811721e4bf800a9a28c0bb1
01_raw/KWater/mywater_station/hydr/H/1021701/2024-08-13_2024-09-11.json,raw,98766,326e123d62d6e7c4a423cd3d21e4c9893ece2e064f65bc29f45caeb12be8ab0e
01_raw/KWater/mywater_station/hydr/H/1021701/2024-09-12_2024-10-11.json,raw,98588,3ab9516ef2d85dc09eb4cf11faaa816ded5e009b77f7409556bcc094c52e806e
01_raw/KWater/mywater_station/hydr/H/1021701/2024-10-12_2024-11-10.json,raw,97205,990fa1f05a36d9f7e1230ab532ca1e36ab6cbf992c01ef765de371388e4ddd65
01_raw/KWater/mywater_station/hydr/H/1021701/2024-11-11_2024-12-10.json,raw,98290,9f6c133f9b6ad0c26c69ec4ef624d2b4acb6bf6662e4ed7650c360efc63a9c2c
01_raw/KWater/mywater_station/hydr/H/1021701/2024-12-11_2025-01-09.json,raw,97349,99db30cb3e8709fd23c6c3bdc8de9b7ca52a5df92f578b9e619122eaf363f964
01_raw/KWater/mywater_station/hydr/H/1021701/2025-01-10_2025-02-08.json,raw,96418,bd2b1a30ca3e0b9584b18afd27b023c6e2254b93ddadacb73857cbb0efc12eb3
01_raw/KWater/mywater_station/hydr/H/1021701/2025-02-09_2025-03-10.json,raw,95450,f1a3f7bef06c546dee8bd72b4f83c4ab3c0f1f085ae1fdcac549022230a2ea6b
01_raw/KWater/mywater_station/hydr/H/1021701/2025-03-11_2025-04-09.json,raw,95895,38ddfe1d3aeb9c87b556a0fa94d6244a3e15d6de2b199e7d7123dfa128fa2055
01_raw/KWater/mywater_station/hydr/H/1021701/2025-04-10_2025-05-09.json,raw,98413,1492c84566c9f727535ee76bde2635eae4bf8a88838373f2b9e9a9936ddd95bc
01_raw/KWater/mywater_station/hydr/H/1021701/2025-05-10_2025-06-08.json,raw,99035,b3892640b8fdca74b0cbce60cfd510ca6e63d984f263be6dd08483af10fed4ed
01_raw/KWater/mywater_station/hydr/H/1021701/2025-06-09_2025-07-08.json,raw,100485,0c365e8f303bfa75efabb6ad25c58928beefc439554423756b818d7fde8dbfbc
01_raw/KWater/mywater_station/hydr/H/1021701/2025-07-09_2025-08-07.json,raw,99465,a64a3dc19b957db5cbab744ca31e747d866c832cdb0df544fc798f1eae0b1477
01_raw/KWater/mywater_station/hydr/H/1021701/2025-08-08_2025-09-06.json,raw,100735,658e94b6d1626e8f269eb3a5a9026e89babdb6eb3444093199ee5db734d2bedd
01_raw/KWater/mywater_station/hydr/H/1021701/2025-09-07_2025-10-06.json,raw,99528,d85bb1ed8d455958585ba1b29c2b15ab69ddb7edf71aaed8e900c827bb0ee493
01_raw/KWater/mywater_station/hydr/H/1021701/2025-10-07_2025-11-05.json,raw,99742,359e6a3046b58252a0efd645909d0c14e24e8236aedd23f30448fef6f38e8df4
01_raw/KWater/mywater_station/hydr/H/1021701/2025-11-06_2025-12-05.json,raw,97117,2c3ebb57bd7781889d8194c62295cafbdc95d9612d7d88df634208df485743ed
01_raw/KWater/mywater_station/hydr/H/1021701/2025-12-06_2026-01-04.json,raw,97337,91a08f117c43a410cf9e81f02c3e161283e3cbb085f9cf18b10e1a1df72f58cd
01_raw/KWater/mywater_station/hydr/H/1021701/2026-01-05_2026-02-03.json,raw,95454,2e1af592ee690c0488f7a60c6087ae1758026f6163ec9ead7764463ce76f26f8
01_raw/KWater/mywater_station/hydr/H/1021701/2026-02-04_2026-03-05.json,raw,95653,0507c1d958c1b710757ccc4b9904ae7782c98f9f2351a10ffdd901e5f6d5d97b
01_raw/KWater/mywater_station/hydr/H/1021701/2026-03-06_2026-04-04.json,raw,95802,4c44121ddb7779dce077dfc28d54ac7134ee2afef9c55a056b1bb9f78f564437
01_raw/KWater/mywater_station/hydr/H/1021701/2026-04-05_2026-05-04.json,raw,97552,edfbe66354e68e3c25c304622a40cdae4fa9fadadfcadecc1c606520011f985c
01_raw/KWater/mywater_station/hydr/H/1021701/2026-05-05_2026-06-03.json,raw,97021,93012fd7b4252872ee5046887f237db4cfcac24174f557d0c3eca0c866042e8f
01_raw/KWater/mywater_station/hydr/H/1021701/2026-06-04_2026-07-03.json,raw,97773,22fddf44982d34bc0a4407b53d4260c22f5f1f1f5658f8b4229e7997af85fe9c
01_raw/KWater/mywater_station/hydr/H/1021701/2026-07-04_2026-08-02.json,raw,101851,b89a0220d0da3bc86986e1c8b9805ec2408a0d2bef1fbf67e92ebade73de9a54
01_raw/KWater/mywater_station/hydr/H/1021701/2026-08-03_2026-09-01.json,raw,96715,121b776b740fcfae3edf5b720eb3e26c8cdce24353c348224c1aafa6a039d72a
01_raw/KWater/mywater_station/hydr/H/1021701/2026-09-02_2026-09-28.json,raw,88478,e7a5af090cfef85c43c9c2d928edc39c27dd1ebfc4c6f35de0137835635d3008
01_raw/KWater/mywater_station/hydr/H/1022701/2021-01-01_2021-01-30.json,raw,96386,7cfd27ff7f4cde7297aa9826284850d752f4b9dd951a2d2f5c1ebb66e9f8272f
01_raw/KWater/mywater_station/hydr/H/1022701/2021-01-31_2021-03-01.json,raw,96280,7949f350c4c712172e3f2ede970d6416a1eac1f86cf180d04d6c33bae3586abf
01_raw/KWater/mywater_station/hydr/H/1022701/2021-03-02_2021-03-31.json,raw,96707,106251b480875ebc594c95160fed5ef1e49d2ee9d91242d7fc2d5b414afe14d5
01_raw/KWater/mywater_station/hydr/H/1022701/2021-04-01_2021-04-30.json,raw,97016,538d1838abcaba17b0feaf8f5551f50740e4aa4d83b2dcbeec3cdd07013b87a9
01_raw/KWater/mywater_station/hydr/H/1022701/2021-05-01_2021-05-30.json,raw,97887,88af672c1df7da6385334524a0c9f999790266fe371929bbbe116249a4036384
01_raw/KWater/mywater_station/hydr/H/1022701/2021-05-31_2021-06-29.json,raw,97305,3ce98dc4517a6e4cb2fab47b4988d835dde0ed2c6d3fe70b5fba27de6b52d4f0
01_raw/KWater/mywater_station/hydr/H/1022701/2021-06-30_2021-07-29.json,raw,96804,8ae46bf7107e604d650c9bded20d0cb7200da819c2613e30acf21836ef20bbe3
01_raw/KWater/mywater_station/hydr/H/1022701/2021-07-30_2021-08-28.json,raw,96898,ba08ca98a9378e769f99a5a0cae0f614e7ba35909dc8208b96a79a46403b142a
01_raw/KWater/mywater_station/hydr/H/1022701/2021-08-29_2021-09-27.json,raw,97277,fc0f373d05add75721296b3f87da9c32a57596253d51470ab0f61b4f1f0da500
01_raw/KWater/mywater_station/hydr/H/1022701/2021-09-28_2021-10-27.json,raw,98708,7b7523637d51f58f6aa1bfc3371e8a3e2022b8d19813905e48abd63f6f9ae48b
01_raw/KWater/mywater_station/hydr/H/1022701/2021-10-28_2021-11-26.json,raw,97435,6b27ab30361739aad52fe1847c19cd4593cae436a6210a26f1c02ecee7487755
01_raw/KWater/mywater_station/hydr/H/1022701/2021-11-27_2021-12-26.json,raw,104574,0692ab3c3f53397516c2b1a4c6611847192738670980f983216245a83123f36a
01_raw/KWater/mywater_station/hydr/H/1022701/2021-12-27_2022-01-25.json,raw,107842,ad9d2b7216513f37c330c4538322a6939933a477c35c0c09d0ab34f47d51ff00
01_raw/KWater/mywater_station/hydr/H/1022701/2022-01-26_2022-02-24.json,raw,99898,a7c845714e639602bdefe35af36742c96828994a32ab95aaee03dc68fd06080f
01_raw/KWater/mywater_station/hydr/H/1022701/2022-02-25_2022-03-26.json,raw,97420,6726b2612f6aee00ed859784722592bafc0a871752c44c7d461b7f1990d6da7f
01_raw/KWater/mywater_station/hydr/H/1022701/2022-03-27_2022-04-25.json,raw,98665,b7a4fb0c8121996623530a729d6acd4490b2566b4cd89102a00787217a651f6c
01_raw/KWater/mywater_station/hydr/H/1022701/2022-04-26_2022-05-25.json,raw,98717,eaeca220a4a33542abd682fc1a487d01698d899e548f635e3143718cefedcbd5
01_raw/KWater/mywater_station/hydr/H/1022701/2022-05-26_2022-06-24.json,raw,99057,f05ed202688fdb99e7e3f4a1d19f5eb9b135f2e8fba225e2256d85041cf693bd
01_raw/KWater/mywater_station/hydr/H/1022701/2022-06-25_2022-07-24.json,raw,102710,8e7179e237c6d563e8291ec219b539716a00704352d6b24cb928c81138629c66
01_raw/KWater/mywater_station/hydr/H/1022701/2022-07-25_2022-08-23.json,raw,111312,1bd8efd0760fd52e855af7ee2bcca93c43e2c2c81b90d6915d68448513a21637
01_raw/KWater/mywater_station/hydr/H/1022701/2022-08-24_2022-09-22.json,raw,100448,83bd66dd477d0d4efc9a3ffdeecaa5b818002e8713d91e310ec0b6f73a5ed1b9
01_raw/KWater/mywater_station/hydr/H/1022701/2022-09-23_2022-10-22.json,raw,100053,feed25a95af53a5a38678f31b8d84256dcc155b1e714fb869006b47a6d1e1829
01_raw/KWater/mywater_station/hydr/H/1022701/2022-10-23_2022-11-21.json,raw,98687,48819a5fa5f3c475cb098505aec5ae38c47c61a66a21647e1d35b35df20a577c
01_raw/KWater/mywater_station/hydr/H/1022701/2022-11-22_2022-12-21.json,raw,99123,9bf2058b77303928e3085dda12228af8edd0600e96fdf25397ae5b5eecc51d81
01_raw/KWater/mywater_station/hydr/H/1022701/2022-12-22_2023-01-20.json,raw,99248,dd81f589589c527be1f4da411fda9828a87d92461367c3f202408507cac1015e
01_raw/KWater/mywater_station/hydr/H/1022701/2023-01-21_2023-02-19.json,raw,98966,f890392d93cab9857b05d264ea146baeb5b9514073c42c0e8a72f52750b759e5
01_raw/KWater/mywater_station/hydr/H/1022701/2023-02-20_2023-03-21.json,raw,98045,99029412c491048ac55d1f8c200ca7d2edb092947bca57db987ec3b6096952cc
01_raw/KWater/mywater_station/hydr/H/1022701/2023-03-22_2023-04-20.json,raw,98791,58c8a0f1027f167b05ca28970f36402233299f5feae27f66c07cccf08fed63c4
01_raw/KWater/mywater_station/hydr/H/1022701/2023-04-21_2023-05-20.json,raw,100002,ff4a6d2ed66c1438ec3d4e9a7b3b6297a6067f05d774a591617a37bbedf58afc
01_raw/KWater/mywater_station/hydr/H/1022701/2023-05-21_2023-06-19.json,raw,99466,4b96b88cd99aefe350b79e3b3d789d5253f98206b7d31cab6c36372099b8be41
01_raw/KWater/mywater_station/hydr/H/1022701/2023-06-20_2023-07-19.json,raw,102024,1c372a255a2162d65ba6fee99323cd9f46ddc3826bf426cf9ee6c41a25609b07
01_raw/KWater/mywater_station/hydr/H/1022701/2023-07-20_2023-08-18.json,raw,101566,db60accf26d0ec0a8b30758b0aede5000716f5d8ef50bbb5878d1ba5fdc76175
01_raw/KWater/mywater_station/hydr/H/1022701/2023-08-19_2023-09-17.json,raw,101782,7e3ca9cc1141a9a6b174d32713f89d0fcb9026401c4150e6de0a489be26579d2
01_raw/KWater/mywater_station/hydr/H/1022701/2023-09-18_2023-10-17.json,raw,99875,2e1f15074799f443da5fc31d44b32ad65c9220d62aebc4039c0ed5a3ac79b571
01_raw/KWater/mywater_station/hydr/H/1022701/2023-10-18_2023-11-16.json,raw,99203,46e12f6305b309dce61bc06ce98de1ca51b29d43f3a989bf63a18fee625c8ca4
01_raw/KWater/mywater_station/hydr/H/1022701/2023-11-17_2023-12-16.json,raw,99070,16fccac58e8785a7215578ebd5649658a959992a47e3103c228ad0c5bdc2b6ba
01_raw/KWater/mywater_station/hydr/H/1022701/2023-12-17_2024-01-15.json,raw,99536,9b08871364c396db218c4e9e616f3a36e6c768893b07f832915b6c80b607cc5c
01_raw/KWater/mywater_station/hydr/H/1022701/2024-01-16_2024-02-14.json,raw,98179,a3a8e5264e13bf4c70462e7543e4e294d8ed85cc717484c9fe5af6b7eb55d2e6
01_raw/KWater/mywater_station/hydr/H/1022701/2024-02-15_2024-03-15.json,raw,99365,e1475f9d8ebfaa7583d696b63fcef25e229406330f194399dce671cdf40f24fc
01_raw/KWater/mywater_station/hydr/H/1022701/2024-03-16_2024-04-14.json,raw,98821,c99704b674c1c4af247ce4fd4e61c831e6c214fcc5c5fd087244d6c110bf2230
01_raw/KWater/mywater_station/hydr/H/1022701/2024-04-15_2024-05-14.json,raw,99101,1f640cf54c18aa2180558b02091e1f06f4dfc53b072121e2bfa53567493f318c
01_raw/KWater/mywater_station/hydr/H/1022701/2024-05-15_2024-06-13.json,raw,98930,3e5ccc5694fdf363b7628864e4c8d263e59b534e45e378c43c286896f3b22470
01_raw/KWater/mywater_station/hydr/H/1022701/2024-06-14_2024-07-13.json,raw,99288,16a11ec9417321a458314849038316a6c4f8d63b6f4821d79238acad85514803
01_raw/KWater/mywater_station/hydr/H/1022701/2024-07-14_2024-08-12.json,raw,102578,2597bb56e6d97e97a6aa033c98d7029c495e7910de47fa522c65fcad2191baa8
01_raw/KWater/mywater_station/hydr/H/1022701/2024-08-13_2024-09-11.json,raw,99320,82f8fdded6af282addbd74f98c6cc3d9cced6917b114181bc3e728ac29a4e87f
01_raw/KWater/mywater_station/hydr/H/1022701/2024-09-12_2024-10-11.json,raw,99408,3e21ca40592596c723a72078606e6b73648ca8655892c19ba7af2fca4a9493d9
01_raw/KWater/mywater_station/hydr/H/1022701/2024-10-12_2024-11-10.json,raw,98424,c02e66adaaae60d07eaff5b0053c30ae005cac56af8ce340ad10cc9cd6f84d3e
01_raw/KWater/mywater_station/hydr/H/1022701/2024-11-11_2024-12-10.json,raw,98213,752942b3423873fd6eb28db93c8791a9cdecc3d99bcdb552552ee8f30497afb5
01_raw/KWater/mywater_station/hydr/H/1022701/2024-12-11_2025-01-09.json,raw,98460,3f621f1923cb367ac79ba0538482ae9897bc65a8f01f1b576f4a4cae4ea41836
01_raw/KWater/mywater_station/hydr/H/1022701/2025-01-10_2025-02-08.json,raw,99207,6132e83e12dd135126458e0b72df9f1e056459529ba6e448b0f8f712e0736297
01_raw/KWater/mywater_station/hydr/H/1022701/2025-02-09_2025-03-10.json,raw,98568,9fb291f5cd3272e76e2db1c597c937681f6d7cd07cda5d88088de874fdb94e3e
01_raw/KWater/mywater_station/hydr/H/1022701/2025-03-11_2025-04-09.json,raw,98040,2cce80c0ff3d717b378783a6f34f513123eb969d87c6a41f2f721d0512551514
01_raw/KWater/mywater_station/hydr/H/1022701/2025-04-10_2025-05-09.json,raw,98539,cef5db65122c79ef0f2c8b27943634915ddd4720a0057718cc3121fc2cf205b7
01_raw/KWater/mywater_station/hydr/H/1022701/2025-05-10_2025-06-08.json,raw,98181,cafc473171676be63fe7bbb8a56b2d5af1e3c1c05e0bd2b4be803baf35a1bb08
01_raw/KWater/mywater_station/hydr/H/1022701/2025-06-09_2025-07-08.json,raw,99199,22bbaf2eb265fc08718976f56c698969e710a5ab254e8f3b454051a001ab9c5a
01_raw/KWater/mywater_station/hydr/H/1022701/2025-07-09_2025-08-07.json,raw,99311,df57ad3e8c5ae07f671889c3feeeeb0bfc5fa821679f6610250ff3c200f314a9
01_raw/KWater/mywater_station/hydr/H/1022701/2025-08-08_2025-09-06.json,raw,100190,087c11865a87ab6c2bcdb6a4adcb206aad522fc0fbd85672ba2e4e373c96371f
01_raw/KWater/mywater_station/hydr/H/1022701/2025-09-07_2025-10-06.json,raw,99784,4c82bca544233635dd4a88c2933290a3fdca622c20d32ec73f0eccf958782026
01_raw/KWater/mywater_station/hydr/H/1022701/2025-10-07_2025-11-05.json,raw,99781,b90675e34c66424be29d85ff2f981ba283b7431747f99f777659fe2515158c6a
01_raw/KWater/mywater_station/hydr/H/1022701/2025-11-06_2025-12-05.json,raw,99325,b10556ca9abf5f6a02e0109674b2e62b7ff26590ff354b9a66aabd6c5d950933
01_raw/KWater/mywater_station/hydr/H/1022701/2025-12-06_2026-01-04.json,raw,98780,53dc26b77b4aa90d2e37d26fcd424b8bc2e9fed80ab57a206125fbee1967a4ee
01_raw/KWater/mywater_station/hydr/H/1022701/2026-01-05_2026-02-03.json,raw,97555,6279de0304f394253e9d5ad728b9907873051cc6c3bf62f9cf379259634bf7b6
01_raw/KWater/mywater_station/hydr/H/1022701/2026-02-04_2026-03-05.json,raw,97064,bb4321c7baed2a38ce063a8e2b36ea66bebf940b195fd80a60e087fd50ac1d60
01_raw/KWater/mywater_station/hydr/H/1022701/2026-03-06_2026-04-04.json,raw,96830,18369eeda5779c5aefca3c6da6e61bb9ce4db9395828a793d68b35e815663a77
01_raw/KWater/mywater_station/hydr/H/1022701/2026-04-05_2026-05-04.json,raw,97288,c5b393ea5bb660dbe17eafaea18bac8657af420a1d425a81023e9f6c5db4f717
01_raw/KWater/mywater_station/hydr/H/1022701/2026-05-05_2026-06-03.json,raw,97565,45260b1606a3e5f8c88acb4623803bcf0d2ae2a5588fa3d7747db26937224d0d
01_raw/KWater/mywater_station/hydr/H/1022701/2026-06-04_2026-07-03.json,raw,97499,231711070be4ebfbd0bae85b0911efa14d7b55a945c2b650b7e0b1882d404fee
01_raw/KWater/mywater_station/hydr/H/1022701/2026-07-04_2026-08-02.json,raw,101279,2e297c05c35251ab43c7356b07b801a9e19ca667cd13c9c3fbcdc2189e64a3e9
01_raw/KWater/mywater_station/hydr/H/1022701/2026-08-03_2026-09-01.json,raw,97590,f0cc25165ae371ebcf353078acde01d2788f669715454cb1b985fe2676ff2195
01_raw/KWater/mywater_station/hydr/H/1022701/2026-09-02_2026-09-28.json,raw,87392,bdfea4284ecd2a97af753dd026c2b32e69a5ff88aabbb2f24d2099d7c8cca1d4
01_raw/KWater/mywater_station/rain/A/1001210/2021-01-01_2021-01-30.json,raw,560,95cb7568ba35b1f613fe823b2dd0cd775d7bd613f217eeae0a562ca0f95da1fa
01_raw/KWater/mywater_station/rain/A/1001210/2021-01-31_2021-03-01.json,raw,562,33a6e7f10a16d69cb4ddce2b2e3d2a06a3a47d7a159a4adc54b8ac625cee0ac5
01_raw/KWater/mywater_station/rain/A/1001210/2021-03-02_2021-03-31.json,raw,561,1ec4388d2685f455ab758e5d9f86a53ea1333fbbcef39f27ceaad420947f0bad
01_raw/KWater/mywater_station/rain/A/1001210/2021-04-01_2021-04-30.json,raw,564,9fbb7d652b52ab019da0b7ec613caad786607da4d4b6072e37f42a10d4a0efb0
01_raw/KWater/mywater_station/rain/A/1001210/2021-05-01_2021-05-30.json,raw,564,18902cf99db3ff08cab5aab54fa423a5f06055f45812be7cec4a4704dedd5802
01_raw/KWater/mywater_station/rain/A/1001210/2021-05-31_2021-06-29.json,raw,564,1c8e1c22962b044b5981cf116f34044ac765b0ced030ab58663ed2b518549416
01_raw/KWater/mywater_station/rain/A/1001210/2021-06-30_2021-07-29.json,raw,564,76ddede72135e51deefd9b36b73326c29ae5767e40dd511e5bdf51429dfa2ffa
01_raw/KWater/mywater_station/rain/A/1001210/2021-07-30_2021-08-28.json,raw,564,5e020ab21b1cb7482c8422da6b7dc810d176831e3b79a1531ffca155691998b9
01_raw/KWater/mywater_station/rain/A/1001210/2021-08-29_2021-09-27.json,raw,565,676c5294cb8a4294460458dc10cb6b43e0ca85906f075c9301ddbc5d4fd213a2
01_raw/KWater/mywater_station/rain/A/1001210/2021-09-28_2021-10-27.json,raw,566,e9c96bec454431fd48f976b29ab0ef67addd60016232376f425a973ba2a5027b
01_raw/KWater/mywater_station/rain/A/1001210/2021-10-28_2021-11-26.json,raw,566,8f80207730b517da89764e4c8c5c1913424800fdd9cf80e617ebdcdfc33e6f33
01_raw/KWater/mywater_station/rain/A/1001210/2021-11-27_2021-12-26.json,raw,565,8d9232a38746f470c9f137b7c83eb18a177129f70661cfe4baf36f6f070f73b6
01_raw/KWater/mywater_station/rain/A/1001210/2021-12-27_2022-01-25.json,raw,560,91ab75561534d98a065c976418564f87281460cd6091bfe62af5c1fd9a91ade2
01_raw/KWater/mywater_station/rain/A/1001210/2022-01-26_2022-02-24.json,raw,560,b9972c380ebe624e2bde8eb448947038744efc4cd5da0aa413ffb70dc1ba12e3
01_raw/KWater/mywater_station/rain/A/1001210/2022-02-25_2022-03-26.json,raw,562,425957302a2a955943353f558bf6c519faa08ef55016ab9483989f86e5f3bfb8
01_raw/KWater/mywater_station/rain/A/1001210/2022-03-27_2022-04-25.json,raw,564,b58a5fc1da88a8b2308f7c688879b8e68aa509a9a73094edbf32190f7848500c
01_raw/KWater/mywater_station/rain/A/1001210/2022-04-26_2022-05-25.json,raw,564,b2aabc1af4de3eb9431faae898677e819a549b737c16f724c4022b78a8925ab6
01_raw/KWater/mywater_station/rain/A/1001210/2022-05-26_2022-06-24.json,raw,564,0736122810842a9fc88986a440b82f74e107b8bbdf7d7d7d7ce3a9b5d7734a03
01_raw/KWater/mywater_station/rain/A/1001210/2022-06-25_2022-07-24.json,raw,564,5f3440b0c604f8552ff8568c0b7799c6c493dc57b1f9547a9a589903c07a264d
01_raw/KWater/mywater_station/rain/A/1001210/2022-07-25_2022-08-23.json,raw,564,0183222ec2e6db339f3ced17c3306aae2d2bd0b07e859859e97e565c98fae2b2
01_raw/KWater/mywater_station/rain/A/1001210/2022-08-24_2022-09-22.json,raw,564,1aebd995a0929f6e84457a7fea784ab54eebac5da3ad279ee7824aed1a887214
01_raw/KWater/mywater_station/rain/A/1001210/2022-09-23_2022-10-22.json,raw,565,b8804529204a7a327b701a3dc2a1b57d8e1ab2e01565b580ff39533598a0aa15
01_raw/KWater/mywater_station/rain/A/1001210/2022-10-23_2022-11-21.json,raw,565,25ddcc26fdcf436939c748c35a43e2bbc92f03e61292dee855115c28fb2af8e1
01_raw/KWater/mywater_station/rain/A/1001210/2022-11-22_2022-12-21.json,raw,566,bfb45db1dc7a894b9b96abdd5ec7bde73d038836d38d9b766181e0f92dbe5d0d
01_raw/KWater/mywater_station/rain/A/1001210/2022-12-22_2023-01-20.json,raw,562,cb19ae2b27d0098b6bd7bdd0d91b07983e3e7e7fbf2d34fe3f8215b1ed8e49f5
01_raw/KWater/mywater_station/rain/A/1001210/2023-01-21_2023-02-19.json,raw,561,6a3e60a64d75f9ef1515bb65fc9d92e91c4194269a806607ed4c74aadd447e13
01_raw/KWater/mywater_station/rain/A/1001210/2023-02-20_2023-03-21.json,raw,562,aebad3906985c4f77c0245aa9a2b64549842827be83d3d69f04b7146bca3a109
01_raw/KWater/mywater_station/rain/A/1001210/2023-03-22_2023-04-20.json,raw,562,cfd66c3e0024944912f68700e5e983a13f08b514e25503cd1e4ec841ab3af5f8
01_raw/KWater/mywater_station/rain/A/1001210/2023-04-21_2023-05-20.json,raw,564,0b703b4f2b5fad9b1ec3022e41263841b79c86c51e42c49cd0e359de67c31e0a
01_raw/KWater/mywater_station/rain/A/1001210/2023-05-21_2023-06-19.json,raw,564,3b03250555dab3d0ea39dc6c2b6c4af328e279158d8c31421c25f6ca5c59c2f0
01_raw/KWater/mywater_station/rain/A/1001210/2023-06-20_2023-07-19.json,raw,564,986e1b01c0cd350d03af039aa7667d5e45725ecd2895e1f367bd05e76ebd30c3
01_raw/KWater/mywater_station/rain/A/1001210/2023-07-20_2023-08-18.json,raw,564,a6a419a213611a691a41dfe5c0992da7eacbd4b2fac4ab73c6bae8980069c769
01_raw/KWater/mywater_station/rain/A/1001210/2023-08-19_2023-09-17.json,raw,564,9f28e121836d61a6f7352dcd997a58166a4c080a89e35b592375ae9862f2f27c
01_raw/KWater/mywater_station/rain/A/1001210/2023-09-18_2023-10-17.json,raw,566,ac90536c3c9bfe0cda9797a8044a8d461b72ef90e4ad8a328c1fe7f761939318
01_raw/KWater/mywater_station/rain/A/1001210/2023-10-18_2023-11-16.json,raw,566,b346181819e545977cadb2f306436c2f19e22fccc6e129f283570be746c03536
01_raw/KWater/mywater_station/rain/A/1001210/2023-11-17_2023-12-16.json,raw,566,3b3bcea2e172d8ebd73fe4801df550e6120a3692f8c744ab37d7fa263ea45c34
01_raw/KWater/mywater_station/rain/A/1001210/2023-12-17_2024-01-15.json,raw,559,c682dada08f71dba636f5f6bdbb24f5b1aa0e0b813a1b1621eaa0c8094debd64
01_raw/KWater/mywater_station/rain/A/1001210/2024-01-16_2024-02-14.json,raw,562,3962ce986bab660a06242dc105173cb015caaf7a933239fccc145490d42824a5
01_raw/KWater/mywater_station/rain/A/1001210/2024-02-15_2024-03-15.json,raw,564,2259a7aa43129d78949cb06d909b063fb0092764b3bde98a4e53f721aab49847
01_raw/KWater/mywater_station/rain/A/1001210/2024-03-16_2024-04-14.json,raw,564,9f2e775d9dd0591f311b1783c99c72a89f7706428290e5fcaf862205a30adb27
01_raw/KWater/mywater_station/rain/A/1001210/2024-04-15_2024-05-14.json,raw,564,12d4af91a27abf99165d9c348e3f02aee061a453a03d1834b2be07acae052839
01_raw/KWater/mywater_station/rain/A/1001210/2024-05-15_2024-06-13.json,raw,564,37198d264ae42e9faca934de77fc5ae17d80cfbb838ceab3b716310b837997a3
01_raw/KWater/mywater_station/rain/A/1001210/2024-06-14_2024-07-13.json,raw,564,7c179815759385b1a02b42002da63fa858b9000f48338f021bf8d78502045bb0
01_raw/KWater/mywater_station/rain/A/1001210/2024-07-14_2024-08-12.json,raw,564,ea44043f364f95c18920c3e19def0e698e5181b73bd3e7e6e250b87abcb9d7ed
01_raw/KWater/mywater_station/rain/A/1001210/2024-08-13_2024-09-11.json,raw,564,6bc458e3e3fd33c50e2e785fc5afcb04bdaaa2fa41459db4ed2a8df2b1bf5191
01_raw/KWater/mywater_station/rain/A/1001210/2024-09-12_2024-10-11.json,raw,566,974cd93502a6083d968378d4a949073fcddea5df3e5aa31385e47682e8620e80
01_raw/KWater/mywater_station/rain/A/1001210/2024-10-12_2024-11-10.json,raw,566,32c8cbddb3277a44b37b1255712141123587fd674dfc6d4e8abfcb083e902ec0
01_raw/KWater/mywater_station/rain/A/1001210/2024-11-11_2024-12-10.json,raw,566,8b9487fd7880ed27f822ee3e82fc47cf9fe89e395c36fd884d10ba09ccef1201
01_raw/KWater/mywater_station/rain/A/1001210/2024-12-11_2025-01-09.json,raw,560,ceb15b665ee35056369c7cd6e4343408d920c4eda65ac5268fe236b1e24a08f9
01_raw/KWater/mywater_station/rain/A/1001210/2025-01-10_2025-02-08.json,raw,561,59ddaedcdfa1af9719f2cfb1bb0a8f4fa76586265a9338f28d4faa0eb0a686b4
01_raw/KWater/mywater_station/rain/A/1001210/2025-02-09_2025-03-10.json,raw,562,3f709405b3aff05230037cf97bb43de52d64f68806c78cf2a9d6456b3ecbde55
01_raw/KWater/mywater_station/rain/A/1001210/2025-03-11_2025-04-09.json,raw,564,8a1ac9ecc50900ba0516823ca467026754a2d9578604bff8a97f49ea7551a86a
01_raw/KWater/mywater_station/rain/A/1001210/2025-04-10_2025-05-09.json,raw,563,e04040001874225c3d8a4ed8b518927aedee92d63546bf8243fbef34f5c25158
01_raw/KWater/mywater_station/rain/A/1001210/2025-05-10_2025-06-08.json,raw,564,bc1725d9143983a8ef74eaf610586b5810004141f4259d3f55cc3911b25a2a14
01_raw/KWater/mywater_station/rain/A/1001210/2025-06-09_2025-07-08.json,raw,564,9eb64420a4d0143832ae6f3910f2853670d317af3b395d2eefc1b8752bf8fe28
01_raw/KWater/mywater_station/rain/A/1001210/2025-07-09_2025-08-07.json,raw,563,67f4dff92a678d206e58a2bdd6a22c9e98141cd2a11d448e05f48fabbcef3d02
01_raw/KWater/mywater_station/rain/A/1001210/2025-08-08_2025-09-06.json,raw,564,c66b09536380142ccb0eac5c1c59b915f294d20a7c9afff1e4291a4178fa722e
01_raw/KWater/mywater_station/rain/A/1001210/2025-09-07_2025-10-06.json,raw,564,deb5cf87cc376f77aa04b8a9faf7e11645829ce0eae0927782b52cb1e75e977b
01_raw/KWater/mywater_station/rain/A/1001210/2025-10-07_2025-11-05.json,raw,564,0976cb0d83478b0730dd0022ebdc46498b0d98c24359e737fa8e2d9502ea19f7
01_raw/KWater/mywater_station/rain/A/1001210/2025-11-06_2025-12-05.json,raw,564,fb1bb17cacaaf03ac7c5282861b763fdedb9c9be0d13918143d637d21ae80877
01_raw/KWater/mywater_station/rain/A/1001210/2025-12-06_2026-01-04.json,raw,560,009bc684d1ef8457e0a2369554d44f580293f258f9a1e64a97785ba4f80fc702
01_raw/KWater/mywater_station/rain/A/1001210/2026-01-05_2026-02-03.json,raw,560,f7a62fbdfc2b26bc8eda31063a62ddd366f6fde9822936940e8e7469efa50174
01_raw/KWater/mywater_station/rain/A/1001210/2026-02-04_2026-03-05.json,raw,561,c2360a8cd62d4cb3d5498e8e37e421cdabb7b516007112838ae547e3054a00cf
01_raw/KWater/mywater_station/rain/A/1001210/2026-03-06_2026-04-04.json,raw,564,5cf733dd11313152758cd087a2568412c2a0feb1a6011e65c687443a461c1a57
01_raw/KWater/mywater_station/rain/A/1001210/2026-04-05_2026-05-04.json,raw,564,45ea11bca9a9b5eb6317bc6632c149dc9feea0ee414dd4495242510f1e94d099
01_raw/KWater/mywater_station/rain/A/1001210/2026-05-05_2026-06-03.json,raw,564,a4c7657752003978bc73e9d332be9b7a80e00dd65ecf990204163aae6eba56f8
01_raw/KWater/mywater_station/rain/A/1001210/2026-06-04_2026-07-03.json,raw,564,499581d0423ac0c76b683940ae15f9c578fe41f61e423d56b1b33694703b0e3f
01_raw/KWater/mywater_station/rain/A/1001210/2026-07-04_2026-08-02.json,raw,564,1da258dc0fc98fb3b24650e70eaf916bb8abacc67ecf577712a261b1b2f42315
01_raw/KWater/mywater_station/rain/A/1001210/2026-08-03_2026-09-01.json,raw,564,f962519ea84912beede1e5a6465d5fbd32ca11b08b3fc827a8101aabfa551df0
01_raw/KWater/mywater_station/rain/A/1001210/2026-09-02_2026-09-28.json,raw,564,d322f500cc73ec2070230386b4055f872045653e0c10561d9511a1494b3c7894
01_raw/KWater/mywater_station/rain/A/1003110/2021-01-01_2021-01-30.json,raw,4381,44abfcd789fcd99f4333be5f7bff2527f0446f1fac60caa7812c98f76a446188
01_raw/KWater/mywater_station/rain/A/1003110/2021-01-31_2021-03-01.json,raw,4408,6bdd0ccfe7fef8d4f9f1d7644569fd43df04aa10e598c76cb726d1877f533adb
01_raw/KWater/mywater_station/rain/A/1003110/2021-03-02_2021-03-31.json,raw,4429,0c2a530ec08b391714a521b785d433512e09539eed278af8a351a1e108ac1c2c
01_raw/KWater/mywater_station/rain/A/1003110/2021-04-01_2021-04-30.json,raw,4442,9093752552d80037f2e58567440e4d6e675f5c1105914dc4630db3134c966382
01_raw/KWater/mywater_station/rain/A/1003110/2021-05-01_2021-05-30.json,raw,4442,2c89873223a29aabdaa71f77193ceeff38b5a4ff062bf876b407d3690ea49951
01_raw/KWater/mywater_station/rain/A/1003110/2021-05-31_2021-06-29.json,raw,4445,72aefae6f992b9203dbb59b454ea646de02fb160197dc93894acb00c30c4ae9f
01_raw/KWater/mywater_station/rain/A/1003110/2021-06-30_2021-07-29.json,raw,4442,14d7c1b160a10049d52b65818c39ac89bf497734409e61aefc5970d38cea693c
01_raw/KWater/mywater_station/rain/A/1003110/2021-07-30_2021-08-28.json,raw,4441,3cacff86c5163455c7be5b936bc98f2f61706fea9d6053567bcae2c0a79b4c93
01_raw/KWater/mywater_station/rain/A/1003110/2021-08-29_2021-09-27.json,raw,4461,a42b449b5a1e299523a3030b72cc94bf0b1879601d429e1ce262f2e9e4ccedcf
01_raw/KWater/mywater_station/rain/A/1003110/2021-09-28_2021-10-27.json,raw,4469,be065ba3b4bdd127b16721f22d4b0c5e03f6616736d54d783d2030305785517f
01_raw/KWater/mywater_station/rain/A/1003110/2021-10-28_2021-11-26.json,raw,4471,67d790f9b5e025f994780e69a539e41d1dba31124413f46621e4dae46dd828a1
01_raw/KWater/mywater_station/rain/A/1003110/2021-11-27_2021-12-26.json,raw,4476,78035824e7bc3eab4b1611873f14291d7d5c76aea5bc24b46fca16e1e10da0e1
01_raw/KWater/mywater_station/rain/A/1003110/2021-12-27_2022-01-25.json,raw,4369,e77953100323990e8e072564e4d32e2500daf41ecbb7dfbe51896bfb6c5c4de4
01_raw/KWater/mywater_station/rain/A/1003110/2022-01-26_2022-02-24.json,raw,4370,f7c777569be53acb6b8630135f97375dc1cc01d7aee19cf54a4bc16130f98291
01_raw/KWater/mywater_station/rain/A/1003110/2022-02-25_2022-03-26.json,raw,4410,d37465914e3699b7770ed229cd949447cb8476af30bb5a27374694dc5e1b9502
01_raw/KWater/mywater_station/rain/A/1003110/2022-03-27_2022-04-25.json,raw,4429,ab7e13398e80ce2ddc2c51129c5ac48a9c8cc07d254dfcd39b67b1d60e86bf7b
01_raw/KWater/mywater_station/rain/A/1003110/2022-04-26_2022-05-25.json,raw,4441,bcd0fae471d394688ce608198ae97ef6ea0a3485aabb98ed524ccd3894a91b48
01_raw/KWater/mywater_station/rain/A/1003110/2022-05-26_2022-06-24.json,raw,4442,d3a59c36383d8573ef62bc2543af774232eeed5998441d904ad3bb793b1d932c
01_raw/KWater/mywater_station/rain/A/1003110/2022-06-25_2022-07-24.json,raw,4442,55ed42dcd8502108362b598e666bc6fa42d7b8b56f7f7daca1d7fe22ae692b34
01_raw/KWater/mywater_station/rain/A/1003110/2022-07-25_2022-08-23.json,raw,4458,eb9d24ab9fef284830ca114e13ec642f0b7947b7565594834a23c627332a0eef
01_raw/KWater/mywater_station/rain/A/1003110/2022-08-24_2022-09-22.json,raw,4472,ef5c96700d620a37292e75a70c71b562d4359e1b1f90371308372ba6ee8ba2da
01_raw/KWater/mywater_station/rain/A/1003110/2022-09-23_2022-10-22.json,raw,4476,bb2e814957e364218e7da3c3882dcec89586566e369ccd7af03e54f79496a9e8
01_raw/KWater/mywater_station/rain/A/1003110/2022-10-23_2022-11-21.json,raw,4475,34b0c977c77b5d7db799667ca2759ca54de64e6505a73856098e1988fafdea44
01_raw/KWater/mywater_station/rain/A/1003110/2022-11-22_2022-12-21.json,raw,4476,5df5c64f634be490f367556ff56983a453a738f1893b1f6f825a5adfd31acaa8
01_raw/KWater/mywater_station/rain/A/1003110/2022-12-22_2023-01-20.json,raw,4406,3d20fd4e6ec16126f5fdc0fdf1e607bc0e7c5f43dca1393fa04ddae25014114b
01_raw/KWater/mywater_station/rain/A/1003110/2023-01-21_2023-02-19.json,raw,4406,d3b0594c551018e965dcc62de42e8a4f154a79f91e6b9fbe85dabad94238091b
01_raw/KWater/mywater_station/rain/A/1003110/2023-02-20_2023-03-21.json,raw,4405,3f1a8daba33e07e0ed1e232148d45906485cf7d7a3283a3e2fd73ecd726c551d
01_raw/KWater/mywater_station/rain/A/1003110/2023-03-22_2023-04-20.json,raw,4418,ad2edc782cd9f118bfc499f538a029c0a675e58e2977a858e0df95e3d40a49f6
01_raw/KWater/mywater_station/rain/A/1003110/2023-04-21_2023-05-20.json,raw,4441,3c616a2aa085a21d921d19e82cbad28c3d0bb126b1b388b3f4f52cdeaa97220c
01_raw/KWater/mywater_station/rain/A/1003110/2023-05-21_2023-06-19.json,raw,4441,4b785144695899c4dbfb6e39883f1fa30b865ff16fde0c87159da8b227997622
01_raw/KWater/mywater_station/rain/A/1003110/2023-06-20_2023-07-19.json,raw,4448,0c37286d2d6aff02583dd8af3072498798318810265a9ef5b12a4080ec277c7d
01_raw/KWater/mywater_station/rain/A/1003110/2023-07-20_2023-08-18.json,raw,4467,d17e02e84c48cf15bc20aa562eacf608ce84f7fd4bc97d0439d2663d42a6a3f8
01_raw/KWater/mywater_station/rain/A/1003110/2023-08-19_2023-09-17.json,raw,4475,fdcff4042035351779dbfad87cadc056e30a81377384bb267d31b9b77eaa3849
01_raw/KWater/mywater_station/rain/A/1003110/2023-09-18_2023-10-17.json,raw,4477,312254ebbb0c2bc68988123d555093e3d393b2dd1b848489c0931d90b07c0084
01_raw/KWater/mywater_station/rain/A/1003110/2023-10-18_2023-11-16.json,raw,4477,6498f021905d28752dfcd6fe768bdb0960d0858b16da2ef4f32501cf49943839
01_raw/KWater/mywater_station/rain/A/1003110/2023-11-17_2023-12-16.json,raw,4477,8bf2275a42922f8dfebab3d0ac1a61275a3cd57a01c8f10b0ad66fd50d844769
01_raw/KWater/mywater_station/rain/A/1003110/2023-12-17_2024-01-15.json,raw,4372,3e730eb6cf4f5e51e320bee393816d44e9aec179fcdd37c7f6635c4709a07972
01_raw/KWater/mywater_station/rain/A/1003110/2024-01-16_2024-02-14.json,raw,4406,9a6e5d82050edcc1f5fca1c1cfe038869ae29e09d2ebd4fe544c3db8ee277a39
01_raw/KWater/mywater_station/rain/A/1003110/2024-02-15_2024-03-15.json,raw,4426,9f39c9a35f514af2b5303376a75fceeb99254ede6322c774bb928415a28a0c8c
01_raw/KWater/mywater_station/rain/A/1003110/2024-03-16_2024-04-14.json,raw,4441,e1676ebe7aeb27be2c8767a63dd29bbf5775ac51beab6ec464ef5598a8aff5ce
01_raw/KWater/mywater_station/rain/A/1003110/2024-04-15_2024-05-14.json,raw,4442,ba15ac470a67df15d2ab239c90cdf73a2c02793d245de536183ef748dc18795d
01_raw/KWater/mywater_station/rain/A/1003110/2024-05-15_2024-06-13.json,raw,4441,f118d9b96cbcade958e4e1129064785db29e04861da81f559d069ff7ba7e64e4
01_raw/KWater/mywater_station/rain/A/1003110/2024-06-14_2024-07-13.json,raw,4441,53001da766f0984f8595f452266d817d56a2354ea8c6577d10c0950ebcb9eaa4
01_raw/KWater/mywater_station/rain/A/1003110/2024-07-14_2024-08-12.json,raw,4448,66930e32e1e500e84e3b2cf184cb9ea1b06c946c4f8299b1067bd8d24107e41c
01_raw/KWater/mywater_station/rain/A/1003110/2024-08-13_2024-09-11.json,raw,4454,0d15b6f68f6d11719a157f04c18e7915c596994655eed7aa927e7f5e528e6397
01_raw/KWater/mywater_station/rain/A/1003110/2024-09-12_2024-10-11.json,raw,4474,36508c4c5783bf7ad3055e79e28d3907a31cfcfa495a43f74458e6852fb7a3a9
01_raw/KWater/mywater_station/rain/A/1003110/2024-10-12_2024-11-10.json,raw,4478,e9968a1f9ec2ddb9b64a0c8b08502bac095dade5daf163e17521b0c93da50274
01_raw/KWater/mywater_station/rain/A/1003110/2024-11-11_2024-12-10.json,raw,4477,b1ab8bb1e135d1d3d6fb412b94e91be7e75e14c9488365846718eac9630198d3
01_raw/KWater/mywater_station/rain/A/1003110/2024-12-11_2025-01-09.json,raw,4371,cf95cdeb14daf66e2b8a26f1df1b60eafdffa77070c8256f7ddb0858dbf37853
01_raw/KWater/mywater_station/rain/A/1003110/2025-01-10_2025-02-08.json,raw,4398,9fbb4b5d1308c56c93cbf7a8be920caa30aeb84f5a456cbf162660191a4821a6
01_raw/KWater/mywater_station/rain/A/1003110/2025-02-09_2025-03-10.json,raw,4406,8481cf35037d00d4097876f46021360bc00c1ff64012432f9a93745370de8fb3
01_raw/KWater/mywater_station/rain/A/1003110/2025-03-11_2025-04-09.json,raw,4413,adb2d524442ead258cde97f91b83a92e7cd691515ff486bf2e94bb8bfeec0006
01_raw/KWater/mywater_station/rain/A/1003110/2025-04-10_2025-05-09.json,raw,4442,6bcb220eed9d2c0b6209efc2fe05126258c1f40bc7dbe19eabe6c9b9917994d0
01_raw/KWater/mywater_station/rain/A/1003110/2025-05-10_2025-06-08.json,raw,4442,9cb4d01d79c302327bbf761cbc09625e705fd24dc2c4fc64c9f6ce835c1adb40
01_raw/KWater/mywater_station/rain/A/1003110/2025-06-09_2025-07-08.json,raw,4442,7a0d14e17f8cf6b8052021d5784fa0e29424bdd441d2b52aee94636da8961961
01_raw/KWater/mywater_station/rain/A/1003110/2025-07-09_2025-08-07.json,raw,4442,0f3bab54d37d15abc59f9580bfaf97255177b1261d86f21a90f9bbc8f891243f
01_raw/KWater/mywater_station/rain/A/1003110/2025-08-08_2025-09-06.json,raw,4441,fa6acad13fcf1e6622cc76304f05fa8634ea7d98fb6c3fefcd923347810b35ad
01_raw/KWater/mywater_station/rain/A/1003110/2025-09-07_2025-10-06.json,raw,4455,e84a7823d5c3d40a126e72263becedbb38cfdfb44df8d4975614806aa018b922
01_raw/KWater/mywater_station/rain/A/1003110/2025-10-07_2025-11-05.json,raw,4469,59dd65415501f6d10ddf0fbebbb51039a220b0830ad91a62b5104dcacea36bea
01_raw/KWater/mywater_station/rain/A/1003110/2025-11-06_2025-12-05.json,raw,4470,f8fbed38a8131acea304d74ed6d923a2bc98fcbb88006ca3bb90f9a551d68903
01_raw/KWater/mywater_station/rain/A/1003110/2025-12-06_2026-01-04.json,raw,4370,824d91d4d5d49614be942bedd7b795173dfede8a15795683fb42d8a48ce05f83
01_raw/KWater/mywater_station/rain/A/1003110/2026-01-05_2026-02-03.json,raw,4388,cae086554c11495ce7beebaa6ba8377819c60a76602105b340720fb26a695d1a
01_raw/KWater/mywater_station/rain/A/1003110/2026-02-04_2026-03-05.json,raw,4408,2e5f2a6d01fd9f9200cd2f246d40fb50539fd4cd51d12bb56440f7c560a56d82
01_raw/KWater/mywater_station/rain/A/1003110/2026-03-06_2026-04-04.json,raw,4415,9889fdd2b6d6e60144a4ed97ca2a4207c83d23dfea4b77cd1495267537069cb2
01_raw/KWater/mywater_station/rain/A/1003110/2026-04-05_2026-05-04.json,raw,4443,697fc35d831676285d06afb70f56f46d4c27579ba55f0c70013695fc9874d871
01_raw/KWater/mywater_station/rain/A/1003110/2026-05-05_2026-06-03.json,raw,4444,9810250b4e9b636a638b25784b1a118d02bfdf992742b44fe0de482e6669ee1b
01_raw/KWater/mywater_station/rain/A/1003110/2026-06-04_2026-07-03.json,raw,4444,9de8f7a0d42ab020e420859d19b41425a7b5b996af354a51e31313fadf294d9a
01_raw/KWater/mywater_station/rain/A/1003110/2026-07-04_2026-08-02.json,raw,4444,e3f8134af3edb7a45cb1dffa305c2c0c6e3707a34fd9df8ef54f3d8ded56b94a
01_raw/KWater/mywater_station/rain/A/1003110/2026-08-03_2026-09-01.json,raw,4444,1e533011f4a7b37baf78d9f31becc42853379a976f4d2266a5556a590af690ba
01_raw/KWater/mywater_station/rain/A/1003110/2026-09-02_2026-09-28.json,raw,4445,ded90be12e1650ced1a584b57d2c70bf52adf154ebb8af954dfa97e26a3a63ce
01_raw/KWater/mywater_station/rain/A/1003611/2021-01-01_2021-01-30.json,raw,784,1649c8bc4d6685505011222de54f8498d7c63dc6c8ca29ddaaa25aab3c543658
01_raw/KWater/mywater_station/rain/A/1003611/2021-01-31_2021-03-01.json,raw,784,900693aff8e95c9c8eeed1f6c91672fd2be92ad6a6caed1b80316c9ba93dd329
01_raw/KWater/mywater_station/rain/A/1003611/2021-03-02_2021-03-31.json,raw,787,29602a02afa8d35c79a818e3065f426688c1a24156c26890c13ebd4a40873e50
01_raw/KWater/mywater_station/rain/A/1003611/2021-04-01_2021-04-30.json,raw,789,6d2688341b1bc5e9ba08a9a1114635a9167a799317a9638d0b10730229c2ad2a
01_raw/KWater/mywater_station/rain/A/1003611/2021-05-01_2021-05-30.json,raw,789,71576c032bcd61c0f35e95c6fe109de100d9769a163468f317ca8aa81e59db89
01_raw/KWater/mywater_station/rain/A/1003611/2021-05-31_2021-06-29.json,raw,789,8ba07e741ce1dc5fb131843848fa5b0596e14c432c601730be459a26fcbcebbe
01_raw/KWater/mywater_station/rain/A/1003611/2021-06-30_2021-07-29.json,raw,789,5d7bd6dbfd559ab2a7fd1c173d205eef94628e8775fec0895fda1be4d5489436
01_raw/KWater/mywater_station/rain/A/1003611/2021-07-30_2021-08-28.json,raw,789,477916cb13ddf8e00b87ab895020248896842adf3e433336d86f8f831f89d6c7
01_raw/KWater/mywater_station/rain/A/1003611/2021-08-29_2021-09-27.json,raw,793,5c7594d228cd3cece9e8bc77161f1ce6de77b833573d804a65ed71d1bafcc847
01_raw/KWater/mywater_station/rain/A/1003611/2021-09-28_2021-10-27.json,raw,792,0d1e97c5798b3f40fd47f18034ba30bdb6609012a610de35b71741ba2d7d310c
01_raw/KWater/mywater_station/rain/A/1003611/2021-10-28_2021-11-26.json,raw,793,907c2395dc63ed475e7341b54d39bf378ae319e28a806f7fa90e8810a6b7337a
01_raw/KWater/mywater_station/rain/A/1003611/2021-11-27_2021-12-26.json,raw,793,72cb489bd6da5abc5d6844b3197332dbb6dc7a6bec7026be7e2d08180f2c7bc1
01_raw/KWater/mywater_station/rain/A/1003611/2021-12-27_2022-01-25.json,raw,781,2c4d9f132da87798129b034092ab45e6678175ac13176e4930b1878ffc369273
01_raw/KWater/mywater_station/rain/A/1003611/2022-01-26_2022-02-24.json,raw,780,83a22f2c2a01f56230c466b6adb517a5409d493dafb29a2947f48acfa2cc2c9d
01_raw/KWater/mywater_station/rain/A/1003611/2022-02-25_2022-03-26.json,raw,785,ce271c4e7f520b41f7e121b48265f78c22748837194e7b18909c5446fc19dcc8
01_raw/KWater/mywater_station/rain/A/1003611/2022-03-27_2022-04-25.json,raw,789,08ceca64d24b758bc2ec73ee37d31838756835c4b6468ad99f4d3b92fce39009
01_raw/KWater/mywater_station/rain/A/1003611/2022-04-26_2022-05-25.json,raw,789,d3d4b843fcfea56d42e20b760c8ed832dc18301fef1f5b35f0f31a3bb7e496c8
01_raw/KWater/mywater_station/rain/A/1003611/2022-05-26_2022-06-24.json,raw,789,2090147790d82e8f2f311fdbb36946c96601e740d6945ee3bf11b527cfae825a
01_raw/KWater/mywater_station/rain/A/1003611/2022-06-25_2022-07-24.json,raw,789,ea4f83eba8b57fc1c0a97e759919a4a6914251c321fbc6634e1f786781bef7b8
01_raw/KWater/mywater_station/rain/A/1003611/2022-07-25_2022-08-23.json,raw,789,57ab0c10f95f32e2966f1d57896f7b62724ae2c4c950b6b8d8e7e44380e0588d
01_raw/KWater/mywater_station/rain/A/1003611/2022-08-24_2022-09-22.json,raw,791,cebd1f81ae60a07e1d0a5b55b5e24744061b355816d5da81d9cfee7524def938
01_raw/KWater/mywater_station/rain/A/1003611/2022-09-23_2022-10-22.json,raw,792,f342a3dae6fd07af12c98cbff7658b764eadb392cefdbe502555fe1b31e33d72
01_raw/KWater/mywater_station/rain/A/1003611/2022-10-23_2022-11-21.json,raw,793,9a7cdf4e475700f259dc230a9cd26ed484f21b2ec0deec64555e32cd3d5d87c1
01_raw/KWater/mywater_station/rain/A/1003611/2022-11-22_2022-12-21.json,raw,792,824ef7878aceb33e98f13320a098c6d8dc4523d08338490473ce816e72eed17c
01_raw/KWater/mywater_station/rain/A/1003611/2022-12-22_2023-01-20.json,raw,785,1b89259063aa18f48e6d72dea097eed2604a21c5560d5ca9d05bed3cef479ff0
01_raw/KWater/mywater_station/rain/A/1003611/2023-01-21_2023-02-19.json,raw,785,9e46e5fe8865c77190e95fa5487ecdda9476125aa4999fb0e461ec43b0f800ef
01_raw/KWater/mywater_station/rain/A/1003611/2023-02-20_2023-03-21.json,raw,785,1b5b745765bbf5e0a91c11a45dfefee340a43a8b7ecbf48dcd41fb5932c3dcf4
01_raw/KWater/mywater_station/rain/A/1003611/2023-03-22_2023-04-20.json,raw,785,77f3020306d6fcd69ef688f1c71c0d7ec3fae6373ce5a56dc8f216a4d798c26e
01_raw/KWater/mywater_station/rain/A/1003611/2023-04-21_2023-05-20.json,raw,789,a185126a09ae7ccaab709d324641340b446a2a398dc8328244e21ef598961b92
01_raw/KWater/mywater_station/rain/A/1003611/2023-05-21_2023-06-19.json,raw,789,c0746609d4b0dab4bf8664f851aef924ee2b75744f5bce9f7f7c9ec0718ffe36
01_raw/KWater/mywater_station/rain/A/1003611/2023-06-20_2023-07-19.json,raw,789,12f64f0f79776aee152c9bb74e0fa5d21f8b35e85404d9ae14ac18ad4a73ec36
01_raw/KWater/mywater_station/rain/A/1003611/2023-07-20_2023-08-18.json,raw,793,a316518818577d9f9d8c28b1719df61e1b0f1699b24573b90d387449a4c67dac
01_raw/KWater/mywater_station/rain/A/1003611/2023-08-19_2023-09-17.json,raw,792,be238ab9b04e7fbebf46e419205d9eb000b992906d3e104ba88856d896f2af2d
01_raw/KWater/mywater_station/rain/A/1003611/2023-09-18_2023-10-17.json,raw,793,69ca6fa26c18e8820502d089f71a3334ea35ce80eccb444d9f46b2e4c99cbc4f
01_raw/KWater/mywater_station/rain/A/1003611/2023-10-18_2023-11-16.json,raw,793,03f2df7c7674cfbc1312471456d879604def63c10c80c7b7924b6b5edfc6cdf9
01_raw/KWater/mywater_station/rain/A/1003611/2023-11-17_2023-12-16.json,raw,792,433f088148998b8bffe121aa3ac0cd01a96b60f463b5853d7ab00b48d06faaf9
01_raw/KWater/mywater_station/rain/A/1003611/2023-12-17_2024-01-15.json,raw,782,cceea45b178efc51ba2f8c0c3deccc388ce6937d98339572575b392d1c3af8c5
01_raw/KWater/mywater_station/rain/A/1003611/2024-01-16_2024-02-14.json,raw,785,21ff9e04bcf0cff9530ba15f9ab13f744e4a05ba6fe629de643495f9c5290584
01_raw/KWater/mywater_station/rain/A/1003611/2024-02-15_2024-03-15.json,raw,789,09f5e3db2d32b1055959ff2a4b8f371442e4b2bd4b14ddb1f7f755de71ef11df
01_raw/KWater/mywater_station/rain/A/1003611/2024-03-16_2024-04-14.json,raw,789,e5b3c1b96bb428ad9869329abe1ec83e104add07d2fb77656bad3bd592b21fd7
01_raw/KWater/mywater_station/rain/A/1003611/2024-04-15_2024-05-14.json,raw,789,a36371425b8d6900ccfe1c81dea0a9c7f7a35a86b22257c19d258cbf1047179c
01_raw/KWater/mywater_station/rain/A/1003611/2024-05-15_2024-06-13.json,raw,788,006051e9cdd325b64315df91eb19bdbb0f5a3fcd394932e73a0c8e417961b3ae
01_raw/KWater/mywater_station/rain/A/1003611/2024-06-14_2024-07-13.json,raw,788,a411846018ec9e9d7553f96a0f57f5ac0cb98b7018515903baf131cd34be6f88
01_raw/KWater/mywater_station/rain/A/1003611/2024-07-14_2024-08-12.json,raw,791,936b443da3ddde96dffa607047fbc1d7659bdd9a3a0c0df0205196e69742eb16
01_raw/KWater/mywater_station/rain/A/1003611/2024-08-13_2024-09-11.json,raw,793,5495d51a11d3ade38d2b3fb0cd8d2016cf55351db8787d78754bbc2bdb9b8f1a
01_raw/KWater/mywater_station/rain/A/1003611/2024-09-12_2024-10-11.json,raw,793,e743c3cd92c9e870ee12bda054420b2fc3705162de56fd50f3423fdeef29bc1d
01_raw/KWater/mywater_station/rain/A/1003611/2024-10-12_2024-11-10.json,raw,793,28f009d7f608c528724feb42841054220675347ec4792f17b9b12198404b23e5
01_raw/KWater/mywater_station/rain/A/1003611/2024-11-11_2024-12-10.json,raw,792,1dc1e7f47c1cbf0f25a08452f2dd8c98a793ead3d61b44f5b4cc188533c968bc
01_raw/KWater/mywater_station/rain/A/1003611/2024-12-11_2025-01-09.json,raw,781,f233a389f3421073d385b46bf701872de0072a0233302af2f075f439d2e05266
01_raw/KWater/mywater_station/rain/A/1003611/2025-01-10_2025-02-08.json,raw,783,0cdc09134a72f07603a3629f1b9bcbbc0c2552479886b3e27a611d0dd5b4400a
01_raw/KWater/mywater_station/rain/A/1003611/2025-02-09_2025-03-10.json,raw,784,a2df6672ba92217a9b799102e44e9e636eb210cd452d7699fe692a84bc9be2db
01_raw/KWater/mywater_station/rain/A/1003611/2025-03-11_2025-04-09.json,raw,785,3d75451249b8556597b9a0485bf6a18ba1cf76db69c1130118de230e6049f375
01_raw/KWater/mywater_station/rain/A/1003611/2025-04-10_2025-05-09.json,raw,789,c31659debc9dbb3c342496a006c95e0a1fed4297c16e4e35430978b76fa9facd
01_raw/KWater/mywater_station/rain/A/1003611/2025-05-10_2025-06-08.json,raw,789,2e190d89e4e117cd1e02875c71559f9342d7c6c20b90b3be1bdee2cf82627125
01_raw/KWater/mywater_station/rain/A/1003611/2025-06-09_2025-07-08.json,raw,789,9214dbe3d6ef37b6fffe9eb3b6b0298588649a56a73c05b2c25dbf034a82f1cb
01_raw/KWater/mywater_station/rain/A/1003611/2025-07-09_2025-08-07.json,raw,789,638a79126cb9d480a52140aa76742305f9a1896acb3656ce77f70ab9f915be8b
01_raw/KWater/mywater_station/rain/A/1003611/2025-08-08_2025-09-06.json,raw,789,b11c2f77ff70fdb15f948fcd8cf6840b192fe42075b2051233052a0da636fa41
01_raw/KWater/mywater_station/rain/A/1003611/2025-09-07_2025-10-06.json,raw,793,93737b95043cd7f905726b2aa47a605286ba810afb710783fb7612d95b20dfc8
01_raw/KWater/mywater_station/rain/A/1003611/2025-10-07_2025-11-05.json,raw,793,c4a7bd627e3084f65ea1d583af9582be2423cecf042d9e146b01cea1012b1f79
01_raw/KWater/mywater_station/rain/A/1003611/2025-11-06_2025-12-05.json,raw,792,667af71dbae978a7246881dbb817b70fdb143ced1e0c19d7acbe33385ae7d98b
01_raw/KWater/mywater_station/rain/A/1003611/2025-12-06_2026-01-04.json,raw,781,8ea9b0f11eca7257a0e51c97f33177429b9c6eaab8cd4ea2d7d5d4ac41be58f0
01_raw/KWater/mywater_station/rain/A/1003611/2026-01-05_2026-02-03.json,raw,781,25270756e19c9be0773c44ebfc7b4b7ab4e8ff767ccee870690eaca9b6a176e5
01_raw/KWater/mywater_station/rain/A/1003611/2026-02-04_2026-03-05.json,raw,785,0ab9fe56a159c140b1d2df2708221a696ad4d979e550b7a61e8aeb5ef3ce2ab4
01_raw/KWater/mywater_station/rain/A/1003611/2026-03-06_2026-04-04.json,raw,785,1145e547179d2d361bd6fab188324e02eb87d9e9a4561091fe08a41b77470bde
01_raw/KWater/mywater_station/rain/A/1003611/2026-04-05_2026-05-04.json,raw,789,ed6aafec36802369bdc7580acfb93697b808f5f92e26e3a2a08865aea25307c9
01_raw/KWater/mywater_station/rain/A/1003611/2026-05-05_2026-06-03.json,raw,789,099c2d107a6c2bc6fbbfcec55d0f64d4842ec3e6533c11a34da27197f8bd1f88
01_raw/KWater/mywater_station/rain/A/1003611/2026-06-04_2026-07-03.json,raw,789,29fa95a7dbd47895f86e9c9f1cf2f74720854925f5adf03b5925a263ffafdf71
01_raw/KWater/mywater_station/rain/A/1003611/2026-07-04_2026-08-02.json,raw,789,70fd74a9b620d75dee07f5b84e646e8c773edc52ef71c5f4025b83df57224378
01_raw/KWater/mywater_station/rain/A/1003611/2026-08-03_2026-09-01.json,raw,789,42644ec8c74a571941cc1b0316d4adb6eef1d5bb56071b347c3c618207c11564
01_raw/KWater/mywater_station/rain/A/1003611/2026-09-02_2026-09-28.json,raw,789,5150cfdf3eacb26260576227a72a5019cdc0e567cc4da4dc98d2dc6277e7746e
01_raw/KWater/mywater_station/rain/A/1006110/2021-01-01_2021-01-30.json,raw,672,5b1621ad0b909265dbaa13cd1358413b7ffbed96d4fcc81a8e65ec2fb399cf3e
01_raw/KWater/mywater_station/rain/A/1006110/2021-01-31_2021-03-01.json,raw,672,512c9cdd50c04b072ae1f8a294d72b620a1f7aed9d2479c3a65dffdba2a37cfa
01_raw/KWater/mywater_station/rain/A/1006110/2021-03-02_2021-03-31.json,raw,675,543837546ac51aea617b177ddcfe5c905b52d212849648104a33b62091a970e2
01_raw/KWater/mywater_station/rain/A/1006110/2021-04-01_2021-04-30.json,raw,675,ad00d776906cde7e9842ccba479861fb24c159bf63961f08081ed4d8e1b3ffed
01_raw/KWater/mywater_station/rain/A/1006110/2021-05-01_2021-05-30.json,raw,674,75c1c7f1b98d3b0854d1ac96819fb01e684b446651dda44396333ace22786d6d
01_raw/KWater/mywater_station/rain/A/1006110/2021-05-31_2021-06-29.json,raw,674,c2d84d3c52586ef5ecd32d9f54ad36ae6080cef1056fd3987f587761fdeccb6f
01_raw/KWater/mywater_station/rain/A/1006110/2021-06-30_2021-07-29.json,raw,675,666d4ea5297cec2cbab5c5ddfa03b8cad14fb026478a1fb4d90906647fad5ce3
01_raw/KWater/mywater_station/rain/A/1006110/2021-07-30_2021-08-28.json,raw,675,dd9652d4401039000d80da862d309487d50d7309a54679ebb652c1635e66e4b4
01_raw/KWater/mywater_station/rain/A/1006110/2021-08-29_2021-09-27.json,raw,674,aa9f1d8ae35a00dd1efcb6866aa765ddddedcd597d4a649103d8c2ffb5d2ab69
01_raw/KWater/mywater_station/rain/A/1006110/2021-09-28_2021-10-27.json,raw,677,d91eccd4890aaa711f68414f97a808a7af29a55bd974ba535bf1d27f5adab855
01_raw/KWater/mywater_station/rain/A/1006110/2021-10-28_2021-11-26.json,raw,677,4e9480f178fcfa5c52631ea60f277bc1fd8e1e8e06e3e9a871c72a444e5d2be7
01_raw/KWater/mywater_station/rain/A/1006110/2021-11-27_2021-12-26.json,raw,677,d9dc75a559125f6d4d7eefa0b31d13d27ef0c5246c8b3fcd7da222ee7c7c0a45
01_raw/KWater/mywater_station/rain/A/1006110/2021-12-27_2022-01-25.json,raw,669,8084948c6d1f65668b7533113529e8c0b8ca4e44e8d2da9b2998b01928c97eaf
01_raw/KWater/mywater_station/rain/A/1006110/2022-01-26_2022-02-24.json,raw,668,df1efa4e51db719d6ed53af4e61844493534584f8d02cb18c87bf2238d8a00cb
01_raw/KWater/mywater_station/rain/A/1006110/2022-02-25_2022-03-26.json,raw,672,58889f21d20e0bfe2e954765036a10438973db57cadfe2e81f17ec5c85a301bb
01_raw/KWater/mywater_station/rain/A/1006110/2022-03-27_2022-04-25.json,raw,675,0f80d1785e8e1b204173f064fb23947e441716335d97cc8f9516004391809491
01_raw/KWater/mywater_station/rain/A/1006110/2022-04-26_2022-05-25.json,raw,674,580b5fc0a795cbf435963c08971d0b6871ff70f3c730a4a3eefb2174891211e6
01_raw/KWater/mywater_station/rain/A/1006110/2022-05-26_2022-06-24.json,raw,675,5f535a3e008baa3a25493f510b1b0b717b6acbe4fa2f3c0f5a092ad41b6ab46c
01_raw/KWater/mywater_station/rain/A/1006110/2022-06-25_2022-07-24.json,raw,675,6501c0163b35986a5f12ed5b357921246c57935896275a7abfccb943d049d466
01_raw/KWater/mywater_station/rain/A/1006110/2022-07-25_2022-08-23.json,raw,678,13c19f93fb4fd87851ee7aed641098c19e8c4c75a12fc14d360696426a57e5af
01_raw/KWater/mywater_station/rain/A/1006110/2022-08-24_2022-09-22.json,raw,678,d60781cbcaf7a4472cd6f0c9924847387837a2e9c906146393e937e89b15d835
01_raw/KWater/mywater_station/rain/A/1006110/2022-09-23_2022-10-22.json,raw,678,5710cb194108e87b5c7b950a5eb378a20e0ba174ddb98f93bf4a6c9fa1e2028d
01_raw/KWater/mywater_station/rain/A/1006110/2022-10-23_2022-11-21.json,raw,678,30f9c2b20d3f92d5d9d9860be3e7bf13289a186d43ce393e2b611cc63c242c3f
01_raw/KWater/mywater_station/rain/A/1006110/2022-11-22_2022-12-21.json,raw,678,c87dee9247d37bca780111a59ec41b972797664dd7556ebc3c509dbc32d6cf93
01_raw/KWater/mywater_station/rain/A/1006110/2022-12-22_2023-01-20.json,raw,672,5dc3d481f19cfbb7f7e713f1d7c3c80375621dc845568aff6180e06ff067ed29
01_raw/KWater/mywater_station/rain/A/1006110/2023-01-21_2023-02-19.json,raw,671,c20145438c0429f14ddbd0aa2c9947ae0927f5943550b928514ead332d729985
01_raw/KWater/mywater_station/rain/A/1006110/2023-02-20_2023-03-21.json,raw,672,68264dd520f117424f4c2577d77844738c6d3cbeb6435d4d12663453c1131805
01_raw/KWater/mywater_station/rain/A/1006110/2023-03-22_2023-04-20.json,raw,675,c851847909923b0d00451f09b46e05020b8f6093636dd380a4d4d46da79fb13b
01_raw/KWater/mywater_station/rain/A/1006110/2023-04-21_2023-05-20.json,raw,675,e8b2aaab664401c8a37ecdb53e9b6f5a09b11887aa91811f4aad741ec1fc242f
01_raw/KWater/mywater_station/rain/A/1006110/2023-05-21_2023-06-19.json,raw,675,e9ca8481ceef9cbe16a82b17fbbdc855151c938a5512e9af40f9693739468ed0
01_raw/KWater/mywater_station/rain/A/1006110/2023-06-20_2023-07-19.json,raw,675,f541d52c8d11a3c34f9494d9da47410d837c7acd03bd7e369a84f7201e6ea79f
01_raw/KWater/mywater_station/rain/A/1006110/2023-07-20_2023-08-18.json,raw,678,938bb4517eb38bc9db17f3f7e200e0a1a46b2c7dcf9dd1e6afeab21b93427467
01_raw/KWater/mywater_station/rain/A/1006110/2023-08-19_2023-09-17.json,raw,678,cab8c4a76681f5f7426df3e3ea02649db0aefdeab37c0d9899b66f625c178a5f
01_raw/KWater/mywater_station/rain/A/1006110/2023-09-18_2023-10-17.json,raw,678,a3a0975a682f7f03ebe0ec9c4cef9605eb7a874d48c98b0edbfa77d154932570
01_raw/KWater/mywater_station/rain/A/1006110/2023-10-18_2023-11-16.json,raw,678,50edb3b5a30fca48ac52b55b158320c8c5c4a037a9cdbcf388a58b314d7ae39f
01_raw/KWater/mywater_station/rain/A/1006110/2023-11-17_2023-12-16.json,raw,678,62dfb856db2f4497382563d00f4eda36e2aba7d21c2db10a43f1d5d40e157d0e
01_raw/KWater/mywater_station/rain/A/1006110/2023-12-17_2024-01-15.json,raw,668,dbe95588e822bf10abcd841d6c104e30c1f8e5e394ca31f107ccb418f1c031ca
01_raw/KWater/mywater_station/rain/A/1006110/2024-01-16_2024-02-14.json,raw,672,d68299331fbef0a4ac2f082329ffb13688610716d25e241d81778c70d2909ee8
01_raw/KWater/mywater_station/rain/A/1006110/2024-02-15_2024-03-15.json,raw,671,e7ec80b9b5fdbdafaa02ff9458a3b38e27c8a687c56ef618aea2de3293091bc4
01_raw/KWater/mywater_station/rain/A/1006110/2024-03-16_2024-04-14.json,raw,675,0701170c183cbda427456d601350c39f6966a99c32ef8386b525330c4d546e3b
01_raw/KWater/mywater_station/rain/A/1006110/2024-04-15_2024-05-14.json,raw,675,3ae8513ed95cdb1d49811e0624bf6997e660e33bb73b4b31b8da4d2663c56440
01_raw/KWater/mywater_station/rain/A/1006110/2024-05-15_2024-06-13.json,raw,675,c98cbc7faf51734eb26e977ee3bc69e479368838575b479c9a36c3005e37fc6b
01_raw/KWater/mywater_station/rain/A/1006110/2024-06-14_2024-07-13.json,raw,675,0e6f48a3f388eed477c25c5a8341081ef2909cefd950773b09b073c1df7ff96b
01_raw/KWater/mywater_station/rain/A/1006110/2024-07-14_2024-08-12.json,raw,677,d547fa1258d9d4c11eb7ce6f980f0ca2acff331b18af3f149b8c68c0e61a6c18
01_raw/KWater/mywater_station/rain/A/1006110/2024-08-13_2024-09-11.json,raw,679,7439e2a33af3c9bb04f0a1b4c0c2649349eee920e20e115e9ff0eaeda3b7b811
01_raw/KWater/mywater_station/rain/A/1006110/2024-09-12_2024-10-11.json,raw,677,ce0a8f0d615ebf2a58a69947b5f43d01c4ac37abe18b237b3d71e485cef509a3
01_raw/KWater/mywater_station/rain/A/1006110/2024-10-12_2024-11-10.json,raw,678,015f0ab9ef878b913f8cd5dedb34fe6362d61b851a944b83bb89bbe61b2232ef
01_raw/KWater/mywater_station/rain/A/1006110/2024-11-11_2024-12-10.json,raw,678,c51339b88f259fd4da2db8d6f7ea8fd78bccdebb41d21f2db94c2bdb8f2350a0
01_raw/KWater/mywater_station/rain/A/1006110/2024-12-11_2025-01-09.json,raw,669,b5be78e2599f66f6623b05fbd7089e9934f4760f1106b1dbc4178c10183e276e
01_raw/KWater/mywater_station/rain/A/1006110/2025-01-10_2025-02-08.json,raw,672,193416bf5de98bb4050f1aed4e4a76dc5642f6b36908f33067ecc7dc735b995e
01_raw/KWater/mywater_station/rain/A/1006110/2025-02-09_2025-03-10.json,raw,672,5476b707eb82b3a901b0df55dd25fd4480a4b1f8bc1b3466285592b5ec72f04e
01_raw/KWater/mywater_station/rain/A/1006110/2025-03-11_2025-04-09.json,raw,671,fad3f923784d9d36df3c8665c80219dff28d3de8a256601eb03b88c7c722dd25
01_raw/KWater/mywater_station/rain/A/1006110/2025-04-10_2025-05-09.json,raw,675,6886d80931ae6a4f5954e185416df2553fccbb15fcfc15aed6e45b8b34abd7ce
01_raw/KWater/mywater_station/rain/A/1006110/2025-05-10_2025-06-08.json,raw,675,f3741bdc7fd3a58a218cea5d32fa644c095e8702f904f3d1056f45d2290a7c31
01_raw/KWater/mywater_station/rain/A/1006110/2025-06-09_2025-07-08.json,raw,675,a58bb1e059889bac64905b8238cd26f5c371c87a995659457c3a687cdb3ec7da
01_raw/KWater/mywater_station/rain/A/1006110/2025-07-09_2025-08-07.json,raw,675,5960d50999766e813b883968c1dfcaa9f429053388ec4c621117496c4c03289a
01_raw/KWater/mywater_station/rain/A/1006110/2025-08-08_2025-09-06.json,raw,676,461dc5b7799d7010719a4bc6c85be30a875b2b0aef43268760efca08df1a5cda
01_raw/KWater/mywater_station/rain/A/1006110/2025-09-07_2025-10-06.json,raw,678,fe727ce9a818d7623286d698fdc0579990dbe08bdca4d9793299594347f6f33b
01_raw/KWater/mywater_station/rain/A/1006110/2025-10-07_2025-11-05.json,raw,678,1abec91d128e20a3d2e55ac1c456a36c924925b020628540b1473a21b620a42c
01_raw/KWater/mywater_station/rain/A/1006110/2025-11-06_2025-12-05.json,raw,677,0b7371f2b7552b718ddf196cd5a8febe8ba2baa9c994d1b42234af4d108328f9
01_raw/KWater/mywater_station/rain/A/1006110/2025-12-06_2026-01-04.json,raw,669,fc4abac0f2df970408d00540e4f4f6f05dd104fe2c3b502f056e5ceb23691865
01_raw/KWater/mywater_station/rain/A/1006110/2026-01-05_2026-02-03.json,raw,668,04f5a3303c7022c1b548ee5a2de1caff6a45d2ea2844c435c1a286366fa18432
01_raw/KWater/mywater_station/rain/A/1006110/2026-02-04_2026-03-05.json,raw,672,4be86f32e1d006f1176dfba502d39903ef7ef57b87561a0829a3f91450b269d0
01_raw/KWater/mywater_station/rain/A/1006110/2026-03-06_2026-04-04.json,raw,672,1e151bf32f8a4a4116cc0d4e064bc28807c87fdfc7d8726ef56769c2a41361c1
01_raw/KWater/mywater_station/rain/A/1006110/2026-04-05_2026-05-04.json,raw,674,59cbff617eb6ff66cf3cd462af101107514df2ed5ba1d97c4d0d44babc8963a0
01_raw/KWater/mywater_station/rain/A/1006110/2026-05-05_2026-06-03.json,raw,675,a32c7487b2c32f536256a5d52a5bde36c3f3c407ed0240fc0ab0c2e87d41474f
01_raw/KWater/mywater_station/rain/A/1006110/2026-06-04_2026-07-03.json,raw,675,e2bf5054b2dfa137d6c79c86f703c7ac27f1d52559d66fe22f5b2f72fb4eded5
01_raw/KWater/mywater_station/rain/A/1006110/2026-07-04_2026-08-02.json,raw,675,0e6cc33c93f78f5be2d2cf6c9e7fbae9ae745167f905563556128abddcaccfdc
01_raw/KWater/mywater_station/rain/A/1006110/2026-08-03_2026-09-01.json,raw,675,6bc91f5cec2bd27c5e17fc3962a7995e2a086a0cf3febf373838ac04d526866f
01_raw/KWater/mywater_station/rain/A/1006110/2026-09-02_2026-09-28.json,raw,675,bf7c34c32f41c24e833cbe4f86c3c9a6f1d37e3f60420e0c33c05ab9aea6de65
01_raw/KWater/mywater_station/rain/A/1009710/2021-01-01_2021-01-30.json,raw,447,4ad04186f2642c034a737bcefcc9465738691b2541c72a90e5c7e19bc1f06572
01_raw/KWater/mywater_station/rain/A/1009710/2021-01-31_2021-03-01.json,raw,449,8e2201b1c298ca690461849d4fb2a3307abe65bf00b3f45558941bef0b055f8f
01_raw/KWater/mywater_station/rain/A/1009710/2021-03-02_2021-03-31.json,raw,450,c3e9daa5d62c19d08cd73bd7131da59a6c4b2c555fc3a00a4090fb64a033af76
01_raw/KWater/mywater_station/rain/A/1009710/2021-04-01_2021-04-30.json,raw,450,c5eb7e41a2591665135f34e10ca2a644d6a5fd1c8bd082d72cc1d5ca841b4aa1
01_raw/KWater/mywater_station/rain/A/1009710/2021-05-01_2021-05-30.json,raw,450,e7fc953dd8d04c3e81ba2c150980416910f304e4453eae627ad6287f6bde5faa
01_raw/KWater/mywater_station/rain/A/1009710/2021-05-31_2021-06-29.json,raw,450,5aea08dbd153796247de68cd7481d723cb47054e4223ee233fb1f9e060c0d947
01_raw/KWater/mywater_station/rain/A/1009710/2021-06-30_2021-07-29.json,raw,450,c144ecb128130350ad55d647799757eef78cc1b9adae5c0acc646af4f562ff2e
01_raw/KWater/mywater_station/rain/A/1009710/2021-07-30_2021-08-28.json,raw,564,ab319dc3c60cb5af2bbc28588b927516f8b82c9902bbe1773e7fbb01091a1762
01_raw/KWater/mywater_station/rain/A/1009710/2021-08-29_2021-09-27.json,raw,566,f35eb0458a85a00475e0651b515176a936493513d2925ec2e46fa68c4c83bd21
01_raw/KWater/mywater_station/rain/A/1009710/2021-09-28_2021-10-27.json,raw,566,593b85267398c5e44a584f051776c0a809dc0357acdd3b0a7868e4fcb631952b
01_raw/KWater/mywater_station/rain/A/1009710/2021-10-28_2021-11-26.json,raw,567,78d6e16fe0d6198c294e8ae6f2e358e98c84a4b2cc9773b3d3f1dc49d0935682
01_raw/KWater/mywater_station/rain/A/1009710/2021-11-27_2021-12-26.json,raw,567,7d0efcd8fa9aa9b274fd799438a11d325803f5c621b58fb0675f68fa8532a16e
01_raw/KWater/mywater_station/rain/A/1009710/2021-12-27_2022-01-25.json,raw,562,b81477e1c2c9ed4b2c3f353b4cb040f75660cca7f8776de7e36a9d8cf4fe63db
01_raw/KWater/mywater_station/rain/A/1009710/2022-01-26_2022-02-24.json,raw,562,4cf64d03469c053de8d23e40f5bcc6942b1e4529592e82c622238b9236f05974
01_raw/KWater/mywater_station/rain/A/1009710/2022-02-25_2022-03-26.json,raw,566,6a25b344af635d0682e4da7915e5ea1c5262f0037bd59352bba6592feee3891c
01_raw/KWater/mywater_station/rain/A/1009710/2022-03-27_2022-04-25.json,raw,566,491a67f328b6d940ceee9df79015e544c103e5c2ddd6932d05648a2c26e00d62
01_raw/KWater/mywater_station/rain/A/1009710/2022-04-26_2022-05-25.json,raw,567,e5a951f11d46bae69111c5e665102dcae3a39f6eb57371eb3f45c8b7ee7fdf27
01_raw/KWater/mywater_station/rain/A/1009710/2022-05-26_2022-06-24.json,raw,566,311470cf891167440fd4a038105563471832021f38097c900f72c97c62d0f734
01_raw/KWater/mywater_station/rain/A/1009710/2022-06-25_2022-07-24.json,raw,563,9ce954f051cf9345337568aa6a29fcc53c44a07794bcdcd001eecf24bdafef2f
01_raw/KWater/mywater_station/rain/A/1009710/2022-07-25_2022-08-23.json,raw,568,16e54cd8f3b7aa6e226661c20a3b7aec2822a6aa398808687f29b9c0aad41fd3
01_raw/KWater/mywater_station/rain/A/1009710/2022-08-24_2022-09-22.json,raw,568,09f9177fabcdef25d1db843e66f9b028ce398a48606dd48b81e94d99a6a14b1d
01_raw/KWater/mywater_station/rain/A/1009710/2022-09-23_2022-10-22.json,raw,568,43947ed3d9e7e4d182d241fba07c2ef661d924b10808d26e3a4dfb3ba7784b71
01_raw/KWater/mywater_station/rain/A/1009710/2022-10-23_2022-11-21.json,raw,568,385541289d4ba599b363eab984828b85b041511d8f12eceef2452ff918e4b938
01_raw/KWater/mywater_station/rain/A/1009710/2022-11-22_2022-12-21.json,raw,568,b8dfd725c418acc64165c9df07e73192df0e7615de2511e84e0d8f55d5f41921
01_raw/KWater/mywater_station/rain/A/1009710/2022-12-22_2023-01-20.json,raw,563,97cf420265d40c07054ba9216ec204d824089128945801c33bb64c9943fc9064
01_raw/KWater/mywater_station/rain/A/1009710/2023-01-21_2023-02-19.json,raw,563,eb07e997bc4bcb41a064b71e1326a37936eeb638f28eb1f8c0bc239a51a4da08
01_raw/KWater/mywater_station/rain/A/1009710/2023-02-20_2023-03-21.json,raw,564,16d6f50c3c9a288d63a1a99adb42d7cd66040b64dc336601842ae608ddac17b2
01_raw/KWater/mywater_station/rain/A/1009710/2023-03-22_2023-04-20.json,raw,566,e48a17175add98474d4b1eed4a203d347464fef8ec2fc9d3f9beefd3d9462bf7
01_raw/KWater/mywater_station/rain/A/1009710/2023-04-21_2023-05-20.json,raw,566,07cf427dd673a687028be1e824c1c97b05bf46ef974763d096211858fb8a323b
01_raw/KWater/mywater_station/rain/A/1009710/2023-05-21_2023-06-19.json,raw,566,e2508414c4a6ae841653a7270397556aeaace3c16f4cb9cdffef875dcb366069
01_raw/KWater/mywater_station/rain/A/1009710/2023-06-20_2023-07-19.json,raw,566,14a03ce160501c0825b0c4aa362cc282763a70e5365c968adf7d4ac2f4a61e00
01_raw/KWater/mywater_station/rain/A/1009710/2023-07-20_2023-08-18.json,raw,566,8d3b2c0695218704601c53b8f5030d4c9e902d609bb60d0be9c0ec63611ccfbb
01_raw/KWater/mywater_station/rain/A/1009710/2023-08-19_2023-09-17.json,raw,567,b08e8ddac7976bc96af829192a6ff27f8160834d0165816a3d4b0e08fd6e1498
01_raw/KWater/mywater_station/rain/A/1009710/2023-09-18_2023-10-17.json,raw,566,a742720ec379f7efcbfb6b78f1a34b3e5fe53b21459030b065d8e11950c4672a
01_raw/KWater/mywater_station/rain/A/1009710/2023-10-18_2023-11-16.json,raw,568,b44c49cd0320251ccaef9549bf385e34b346e574d75c94caf5d842667e74b8ce
01_raw/KWater/mywater_station/rain/A/1009710/2023-11-17_2023-12-16.json,raw,568,79396bf31ebd222e35c24ac73cdfe2c1b09800a57d60845ad62f79adf8561110
01_raw/KWater/mywater_station/rain/A/1009710/2023-12-17_2024-01-15.json,raw,562,af290989aa4ddd8364b1519f675d059504e6eca33eb3191258db434c5fff4e4f
01_raw/KWater/mywater_station/rain/A/1009710/2024-01-16_2024-02-14.json,raw,562,a521c6ee7128a4a39b197c0258c35f83af2017ffdf02751df3ea65b3c477186f
01_raw/KWater/mywater_station/rain/A/1009710/2024-02-15_2024-03-15.json,raw,564,2849b5ca96990c601243a30a199f6a18ac2eaa577bb42bde8c23a758fba9d485
01_raw/KWater/mywater_station/rain/A/1009710/2024-03-16_2024-04-14.json,raw,566,79b7f7fca0272e804d3e0adfa860f984c6b09b8b5d8fc3fd2b4a7758165b41b9
01_raw/KWater/mywater_station/rain/A/1009710/2024-04-15_2024-05-14.json,raw,565,29cfa9a013f4148d08139874c907abe03db1ccf208231bb593cac37d3f9883a2
01_raw/KWater/mywater_station/rain/A/1009710/2024-05-15_2024-06-13.json,raw,566,acacfd180a3519c523de24df8d9d811482e182d524fc09a9db623cada171491c
01_raw/KWater/mywater_station/rain/A/1009710/2024-06-14_2024-07-13.json,raw,565,94e273f32fdff85c4ed392be08453753e57c7628577124018a0bbd67186175e3
01_raw/KWater/mywater_station/rain/A/1009710/2024-07-14_2024-08-12.json,raw,565,32d273335cd41987388e04813f52d2b50204f4aca0846c44da30baa3f5f3ccfe
01_raw/KWater/mywater_station/rain/A/1009710/2024-08-13_2024-09-11.json,raw,566,4a14ff895aebeadd33a3f7854951a47178c06b95c512e55ef133c2c4bfac5542
01_raw/KWater/mywater_station/rain/A/1009710/2024-09-12_2024-10-11.json,raw,568,3cddd4a7a81f7738a9a4a55961ff72ce93931de4dfc13fb62bd4a61ae167c93a
01_raw/KWater/mywater_station/rain/A/1009710/2024-10-12_2024-11-10.json,raw,568,4df11063a706077618921a219afc365c9653c9f93a3885cc119493e61f60149b
01_raw/KWater/mywater_station/rain/A/1009710/2024-11-11_2024-12-10.json,raw,566,28bc1635eb44b52950bfbeaffff2f7433b5826390bd1d2bf49ce82e2a1e8f437
01_raw/KWater/mywater_station/rain/A/1009710/2024-12-11_2025-01-09.json,raw,562,56f325cea69d5740aa0c989ceb9b7115ebb20de910c6bb8c4be7ee926e790623
01_raw/KWater/mywater_station/rain/A/1009710/2025-01-10_2025-02-08.json,raw,564,60853ce4f91f5c246fe0e8643830ebc3d6e681a1388cfc9145072a021aecb396
01_raw/KWater/mywater_station/rain/A/1009710/2025-02-09_2025-03-10.json,raw,564,4aecc43a189cf2ae4eb1ef33d3461d5d500b7eeca98f036b6c377f1a31fc0209
01_raw/KWater/mywater_station/rain/A/1009710/2025-03-11_2025-04-09.json,raw,566,1ff1f69cdacd8b8a6046b9c9385d7d81fd7f74831036fd5a1c408575b3b1ecc8
01_raw/KWater/mywater_station/rain/A/1009710/2025-04-10_2025-05-09.json,raw,567,25cbf4a519c973e8379b14063a9c9574932939e486c601249eec36de721373f0
01_raw/KWater/mywater_station/rain/A/1009710/2025-05-10_2025-06-08.json,raw,566,4b56b354dec4a854be677b7b74e2762179c590862acee2d0c1b41cdd94608b3c
01_raw/KWater/mywater_station/rain/A/1009710/2025-06-09_2025-07-08.json,raw,564,996e651f228a2051df45465e2604658fd6c1d23d52f28e3450ecad02b6361bf5
01_raw/KWater/mywater_station/rain/A/1009710/2025-07-09_2025-08-07.json,raw,566,85966f6b9715ea4077a9f4267378b6c433654a7a9046129d6c35471a807c5eaf
01_raw/KWater/mywater_station/rain/A/1009710/2025-08-08_2025-09-06.json,raw,565,166f80c25f2734e71cd34ce51dfe751ac035a07ec3bd3def3251c91ac130cf1a
01_raw/KWater/mywater_station/rain/A/1009710/2025-09-07_2025-10-06.json,raw,565,62d2ad94d980c80f6cb033a35a8013169c0a4960ca4795a45a794ac227843283
01_raw/KWater/mywater_station/rain/A/1009710/2025-10-07_2025-11-05.json,raw,566,30257d8d5c5e1b9ef5e3f2ae6e0debaf6464734b6fd2662cfb67466883ccbb52
01_raw/KWater/mywater_station/rain/A/1009710/2025-11-06_2025-12-05.json,raw,566,64a784b5299200e6ac8a2230220dd6a51bb5a17daaeb1c1d200800498d3f8eb0
01_raw/KWater/mywater_station/rain/A/1009710/2025-12-06_2026-01-04.json,raw,560,b754c95708cee12e28e21b9bc599e821f8dc4d5554314583f887235f284cfd01
01_raw/KWater/mywater_station/rain/A/1009710/2026-01-05_2026-02-03.json,raw,561,47ea76c775907f270daf33d6bad0042647b884d8c1c4edef5aa77cb15c238e74
01_raw/KWater/mywater_station/rain/A/1009710/2026-02-04_2026-03-05.json,raw,562,b1808837bad6b858556a37cd0675a58ec181b9fd29d62cad90dec1375e1bf07a
01_raw/KWater/mywater_station/rain/A/1009710/2026-03-06_2026-04-04.json,raw,562,3288c2562096b1db52c3648c9fface4d2f06d7f9acf5cfda36ca4231e5a9688d
01_raw/KWater/mywater_station/rain/A/1009710/2026-04-05_2026-05-04.json,raw,564,42a3248322d458d54f5a4feca83fbd5b41f29d25e3cd13f876d21fe8d71ef5f5
01_raw/KWater/mywater_station/rain/A/1009710/2026-05-05_2026-06-03.json,raw,564,1dbfc599d87aeeb0e76af957f67d52454f74b416a2588eda76e32f1a0f721b23
01_raw/KWater/mywater_station/rain/A/1009710/2026-06-04_2026-07-03.json,raw,564,2f4b16b8d4ffe464e8f8c3db9a94adbc497ea5b4769972c7eec8a7aeebc9793f
01_raw/KWater/mywater_station/rain/A/1009710/2026-07-04_2026-08-02.json,raw,563,bfabc5fd9494e1008145852f0493f461fce5dcccf4c8ce9869f0cf7d614c203a
01_raw/KWater/mywater_station/rain/A/1009710/2026-08-03_2026-09-01.json,raw,564,f1c8fcdb4a5f07aa2e5e56a125b29d09aa9ce1bb90c9344f5dfb6d44eb9e011c
01_raw/KWater/mywater_station/rain/A/1009710/2026-09-02_2026-09-28.json,raw,563,26236e4349990d4822d6992369fde6d914fc219ddedcb7156a5c71a97b415638
01_raw/KWater/mywater_station/rain/A/1012110/2021-01-01_2021-01-30.json,raw,1809,d0b0fd03a7d12b932d7e5052aacdff68472df776d41d0629c8ea101f93831781
01_raw/KWater/mywater_station/rain/A/1012110/2021-01-31_2021-03-01.json,raw,1818,b6975e8994bc88b6b7846a3fd8391a018e35481000acba8056ad7ef55774cb3c
01_raw/KWater/mywater_station/rain/A/1012110/2021-03-02_2021-03-31.json,raw,1829,44cccd40acd04d9a85c526da04a384e1e0ddde4bec5fc7eb91aed8438d2959cc
01_raw/KWater/mywater_station/rain/A/1012110/2021-04-01_2021-04-30.json,raw,1830,18a0f59d90b04c8f4cae52712bbf01687b5a114d1f31d3707d8b467356ccafd0
01_raw/KWater/mywater_station/rain/A/1012110/2021-05-01_2021-05-30.json,raw,1831,f8aca0effa85d8ba752a276807b68fc4a818b93aa03dc77bff31a56e3c734eda
01_raw/KWater/mywater_station/rain/A/1012110/2021-05-31_2021-06-29.json,raw,1830,c69e0d52d068f7e303857be1026a15a779a0a1c445c5b177afe3ba32c32116db
01_raw/KWater/mywater_station/rain/A/1012110/2021-06-30_2021-07-29.json,raw,1831,b311d762313f3f2275464412f1a4ff18a6499f0beae44aa9043b46a1fb6315ec
01_raw/KWater/mywater_station/rain/A/1012110/2021-07-30_2021-08-28.json,raw,1831,b3095bd168a1548ddf92ec5f4264184c463e2de1db7875fa55f6e4fcf57205ce
01_raw/KWater/mywater_station/rain/A/1012110/2021-08-29_2021-09-27.json,raw,1833,e9b7ad97853780a2b96fa0bcbfd52e4866b98fb0381fe9a9b9fba44bd1efbf2c
01_raw/KWater/mywater_station/rain/A/1012110/2021-09-28_2021-10-27.json,raw,1839,648e6b23d9517f43267e854c64bf99004c443933fe195e174ec669d9f5fca323
01_raw/KWater/mywater_station/rain/A/1012110/2021-10-28_2021-11-26.json,raw,1840,a755665f6cc1bb1a24901f2723490db0563ff6aeb46c77b7cb73d6a1d6b27920
01_raw/KWater/mywater_station/rain/A/1012110/2021-11-27_2021-12-26.json,raw,1841,5ace5c41bd87edee6d9400dbdced6c6330bf609f6cb44ce1e1620659eea9ca88
01_raw/KWater/mywater_station/rain/A/1012110/2021-12-27_2022-01-25.json,raw,1805,c0d9499270b3f83bc99a7b0551d277197e0b4bbfb56d3384b8301593dfc34ce9
01_raw/KWater/mywater_station/rain/A/1012110/2022-01-26_2022-02-24.json,raw,1804,40c04a6119bfeb7b35ccb3da768d32f86fb66e1b945c292ea1c4a591bbc6b0ca
01_raw/KWater/mywater_station/rain/A/1012110/2022-02-25_2022-03-26.json,raw,1822,33bb46f65106fc57bd93a3639ace28314a261e58b7cbf332271661d746e3864b
01_raw/KWater/mywater_station/rain/A/1012110/2022-03-27_2022-04-25.json,raw,1826,2d978b33542af8959efb73baacb997dd7da5b3d9da359bd6617b1e9accbdc823
01_raw/KWater/mywater_station/rain/A/1012110/2022-04-26_2022-05-25.json,raw,1831,051ab9df2669edd5b009994bd7c36903f43339575d9a843291b116f3a97ea12c
01_raw/KWater/mywater_station/rain/A/1012110/2022-05-26_2022-06-24.json,raw,1830,7852368a0eb0a6464ec855c382d63dce69d9f98dce9aa3cd0800db97f39ace9b
01_raw/KWater/mywater_station/rain/A/1012110/2022-06-25_2022-07-24.json,raw,1831,fafe05197870d4dad22880b1b342287bd3ac06a10293094c74021c7207ac3b54
01_raw/KWater/mywater_station/rain/A/1012110/2022-07-25_2022-08-23.json,raw,1841,c0405a3e32a9f6323e3c9667bf614eaa6bd94b51df930f592c6d2947ecab4e43
01_raw/KWater/mywater_station/rain/A/1012110/2022-08-24_2022-09-22.json,raw,1844,742408ff6deb4f01e6123038175f09d9de87215adadf89fe77bf83fe7810123a
01_raw/KWater/mywater_station/rain/A/1012110/2022-09-23_2022-10-22.json,raw,1843,68c080fd1f80495c89d63f30daeb53c4837e126c0b53f02f902c7caa4cbdae12
01_raw/KWater/mywater_station/rain/A/1012110/2022-10-23_2022-11-21.json,raw,1844,f8e4aaa13b5836e7221c4823f1f92039304fb36e324e7bf84537fa097ae67866
01_raw/KWater/mywater_station/rain/A/1012110/2022-11-22_2022-12-21.json,raw,1844,091fabce703ca15cc322343861db0faf6ed104233a776cbe8a2d9cc6756920e8
01_raw/KWater/mywater_station/rain/A/1012110/2022-12-22_2023-01-20.json,raw,1818,bfc14ba5992fc53f1c9b5c413212ee77a049cc0ba0e7d6aecb829ff78706c6a8
01_raw/KWater/mywater_station/rain/A/1012110/2023-01-21_2023-02-19.json,raw,1818,83291b58cbb7ce5c355b6d00263e3f390f2362131e5359088deb8a08f2a0d4da
01_raw/KWater/mywater_station/rain/A/1012110/2023-02-20_2023-03-21.json,raw,1818,ebf9fb6f6da42c0302c13ea8cf4dd0e1c9ee09605a80546004036efcae3cfc8e
01_raw/KWater/mywater_station/rain/A/1012110/2023-03-22_2023-04-20.json,raw,1831,9ff387620c283cb3d85d939b75cacb8d832b907ecdee8179ff8e7b4283406fbf
01_raw/KWater/mywater_station/rain/A/1012110/2023-04-21_2023-05-20.json,raw,1831,8eda155c7debadeb0a7529c171994cda6681ee370e61bef5fbe28d434092b4c8
01_raw/KWater/mywater_station/rain/A/1012110/2023-05-21_2023-06-19.json,raw,1831,8e4441d03a39a6d71cb7f0e310ec1dc99577f990226b0c8b3880cd7a3db1afa6
01_raw/KWater/mywater_station/rain/A/1012110/2023-06-20_2023-07-19.json,raw,1830,a1f450f1e61cbd5fba4c20926e574093ab9016752eaffc06b1462aeaca52b923
01_raw/KWater/mywater_station/rain/A/1012110/2023-07-20_2023-08-18.json,raw,1832,65b5a0b037b9752e6ff28f5e945e17471105562212f596ca472e4a68824fa2c3
01_raw/KWater/mywater_station/rain/A/1012110/2023-08-19_2023-09-17.json,raw,1841,420bacbb6ca1057ce762a3fa4e62a86278974f8b33a8c66d47813868f8e7642a
01_raw/KWater/mywater_station/rain/A/1012110/2023-09-18_2023-10-17.json,raw,1842,3374e6673a924d1ab923ed6f850e5e601727c0793072d240302fc3e894a7044c
01_raw/KWater/mywater_station/rain/A/1012110/2023-10-18_2023-11-16.json,raw,1843,d04767ab39348d9b3f7119f32f52168b5d1ccb728cbff6ba4bb54e1fad4f76f9
01_raw/KWater/mywater_station/rain/A/1012110/2023-11-17_2023-12-16.json,raw,1844,10480346eb333a7f8e1c5d100db6e7494cf2b853b1e68bc2035b3d537132d0eb
01_raw/KWater/mywater_station/rain/A/1012110/2023-12-17_2024-01-15.json,raw,1805,f9d9e2bf129cb2c48c17052cb34e7091d73a89f5b74a6411524851f014b38fce
01_raw/KWater/mywater_station/rain/A/1012110/2024-01-16_2024-02-14.json,raw,1810,a53db114a683ed2453597b82a56d508236c4058336917e5f770d5e983884a343
01_raw/KWater/mywater_station/rain/A/1012110/2024-02-15_2024-03-15.json,raw,1819,1cc04d9e433f49eb437536e105509f2996ef2cc5257050eb0d342ff0d9006e1d
01_raw/KWater/mywater_station/rain/A/1012110/2024-03-16_2024-04-14.json,raw,1827,6307f4eb2556c085b0c9e99a4c26b890afab81c9274adefff2dbf55e6f9068fb
01_raw/KWater/mywater_station/rain/A/1012110/2024-04-15_2024-05-14.json,raw,1830,98fc64b7d2cc1c54355c9334290f989ee1582a8529a66097a076d9a328be7ceb
01_raw/KWater/mywater_station/rain/A/1012110/2024-05-15_2024-06-13.json,raw,1831,00e38789cc1285953ae878a01f1689b91425490526163e7bd24da5d8f25c3aef
01_raw/KWater/mywater_station/rain/A/1012110/2024-06-14_2024-07-13.json,raw,1830,1012567ddb77dbcc361a7bd47db00c03636a6d4c688f5437fe80d010264fb6d8
01_raw/KWater/mywater_station/rain/A/1012110/2024-07-14_2024-08-12.json,raw,1831,78c997c52734063b35e98e77a51c91ac4bc31ab4ef70dda56e0fc4ea33af2231
01_raw/KWater/mywater_station/rain/A/1012110/2024-08-13_2024-09-11.json,raw,1831,8f0757e0f87aa164a46ed2e7ec1764c78e8fb6155246543dcccd0b125d07342d
01_raw/KWater/mywater_station/rain/A/1012110/2024-09-12_2024-10-11.json,raw,1838,5cac029a7947318c95e391b92f6c9bf478ed10b35df8da5cd772cb813ecf21cf
01_raw/KWater/mywater_station/rain/A/1012110/2024-10-12_2024-11-10.json,raw,1843,a163dc7d6af9d612e652d14fd8718e0d7cb99ad66ee8c34460f228673b2c1c7b
01_raw/KWater/mywater_station/rain/A/1012110/2024-11-11_2024-12-10.json,raw,1843,74ae1a9e54dba30ab51d6e0575186c75f26e0ddf1f2e9c4092521bcfca7ec73d
01_raw/KWater/mywater_station/rain/A/1012110/2024-12-11_2025-01-09.json,raw,1804,80f16e574f0de70046ec5950f446b9b1516249225c12eca33764a86713708866
01_raw/KWater/mywater_station/rain/A/1012110/2025-01-10_2025-02-08.json,raw,1804,5a5bd465790b4f96470fb60f0ef87db22563144f00ce796b44d49745fffaf09f
01_raw/KWater/mywater_station/rain/A/1012110/2025-02-09_2025-03-10.json,raw,1816,dee649b6379b39608e7d51eecf05cde9b94ae627ede0be45855c0a84f1611974
01_raw/KWater/mywater_station/rain/A/1012110/2025-03-11_2025-04-09.json,raw,1819,9e1a082539532af4197e983bce7e12763d8a5f4c866617755212947f577b85ea
01_raw/KWater/mywater_station/rain/A/1012110/2025-04-10_2025-05-09.json,raw,1830,5820f7fdb6a6cb807c0eef6a530f1bc8a4d3a30b407757d24aee44cf6f1fba5f
01_raw/KWater/mywater_station/rain/A/1012110/2025-05-10_2025-06-08.json,raw,1831,1c604f404973e97c467af2a6e6ea0ea2046d8aeadc2238f5c0c60c6fda73903a
01_raw/KWater/mywater_station/rain/A/1012110/2025-06-09_2025-07-08.json,raw,1831,00ea89e399633059dbd08e45d723bb7a614bdc8ddd2e583e3ee9bd7cc0b76d06
01_raw/KWater/mywater_station/rain/A/1012110/2025-07-09_2025-08-07.json,raw,1831,f7e1b0468521371c74ad3b27088558a3ed85092c22a28e56ad34b1e07985be03
01_raw/KWater/mywater_station/rain/A/1012110/2025-08-08_2025-09-06.json,raw,1833,d84ae4a59e8513457b3fd90cdb7c9e6e432665f23d65264d9dd3756f4cc86d91
01_raw/KWater/mywater_station/rain/A/1012110/2025-09-07_2025-10-06.json,raw,1839,e795d6b704cd3f5af721044f59a27215f1d6165facf8afcd2ea0e3a5b6ce19fc
01_raw/KWater/mywater_station/rain/A/1012110/2025-10-07_2025-11-05.json,raw,1843,e193216de5d81eb6e64eed88fca46473929a97174287a6a63f132d06a5b919e6
01_raw/KWater/mywater_station/rain/A/1012110/2025-11-06_2025-12-05.json,raw,1843,e6647dd5d9fe6a0eb2389a08c11ace6adbb112e28838f5d0a138f508a099df04
01_raw/KWater/mywater_station/rain/A/1012110/2025-12-06_2026-01-04.json,raw,1805,96a1a96fcc0bf9d2f93e77f377a657f9752d0fde992d1b08023e46d9a0c5df74
01_raw/KWater/mywater_station/rain/A/1012110/2026-01-05_2026-02-03.json,raw,1804,6bc0bd2cefe8ad97b313f2585e543713af5e141dc74681c5fc26729292629e5f
01_raw/KWater/mywater_station/rain/A/1012110/2026-02-04_2026-03-05.json,raw,1811,e70dc547ca130642ad08e76b9cf451e8f38ad9fad2de12312b9d506c410a2be5
01_raw/KWater/mywater_station/rain/A/1012110/2026-03-06_2026-04-04.json,raw,1818,5debc46aa5c719175ce182bc40904702c6af629a6193cc16f8e7c35d08092ae6
01_raw/KWater/mywater_station/rain/A/1012110/2026-04-05_2026-05-04.json,raw,1829,1e76d373a5da1704a8361634b034c9202fcd2b6fd790bb3bd6bed9eecb22a8c7
01_raw/KWater/mywater_station/rain/A/1012110/2026-05-05_2026-06-03.json,raw,1831,6f85c0d5364f7577446da1e7a9dcde41fdf015034101b2920d98f17816dcb062
01_raw/KWater/mywater_station/rain/A/1012110/2026-06-04_2026-07-03.json,raw,1831,ed7771404d96a14c58c9f30130c497eccc6703b63867b166dc27b409efb6df11
01_raw/KWater/mywater_station/rain/A/1012110/2026-07-04_2026-08-02.json,raw,1831,0acd071a0e0ebb0833ad98cfc4dd72eb26d330134286ddaf437a6fa4015a4eae
01_raw/KWater/mywater_station/rain/A/1012110/2026-08-03_2026-09-01.json,raw,1831,c5086986939074a7ccfab1e9d32072a622c7006ff8acffd2d42057d91c1e4976
01_raw/KWater/mywater_station/rain/A/1012110/2026-09-02_2026-09-28.json,raw,1832,394a53ce4cff5b11c251839c46bc7c70d892511963e040520d58fb2d83907389
01_raw/KWater/mywater_station/rain/A/1021701/2021-01-01_2021-01-30.json,raw,556,c20c745a48f70583a391f139d17857e008356a126633ac4b7f21c3f9965b0264
01_raw/KWater/mywater_station/rain/A/1021701/2021-01-31_2021-03-01.json,raw,559,0a8d441c7ed6c2dd5c499733a718f3ede6724bc60e241e060557a7060925c595
01_raw/KWater/mywater_station/rain/A/1021701/2021-03-02_2021-03-31.json,raw,561,039c3aee9ba3628467982dc3cf2f4fa7666cc19a67beb420b1f5dde4345a37f1
01_raw/KWater/mywater_station/rain/A/1021701/2021-04-01_2021-04-30.json,raw,561,4a48eb9a548f72b30d11c05750b05a1989ed01ad30d58999edb870a65244536a
01_raw/KWater/mywater_station/rain/A/1021701/2021-05-01_2021-05-30.json,raw,561,494267ec17d9baa3c2d0c2b0117594562433b6741ace38658d7950cbce14abd4
01_raw/KWater/mywater_station/rain/A/1021701/2021-05-31_2021-06-29.json,raw,560,51016deac04ece4913eca36ed658ff9fcd10614c75709374281dd9bacb10ed15
01_raw/KWater/mywater_station/rain/A/1021701/2021-06-30_2021-07-29.json,raw,561,e3d8277e1e38af040df5dd21cea972dd6a9e9bcdc9cb8702be01ac1550d7e0a5
01_raw/KWater/mywater_station/rain/A/1021701/2021-07-30_2021-08-28.json,raw,561,be86a25eb16568293d9584ec1a53a8d934593c087128f0e66381f1ce8da7120d
01_raw/KWater/mywater_station/rain/A/1021701/2021-08-29_2021-09-27.json,raw,561,89e585ad8e1088de68a60c49e77aadc29f7e15280756c670875a4cec06c5fafd
01_raw/KWater/mywater_station/rain/A/1021701/2021-09-28_2021-10-27.json,raw,563,aefdce552b24a72549318bac2c2c4bdb2998d4411c64ea90f8aa2df974343acc
01_raw/KWater/mywater_station/rain/A/1021701/2021-10-28_2021-11-26.json,raw,562,6e4ae4770a11fc2e985488f69185fff990449c76b4a631f2727dcad38b9375ac
01_raw/KWater/mywater_station/rain/A/1021701/2021-11-27_2021-12-26.json,raw,562,9b7bc383fa78f305f96b883068b95a08f63e1e0819da0346ce4ab97b5febb2f8
01_raw/KWater/mywater_station/rain/A/1021701/2021-12-27_2022-01-25.json,raw,557,19281b9a5c84e4bd147770218bd0e36edf6df2b87f37c0e04ca94c4d972884b8
01_raw/KWater/mywater_station/rain/A/1021701/2022-01-26_2022-02-24.json,raw,557,1739602f7a67dbfe3c05955cb4fb230aad24531edecdfe5c3eb0ba6578766eeb
01_raw/KWater/mywater_station/rain/A/1021701/2022-02-25_2022-03-26.json,raw,559,a3700c51780683011d1f3ffbd79d9f488736d30844095771608abf78c33f8fbf
01_raw/KWater/mywater_station/rain/A/1021701/2022-03-27_2022-04-25.json,raw,558,cd88fe8e83ec178c40aa79fd9058edaee9c5f415284e0c7ff84dbd56fd103105
01_raw/KWater/mywater_station/rain/A/1021701/2022-04-26_2022-05-25.json,raw,561,5fe00e42092e74ea7a89ac7f3342651cef30b4c26a276ead08795e6ff94968e0
01_raw/KWater/mywater_station/rain/A/1021701/2022-05-26_2022-06-24.json,raw,561,f256d7092325e94f611373aabdd071e4113e4b118229864b5b7f543e2ca45e76
01_raw/KWater/mywater_station/rain/A/1021701/2022-06-25_2022-07-24.json,raw,560,35b760af8bbb994860a4523c86b73cfbf4a622c6c189ae93aee69cfc7411828b
01_raw/KWater/mywater_station/rain/A/1021701/2022-07-25_2022-08-23.json,raw,563,2a3f206d33fdf455f21cea44fcd2cc5987b28e2a5d77d9be233f837e9981bcae
01_raw/KWater/mywater_station/rain/A/1021701/2022-08-24_2022-09-22.json,raw,563,ed77d5c8a49b16a14f3b92a9def44d40f9ca4d06a6caea0323b3d8937b972a59
01_raw/KWater/mywater_station/rain/A/1021701/2022-09-23_2022-10-22.json,raw,562,b99f0aa911022ce230f145ea545b41a0d1e2da220fbe26c5815dbd09fab5d8f9
01_raw/KWater/mywater_station/rain/A/1021701/2022-10-23_2022-11-21.json,raw,563,b26c596eea3dff80ddc0854abf1e6e23d91b86ff64bb957097b0e43f4d021d8e
01_raw/KWater/mywater_station/rain/A/1021701/2022-11-22_2022-12-21.json,raw,562,fec51023ca6d2f5968e3f37889bfae53855cd182009c1b5fd2b7607ef9f0e170
01_raw/KWater/mywater_station/rain/A/1021701/2022-12-22_2023-01-20.json,raw,559,4b01ad08e708a13063c87c56a84681f40633fed2ef7e7f68ab7fe56b008aa642
01_raw/KWater/mywater_station/rain/A/1021701/2023-01-21_2023-02-19.json,raw,559,eb0eb3e24655dbbe232a1b71351feeb20def3279ece7fe318595d05c1a00db12
01_raw/KWater/mywater_station/rain/A/1021701/2023-02-20_2023-03-21.json,raw,559,8150d6d1923a8d782f5381e8b210c3194a6c2b038be6629d9b064903bbc720a6
01_raw/KWater/mywater_station/rain/A/1021701/2023-03-22_2023-04-20.json,raw,563,2e4ef336bb77dfa53f4a45703edd52d12f679ac6d39777f8c4579a13d5e45549
01_raw/KWater/mywater_station/rain/A/1021701/2023-04-21_2023-05-20.json,raw,561,59c3e1d8ac956562dc3375fd214d60cfeca9f1a00b62acc70bdfde273d7aa23e
01_raw/KWater/mywater_station/rain/A/1021701/2023-05-21_2023-06-19.json,raw,561,3a7e33812ed815e8ee6687fa625734aeb1965b3dc056a0f61c8900ec9544e94a
01_raw/KWater/mywater_station/rain/A/1021701/2023-06-20_2023-07-19.json,raw,561,658b399cd8a966e8c2872837a792e819d2c7a2abc90fbfb2976028cf4483e938
01_raw/KWater/mywater_station/rain/A/1021701/2023-07-20_2023-08-18.json,raw,565,dbae0497fd920a8ca766bd6c66616e4fb57f4761f1bc1aa84badbe44734f314c
01_raw/KWater/mywater_station/rain/A/1021701/2023-08-19_2023-09-17.json,raw,562,ba47363d39e5213e04aaca3530b9d8ae0bfc61555579eacf3227bcfd000f5978
01_raw/KWater/mywater_station/rain/A/1021701/2023-09-18_2023-10-17.json,raw,564,fce56326013a3d1df1fecd9f028d13ea8a9ff44b2a81773dd152ae56da866ac0
01_raw/KWater/mywater_station/rain/A/1021701/2023-10-18_2023-11-16.json,raw,563,1a056ad8cad881f986014d7c5db05b615495b7d07aa33b0f29b31ad25a354886
01_raw/KWater/mywater_station/rain/A/1021701/2023-11-17_2023-12-16.json,raw,563,53cec7e5b7776a3226cf992f5da92fad3423417a6f7f2e29526cc36a8a9bfa32
01_raw/KWater/mywater_station/rain/A/1021701/2023-12-17_2024-01-15.json,raw,558,1ff5ed1737396ce06690a99c9aa3397233bb79b1b74e1f4c581b6064e7bae02d
01_raw/KWater/mywater_station/rain/A/1021701/2024-01-16_2024-02-14.json,raw,557,4b95e779b76137f7dc46302ecfcecae3e0910e46af111abacedadc1ccae6bfc7
01_raw/KWater/mywater_station/rain/A/1021701/2024-02-15_2024-03-15.json,raw,559,2e837a4492b4474e3046441b28c332b7a6b3020b52c228803ba9a1219ecf2a5d
01_raw/KWater/mywater_station/rain/A/1021701/2024-03-16_2024-04-14.json,raw,561,e6b1da5a91092cb5cd5ec06073c507cf7b74083ef811f6ee4f32456b453b6d82
01_raw/KWater/mywater_station/rain/A/1021701/2024-04-15_2024-05-14.json,raw,563,406f896332c2c87892f119e10cfcb3bdc395902c3830d80d7663c973dd235005
01_raw/KWater/mywater_station/rain/A/1021701/2024-05-15_2024-06-13.json,raw,563,f853266ab9e2fb165d873559af8815447f9075aa7c7b09dd0ec5170e69a81a57
01_raw/KWater/mywater_station/rain/A/1021701/2024-06-14_2024-07-13.json,raw,561,102b9e06d735ec2e60983c6e18a912ec24a3b8ae897b8927418d50cdd525e57b
01_raw/KWater/mywater_station/rain/A/1021701/2024-07-14_2024-08-12.json,raw,564,95db61e065c70457e2a075a32e1f029b44e567aac7bc2655a00a88af29611173
01_raw/KWater/mywater_station/rain/A/1021701/2024-08-13_2024-09-11.json,raw,563,e6ba39820ed02f9c62952aefb0fc126ba952423bd9a05751dab8595d27569755
01_raw/KWater/mywater_station/rain/A/1021701/2024-09-12_2024-10-11.json,raw,563,b4eb338b554e1f205c51299d8cc65901f15097d57c2a666e537c212f3bc30266
01_raw/KWater/mywater_station/rain/A/1021701/2024-10-12_2024-11-10.json,raw,563,bfce92ff3e6e7926072e47089ce0a4126f8520d2c6f92cf4ca2a10fd80cfb465
01_raw/KWater/mywater_station/rain/A/1021701/2024-11-11_2024-12-10.json,raw,565,3438c75230c2fa21ea3065c5974f701c859f273a464996a22f78660a697c3a66
01_raw/KWater/mywater_station/rain/A/1021701/2024-12-11_2025-01-09.json,raw,557,ebe37fa915bca4e66c71d8b831d5ac961e1d632ef88ebf12d8f1e11e1aeb7cad
01_raw/KWater/mywater_station/rain/A/1021701/2025-01-10_2025-02-08.json,raw,560,d42e89dd658b1c19cd0019f09e464b895fd2c3271d3fa3fbcf417f1a6d99d397
01_raw/KWater/mywater_station/rain/A/1021701/2025-02-09_2025-03-10.json,raw,671,6cf87eeaf458c52cdee47d3f4fc2787bbc271e6440634c8a4592ab513c8e7ad2
01_raw/KWater/mywater_station/rain/A/1021701/2025-03-11_2025-04-09.json,raw,672,0d2ba96ac4c86b364322aeb5e20289638626d97bf511bfd194297f73083f9478
01_raw/KWater/mywater_station/rain/A/1021701/2025-04-10_2025-05-09.json,raw,677,013dc56b1164eb3df107e8ff49ad425eeb7c1bbc44426a10a23df6315186d59b
01_raw/KWater/mywater_station/rain/A/1021701/2025-05-10_2025-06-08.json,raw,677,eb43afce669a033e86e822ba90f1c22426c8fd8327ed918c7f99d1ab9dfb7113
01_raw/KWater/mywater_station/rain/A/1021701/2025-06-09_2025-07-08.json,raw,677,dfa1694e4902504c9d3f59115ffb064c9aed72735b2920e5e636d8f73343e827
01_raw/KWater/mywater_station/rain/A/1021701/2025-07-09_2025-08-07.json,raw,675,f002e9e83c12848e4e4da65c03d4fd247102d1372c20f3423a5eab99ca8e6336
01_raw/KWater/mywater_station/rain/A/1021701/2025-08-08_2025-09-06.json,raw,680,51f66dd6b938ccd28d95461dadfd2d191310678701017b1ff5f2cb73d029a4cd
01_raw/KWater/mywater_station/rain/A/1021701/2025-09-07_2025-10-06.json,raw,678,752a3bf7c4e332ae9a02abbd1735cddfc258c4e5e128b950a16b76e9429ccb25
01_raw/KWater/mywater_station/rain/A/1021701/2025-10-07_2025-11-05.json,raw,678,c3741074c7f3e21eea0c77e9b94232ccff9f3e552ecb72c8a3433fc5ad8c7ed1
01_raw/KWater/mywater_station/rain/A/1021701/2025-11-06_2025-12-05.json,raw,680,05b2695a672c949b8ba27bad6f6bf35b23e87ac4072f4ba074b1f5d1e5c93c3f
01_raw/KWater/mywater_station/rain/A/1021701/2025-12-06_2026-01-04.json,raw,669,3c0e16a1f1bddf4aa04a4f1e1af510eb908bf9f55a67923bc2655d73bbcc7d70
01_raw/KWater/mywater_station/rain/A/1021701/2026-01-05_2026-02-03.json,raw,671,25378e6c7c75dcae49c4d204f7abc6ab161a611b9a9674d51cfa1894792e6d6a
01_raw/KWater/mywater_station/rain/A/1021701/2026-02-04_2026-03-05.json,raw,672,feb279f528ff1ed5b942f72760c428bd573f53ebd0495b0a9e0b0cd8685b1857
01_raw/KWater/mywater_station/rain/A/1021701/2026-03-06_2026-04-04.json,raw,672,b2f18f76296624aa6a17f0a7a7a6d07515b2d581feaef34292bc954727700f9a
01_raw/KWater/mywater_station/rain/A/1021701/2026-04-05_2026-05-04.json,raw,671,451053ae129f5011f2bfdcc19ba431cd2c20b1286f544c303bc6b6d44ada3f9c
01_raw/KWater/mywater_station/rain/A/1021701/2026-05-05_2026-06-03.json,raw,677,acc23aa31235332e321bacf98579e73a5786a866b6c85584e1f31e78fefa80a2
01_raw/KWater/mywater_station/rain/A/1021701/2026-06-04_2026-07-03.json,raw,675,5a3d440eeacd8b2743a5261193d791e07eb9272a14c474c6350b7d5b19953dba
01_raw/KWater/mywater_station/rain/A/1021701/2026-07-04_2026-08-02.json,raw,675,ec23e0890d3b797ee4714d22be99b8478e7c920a347ad3a304ba895b2e8b2c82
01_raw/KWater/mywater_station/rain/A/1021701/2026-08-03_2026-09-01.json,raw,677,92f6ae08656da18b9fdc6f7fe89440952109f1ee06ddbfe267441db79dbdfde6
01_raw/KWater/mywater_station/rain/A/1021701/2026-09-02_2026-09-28.json,raw,675,2394b6bbb0a11d82bba600e45b23e4f567c50bd123d82ed6879df5661a9f46e1
01_raw/KWater/mywater_station/rain/A/1022701/2021-01-01_2021-01-30.json,raw,899,367a57ebca98447d0cc3bde862c12509ed2a8c06f203cccbbacdf311eeb0272d
01_raw/KWater/mywater_station/rain/A/1022701/2021-01-31_2021-03-01.json,raw,904,dd0ac0d5313702b93e2a71370544b6db4541d6e1da8f7168d5b8f5c5093a80b4
01_raw/KWater/mywater_station/rain/A/1022701/2021-03-02_2021-03-31.json,raw,906,d80c1d7e3fe186bda06808d625e0f28003d64ac0ebdabaa44c3c51fa5dee1d09
01_raw/KWater/mywater_station/rain/A/1022701/2021-04-01_2021-04-30.json,raw,909,6133c1318fe032d413a1ada5ca52c752b71fbd45ca33a87a38f472db1dc6b1fb
01_raw/KWater/mywater_station/rain/A/1022701/2021-05-01_2021-05-30.json,raw,909,028d88da2348dd61947518f2d81fc1356900e8e405ebcd3c49c8bffb805ec3df
01_raw/KWater/mywater_station/rain/A/1022701/2021-05-31_2021-06-29.json,raw,908,8af79ec67d6427a21d9409f38e6efce4543c42899e4577f2da6f48669af8ce43
01_raw/KWater/mywater_station/rain/A/1022701/2021-06-30_2021-07-29.json,raw,908,34373321e8328c269d144de279601372a7bab72e178b44c617d40790001dec68
01_raw/KWater/mywater_station/rain/A/1022701/2021-07-30_2021-08-28.json,raw,909,1ad029226b092650d9f412b28049b4bcc9c5e6f3b60a698a7039c7e18fa36765
01_raw/KWater/mywater_station/rain/A/1022701/2021-08-29_2021-09-27.json,raw,908,7e5da4b13bfee1cf6c224fc29d127764df84c5dff9424d125b52b329e98c46c6
01_raw/KWater/mywater_station/rain/A/1022701/2021-09-28_2021-10-27.json,raw,912,2033d6c474bcff6abafb8a4d89bf100a92ae0ab8c28ab5ebd4f61aa6fc24b77e
01_raw/KWater/mywater_station/rain/A/1022701/2021-10-28_2021-11-26.json,raw,912,e19422622dd5ba9e01f036a8ed4966df79fa600cb78d533988d77c6aff5a53a6
01_raw/KWater/mywater_station/rain/A/1022701/2021-11-27_2021-12-26.json,raw,914,532a38b87710c2bb8b93a93b3ff8bd2c80e56ee3fe1831007c16b6828dd35a93
01_raw/KWater/mywater_station/rain/A/1022701/2021-12-27_2022-01-25.json,raw,898,46b991fcbaa09803bad6563254132c54e4963ac6603358855e5e9e3d54e656a4
01_raw/KWater/mywater_station/rain/A/1022701/2022-01-26_2022-02-24.json,raw,899,ef759a208c79cff549502c6546f58136d0ce281cc1fddd660fcd617558886c13
01_raw/KWater/mywater_station/rain/A/1022701/2022-02-25_2022-03-26.json,raw,905,c29c605ebafe5fa716e50e3ad58b6cec3bf1129211a6343743a33b5f716c15b2
01_raw/KWater/mywater_station/rain/A/1022701/2022-03-27_2022-04-25.json,raw,907,21abf3bec1ec8e4e2a53897b49ab19a6740b35bc2c02cbce948ecb9b07b9ec6a
01_raw/KWater/mywater_station/rain/A/1022701/2022-04-26_2022-05-25.json,raw,908,bdf9aa375f738f6588214c34b22015d4ce8d3a471326f5f93c3b2d6009ad603e
01_raw/KWater/mywater_station/rain/A/1022701/2022-05-26_2022-06-24.json,raw,909,4e4306f98134a9936cac84a487d36886fc6a38b46ffa219124c7d949f3ce9ae3
01_raw/KWater/mywater_station/rain/A/1022701/2022-06-25_2022-07-24.json,raw,909,a4d7d3694c742c1793c6a843c5378182c5cbc68a1f65e5f7c9351b700f694880
01_raw/KWater/mywater_station/rain/A/1022701/2022-07-25_2022-08-23.json,raw,913,7443ea44a404139f0792bf436cb6ef5b63683fe4fa06cba27722d2ca782d646f
01_raw/KWater/mywater_station/rain/A/1022701/2022-08-24_2022-09-22.json,raw,914,64b3c74a93b6d74a4987fa581cd568151d2d514d1cd43bf06c9fe1e774777d04
01_raw/KWater/mywater_station/rain/A/1022701/2022-09-23_2022-10-22.json,raw,914,942d777406a9cc0d2b5f7cbc519c0998173c222e47ab4324b8f27807a722d409
01_raw/KWater/mywater_station/rain/A/1022701/2022-10-23_2022-11-21.json,raw,914,456f931c3b16e87376bf11d9d40d390b5ee95f804e04fa690756924b8cb8e197
01_raw/KWater/mywater_station/rain/A/1022701/2022-11-22_2022-12-21.json,raw,914,408efb6a604da81ff2daabeee9d5235397b121e8781a85c193211a06f43d8790
01_raw/KWater/mywater_station/rain/A/1022701/2022-12-22_2023-01-20.json,raw,904,2ce04ceec11dfa34b37c5b296e5e99b6d6e77425bcb2907207776a663bccbb79
01_raw/KWater/mywater_station/rain/A/1022701/2023-01-21_2023-02-19.json,raw,904,6f2c067911bc5a1285938fd71cfd3406db2fd4457a9a2ec296faf0ead73f116d
01_raw/KWater/mywater_station/rain/A/1022701/2023-02-20_2023-03-21.json,raw,904,1ca657b1bbd236150033139ba4d41215faded3baba7542e1a504e8600f6d1d02
01_raw/KWater/mywater_station/rain/A/1022701/2023-03-22_2023-04-20.json,raw,908,49a8ce8f011d25e93787208867676a143b1289c522a2cb5755e07a17e505dd40
01_raw/KWater/mywater_station/rain/A/1022701/2023-04-21_2023-05-20.json,raw,909,fda074da9b69bff66c514119cf6bdbd7a13344d5d59f692580bd7df5f337df95
01_raw/KWater/mywater_station/rain/A/1022701/2023-05-21_2023-06-19.json,raw,908,71ae263e1ba84206041be48a4eab998486bffb1e66669e3c3c84a6eae17d8f31
01_raw/KWater/mywater_station/rain/A/1022701/2023-06-20_2023-07-19.json,raw,909,3e7a1a6ce7ba4fbd92c942b2e52f0e6063aa7281cc6f44a60c4121885564f42a
01_raw/KWater/mywater_station/rain/A/1022701/2023-07-20_2023-08-18.json,raw,910,4d01fe237cf7c9928f5635e319336168d0cdfa3c54856b7e239a23297f3cbc1d
01_raw/KWater/mywater_station/rain/A/1022701/2023-08-19_2023-09-17.json,raw,913,cada309feeaf74206931d4395930d8420803e163d213112148163b656f2be995
01_raw/KWater/mywater_station/rain/A/1022701/2023-09-18_2023-10-17.json,raw,914,7dd22867ec8478f1538a877ea6df6200c8734231ec0777624b25382468ecefbc
01_raw/KWater/mywater_station/rain/A/1022701/2023-10-18_2023-11-16.json,raw,914,068f6c29ee9d2592acca3014c951ecece36c4d6215f61aa99768ae59d3b5420a
01_raw/KWater/mywater_station/rain/A/1022701/2023-11-17_2023-12-16.json,raw,914,7cf497746c082a44055a063793de25d5b080957a78e5735b8ed5e9fc12a135c3
01_raw/KWater/mywater_station/rain/A/1022701/2023-12-17_2024-01-15.json,raw,899,995409d9cf76d92db43a4d4d449980602442580ba89db7d0bfaf738d21a336a3
01_raw/KWater/mywater_station/rain/A/1022701/2024-01-16_2024-02-14.json,raw,899,10089e302373123e0f5a0a304d1578aee5092a91c133448ee4f9175b24e73c90
01_raw/KWater/mywater_station/rain/A/1022701/2024-02-15_2024-03-15.json,raw,904,41e8652c1bed20279ef2c7116c3b0f036ae1add9fc49012818f69557e09771ef
01_raw/KWater/mywater_station/rain/A/1022701/2024-03-16_2024-04-14.json,raw,907,52dca9e0d434e48dbaf1a3dabaae66cf8d7aae013214748d6b2914b44c6e6014
01_raw/KWater/mywater_station/rain/A/1022701/2024-04-15_2024-05-14.json,raw,909,830225ccef0276f0f8dadde5370536988b871dfadcb400354849cc62f08598fb
01_raw/KWater/mywater_station/rain/A/1022701/2024-05-15_2024-06-13.json,raw,908,4001f2e190a526a83dfe117751c18b85f1aee5d6318b96f2c8c547b7138ee009
01_raw/KWater/mywater_station/rain/A/1022701/2024-06-14_2024-07-13.json,raw,909,74232bd6e1e5153a3b79b81d76af02c6e8a4675beb0d3c50127e09844980044d
01_raw/KWater/mywater_station/rain/A/1022701/2024-07-14_2024-08-12.json,raw,913,29d93303bf1fede912a0bcced6ce71e62b0f9df72b549fa595fccaa7fc39138a
01_raw/KWater/mywater_station/rain/A/1022701/2024-08-13_2024-09-11.json,raw,913,cd23748f32ddd3a0b468e9c15b3d1f3d7c3b1ee60b53c6b617319b1c2f877a5d
01_raw/KWater/mywater_station/rain/A/1022701/2024-09-12_2024-10-11.json,raw,914,559fb636b78788b774e159db9ee74acf47c188f5a4a89cf36c204b22631f32c8
01_raw/KWater/mywater_station/rain/A/1022701/2024-10-12_2024-11-10.json,raw,913,4aae93b32b2fe0ae415a42595968f9df4706c4945ec802ef784e0c82f4dbe9c3
01_raw/KWater/mywater_station/rain/A/1022701/2024-11-11_2024-12-10.json,raw,914,1e607ba3f0151fce4f046cfd604cdc6aacf2cb8de05a5584b61b39df75483db9
01_raw/KWater/mywater_station/rain/A/1022701/2024-12-11_2025-01-09.json,raw,899,68e71949a53383c6f2bfaa35c66d66e497a72075f63f0a3de8f8c8586ff1c57e
01_raw/KWater/mywater_station/rain/A/1022701/2025-01-10_2025-02-08.json,raw,1017,755d5e4feda54d37fafa980155a6ce62b2045955c67a17d3d2962412d4a29793
01_raw/KWater/mywater_station/rain/A/1022701/2025-02-09_2025-03-10.json,raw,1018,17c2a85ddcda1eb77d4695381d9521accf1ac438d29e90245f7c59ab681f3d6f
01_raw/KWater/mywater_station/rain/A/1022701/2025-03-11_2025-04-09.json,raw,1020,0e76b3e7465239ac998138eef607072fe575b3d42a17d798afdf243f70a4734c
01_raw/KWater/mywater_station/rain/A/1022701/2025-04-10_2025-05-09.json,raw,1025,7ae83a31b6a0e7793f280e744ac3ba260c9345fa3ac289d713ea584ee4378fc5
01_raw/KWater/mywater_station/rain/A/1022701/2025-05-10_2025-06-08.json,raw,1026,d05ca795e7698bf275e758bc3a2997c6b38c11006e3b381684f0fd1d5cc15e0f
01_raw/KWater/mywater_station/rain/A/1022701/2025-06-09_2025-07-08.json,raw,1026,506a11507e5088063747618d174e113a731b341c79f6a3073544097afa334a12
01_raw/KWater/mywater_station/rain/A/1022701/2025-07-09_2025-08-07.json,raw,1025,d10b33fdee83c6b255c00494c739ec78e25aef377b310187c97d546f2572f9b8
01_raw/KWater/mywater_station/rain/A/1022701/2025-08-08_2025-09-06.json,raw,1032,63728ba4d5fb35206c0940b38cf8e64c53f20da1143853824ea3bd7dc6a39b95
01_raw/KWater/mywater_station/rain/A/1022701/2025-09-07_2025-10-06.json,raw,1031,3f183d3c47f57c4623a72b4c0b0a4a250b32e28e811b03b8a721e65ed9dadf53
01_raw/KWater/mywater_station/rain/A/1022701/2025-10-07_2025-11-05.json,raw,1032,7995aab0a80e63146fc1cd20744ea6498f01b0ccc7026bbd98cbbd3a0bdde49c
01_raw/KWater/mywater_station/rain/A/1022701/2025-11-06_2025-12-05.json,raw,1032,7d301a40c73ecab4511d768a949120d1850901795e5363b5340148c7a08dec50
01_raw/KWater/mywater_station/rain/A/1022701/2025-12-06_2026-01-04.json,raw,1014,2d29a0d73531a6ab71758c2dda5d067056019f1c7754e8152823332935f9460a
01_raw/KWater/mywater_station/rain/A/1022701/2026-01-05_2026-02-03.json,raw,1015,6bcfddbd7af08abc32a60572997bee90ca382e069468ea5f6b38d2799a492080
01_raw/KWater/mywater_station/rain/A/1022701/2026-02-04_2026-03-05.json,raw,1019,25915fad37910fa7b15d0792b075d2ecc1b9bfceb2e2ebee537e247fee9262ab
01_raw/KWater/mywater_station/rain/A/1022701/2026-03-06_2026-04-04.json,raw,1020,7f0a4ec3dbc815b74b073b77ee892cefd83ba290da26e99af6b5cf2296f07e2b
01_raw/KWater/mywater_station/rain/A/1022701/2026-04-05_2026-05-04.json,raw,1020,4b76fd1c033b3b72b9a6f99cbe720780a45a89bd583390ae7b01c17c6b51669a
01_raw/KWater/mywater_station/rain/A/1022701/2026-05-05_2026-06-03.json,raw,1025,fc277721f45228cd6ac49ee8a7b4ae5a29f3f0dd48af228c4000802c4e81f6f7
01_raw/KWater/mywater_station/rain/A/1022701/2026-06-04_2026-07-03.json,raw,1026,37ba8638d929522c7f02141d7209b34ab6cf4d1b7202994cb4ff2a8aed18e08e
01_raw/KWater/mywater_station/rain/A/1022701/2026-07-04_2026-08-02.json,raw,1026,efa4022cd71bd6ef0059a51582b22b8b349dc02949dc3bbc632b94b1991fdb28
01_raw/KWater/mywater_station/rain/A/1022701/2026-08-03_2026-09-01.json,raw,1026,e0b519fc556855c1b343baea752a5fdfb8591b608aa331e2623ff6e257ef4794
01_raw/KWater/mywater_station/rain/A/1022701/2026-09-02_2026-09-28.json,raw,1025,ca62bfeaa41c5084468c05571d5babe83b4993412533afa3b01a83bd71634b88
01_raw/KWater/mywater_station/rain/C/1003110/2021-01-01_2021-01-30.json,raw,1474,999312f1750b37060f70e58faad278fbff83adec2b7cd7891ea7396d5c9b63bb
01_raw/KWater/mywater_station/rain/C/1003110/2021-01-31_2021-03-01.json,raw,1477,eb0512fa96d5532e272a908601a77da690e4f2efa5079e033d3dbb2f7fd3b605
01_raw/KWater/mywater_station/rain/C/1003110/2021-03-02_2021-03-31.json,raw,1477,b0984d695292bdf14424329b104f9cdd7d9e6cbf33f1775ca6e8676b29c55031
01_raw/KWater/mywater_station/rain/C/1003110/2021-04-01_2021-04-30.json,raw,1476,333391fa71e25ddb9753377557168c5165f8d37de96c91fb06c7b2d022540988
01_raw/KWater/mywater_station/rain/C/1003110/2021-05-01_2021-05-30.json,raw,1478,3b5ec12c27c609c4a65c751dd41b29243c7e3b299550942117bd83650591ab29
01_raw/KWater/mywater_station/rain/C/1003110/2021-05-31_2021-06-29.json,raw,1477,779808ccbdb1301792af5a37e5092db59b105c8c82f99fdfd084c731d5ddb024
01_raw/KWater/mywater_station/rain/C/1003110/2021-06-30_2021-07-29.json,raw,1496,5f4b2b10028fc063363ebd6ca34329335c177827a5cd8f01cd027b02c4d30ccc
01_raw/KWater/mywater_station/rain/C/1003110/2021-07-30_2021-08-28.json,raw,1498,df4a148339507f2f4217c173c8b6da9bac6151277c9518c4137d1b4b63e189e2
01_raw/KWater/mywater_station/rain/C/1003110/2021-08-29_2021-09-27.json,raw,1499,a296927bc36ef43ec790def3869fb6b0ba5c289d12302fad4988dd46f72e29fc
01_raw/KWater/mywater_station/rain/C/1003110/2021-09-28_2021-10-27.json,raw,1499,944e0d161a96eefc4dba6b2b5a5140457495416fc7208c691895eec985baa96a
01_raw/KWater/mywater_station/rain/C/1003110/2021-10-28_2021-11-26.json,raw,1497,d7e13c329f1253c6022af1fa28739e5d16480bea3b8ca5cb9ff1ce488039e48c
01_raw/KWater/mywater_station/rain/C/1003110/2021-11-27_2021-12-26.json,raw,1496,a92301499d924f0c42a74487906f051755db3e0c9d8dff9a11f19f8d79de724b
01_raw/KWater/mywater_station/rain/C/1003110/2021-12-27_2022-01-25.json,raw,1492,bae3deae4108bfb1a5156f7d51bf604fe91cf632d79e2e337977993767d8a755
01_raw/KWater/mywater_station/rain/C/1003110/2022-01-26_2022-02-24.json,raw,1606,a637d8aa9f3750bc77bace15e638b450b0b9766078803d80ff446accaede103b
01_raw/KWater/mywater_station/rain/C/1003110/2022-02-25_2022-03-26.json,raw,1732,4dd2e7936361f9fe5efdd962c763f01432cff2b9d8617c1b148f81243623c916
01_raw/KWater/mywater_station/rain/C/1003110/2022-03-27_2022-04-25.json,raw,1732,9c6c1fd1f80b8d543f7a4c43df3482a95433a2004a9d971149a4345e49c5f8f6
01_raw/KWater/mywater_station/rain/C/1003110/2022-04-26_2022-05-25.json,raw,1733,77b05ff78d5ab53e98fa750abad9895d0904bc5a0efaad723906c84392bd1899
01_raw/KWater/mywater_station/rain/C/1003110/2022-05-26_2022-06-24.json,raw,1744,1944cb4cf3dc97be4b614bce5848769c4c2d4435c4a478472443cc4364a2c5e7
01_raw/KWater/mywater_station/rain/C/1003110/2022-06-25_2022-07-24.json,raw,1744,cd366a2a14fab055cd2a57b231bbb087f884745f5416b82ffb0b994b94de1397
01_raw/KWater/mywater_station/rain/C/1003110/2022-07-25_2022-08-23.json,raw,1741,9623421c4ef689764b2e0b88d209e8ca31e6a0c30818e73d06bc8de9b182a543
01_raw/KWater/mywater_station/rain/C/1003110/2022-08-24_2022-09-22.json,raw,1738,6f08dadd851b12df35e261d58880cee94707a546bf1c03fe261c18ee41409cc9
01_raw/KWater/mywater_station/rain/C/1003110/2022-09-23_2022-10-22.json,raw,1737,c2127658726328e41029bf1d6782acd971db7fb339e4cd60a22cc28df707a244
01_raw/KWater/mywater_station/rain/C/1003110/2022-10-23_2022-11-21.json,raw,1735,9d605bb76edc0f6e5e9fb6c080a87c29a2947f7a1440651c3f68370fb529045a
01_raw/KWater/mywater_station/rain/C/1003110/2022-11-22_2022-12-21.json,raw,1737,9d9f1a3bb13e8f4e5c7af06d581d95f8095c3814ee8d34a2ff5e9512899b7333
01_raw/KWater/mywater_station/rain/C/1003110/2022-12-22_2023-01-20.json,raw,1740,bc49324e80a7138a3bffb284f45cef185462fed324113392fe062ae62860399d
01_raw/KWater/mywater_station/rain/C/1003110/2023-01-21_2023-02-19.json,raw,1733,bdedd9494c783cdf0e22238b05a48b2de927b49ba771a6cb55c0b267146fc558
01_raw/KWater/mywater_station/rain/C/1003110/2023-02-20_2023-03-21.json,raw,1733,76b5e933372d4425641703d8df2040d9fe8ab303847844425c741513018d434a
01_raw/KWater/mywater_station/rain/C/1003110/2023-03-22_2023-04-20.json,raw,1733,53cd6a1ffadfeeb02939b00094a3a08a2126d0ece196a61ef9b859d6d9bd787e
01_raw/KWater/mywater_station/rain/C/1003110/2023-04-21_2023-05-20.json,raw,1734,71c676ae5367867031f4a279b56bda0ccc75900190f3135db88a0b296ccd83a5
01_raw/KWater/mywater_station/rain/C/1003110/2023-05-21_2023-06-19.json,raw,1732,31301a7c9036c0e67ca1ec3abd9deb0f9c4926978557fb0d262dfc5239c13724
01_raw/KWater/mywater_station/rain/C/1003110/2023-06-20_2023-07-19.json,raw,1744,13bfb6c12f2c26dc727a06f4ab177356ed13ebfb57c2222576c8dcde5d665437
01_raw/KWater/mywater_station/rain/C/1003110/2023-07-20_2023-08-18.json,raw,1739,6413a577f1064f2db1137e7264d95728b426c288b7fb5c4a9bf80eb320d3f4ed
01_raw/KWater/mywater_station/rain/C/1003110/2023-08-19_2023-09-17.json,raw,1869,285cfd3f1a1fdc700413dc2b5e86cab1f32442ff56c223f6632b1c51dcbd8d7e
01_raw/KWater/mywater_station/rain/C/1003110/2023-09-18_2023-10-17.json,raw,1863,a347a4c58577de1be67b1f21df58568c3223ae2bd0ca9dea1f039cbc2d44091b
01_raw/KWater/mywater_station/rain/C/1003110/2023-10-18_2023-11-16.json,raw,1864,38ef91bff01a63cc4875260f8c885d34d073b3b50102cd4daac272162260627d
01_raw/KWater/mywater_station/rain/C/1003110/2023-11-17_2023-12-16.json,raw,1870,e0b5362bb1d3d0286ba7eaac49ab4aae2c67dfdf583f078256a64e2dd6b00865
01_raw/KWater/mywater_station/rain/C/1003110/2023-12-17_2024-01-15.json,raw,1868,6d4830294a93d51c9a6322bc7b70afba1029a1223c30f2e0328334ad3942cdbe
01_raw/KWater/mywater_station/rain/C/1003110/2024-01-16_2024-02-14.json,raw,1859,388219663c51bbe5d95357cf88e1ec28d9c8e6471013498971d2f9f2dda03896
01_raw/KWater/mywater_station/rain/C/1003110/2024-02-15_2024-03-15.json,raw,1854,75202f00f09c65332c1f6ae57f26a3efaf46cc6fcbc1f6dfcb7df4d324e43d2c
01_raw/KWater/mywater_station/rain/C/1003110/2024-03-16_2024-04-14.json,raw,1863,6fa6d254715fb3830434a9fc5399a54229a35487386c88316c34541a4767d52c
01_raw/KWater/mywater_station/rain/C/1003110/2024-04-15_2024-05-14.json,raw,1867,c65ac23a8f218df5a37241502c6592f0941f2ae0f865e40dab3bfd0e24e1d669
01_raw/KWater/mywater_station/rain/C/1003110/2024-05-15_2024-06-13.json,raw,1860,8e7284f8c4036187f74eaad9d8e36b9d846f38e2bd42078d6363ba47b04c71ed
01_raw/KWater/mywater_station/rain/C/1003110/2024-06-14_2024-07-13.json,raw,1868,e6d305e808af829ff8183a8d7a5960d3923f5900d2acb71854e75f0fccc5e1bf
01_raw/KWater/mywater_station/rain/C/1003110/2024-07-14_2024-08-12.json,raw,1863,4d32a58c4717d50553e901a8aeaa33253d4d7326cf6c3dea49c4521a7727e4a6
01_raw/KWater/mywater_station/rain/C/1003110/2024-08-13_2024-09-11.json,raw,1861,d76729dd1a9cc3ae785e008e27856014f73541be87dbd0651ea0902a08644e5d
01_raw/KWater/mywater_station/rain/C/1003110/2024-09-12_2024-10-11.json,raw,1864,c5e4ca430cba402cd8c2e73c5e05e8add451d9ab5331813ecd11f86fcd4de25b
01_raw/KWater/mywater_station/rain/C/1003110/2024-10-12_2024-11-10.json,raw,1860,dc3044ba24151d6ca2efe94d57f57cca4932147f23e180fd3c10432991234cd1
01_raw/KWater/mywater_station/rain/C/1003110/2024-11-11_2024-12-10.json,raw,1866,8b282f376bc48639994e68b4cd54338b0df3cef57ba1b7b4aae14a3046fc1893
01_raw/KWater/mywater_station/rain/C/1003110/2024-12-11_2025-01-09.json,raw,1867,8cda7699a57248c9958022f0fbd1dfada5d2cea602b4b1e4eb3dec8e8512ec59
01_raw/KWater/mywater_station/rain/C/1003110/2025-01-10_2025-02-08.json,raw,1869,d5b295ccda6cf5d8893632b0e80a0362972424d3b95426518be6d926dca6da6c
01_raw/KWater/mywater_station/rain/C/1003110/2025-02-09_2025-03-10.json,raw,1862,acf76ae43bb308f9363419063bc0900ae0227a62c1f4f57f9c68d680c17f31fa
01_raw/KWater/mywater_station/rain/C/1003110/2025-03-11_2025-04-09.json,raw,1865,59be0bd59b495b4ee7f63164e66e5260dcf482bdca8b55ff2f3f444e67cf3a7f
01_raw/KWater/mywater_station/rain/C/1003110/2025-04-10_2025-05-09.json,raw,1863,e62d271b0e3b4f0e717c47cd1329182d940af949faa8747d5a63ddab5b7dbf19
01_raw/KWater/mywater_station/rain/C/1003110/2025-05-10_2025-06-08.json,raw,1856,3cad079b161b416f919f6dddf03ba755cde21e1881760d890dd263bbdd76b181
01_raw/KWater/mywater_station/rain/C/1003110/2025-06-09_2025-07-08.json,raw,1859,e96ff872c5262477f823fc970a2595fd2436b3302297a89a49a925c2d21d99fd
01_raw/KWater/mywater_station/rain/C/1003110/2025-07-09_2025-08-07.json,raw,1866,22efac269166b654c61580bd9bafde8392dc27b072b6bba28141bbc8abb67c8e
01_raw/KWater/mywater_station/rain/C/1003110/2025-08-08_2025-09-06.json,raw,1860,d4c7362506b0d99d0b6dfa55d84400e6ea79bbec9df406afb7626435a89daf87
01_raw/KWater/mywater_station/rain/C/1003110/2025-09-07_2025-10-06.json,raw,1867,e99cff2baa88c73157d52f1384ab95e63ef17403c46af5b37b72c661f94aed62
01_raw/KWater/mywater_station/rain/C/1003110/2025-10-07_2025-11-05.json,raw,1863,70a5107233d560026c29c3d80743e709ed2d971d3a4f7bb4068ac317de9615dc
01_raw/KWater/mywater_station/rain/C/1003110/2025-11-06_2025-12-05.json,raw,1858,bc07b62c54ad2b06b0510d856d18faec6b033263bb4bc1178260dc3a85175b7f
01_raw/KWater/mywater_station/rain/C/1003110/2025-12-06_2026-01-04.json,raw,1859,6eca25ade79b5cbc96f979d6b6970ed3da568efdadf2a236bd3ffa08c61857c3
01_raw/KWater/mywater_station/rain/C/1003110/2026-01-05_2026-02-03.json,raw,1857,c0fbaca308e5cd2e1f953413393b7ae3bc1f4104d11c37d869e85d9fdc3d2d0e
01_raw/KWater/mywater_station/rain/C/1003110/2026-02-04_2026-03-05.json,raw,1856,54dc05bf60d905b02cc2b834dd683a4cb0e183f914fd43e82c2ed2d658731366
01_raw/KWater/mywater_station/rain/C/1003110/2026-03-06_2026-04-04.json,raw,1865,5838b940c8b5683ccd2f0cd034710ab8340bb172fcf32cca651ad91384ef972e
01_raw/KWater/mywater_station/rain/C/1003110/2026-04-05_2026-05-04.json,raw,1861,c5fc5aa6cb6da70fb1e008302834a8264d27c67b71e8c00bdd3491f970e6e3c1
01_raw/KWater/mywater_station/rain/C/1003110/2026-05-05_2026-06-03.json,raw,1856,2d4f3316dcc815224c1561d6aeb1fe35a940ce1394350a0ff4b858c7c25ef645
01_raw/KWater/mywater_station/rain/C/1003110/2026-06-04_2026-07-03.json,raw,1859,942157c9b401584f888fb2ffa4f4c23173a6a973750638f1975cf8d92167eb9d
01_raw/KWater/mywater_station/rain/C/1003110/2026-07-04_2026-08-02.json,raw,1862,e58ab46a4aa1bc9f55098e2e8904beba72356fdaf8e44aa769c1711c43270565
01_raw/KWater/mywater_station/rain/C/1003110/2026-08-03_2026-09-01.json,raw,1864,b9a970e50e607c9624a1ade71b5a31376f6c56942d154fe5bff498c1519236ed
01_raw/KWater/mywater_station/rain/C/1003110/2026-09-02_2026-09-28.json,raw,1857,7beab2f3a9de0f366cbfc9ffdd542734ed7acf5336f4777731a75c21736b1ce3
01_raw/KWater/mywater_station/rain/C/1003611/2021-01-01_2021-01-30.json,raw,334,d083ab92174c4925ec64be696e5a7f3ff1b3fd9918c19acc939350a035425f36
01_raw/KWater/mywater_station/rain/C/1003611/2021-01-31_2021-03-01.json,raw,334,12226a182a51879119951b70ecce15d2615af32765b2638f558bf17d0c518e0c
01_raw/KWater/mywater_station/rain/C/1003611/2021-03-02_2021-03-31.json,raw,333,a514c878762753772ba7315cc644f75b9a94597a6018605f18cb632ad3a4f694
01_raw/KWater/mywater_station/rain/C/1003611/2021-04-01_2021-04-30.json,raw,333,55b7a1afbb9af4d05db9b6a07e22c625413b66eaec854855f7dcba942a06551e
01_raw/KWater/mywater_station/rain/C/1003611/2021-05-01_2021-05-30.json,raw,334,c30755022ca16e5d0580ffd43171723673ac5b3eb71a830b63ec8ee2347851dc
01_raw/KWater/mywater_station/rain/C/1003611/2021-05-31_2021-06-29.json,raw,334,4fe799f95d73b5ee15e3c723fe515b6cbdc4aab58d58913c7721a156a81d580e
01_raw/KWater/mywater_station/rain/C/1003611/2021-06-30_2021-07-29.json,raw,334,45e10687b4c91691084cf8c365bdca21eadb5a4d69b44ff12c676181097508cd
01_raw/KWater/mywater_station/rain/C/1003611/2021-07-30_2021-08-28.json,raw,333,8812aac9451b02487df6f9e60bee0ae954b60ebc2242aef9739534e59bbc0a14
01_raw/KWater/mywater_station/rain/C/1003611/2021-08-29_2021-09-27.json,raw,334,df990ff61bf018475261e488236c90d51db7c5e15c86e87a2952ee1ed73fe3aa
01_raw/KWater/mywater_station/rain/C/1003611/2021-09-28_2021-10-27.json,raw,334,3cbaa88179a631d66183ffdf7632fcbef9e9b0ed39e30fa62a8a65791b9be446
01_raw/KWater/mywater_station/rain/C/1003611/2021-10-28_2021-11-26.json,raw,334,c2d2d44fbf6a06cae05830a8445243b2dcbad7ddd4b5b8d8cfcf707879e9d9cb
01_raw/KWater/mywater_station/rain/C/1003611/2021-11-27_2021-12-26.json,raw,334,d0c7b706abff5275ecf526e43328f8afcc58f1223ab699398f6172094dca84b2
01_raw/KWater/mywater_station/rain/C/1003611/2021-12-27_2022-01-25.json,raw,334,bede4f8a09b2d9eb625a7c62f904d69658dd327bd55c0466e6ecbe699a8694f8
01_raw/KWater/mywater_station/rain/C/1003611/2022-01-26_2022-02-24.json,raw,333,043456fe55df29fc11c2872a28418e25a1e14932294d1b1119bd286d8449e4e1
01_raw/KWater/mywater_station/rain/C/1003611/2022-02-25_2022-03-26.json,raw,333,837ea93fdd6393ce3bbfb40a08edfecd1d27c8fda210976dc7da718b57609fab
01_raw/KWater/mywater_station/rain/C/1003611/2022-03-27_2022-04-25.json,raw,334,917e74ef56f650a2d9b2c9ff695ce3d64b13940b627556554098712b92054f1c
01_raw/KWater/mywater_station/rain/C/1003611/2022-04-26_2022-05-25.json,raw,334,4d71cf005603afee05180028851fdab06b2fa67eca6b08af8e04ef402afe17b3
01_raw/KWater/mywater_station/rain/C/1003611/2022-05-26_2022-06-24.json,raw,333,f891741634e7e30984fb80f002609f51ab6b4460521be81cdd8fc4074b16d4d5
01_raw/KWater/mywater_station/rain/C/1003611/2022-06-25_2022-07-24.json,raw,334,47c25f671f0ebe314cd15cd430b0feb93da63175da1e02b8bde1000530a5f1ad
01_raw/KWater/mywater_station/rain/C/1003611/2022-07-25_2022-08-23.json,raw,334,300a72f1d91fc7f0ea0720b3eaa19e607f2b03851e157338f8d1b8e40e735fdd
01_raw/KWater/mywater_station/rain/C/1003611/2022-08-24_2022-09-22.json,raw,334,8e301e76afbc376574316cb758ddf73215a1b0284f3a823bdc178357a6e92d32
01_raw/KWater/mywater_station/rain/C/1003611/2022-09-23_2022-10-22.json,raw,334,2cc8ae4ecbe166accd64b162cc5f047529f737291a92cc8d64eecf32dfe4f10a
01_raw/KWater/mywater_station/rain/C/1003611/2022-10-23_2022-11-21.json,raw,334,4dd0959846e4035b32c39b5422542216aa65cdccc2dd64943add88f5b725371b
01_raw/KWater/mywater_station/rain/C/1003611/2022-11-22_2022-12-21.json,raw,334,6056adcc7a571da884d177bf481c6eb0cfea5fe9378a877f5da4613f42fed667
01_raw/KWater/mywater_station/rain/C/1003611/2022-12-22_2023-01-20.json,raw,334,8bd9c97848a84bae034650271cff260ad17d91b5a49373474938e7cf4fbff5ef
01_raw/KWater/mywater_station/rain/C/1003611/2023-01-21_2023-02-19.json,raw,334,045efaaae9e75b55be9aa859baf23c3f15f69ba1e847936a12dc9d18a0a1bb33
01_raw/KWater/mywater_station/rain/C/1003611/2023-02-20_2023-03-21.json,raw,334,fd77bbfaca4a0179d6a6a3b027a23ae10bf903e196771d45f260c5e599e07aea
01_raw/KWater/mywater_station/rain/C/1003611/2023-03-22_2023-04-20.json,raw,333,9c26d23de31687912d7dd51d6b3a8bea1b878d0a7ca09bd22a62da608320ca9b
01_raw/KWater/mywater_station/rain/C/1003611/2023-04-21_2023-05-20.json,raw,334,219b6b96fd063b903cb837dba67ce2ece3c41b8442b8e68b4faabec92df07e2f
01_raw/KWater/mywater_station/rain/C/1003611/2023-05-21_2023-06-19.json,raw,333,e6d9844d5644dbf3ab9949fcfaaa2acb9969eede336fb27cffd997a35ddcf489
01_raw/KWater/mywater_station/rain/C/1003611/2023-06-20_2023-07-19.json,raw,334,70973656fec91c1593c41c07095ed41fe907992fcdec957526c55056bcf5a176
01_raw/KWater/mywater_station/rain/C/1003611/2023-07-20_2023-08-18.json,raw,334,ba3c803727406f2a99001c7cc245ee027dccdd08584d7575d6abb4635ef89424
01_raw/KWater/mywater_station/rain/C/1003611/2023-08-19_2023-09-17.json,raw,334,6d6e3df9054df86a5eb2f7e3475b5331f645254b4faefecc6dbaf4c0355386be
01_raw/KWater/mywater_station/rain/C/1003611/2023-09-18_2023-10-17.json,raw,334,2f22f4f29f8d74611642c93d1a3779e283e8a91e68ce882cf7b2efcefc9fb046
01_raw/KWater/mywater_station/rain/C/1003611/2023-10-18_2023-11-16.json,raw,334,9c71c1b47fc2dab5373063f762e250434047a6ccb24bc8af710ccfa89d045e65
01_raw/KWater/mywater_station/rain/C/1003611/2023-11-17_2023-12-16.json,raw,334,9166306da31880eeff35712164c82d17fe749a0019c140264f7a0e4a437811ee
01_raw/KWater/mywater_station/rain/C/1003611/2023-12-17_2024-01-15.json,raw,334,489d715de0e62e1b0a7fc0cf869f53ec04139ce0730560c45f59abf1c2abe79b
01_raw/KWater/mywater_station/rain/C/1003611/2024-01-16_2024-02-14.json,raw,334,a25d71410fb76aeca205ce34e740ebd884323d49b19ced81f56da1159cf0cb6f
01_raw/KWater/mywater_station/rain/C/1003611/2024-02-15_2024-03-15.json,raw,334,a1c38f0a2d7c5b4b2ddb41a9122547db94be8e0cf2e304d85b62146e402988e9
01_raw/KWater/mywater_station/rain/C/1003611/2024-03-16_2024-04-14.json,raw,334,5f1b88c385d1486d244b0a7f5e90c5a3b38df7ff09bf44d39afdcf4b5caad10f
01_raw/KWater/mywater_station/rain/C/1003611/2024-04-15_2024-05-14.json,raw,334,988214c986b3247896c1564ba5b5c251a11a18f4363cd87aa00176368caa2ca5
01_raw/KWater/mywater_station/rain/C/1003611/2024-05-15_2024-06-13.json,raw,334,fcc8ae7890e196413fc7050cbb77330e24e3bade4ef7d8afc8b84b43b538c1b8
01_raw/KWater/mywater_station/rain/C/1003611/2024-06-14_2024-07-13.json,raw,334,cb2fd99d523eb88907134cf30c96d14ed584281ce4684bd7997b311e3cd5b81b
01_raw/KWater/mywater_station/rain/C/1003611/2024-07-14_2024-08-12.json,raw,333,1db6fa92c29dee11a93bf902d864b68c274d370d5c3524a7911425ba6480b39b
01_raw/KWater/mywater_station/rain/C/1003611/2024-08-13_2024-09-11.json,raw,334,028d5b453e971d4b7e28fbca518b71b18a1216b6a75fcf5afffba69a5afe04e8
01_raw/KWater/mywater_station/rain/C/1003611/2024-09-12_2024-10-11.json,raw,334,a26efb0526e87d2bf763210191d9cfbe7bbae24498d42ef234d29c6372a96e44
01_raw/KWater/mywater_station/rain/C/1003611/2024-10-12_2024-11-10.json,raw,334,9a007eb67b933c86c31169f037205440357ddb5f9e15b0ac3c5ddfc41e489380
01_raw/KWater/mywater_station/rain/C/1003611/2024-11-11_2024-12-10.json,raw,334,e3714fc037922abd9c6877ae97ab867df225877480441524ecaa90ab44567dea
01_raw/KWater/mywater_station/rain/C/1003611/2024-12-11_2025-01-09.json,raw,334,e565e05f3dc1eec4e7120a42be8dcb919db0b8de368e89a658e997fd6f08ab0d
01_raw/KWater/mywater_station/rain/C/1003611/2025-01-10_2025-02-08.json,raw,334,530af282e70b9495f7b8e23ad47c201166dbcf742c67175494a593c10e8d4a5f
01_raw/KWater/mywater_station/rain/C/1003611/2025-02-09_2025-03-10.json,raw,334,f31fdda32eb8e5dd1d215ad35a5c380fd60922952a25c1b16817314d607cd69e
01_raw/KWater/mywater_station/rain/C/1003611/2025-03-11_2025-04-09.json,raw,334,63d678557152509346c4893fdc0ac8e38b0b939725be6805ef6006cb046fd98b
01_raw/KWater/mywater_station/rain/C/1003611/2025-04-10_2025-05-09.json,raw,334,0799781b1792ed195547b3b698140e330b9f21b4aa27a04a3d0a631c7357b88f
01_raw/KWater/mywater_station/rain/C/1003611/2025-05-10_2025-06-08.json,raw,334,0fa57284e14b94537d1c1ef025a16d40ffe371bfe618200d26202af646a2a109
01_raw/KWater/mywater_station/rain/C/1003611/2025-06-09_2025-07-08.json,raw,334,7a2ee89f6647a7f51778a7df01912db56bb8365dece66f73efbd1fa22c2d826f
01_raw/KWater/mywater_station/rain/C/1003611/2025-07-09_2025-08-07.json,raw,334,8c09a2e1d0973136fe445c2c356d272f8baafffad6e4a122d1e05ec61a6ad366
01_raw/KWater/mywater_station/rain/C/1003611/2025-08-08_2025-09-06.json,raw,333,afa1a342e8116d5a2a15eca46bc6f30428570d54921bd6e84f188ec6f37d6ba7
01_raw/KWater/mywater_station/rain/C/1003611/2025-09-07_2025-10-06.json,raw,334,310996c403ca656f57376d1cb2b3571fbb9e76740c7e41ca006622df61c3f14b
01_raw/KWater/mywater_station/rain/C/1003611/2025-10-07_2025-11-05.json,raw,333,c6ae6be069f9a6c91b79a573701f9e0ba73969c883708c3e0ae142117589f33e
01_raw/KWater/mywater_station/rain/C/1003611/2025-11-06_2025-12-05.json,raw,333,09e14593e586e1e5e35eb3209985dc3f9c7bedf8405f45079fc273d4771f355b
01_raw/KWater/mywater_station/rain/C/1003611/2025-12-06_2026-01-04.json,raw,334,a686624149c549fe336a598bb16490204041482adec07a2ccc5638383cd039b2
01_raw/KWater/mywater_station/rain/C/1003611/2026-01-05_2026-02-03.json,raw,334,039d37865e51c9267c018df37a8b32c4daf883ef5f151a65b351487c3eeb1936
01_raw/KWater/mywater_station/rain/C/1003611/2026-02-04_2026-03-05.json,raw,334,0204dfe39a107b8d1be7152d9d2f8ebd34e421edbbaba82ffb2401e624b021ae
01_raw/KWater/mywater_station/rain/C/1003611/2026-03-06_2026-04-04.json,raw,334,f160498797bf4011464f047aef9f0b39b66860423bf7f9ce09e4fc949839d78e
01_raw/KWater/mywater_station/rain/C/1003611/2026-04-05_2026-05-04.json,raw,334,13a59aa7bbda3b119bc384a8b809b2d2fbbb998f9ff11b4bcd30590d4f801e02
01_raw/KWater/mywater_station/rain/C/1003611/2026-05-05_2026-06-03.json,raw,334,3c07e0d71389e1fc786f87ed75ef7a0f4163f18806f9f4bdb08aced22cf380a3
01_raw/KWater/mywater_station/rain/C/1003611/2026-06-04_2026-07-03.json,raw,333,6c2e220ca5262eb2a2a5c7e8a199221352e45c3e5a10ce25c6cba65358462d71
01_raw/KWater/mywater_station/rain/C/1003611/2026-07-04_2026-08-02.json,raw,334,bc9d8a2667e0a49405c28954ce2f2f01076b48e0723a9c8aac99324621795d48
01_raw/KWater/mywater_station/rain/C/1003611/2026-08-03_2026-09-01.json,raw,334,6a0717bb79c57c7ca136c7a49c820ecdc251956b735876da65f96e09855d2c75
01_raw/KWater/mywater_station/rain/C/1003611/2026-09-02_2026-09-28.json,raw,334,7f7ad4493712cc4c17fa8e927d9d6a81875bc4fa0f482c0a285ed5f03ba4f242
01_raw/KWater/mywater_station/rain/C/1006110/2021-01-01_2021-01-30.json,raw,569,e23985c40acee05b56f2af322c67f56151c9aa2ac8156cbafd8d7600ec081d5b
01_raw/KWater/mywater_station/rain/C/1006110/2021-01-31_2021-03-01.json,raw,571,a1bda5a209758ed30911ec480cac806a15858e2bcd434b84c5c26ed434b8720e
01_raw/KWater/mywater_station/rain/C/1006110/2021-03-02_2021-03-31.json,raw,568,5e73b970c8a2c88393060c4b41901f01309e9c25537ab0ff0fdd86981b2fb06a
01_raw/KWater/mywater_station/rain/C/1006110/2021-04-01_2021-04-30.json,raw,570,5c34ab0903d826646c4b269d14256e711dd6b04082b7f7707029c58c8cfe943a
01_raw/KWater/mywater_station/rain/C/1006110/2021-05-01_2021-05-30.json,raw,567,1b4e78b9b52b20c7199badb5a7c8b65356445a3784ad22e46acfeb370c08acbd
01_raw/KWater/mywater_station/rain/C/1006110/2021-05-31_2021-06-29.json,raw,570,facafbc659d527cf7b703f45055ec9637c780f976313f88d09658f4653695d1d
01_raw/KWater/mywater_station/rain/C/1006110/2021-06-30_2021-07-29.json,raw,569,5f55f00491658a1ead26a11e460786d89ce110ef1d8936d28bd97f6323672892
01_raw/KWater/mywater_station/rain/C/1006110/2021-07-30_2021-08-28.json,raw,569,44c72fc70a4c6e9e0926f74893c6d9867c8464ff9dc2446cd2907cf4e6af6b51
01_raw/KWater/mywater_station/rain/C/1006110/2021-08-29_2021-09-27.json,raw,570,3353d6bd4a97c9feb6be1812f5200135ce98c3d96af7e0b941dc20f8956826f8
01_raw/KWater/mywater_station/rain/C/1012110/2021-01-01_2021-01-30.json,raw,1396,593a7a6cea1b89ec825b4f00d359086b539a4d5af39d0d3934f6f0b3c59f0da6
01_raw/KWater/mywater_station/rain/C/1012110/2021-01-31_2021-03-01.json,raw,1399,690695fe9ad5bea1d52a38e69dd8e8aacf379e57f53011b2172f9201cc6c2101
01_raw/KWater/mywater_station/rain/C/1012110/2021-03-02_2021-03-31.json,raw,1521,4269894261e8b1fe64877bb4d916dedbb116087a7d2e17d8b911c9c9d9440e6d
01_raw/KWater/mywater_station/rain/C/1012110/2021-04-01_2021-04-30.json,raw,1526,09dea333383c8cad93370d707884b5c37f7b048af832710cc86eb43fe67a65dd
01_raw/KWater/mywater_station/rain/C/1012110/2021-05-01_2021-05-30.json,raw,1525,1337981c2cd7511cd74afe3cab575af6d4ce3dd5d31cf7dcf984470b35c9e668
01_raw/KWater/mywater_station/rain/C/1012110/2021-05-31_2021-06-29.json,raw,1526,f2ffac3b513dd3550d68dfecaeb30a4118a5b3cc75dc883f869cd2f6676c6593
01_raw/KWater/mywater_station/rain/C/1012110/2021-06-30_2021-07-29.json,raw,1526,f62aef34e2ae0351da9dc9c8454232563eda9f9e7092fb8405f25ee35821416e
01_raw/KWater/mywater_station/rain/C/1012110/2021-07-30_2021-08-28.json,raw,1529,41af812257b973846963a812f837d064e24cfbcc8ec6cd6119773e9839aad87d
01_raw/KWater/mywater_station/rain/C/1012110/2021-08-29_2021-09-27.json,raw,1528,433797196f20de14aa160fc077b961fa3136835f346e1b72acdf248021b70e40
01_raw/KWater/mywater_station/rain/C/1012110/2021-09-28_2021-10-27.json,raw,1522,6f7f36e6a5fcfa07228e52fded5f6ad633f93122ec9e26481f7ae8e72310260c
01_raw/KWater/mywater_station/rain/C/1012110/2021-10-28_2021-11-26.json,raw,1526,88b84b0683a375d444435393baebc81351588bebd9a2d48a18a79bbaaff31d08
01_raw/KWater/mywater_station/rain/C/1012110/2021-11-27_2021-12-26.json,raw,1524,2b826576a58d72dd88012023e3e9f45f9fbd322708203df88f2d77d58a1a8cb9
01_raw/KWater/mywater_station/rain/C/1012110/2021-12-27_2022-01-25.json,raw,1528,a772e5c9aab77dc1108580506e1b86943f048245d6915086bcc6e99cb40c5655
01_raw/KWater/mywater_station/rain/C/1012110/2022-01-26_2022-02-24.json,raw,1525,716e10a19614c74a723e4fbe2219c6beccb4015833107bd09078ea58b5a0ae8c
01_raw/KWater/mywater_station/rain/C/1012110/2022-02-25_2022-03-26.json,raw,1530,fb0bb9ade84c68a087e602b8741c83231dccbae22a43e2b8291c182cf6f36084
01_raw/KWater/mywater_station/rain/C/1012110/2022-03-27_2022-04-25.json,raw,1528,ea5e7ef78257f19845c3632b5f68d36b7cacec845845c77bb06a48569c8a7fb0
01_raw/KWater/mywater_station/rain/C/1012110/2022-04-26_2022-05-25.json,raw,1527,334f0d86eb82a7d341670ca444deb604a6ab996d1e38d5c9d961d940df4c88e3
01_raw/KWater/mywater_station/rain/C/1012110/2022-05-26_2022-06-24.json,raw,1535,6a4fedb3a40aac29ab00f6783f6d2f4019030a9f4e7e8712b9dbaddce80a2a1c
01_raw/KWater/mywater_station/rain/C/1012110/2022-06-25_2022-07-24.json,raw,1533,4098456446312efc942992aa8349b043e9965f3454281d5ad3e2e95689b49f66
01_raw/KWater/mywater_station/rain/C/1012110/2022-07-25_2022-08-23.json,raw,1532,6ed2d1abb07703757a392f01a3b033497bf3545533670830ea477025befb9713
01_raw/KWater/mywater_station/rain/C/1012110/2022-08-24_2022-09-22.json,raw,1531,e9d457e09d946d4faf07d11bafe8e2ca6544c7063676ed33067e1ca35d49827a
01_raw/KWater/mywater_station/rain/C/1012110/2022-09-23_2022-10-22.json,raw,1527,f7ddfa87e71dfa3ecd85fd616953a945ceabd90cef5a2563d309c08a56f4d188
01_raw/KWater/mywater_station/rain/C/1012110/2022-10-23_2022-11-21.json,raw,1531,7329e427e705090087a0ed18051972a12ddfef3de10781bf531a5faff3667638
01_raw/KWater/mywater_station/rain/C/1012110/2022-11-22_2022-12-21.json,raw,1528,9600463c5af85a76ec7032a70cce28ff04cae3c6186dfdf8242c947702fa3771
01_raw/KWater/mywater_station/rain/C/1012110/2022-12-22_2023-01-20.json,raw,1529,750e6c157515ddd3252f756d6f79b7e6fb9f0c15f392c090486a00b5dd3795b1
01_raw/KWater/mywater_station/rain/C/1012110/2023-01-21_2023-02-19.json,raw,1525,b4f5bfe34a88c6513cf000a27e13abf00249514c8a591d751cb96e127f474f93
01_raw/KWater/mywater_station/rain/C/1012110/2023-02-20_2023-03-21.json,raw,1527,732cb09ead184bfc5b7802ba20d6aa094c661b3d29465086d46aaa071c1ce525
01_raw/KWater/mywater_station/rain/C/1012110/2023-03-22_2023-04-20.json,raw,1530,ce1f28d8901a2ff6b0fff7d5407877b440911fe5d198b51fc6e408e059401b4c
01_raw/KWater/mywater_station/rain/C/1012110/2023-04-21_2023-05-20.json,raw,1529,9a01d1b6231a65e30e7b5ad1a7b428abc332674ca747154b9498cb11f8b1c89e
01_raw/KWater/mywater_station/rain/C/1012110/2023-05-21_2023-06-19.json,raw,1529,28be3de743418a279254d2722f60425bc9dbe03d0cc6222a4954107d4d2d0991
01_raw/KWater/mywater_station/rain/C/1012110/2023-06-20_2023-07-19.json,raw,1534,bbad6694f4a5c78c99afeefaddcd998a5586c0b3c2a349f4ea70d447498c0eaf
01_raw/KWater/mywater_station/rain/C/1012110/2023-07-20_2023-08-18.json,raw,1529,7fd43419e1cb9cac1e876928515506f2a9d34d6ac2c181d346f40db1be6a0d26
01_raw/KWater/mywater_station/rain/C/1012110/2023-08-19_2023-09-17.json,raw,1537,abab4f95458cca125816f3d03fa4fd78853f472126ee7d04488a72844c29dadd
01_raw/KWater/mywater_station/rain/C/1012110/2023-09-18_2023-10-17.json,raw,1531,048da683d3bdee4624de3cca776639f3c0102dbfb38de491fb63174dceb07fd2
01_raw/KWater/mywater_station/rain/C/1012110/2023-10-18_2023-11-16.json,raw,1531,72846a60628c458c0a6950eef077af09efab40f92a8602d75b5081686cbb037c
01_raw/KWater/mywater_station/rain/C/1012110/2023-11-17_2023-12-16.json,raw,1532,b3cc79a8f98ebbf7f2ebe6c070c4f5128d7d9f5d2bcb60fb887dd8675df69125
01_raw/KWater/mywater_station/rain/C/1012110/2023-12-17_2024-01-15.json,raw,1535,e2b9046c9b0b06d31308cfaf71c41c00961c091a512afa0513ed232335397fe2
01_raw/KWater/mywater_station/rain/C/1012110/2024-01-16_2024-02-14.json,raw,1534,08161bdbd647dcf10070f050512fd168e01f4fda69bb79b40af1495326822f5c
01_raw/KWater/mywater_station/rain/C/1012110/2024-02-15_2024-03-15.json,raw,1532,adaf2ec19f8da64e6891c45d8f6b120253d1fc9a6a790e13531c993e8491313a
01_raw/KWater/mywater_station/rain/C/1012110/2024-03-16_2024-04-14.json,raw,1532,fa631ee8811bc515b87f305b9b56373d2c8f199398975957ad40885cb6fb3e90
01_raw/KWater/mywater_station/rain/C/1012110/2024-04-15_2024-05-14.json,raw,1531,0db845fe4974df254100fc3774f8b2aad1b9053fc087a26a2be5a3c5bb81109c
01_raw/KWater/mywater_station/rain/C/1012110/2024-05-15_2024-06-13.json,raw,1528,9bf7d13e538a053934c8000dd0e0cb3a0789b96abdee0723eb216bda479c3b83
01_raw/KWater/mywater_station/rain/C/1012110/2024-06-14_2024-07-13.json,raw,1531,f5d9453d62e6292278873a99d23a78f1736fc6e5d4dc752b0064042dbd1bdb72
01_raw/KWater/mywater_station/rain/C/1012110/2024-07-14_2024-08-12.json,raw,1530,0644812c513124258dd41406520782be31e03553f2d51fe308986f76894c4707
01_raw/KWater/mywater_station/rain/C/1012110/2024-08-13_2024-09-11.json,raw,1528,4c49311d738d32b308a6747c72db55fa58ce627aa4c74b422a10c32c0dd4aae5
01_raw/KWater/mywater_station/rain/C/1012110/2024-09-12_2024-10-11.json,raw,1532,1bcdc2e7cde75fbc02720c659db0b8be720b457c6a384fa1789bd468755805c3
01_raw/KWater/mywater_station/rain/C/1012110/2024-10-12_2024-11-10.json,raw,1531,3db7fca833d0ef3acd892c8f2f4fca254cfe76af67eea5ba33600c1c39cd2eaa
01_raw/KWater/mywater_station/rain/C/1012110/2024-11-11_2024-12-10.json,raw,1533,82dc29a8812da786b3baa1d5713d76863b6c108edeae76090a086bc5bdcb2f7b
01_raw/KWater/mywater_station/rain/C/1012110/2024-12-11_2025-01-09.json,raw,1530,605899a01c50f41482b808b8fe82f33cf2a87d370f2932b193f5da7ef037ea2a
01_raw/KWater/mywater_station/rain/C/1012110/2025-01-10_2025-02-08.json,raw,1523,419d9e919f5776088348ae1f8b66eed82885057056cebda3a4fe0d0353c8ff11
01_raw/KWater/mywater_station/rain/C/1012110/2025-02-09_2025-03-10.json,raw,1529,8d6a7490a4b796389e7db6bdeacd9855c42d08e9772b630670ff32e648c5cbc7
01_raw/KWater/mywater_station/rain/C/1012110/2025-03-11_2025-04-09.json,raw,1528,75818e45ecff61f6648f44117d645b60b3be557450ea94c410eb86485d2bdbd7
01_raw/KWater/mywater_station/rain/C/1012110/2025-04-10_2025-05-09.json,raw,1529,36877a0b1cdcd73fc772ce7ad749894ff731a08c160f8cb9f689d2a2833f7c47
01_raw/KWater/mywater_station/rain/C/1012110/2025-05-10_2025-06-08.json,raw,1529,d9e51bcc79226f3d864c288d35b8fe0ade64e30fa45df96838134f5919e6195f
01_raw/KWater/mywater_station/rain/C/1012110/2025-06-09_2025-07-08.json,raw,1527,02b27a5a9bc4696845e16fd95b5cfea8d6261f917d6f4c625e960a3c11ef01e9
01_raw/KWater/mywater_station/rain/C/1012110/2025-07-09_2025-08-07.json,raw,1531,5714308da7414bf7f50f6045e9b91660f38aeb6efd07aec8f634c3be2ae66294
01_raw/KWater/mywater_station/rain/C/1012110/2025-08-08_2025-09-06.json,raw,1532,10b48b70d9ad7cce3e198d58e5779c3f98210a58d1dae52fcee026a447e1f78d
01_raw/KWater/mywater_station/rain/C/1012110/2025-09-07_2025-10-06.json,raw,1533,5f63dbfc24fa70e67cbcfccb93012edc980d9ffd12a70c443703fbf85cf01bd0
01_raw/KWater/mywater_station/rain/C/1012110/2025-10-07_2025-11-05.json,raw,1531,61d1e3ba3ed078d3ea7fd6f168255400f4ef13b1164a89411bdf6c12ee46ea42
01_raw/KWater/mywater_station/rain/C/1012110/2025-11-06_2025-12-05.json,raw,1527,e190c9b45d48f89b21255eadf9de406d748036b7a5979964cc5ac3404f625630
01_raw/KWater/mywater_station/rain/C/1012110/2025-12-06_2026-01-04.json,raw,1530,621f6c2f5116e0dfdd17d8b153f3c9d22691619330bd5c292ca8d65255c1aa1a
01_raw/KWater/mywater_station/rain/C/1012110/2026-01-05_2026-02-03.json,raw,1526,03c601e53d31c5796ae382e4b22e51c82ae9b2aef8fd85844f247684f2abf9b6
01_raw/KWater/mywater_station/rain/C/1012110/2026-02-04_2026-03-05.json,raw,1529,be2c4b4cdb5da39020f4ecea99e7b05216c30f29dd81694d84ab1744a1f26a32
01_raw/KWater/mywater_station/rain/C/1012110/2026-03-06_2026-04-04.json,raw,1527,c53cb63462f04536c6c1a8a6e7725ec8665708211cfc2d9356e29253f099aa12
01_raw/KWater/mywater_station/rain/C/1012110/2026-04-05_2026-05-04.json,raw,1530,ba6675daa72901a547ce683217d6227addc049c35cb63adb559025b2dc3cd8a6
01_raw/KWater/mywater_station/rain/C/1012110/2026-05-05_2026-06-03.json,raw,1527,e5cce5b4f76d479c752858da9ad1b5f147fa5adc64e092529960661b22384ced
01_raw/KWater/mywater_station/rain/C/1012110/2026-06-04_2026-07-03.json,raw,1529,e6a410572013e532dd0102a19d2138d64c4dbd2ed16e7b1af18561247980a7ae
01_raw/KWater/mywater_station/rain/C/1012110/2026-07-04_2026-08-02.json,raw,1532,4b4e1612c1d5d7d8451ece7dfbad2d963e21c5b8a7abe5f52d4e957b138534f2
01_raw/KWater/mywater_station/rain/C/1012110/2026-08-03_2026-09-01.json,raw,1531,bb4525b72686c0f50ed9a0e46d99d74092d63b3d70b49b96db05859812a03c20
01_raw/KWater/mywater_station/rain/C/1012110/2026-09-02_2026-09-28.json,raw,1527,4a5637c9b68feb61c972560974885f224a0a8ca2b1ab9a9ffbe76c9ecafe0d68
01_raw/KWater/pages/kwater_damInfo.html,raw,185622,e5977f8f146c5210c7c8fe70960bb64b805ce035fdf1eb748e446e0893547844
01_raw/KWater/pages/kwater_facilities_02.html,raw,213258,d93c46623f726e54fff743eb1cb8deb97f92f1e73d9d7040f70fe81f496ed821
01_raw/KWater/pages/kwater_facilities_a.html,raw,226037,79065219d55a7aa0de654a5be3733bffb05b3c59b4e1d1f9d0af608191e7d594
01_raw/KWater/pages/kwater_facilities_all.html,raw,194203,161524faaa3686ee2245d2c033739e29831a92f2f8e218b019b97c2a91a994b4
01_raw/KWater/pages/mywater_flood_operation_status_2026-09-29.html,raw,275220,091f6d501e300dafa9328da11a24529657f88f62d85ef37e09e74fd03ea6fd24
01_raw/KWater/pages/mywater_period_page_2026-09-29.html,raw,213245,f72c9426780e2d6d65d1b590120298e96ee0c98fb282fa9ea05a837b411c329a
01_raw/KWater/pages/mywater_sumun_page_2026-09-29.html,raw,400418,5e729d51630d07fa2b578fe35ece02b3bb2c1fc8ee188ab1e24d9f039a3a6c80
01_raw/Law/admrul_2100000093672_지구단위홍수방어기준_시행20170726.xml,raw,34208,6b51767bb2b6c4047fa7c7d45b3e9dd872d1b9cce883459694275922d435186a
01_raw/Law/admrul_2100000259512_한강권역하천유역수자원관리계획고시_시행20250521.xml,raw,2717,0da85843fd557ea488cccca3f31ddf3eb76b985909fba6e51786c9f998b6cf06
01_raw/Law/admrul_2100000264992_댐시설최소유지관리기준_시행20251001.xml,raw,44343,14b7c0967e3e4247ef7f954b2e258bec0b0deac9e79777983d7ef32a6c54b7da
01_raw/Law/admrul_2100000266718_수문자료의공인및저장배포활용기준_시행20251007.xml,raw,191425,9351866c3bb8732c5dff87e4949a7cb3221d633feeb1ba683d4713693eeba84e
01_raw/Law/admrul_2100000267012_홍수조절지및저류지관리규정_시행20251105.xml,raw,29673,75ec379f8152278be2f8b83e45ef10bce3c353a0ee2f399b18d781efaa5d4691
01_raw/Law/admrul_2100000267736_수문조사업무규정_시행20251111.xml,raw,153421,48e6b064f1d543727345b235f3cb4daeacc9d9437299faea4e9d1c3447394651
01_raw/Law/admrul_2100000282102_댐과보등의연계운영규정_현행20260708.xml,raw,48146,8ce5e1e198fb795afdc964057db922cf49b30e8d95dd36e47c45f8d7bbe9fe44
01_raw/Law/law_276329_저수지댐의안전관리및재해예방에관한법률_시행20251001.xml,raw,107639,0ae62deed1dac2f56c22484beea7b752760570fa395a98362d49b3b60c140faf
01_raw/Law/law_284331_댐건설관리및주변지역지원등에관한법률_시행20260918.xml,raw,193909,4c726377700408c7b5f80e710a3cbf143a61d51462b84473b4daffa59de173ba
01_raw/Law/law_284435_하천법_시행20260918.xml,raw,298986,da93ecfa8fc6f6ca0474352051f2170097b23d155877304628cf3229b585c56b
01_raw/Law/law_289703_하천법시행령_시행20260918.xml,raw,323942,f5d08be539f2c19bed605ddb20ff86469088c1e7774572757b44a5ea0f669856
01_raw/Law/law_289707_댐건설관리및주변지역지원등에관한법률시행령_시행20260918.xml,raw,234745,c373a305b7fa3981e02bcba9512b5467ad23dc4dc78811e812810c0967b220d4
01_raw/Law/search_admrul_42db.xml,raw,3363,4823abb407211482f2d8b49663383c5c144481d241534036318ac3a46988be32
01_raw/Law/search_admrul_6873.xml,raw,24544,22aef9923df373c0bb7a09f3ea2ca1f444cc403720a8c12497cd3143a328aa3b
01_raw/Law/search_admrul_9e7e.xml,raw,31947,2df3ee0bf574219d8e5236c7bc748559c821d9f6a748dec44e9f81e23304887f
01_raw/Law/search_admrul_afd4.xml,raw,4121,4562527660e77a6078b417a4972cd7d2e59cc8436be479afa84291464329d7dd
01_raw/Law/search_admrul_댐관리규정.xml,raw,275,cea4c6086c26d22401fd46f44983bc0da53e2ffcee4558657ac7619acdf0b7d4
01_raw/Law/search_admrul_소양강.xml,raw,269,6a267753593bc58ed52979d5f85691144e5bb647c5378fb218553a9e1cc539f5
01_raw/Law/search_admrul_수문.xml,raw,7316,0e070f367aa6d3cdd1c6a7316df4a6dc486e931cf60ce72f43d16bb5f1dc8944
01_raw/Law/search_admrul_청평.xml,raw,5717,99cd3d18024cf3a40a5c4bbc2e439018c2b9042b7bdb80a2531433a4c598e1a4
01_raw/Law/search_admrul_충주댐.xml,raw,1060,a612c6d599826793b420eb8e826d4ecca73d6425c95ed5b62fb875b3fcd5f08a
01_raw/Law/search_admrul_팔당.xml,raw,4259,49c452a2a3675d87e6f47399a5612ac281d52b5c7c191b1b6374d74eb6c27f21
01_raw/Law/search_admrul_하천법.xml,raw,1080,10e149832199d0721075c46ccba745344a1ccaa81fc7e820797da2de03ec559e
01_raw/Law/search_admrul_한강.xml,raw,32436,21bef123ce094d7c825666e77bd2781dca663eb16cecc479c5e3699e584c9ca0
01_raw/Law/search_admrul_홍수통제소.xml,raw,1821,27c74febd536d2d53000810a102209d26ceab687cba0a90036b02736826d0f88
01_raw/Law/search_law_42db.xml,raw,260,2529bc3cc3873f5cf4b71b285007999a6cf64bad8f0f22bd81ce3e8648d53207
01_raw/Law/search_law_6873.xml,raw,9621,632f95cab43f58049bc4e82f603e3642a1b86eaaa7b6017892f903534a5bdb2d
01_raw/Law/search_law_9e7e.xml,raw,10963,b93e54dd9a2996f56e4ff7fae94072f6d98394883401479d8082fbc4cf2c054c
01_raw/Law/search_law_afd4.xml,raw,254,fd9c27b5a3763daa34de6930fd9d3414e66927ea0c5760d3a4c3f66621025e63
01_raw/Law/search_law_댐관리규정.xml,raw,263,b8e50fb1daa80ace1209ef85404588ab095af8c838a96cfb5ec98269091e0ede
01_raw/Law/search_law_소양강.xml,raw,257,4725ceb5db2c49ffd71ee979a57184dd68c1398905eb9aaf99a6f516b338a695
01_raw/Law/search_law_수문.xml,raw,254,1b7fd17b879f7330b13ac12380d13ddaa59c381eb2dc2c39cf76fae4f068be3c
01_raw/Law/search_law_청평.xml,raw,1085,a4c1362ca14548cce84a521334b1ee74550f4b3c8806bd6779936d7f0aec1a06
01_raw/Law/search_law_충주댐.xml,raw,257,265f85e8473418810cdd1541a5f006d60d033548f9d558ac8faf09252652ae7d
01_raw/Law/search_law_팔당.xml,raw,254,3c4a818eec8b6931899694cd0cdc21079d066ccbe8f614a4942fff22b59d27f0
01_raw/Law/search_law_하천법.xml,raw,2635,ed608fe928c24d6b8dce0e60fc88d02e9354144ffbd3bb2f77143b06f2a67bb2
01_raw/Law/search_law_한강.xml,raw,3695,5b2f330a82e419bc0835dc62b08af4d378d92f08bff24ba0ceb8d8a825473c07
01_raw/Law/search_law_홍수통제소.xml,raw,263,5421a9196df15b5770a034ec16e138f6bc9b5a4f951bfd975c0163903f037c9b
01_raw/Regulations/댐과보등의연계운영규정_일부개정전문_20260708.hwpx,raw,63475,792e17f49a39cb0f9055450c6c08c0f1946f0074756de52367e9d4ae0e366b60
01_raw/Regulations/댐과보등의연계운영규정_일부개정전문_20260708.pdf,raw,361831,f6f0696974d3772798bac0f7ab31bf4b37f06745bed2f4049913f959ef1f7c2c
01_raw/Regulations/별표서식_별표1_연계운영대상시설.hwpx,raw,17230,e2fb7c9423603543b9be2d7e1093c5799f4cee8e29fc90d8440b08b98716cb8f
01_raw/Regulations/별표서식_별표1_연계운영대상시설.pdf,raw,75383,74d9b9b2d373e6cdee7a2a6f6d6b7a5d1bc0f069f6b212ed6818a48947713c3f
01_raw_archive/README.md,raw_archive,420,2ef26dad022531622532349115ee37e4a32cb0dc52d21873afd21506ab9ea1c3
01_raw_archive/SHA256SUMS.txt,raw_archive,193,5ddd96547cf9e6bb2c050b1b0323318d006de519287f578f1c157933a7d9712e
01_raw_archive/mywater_period.tar.gz.part_00,raw_archive,43794205,40e792b7831b9b621134612a704cd88eaf9df35dc55f04c24d6874f2f6246bae
01_raw_archive/mywater_station.tar.gz.part_00,raw_archive,10746311,a105c4070f108c22d315bb62d515a3d20f7ceb121434547b9393a958e164edb7
02_metadata/collection_stopped_utc.txt,metadata,21,5838c120c11a51f9dfc79ce05b6cc45e1f753b61714be5f83fd0432db1f2eb0b
02_metadata/law_fetch_manifest.csv,metadata,6334,28dd42863df88356511cc404c11707493265b513886aebbcb79169f925bd6f08
02_metadata/mywater_fetch_manifest.csv,metadata,435377,5e0afa5ae11f1e5db3c767eff336daba132fffd6090d4c6cd60abb93b96f076b
02_metadata/mywater_station_fetch_manifest.csv,metadata,732761,e85f88c8715e70a2a5edb04ccda2f271597670462b359945afe759b27a0ae1f2
02_metadata/source_catalog.csv,metadata,8196,7043d97b318f53e6f0e2a5661376fcc6a553bafee031ac6c625527c1d100e3bb
02_metadata/time_conventions.csv,metadata,1468,0673800183f1994a3204be8a8c2c8e1e3cada1b5ffb2578a9360116dd233333e
02_metadata/variable_dictionary.csv,metadata,8944,5945891a743050b7d416a35211816c6b981d85101723a9e45b28aed0f52d4370
03_normalized/criterion_list.csv,normalized,11987,683e4c9f52159d4888f1d6d2ace815c9e27c9304275037b40f1456e386241cf8
03_normalized/crosscheck_flood_limit_level_kwater_vs_law_annex3.csv,normalized,555,7152f27a2f70906357ae6bc29be765fe79580a08481289e81df8f97b14bb843d
03_normalized/dam_basic_raw_all_damGb.csv,normalized,7663,764c3add5801c804e776409d0f65cd0c996c2daf1b53ede3e54b4f02e0ac4f86
03_normalized/dam_catalog.csv,normalized,5577,445b3ab6d0b47deae7bf4fe073028b3f18fa1744a1364152de6bb49dd9d33e47
03_normalized/dam_catalog_kwater_basic.csv,normalized,3721,e19371cf4c0f6f04718504f8bac63c75bc29bfe7bb5ce09c4b0b57c2a6f76be5
03_normalized/dam_network_evidence.csv,normalized,5330,c8725a28658baaf751dc04a821075b1973f58376e7acc4f42bdbbb4f3a4f3d4e
03_normalized/document_list.csv,normalized,12809,6c7d85b2834256a4ad157117a18781d8e4f4f04d5d1e51f1112eea285d736f5c
03_normalized/han_system_membership_byeolpyo1.csv,normalized,2022,12203483fe1e02ab38a18387027d6bec3f57abc442a2feb55304ca7e02137d92
03_normalized/kwater_mywater_hydr_D_wide.csv.gz,normalized,467000,c36113b42927267d43260a147e1cd744b1a9a1273d1a1d13bc38e46d792bc014
03_normalized/kwater_mywater_hydr_H_wide.csv.gz,normalized,8214285,b02b8471d2cc412dd0b62e186410a236f9236b01c83a87a9000d3b27ced28b35
03_normalized/kwater_mywater_period_10min_long.csv.gz,normalized,7733507,3c166e770c146ea5ed98b97aa74f7ef3c349d3cc1cdf542c3fb753d151e69cd9
03_normalized/kwater_mywater_period_daily_long.csv.gz,normalized,667738,c5ee59c7e5f53cba8f3fb63da2c75e13c58f0d860ecd2858ca0674173bb23aed
03_normalized/kwater_mywater_period_hourly_long.csv.gz,normalized,7863215,0b7fa3cf21436967a0bb44e76f1d9196e6466b41b29314c21cc5b554f0113b15
03_normalized/kwater_mywater_rain_level_window_snapshot_long.csv.gz,normalized,60217,bcf668e9e670b3facbdf2b7949f5a3cd71706eb60fc5c36d1e8aae8d7aa73277
03_normalized/law_admrul_annex_000100_text.txt,normalized,11318,036a56d60cbbdec464d4e720298c002f813066031b3a09e89c049b7f4da20c5b
03_normalized/law_admrul_annex_000200_text.txt,normalized,8727,65ea947a22635bb044f0d86de3019a43c463468acfb57668f5495cef86a66919
03_normalized/law_admrul_annex_000300_text.txt,normalized,4117,5d1a28195edcb05d9c85deb200f303df8ef5693ef957fa2ff064fefa2b20772b
03_normalized/measurement_dataset_list.csv,normalized,13836,2d9858f303eb5de442d70475fca5d8c3075de8cb881b34f25b1472a4ecc99682
03_normalized/observation_station_list.csv,normalized,19323,9302205ba1784d1c33772a53840a94064b91c93640ac5f49f5e4defc3c662ce0
04_reports/G_API_Requirement_Report.md,report,6978,03c7fa5d06d4fdaf12a728d791782ea8d88b50d8882f3a9a15f049d445e2b9c2
04_reports/I_Ontology_Compatibility_Report.md,report,7289,5ad41485bbf2d2121ec8c181560afd19ad583e6867285d72caa12f3917ce8bd2
04_reports/access_probe.tsv,report,2659,658185e111894e20b8e8d32af47c183a5788c00060354148dca0195d534e1b46
04_reports/access_probe_retry.tsv,report,8029,92fcdc53d98c2e723a628599bf0b37a5de074bf6d5c1ddd2d8dc9829a885169e
04_reports/analysis_consistency.json,report,1956,5a36f380f73b1f0eed1c63f9e615f94635b59fd0d0db712be0e8aec5918a0b41
04_reports/build_catalogs.out,report,496,a1237dc0fa6cbae8348b2bf0b32f1bb71c5f0ae8627ec42d83021b3989732530
04_reports/kwater_M1.log,report,160,f2ef36087bc9d51c9be30fdfe9a9e9b5d9a26ae280577d35d880561fbdbf6c1e
04_reports/kwater_fetch.log,report,139,1870cfbf4b97407a4100e47be6259460ed777d71a11b1c7c584c4e39b145f26c
04_reports/kwater_stage2.log,report,10,d50eb3f740376a6f2844412395ed6d6f87f444435e08d36b84ad7ffea321a97e
04_reports/kwater_stage2_rain.log,report,0,e3b0c44298fc1c149afbf4c8996fb92427ae41e4649b934ca495991b7852b855
04_reports/proxy_relay_failures_snapshot.json,report,5335,b93e4cbc688e584f7a9f3bd43193d25297a089d2fa1fbf4f08e4b89cf0d15541
04_reports/quality_absent_keys.csv,report,22923370,78623bfbf2ce73c9bc9f2927589eb882937057c2ac21b6f471e3500e8cf24959
04_reports/quality_cell_types.csv,report,1541,fc9a87ba19d9728229cf760653b073d995d54d19b3d59d8f9ada230d914572cb
04_reports/quality_window_completeness.csv,report,174336,daeedfeeb413cacc82d4b2f10736572465fb1dfec7563ffe69db3c30b13163ef
scripts/__pycache__/fetch_kwater_mywater.cpython-311.pyc,code,4772,6d7aeb8a889ef5ba975c50a301ba0f776d8ba57b0f60e3b2fb1bd93a79759e17
scripts/__pycache__/fetch_kwater_station.cpython-311.pyc,code,6992,46e61b634784bc6ca7a10662d5d69fe55827d831e3029b309a512e526825ad8a
scripts/__pycache__/mywater_client.cpython-311.pyc,code,3987,0fddef8939c70deb19517b0e069dcc8171a1207faa366e71ee7f945ae76c6bfb
scripts/analyze_consistency.py,code,3522,3b8624860b8d86e9c0d69776733e0fd05ab3bae946b3e5bdfe2dd5b73893e1cf
scripts/analyze_quality.py,code,2495,56fd947a1cc728ddc3ebdf26e2067a655937446e3da289ed15409ae33aa7815d
scripts/build_catalogs.py,code,4534,3ad0f3316d358b15b17d0fb1a05650a32d46890d11811a2f6e4498af150f8bd7
scripts/build_final_manifest.py,code,653,34ec8053ec201ed58c703fc7a79fee31d3440311f07de9240527f95def84c1a7
scripts/build_lists.py,code,16225,2758fa94dbb430761a8e839c995a2396c6d4e7bad5f6ba372452af6d53724fba
scripts/build_normalized.py,code,2646,e99f03cbcc2e1251aa7da9ee6e967e6d77fd3ccf69b8e449f8eebaeeefcc2c94
scripts/build_station_tables.py,code,5629,0dbcdbf9a59de3f6cf45a53ec9da569eee58ce06871faa4a1e6d276627090bb9
scripts/fetch_kwater_mywater.py,code,2000,f85672049bd874ddece3730112f52aaabab223967e1b46840838a5b947beec06
scripts/fetch_kwater_station.py,code,3754,f4258f3db740726ca62d39516b8f702caffd9531721768fe424c57a677dd7a7f
scripts/fetch_law.py,code,2898,78dcb57c9936750d77f4eb4e8ba941b4d589e259c8f12fe88c49438d4018405f
scripts/mywater_client.py,code,2085,16a2deadbffce5fa5a8b98a05d5e4f50631db8f8e4d60c4ad13f9abce9f93653
scripts/probe_access.sh,code,1611,eccd7b67adb6ec5b439223fadb65a5fff69e96f323d3b4d431fc0def269b6581
scripts/probe_retry.py,code,2150,e3ecf418bdd27d5d4190170c36ffe16e819e9d1a23bfdbe067ade0c76da6b1a8
scripts/run_kwater_all.sh,code,462,139cb15af7df3214936f5589ea90eacecc582b6b4eee208d3a8214d41be6507f
scripts/run_kwater_stage2.sh,code,162,c236fd34756607bfdb3f2762d5504ae1d819c0a45fb6bd64f061b7e20a6a986e
