retrieval_time_utc,source_organization,source_system,API_endpoint,query_parameters_json,file_name,bytes,sha256,n_list_rows,errorChk
2026-09-29T11:41:48Z,K-water,MyWater(water.or.kr) 수문 ajaxProc,https://www.water.or.kr/kor/realtime/sumun/ajaxProc.do,"{""mode"": ""getBasic"", ""damCd"": ""1012110"", ""damGb"": ""1""}",01_raw/KWater/mywater_station/basic/1012110_damGb1.json,487,0a01c83e33387ba4821f540af89d5ecfefdcf072fad01d2c46a5a50a0118aa99,1,N
2026-09-29T11:41:50Z,K-water,MyWater(water.or.kr) 수문 ajaxProc,https://www.water.or.kr/kor/realtime/sumun/ajaxProc.do,"{""mode"": ""getBasic"", ""damCd"": ""1012110"", ""damGb"": ""2""}",01_raw/KWater/mywater_station/basic/1012110_damGb2.json,487,e1aae05c43f53ff306e2fdac9a4c518cc7f790be0aa5bfa6e24dd1c779baef55,1,N
2026-09-29T11:41:52Z,K-water,MyWater(water.or.kr) 수문 ajaxProc,https://www.water.or.kr/kor/realtime/sumun/ajaxProc.do,"{""mode"": ""getBasic"", ""damCd"": ""1012110"", ""damGb"": ""3""}",01_raw/KWater/mywater_station/basic/1012110_damGb3.json,212,85bece1040314bfebbc249d0abb0e316793d84709f11e9974d9f16748ee6bada,0,N
2026-09-29T11:41:54Z,K-water,MyWater(water.or.kr) 수문 ajaxProc,https://www.water.or.kr/kor/realtime/sumun/ajaxProc.do,"{""mode"": ""getBasic"", ""damCd"": ""1003110"", ""damGb"": ""1""}",01_raw/KWater/mywater_station/basic/1003110_damGb1.json,481,4a2d6b432c3bee40cde68a29c7e2c6eadaea72d5b35a819c383c6faa3eab929f,1,N
2026-09-29T11:41:56Z,K-water,MyWater(water.or.kr) 수문 ajaxProc,https://www.water.or.kr/kor/realtime/sumun/ajaxProc.do,"{""mode"": ""getBasic"", ""damCd"": ""1003110"", ""damGb"": ""2""}",01_raw/KWater/mywater_station/basic/1003110_damGb2.json,481,3252865b1b880930be5b608a8eb927853b0a96ee98ce14b831b87082333c39e8,1,N
2026-09-29T11:41:58Z,K-water,MyWater(water.or.kr) 수문 ajaxProc,https://www.water.or.kr/kor/realtime/sumun/ajaxProc.do,"{""mode"": ""getBasic"", ""damCd"": ""1003110"", ""damGb"": ""3""}",01_raw/KWater/mywater_station/basic/1003110_damGb3.json,212,69323dbe7459f03d146dcfeb9951978024c01e041a76fbe94bef6ed553b59140,0,N
2026-09-29T11:42:00Z,K-water,MyWater(water.or.kr) 수문 ajaxProc,https://www.water.or.kr/kor/realtime/sumun/ajaxProc.do,"{""mode"": ""getBasic"", ""damCd"": ""1003611"", ""damGb"": ""1""}",01_raw/KWater/mywater_station/basic/1003611_damGb1.json,463,122251ca3ed213ce32d8af2b53f790a045a391bf880ec9e6515e715477d5c8b4,1,N
2026-09-29T11:42:02Z,K-water,MyWater(water.or.kr) 수문 ajaxProc,https://www.water.or.kr/kor/realtime/sumun/ajaxProc.do,"{""mode"": ""getBasic"", ""damCd"": ""1003611"", ""damGb"": ""2""}",01_raw/KWater/mywater_station/basic/1003611_damGb2.json,463,d135beb98a32034d4c8336f83ec3fbf5295684b701c65065c9171d2d75861b71,1,N
2026-09-29T11:42:04Z,K-water,MyWater(water.or.kr) 수문 ajaxProc,https://www.water.or.kr/kor/realtime/sumun/ajaxProc.do,"{""mode"": ""getBasic"", ""damCd"": ""1003611"", ""damGb"": ""3""}",01_raw/KWater/mywater_station/basic/1003611_damGb3.json,212,dbae5603797a254923be70343567bbd1ec9152283c91f594e59effed88813bed,0,N
2026-09-29T11:42:06Z,K-water,MyWater(water.or.kr) 수문 ajaxProc,https://www.water.or.kr/kor/realtime/sumun/ajaxProc.do,"{""mode"": ""getBasic"", ""damCd"": ""1006110"", ""damGb"": ""1""}",01_raw/KWater/mywater_station/basic/1006110_damGb1.json,484,82e71e2693a6d6d47bed9a314ee543e8c282438e065dd71cbcb909df909006de,1,N
2026-09-29T11:42:09Z,K-water,MyWater(water.or.kr) 수문 ajaxProc,https://www.water.or.kr/kor/realtime/sumun/ajaxProc.do,"{""mode"": ""getBasic"", ""damCd"": ""1006110"", ""damGb"": ""2""}",01_raw/KWater/mywater_station/basic/1006110_damGb2.json,484,ee6faf462561512ffacbea7d5c03fc786f1f221314f75c53d37fc0762960a636,1,N
2026-09-29T11:42:11Z,K-water,MyWater(water.or.kr) 수문 ajaxProc,https://www.water.or.kr/kor/realtime/sumun/ajaxProc.do,"{""mode"": ""getBasic"", ""damCd"": ""1006110"", ""damGb"": ""3""}",01_raw/KWater/mywater_station/basic/1006110_damGb3.json,212,64595453f6736b5c05b5fb11ebfbcb0fd83c36d0569626719bd367fcfe799d64,0,N
2026-09-29T11:42:13Z,K-water,MyWater(water.or.kr) 수문 ajaxProc,https://www.water.or.kr/kor/realtime/sumun/ajaxProc.do,"{""mode"": ""getBasic"", ""damCd"": ""1001210"", ""damGb"": ""1""}",01_raw/KWater/mywater_station/basic/1001210_damGb1.json,480,2622efab1062ad30a6906bff567660a29b80405fb561529667991ac0c9bb83d7,1,N
2026-09-29T11:42:15Z,K-water,MyWater(water.or.kr) 수문 ajaxProc,https://www.water.or.kr/kor/realtime/sumun/ajaxProc.do,"{""mode"": ""getBasic"", ""damCd"": ""1001210"", ""damGb"": ""2""}",01_raw/KWater/mywater_station/basic/1001210_damGb2.json,480,486736081eeb3d45d0190d6f1eaab64bed4d34374b0492acce5277566113b8ce,1,N
2026-09-29T11:42:17Z,K-water,MyWater(water.or.kr) 수문 ajaxProc,https://www.water.or.kr/kor/realtime/sumun/ajaxProc.do,"{""mode"": ""getBasic"", ""damCd"": ""1001210"", ""damGb"": ""3""}",01_raw/KWater/mywater_station/basic/1001210_damGb3.json,211,a0a6faa57ce6646c2ab529f8c2e0a218e631dbc62e7be943c6995120f2f889e2,0,N
2026-09-29T11:42:19Z,K-water,MyWater(water.or.kr) 수문 ajaxProc,https://www.water.or.kr/kor/realtime/sumun/ajaxProc.do,"{""mode"": ""getBasic"", ""damCd"": ""1009710"", ""damGb"": ""1""}",01_raw/KWater/mywater_station/basic/1009710_damGb1.json,475,2bb861af557d5d5f2981bdac9297326f378aecfcbd25db521c5fba45da80429f,1,N
2026-09-29T11:42:21Z,K-water,MyWater(water.or.kr) 수문 ajaxProc,https://www.water.or.kr/kor/realtime/sumun/ajaxProc.do,"{""mode"": ""getBasic"", ""damCd"": ""1009710"", ""damGb"": ""2""}",01_raw/KWater/mywater_station/basic/1009710_damGb2.json,475,ed13e785879702abeb3d881cfe2ba4e3dec02c6f2edbca0d680e50c74ad56a3e,1,N
2026-09-29T11:42:23Z,K-water,MyWater(water.or.kr) 수문 ajaxProc,https://www.water.or.kr/kor/realtime/sumun/ajaxProc.do,"{""mode"": ""getBasic"", ""damCd"": ""1009710"", ""damGb"": ""3""}",01_raw/KWater/mywater_station/basic/1009710_damGb3.json,211,16485fcf2f414bb2a2b811a58731fa2d8f90dc21b6e71510d084179054f6a603,0,N
2026-09-29T11:42:25Z,K-water,MyWater(water.or.kr) 수문 ajaxProc,https://www.water.or.kr/kor/realtime/sumun/ajaxProc.do,"{""mode"": ""getBasic"", ""damCd"": ""1021701"", ""damGb"": ""1""}",01_raw/KWater/mywater_station/basic/1021701_damGb1.json,468,425d34961234a37282edffdb3e4756966c724e6af3abde74a0bcb7f57d19525c,1,N
2026-09-29T11:42:27Z,K-water,MyWater(water.or.kr) 수문 ajaxProc,https://www.water.or.kr/kor/realtime/sumun/ajaxProc.do,"{""mode"": ""getBasic"", ""damCd"": ""1021701"", ""damGb"": ""2""}",01_raw/KWater/mywater_station/basic/1021701_damGb2.json,468,715a2ee9151710ad4c8f2559b7310fc5fdeff0a3c7785a7b982ac16323f3c526,1,N
2026-09-29T11:42:29Z,K-water,MyWater(water.or.kr) 수문 ajaxProc,https://www.water.or.kr/kor/realtime/sumun/ajaxProc.do,"{""mode"": ""getBasic"", ""damCd"": ""1021701"", ""damGb"": ""3""}",01_raw/KWater/mywater_station/basic/1021701_damGb3.json,212,a150014681cd1a74ad3c7e2855e0addaafc89eb1e5a62d2c6e92cf76a90327eb,0,N
2026-09-29T11:42:31Z,K-water,MyWater(water.or.kr) 수문 ajaxProc,https://www.water.or.kr/kor/realtime/sumun/ajaxProc.do,"{""mode"": ""getBasic"", ""damCd"": ""1022701"", ""damGb"": ""1""}",01_raw/KWater/mywater_station/basic/1022701_damGb1.json,426,c28368bdc7dba027154ed38fe062442477da9b49de526576239e7b3dba787b21,1,N
2026-09-29T11:42:33Z,K-water,MyWater(water.or.kr) 수문 ajaxProc,https://www.water.or.kr/kor/realtime/sumun/ajaxProc.do,"{""mode"": ""getBasic"", ""damCd"": ""1022701"", ""damGb"": ""2""}",01_raw/KWater/mywater_station/basic/1022701_damGb2.json,426,82fc9ac7d51afdf846a07eae4d78972fa7b95a0de1a91e3ed8022c0090a59abd,1,N
2026-09-29T11:42:35Z,K-water,MyWater(water.or.kr) 수문 ajaxProc,https://www.water.or.kr/kor/realtime/sumun/ajaxProc.do,"{""mode"": ""getBasic"", ""damCd"": ""1022701"", ""damGb"": ""3""}",01_raw/KWater/mywater_station/basic/1022701_damGb3.json,212,23bff985cd0393c101d9e818de3bb2510bf2c1bb6e11fda2e49b2249b7ef6fb2,0,N
2026-09-29T11:42:37Z,K-water,MyWater(water.or.kr) 수문 ajaxProc,https://www.water.or.kr/kor/realtime/sumun/ajaxProc.do,"{""mode"": ""getBasic"", ""damCd"": ""1007601"", ""damGb"": ""1""}",01_raw/KWater/mywater_station/basic/1007601_damGb1.json,289,aa305b4924a0460bb77abe673f68a186f205f614679a23833c41a73a7eeff5bc,1,N
2026-09-29T11:42:39Z,K-water,MyWater(water.or.kr) 수문 ajaxProc,https://www.water.or.kr/kor/realtime/sumun/ajaxProc.do,"{""mode"": ""getBasic"", ""damCd"": ""1007601"", ""damGb"": ""2""}",01_raw/KWater/mywater_station/basic/1007601_damGb2.json,289,909fa33d11a24fa9e0890c8c92e42462e308118555ef2f810a8be932808eb20d,1,N
2026-09-29T11:42:41Z,K-water,MyWater(water.or.kr) 수문 ajaxProc,https://www.water.or.kr/kor/realtime/sumun/ajaxProc.do,"{""mode"": ""getBasic"", ""damCd"": ""1007601"", ""damGb"": ""3""}",01_raw/KWater/mywater_station/basic/1007601_damGb3.json,399,7698348be62f4f3da2fc0515f39e4d83042aee56372ea80e465caebb63372bbc,1,N
2026-09-29T11:42:43Z,K-water,MyWater(water.or.kr) 수문 ajaxProc,https://www.water.or.kr/kor/realtime/sumun/ajaxProc.do,"{""mode"": ""getBasic"", ""damCd"": ""1007602"", ""damGb"": ""1""}",01_raw/KWater/mywater_station/basic/1007602_damGb1.json,340,a138d35984b16059d821fecf4c17ecad61f9e4309f1a76494a2d06dc43a17080,1,N
2026-09-29T11:42:45Z,K-water,MyWater(water.or.kr) 수문 ajaxProc,https://www.water.or.kr/kor/realtime/sumun/ajaxProc.do,"{""mode"": ""getBasic"", ""damCd"": ""1007602"", ""damGb"": ""2""}",01_raw/KWater/mywater_station/basic/1007602_damGb2.json,339,9417d605cfed283ac9dd97766f8cf481bbaf46bb3b2bf7f4c2c3164ddda19f51,1,N
2026-09-29T11:42:47Z,K-water,MyWater(water.or.kr) 수문 ajaxProc,https://www.water.or.kr/kor/realtime/sumun/ajaxProc.do,"{""mode"": ""getBasic"", ""damCd"": ""1007602"", ""damGb"": ""3""}",01_raw/KWater/mywater_station/basic/1007602_damGb3.json,401,a2d35d74e639d511dac7116f69b1c3d25bd12c12bdd0ae01c731befad8532855,1,N
2026-09-29T11:42:49Z,K-water,MyWater(water.or.kr) 수문 ajaxProc,https://www.water.or.kr/kor/realtime/sumun/ajaxProc.do,"{""mode"": ""getBasic"", ""damCd"": ""1007603"", ""damGb"": ""1""}",01_raw/KWater/mywater_station/basic/1007603_damGb1.json,339,7b3e8c4e79ac92ca1a4d3a648589b5d651011afc2e143fc252755575d6b1a6f8,1,N
2026-09-29T11:42:51Z,K-water,MyWater(water.or.kr) 수문 ajaxProc,https://www.water.or.kr/kor/realtime/sumun/ajaxProc.do,"{""mode"": ""getBasic"", ""damCd"": ""1007603"", ""damGb"": ""2""}",01_raw/KWater/mywater_station/basic/1007603_damGb2.json,339,a83fbc97426d306ffb6397f5816bb242ac36f1e8efa60b2b3e207e3441fc9d5f,1,N
2026-09-29T11:42:53Z,K-water,MyWater(water.or.kr) 수문 ajaxProc,https://www.water.or.kr/kor/realtime/sumun/ajaxProc.do,"{""mode"": ""getBasic"", ""damCd"": ""1007603"", ""damGb"": ""3""}",01_raw/KWater/mywater_station/basic/1007603_damGb3.json,402,acd9adf59a02f82b0c756e73e90ecdfc05139dcb2b7ed792e1e4aefb6785fe89,1,N
2026-09-29T11:48:15Z,K-water,MyWater(water.or.kr) 수문 ajaxProc,https://www.water.or.kr/kor/realtime/sumun/ajaxProc.do,"{""mode"": ""getHydr"", ""damCd"": ""1012110"", ""param1"": ""D"", ""startDate"": ""2021-01-01"", ""endDate"": ""2021-12-31"", ""page"": """"}",01_raw/KWater/mywater_station/hydr/D/1012110/2021-01-01_2021-12-31.json,53594,8dc684d603a8dabbd7fa5aede3c4a9d4e8fc8459d0408790e7b5623a0839d977,365,N
2026-09-29T11:48:18Z,K-water,MyWater(water.or.kr) 수문 ajaxProc,https://www.water.or.kr/kor/realtime/sumun/ajaxProc.do,"{""mode"": ""getHydr"", ""damCd"": ""1012110"", ""param1"": ""D"", ""startDate"": ""2022-01-01"", ""endDate"": ""2022-12-31"", ""page"": """"}",01_raw/KWater/mywater_station/hydr/D/1012110/2022-01-01_2022-12-31.json,54657,550c754574cafc54d4a0789c89b9edab65bbd0b0100eaaa54fce1de173445efa,365,N
2026-09-29T11:48:20Z,K-water,MyWater(water.or.kr) 수문 ajaxProc,https://www.water.or.kr/kor/realtime/sumun/ajaxProc.do,"{""mode"": ""getHydr"", ""damCd"": ""1012110"", ""param1"": ""D"", ""startDate"": ""2023-01-01"", ""endDate"": ""2023-12-31"", ""page"": """"}",01_raw/KWater/mywater_station/hydr/D/1012110/2023-01-01_2023-12-31.json,54971,f440dc956b045384c9bb4dd873e7709cdf7d088faecca376ae787b480b5f0a73,365,N
2026-09-29T11:48:23Z,K-water,MyWater(water.or.kr) 수문 ajaxProc,https://www.water.or.kr/kor/realtime/sumun/ajaxProc.do,"{""mode"": ""getHydr"", ""damCd"": ""1012110"", ""param1"": ""D"", ""startDate"": ""2024-01-01"", ""endDate"": ""2024-12-30"", ""page"": """"}",01_raw/KWater/mywater_station/hydr/D/1012110/2024-01-01_2024-12-30.json,55073,58d50a599e89a878f2fa261f20cd8325e96945728ae0774870a355ee137d3e8d,365,N
2026-09-29T11:48:26Z,K-water,MyWater(water.or.kr) 수문 ajaxProc,https://www.water.or.kr/kor/realtime/sumun/ajaxProc.do,"{""mode"": ""getHydr"", ""damCd"": ""1012110"", ""param1"": ""D"", ""startDate"": ""2024-12-31"", ""endDate"": ""2025-12-30"", ""page"": """"}",01_raw/KWater/mywater_station/hydr/D/1012110/2024-12-31_2025-12-30.json,54893,fe3eaa6be078fa4612d0a4f4aef5392ae71c741a034785febbe7db38541690f4,365,N
2026-09-29T11:48:28Z,K-water,MyWater(water.or.kr) 수문 ajaxProc,https://www.water.or.kr/kor/realtime/sumun/ajaxProc.do,"{""mode"": ""getHydr"", ""damCd"": ""1012110"", ""param1"": ""D"", ""startDate"": ""2025-12-31"", ""endDate"": ""2026-09-28"", ""page"": """"}",01_raw/KWater/mywater_station/hydr/D/1012110/2025-12-31_2026-09-28.json,40969,b745c5bbd568e0ffb56bbf1b38c233c1e8e7b42734009c9eed26c844e75cab8e,272,N
2026-09-29T11:48:31Z,K-water,MyWater(water.or.kr) 수문 ajaxProc,https://www.water.or.kr/kor/realtime/sumun/ajaxProc.do,"{""mode"": ""getHydr"", ""damCd"": ""1003110"", ""param1"": ""D"", ""startDate"": ""2021-01-01"", ""endDate"": ""2021-12-31"", ""page"": """"}",01_raw/KWater/mywater_station/hydr/D/1003110/2021-01-01_2021-12-31.json,54768,ec26270dd8270f7fa8f3bdaa181f9967fba2b745da672978a62406d7a66a3485,365,N
2026-09-29T11:48:33Z,K-water,MyWater(water.or.kr) 수문 ajaxProc,https://www.water.or.kr/kor/realtime/sumun/ajaxProc.do,"{""mode"": ""getHydr"", ""damCd"": ""1003110"", ""param1"": ""D"", ""startDate"": ""2022-01-01"", ""endDate"": ""2022-12-31"", ""page"": """"}",01_raw/KWater/mywater_station/hydr/D/1003110/2022-01-01_2022-12-31.json,55143,fa4987c6d8e6882bacd62378e49718a97d9455ba41369f3f26ef8676fed513c6,365,N
2026-09-29T11:48:36Z,K-water,MyWater(water.or.kr) 수문 ajaxProc,https://www.water.or.kr/kor/realtime/sumun/ajaxProc.do,"{""mode"": ""getHydr"", ""damCd"": ""1003110"", ""param1"": ""D"", ""startDate"": ""2023-01-01"", ""endDate"": ""2023-12-31"", ""page"": """"}",01_raw/KWater/mywater_station/hydr/D/1003110/2023-01-01_2023-12-31.json,55424,7826cf7230e884d7892d463160b330bc1a5c4b700cdb0128fad17c853d46a1ca,365,N
2026-09-29T11:48:39Z,K-water,MyWater(water.or.kr) 수문 ajaxProc,https://www.water.or.kr/kor/realtime/sumun/ajaxProc.do,"{""mode"": ""getHydr"", ""damCd"": ""1003110"", ""param1"": ""D"", ""startDate"": ""2024-01-01"", ""endDate"": ""2024-12-30"", ""page"": """"}",01_raw/KWater/mywater_station/hydr/D/1003110/2024-01-01_2024-12-30.json,55475,29b0786d68dc79759b3a665c50f1ec59565a7cefc7861fbd455eb3e63e14174c,365,N
2026-09-29T11:48:41Z,K-water,MyWater(water.or.kr) 수문 ajaxProc,https://www.water.or.kr/kor/realtime/sumun/ajaxProc.do,"{""mode"": ""getHydr"", ""damCd"": ""1003110"", ""param1"": ""D"", ""startDate"": ""2024-12-31"", ""endDate"": ""2025-12-30"", ""page"": """"}",01_raw/KWater/mywater_station/hydr/D/1003110/2024-12-31_2025-12-30.json,55396,e590d511dc4b90d0b5a879045fa346225606f734cc64b4adf07723a3f1b8851a,365,N
2026-09-29T11:48:44Z,K-water,MyWater(water.or.kr) 수문 ajaxProc,https://www.water.or.kr/kor/realtime/sumun/ajaxProc.do,"{""mode"": ""getHydr"", ""damCd"": ""1003110"", ""param1"": ""D"", ""startDate"": ""2025-12-31"", ""endDate"": ""2026-09-28"", ""page"": """"}",01_raw/KWater/mywater_station/hydr/D/1003110/2025-12-31_2026-09-28.json,41500,7295621c40b523a4245e36ef826854b37d88ab9c45b923af7259d91d5b8f70e4,272,N
2026-09-29T11:48:46Z,K-water,MyWater(water.or.kr) 수문 ajaxProc,https://www.water.or.kr/kor/realtime/sumun/ajaxProc.do,"{""mode"": ""getHydr"", ""damCd"": ""1003611"", ""param1"": ""D"", ""startDate"": ""2021-01-01"", ""endDate"": ""2021-12-31"", ""page"": """"}",01_raw/KWater/mywater_station/hydr/D/1003611/2021-01-01_2021-12-31.json,52918,e6711348e5a3189b12f37c2542a381dd0c82d6a534f15f59bfeafede70fea855,365,N
2026-09-29T11:48:49Z,K-water,MyWater(water.or.kr) 수문 ajaxProc,https://www.water.or.kr/kor/realtime/sumun/ajaxProc.do,"{""mode"": ""getHydr"", ""damCd"": ""1003611"", ""param1"": ""D"", ""startDate"": ""2022-01-01"", ""endDate"": ""2022-12-31"", ""page"": """"}",01_raw/KWater/mywater_station/hydr/D/1003611/2022-01-01_2022-12-31.json,53217,ef84420e6bb5d2c8f48777dbc86e11fe4e24aebcefd60b9002fe69e1d2a9258f,365,N
2026-09-29T11:48:51Z,K-water,MyWater(water.or.kr) 수문 ajaxProc,https://www.water.or.kr/kor/realtime/sumun/ajaxProc.do,"{""mode"": ""getHydr"", ""damCd"": ""1003611"", ""param1"": ""D"", ""startDate"": ""2023-01-01"", ""endDate"": ""2023-12-31"", ""page"": """"}",01_raw/KWater/mywater_station/hydr/D/1003611/2023-01-01_2023-12-31.json,53626,6285b91919e8f5a83103853f8a2629b8d57b6e52a8eb63cfeb118ddd5fc86c35,365,N
2026-09-29T11:48:53Z,K-water,MyWater(water.or.kr) 수문 ajaxProc,https://www.water.or.kr/kor/realtime/sumun/ajaxProc.do,"{""mode"": ""getHydr"", ""damCd"": ""1003611"", ""param1"": ""D"", ""startDate"": ""2024-01-01"", ""endDate"": ""2024-12-30"", ""page"": """"}",01_raw/KWater/mywater_station/hydr/D/1003611/2024-01-01_2024-12-30.json,54026,f1c93a50d8a72b9eaa60b4bbb94ba1864b1d67bbfee2799de891954ccb0d5036,365,N
2026-09-29T11:48:56Z,K-water,MyWater(water.or.kr) 수문 ajaxProc,https://www.water.or.kr/kor/realtime/sumun/ajaxProc.do,"{""mode"": ""getHydr"", ""damCd"": ""1003611"", ""param1"": ""D"", ""startDate"": ""2024-12-31"", ""endDate"": ""2025-12-30"", ""page"": """"}",01_raw/KWater/mywater_station/hydr/D/1003611/2024-12-31_2025-12-30.json,53584,0feeb685b072acd1d7cca624d9e495785565e689a1e470d306a3e09a4aefc27c,365,N
2026-09-29T11:48:58Z,K-water,MyWater(water.or.kr) 수문 ajaxProc,https://www.water.or.kr/kor/realtime/sumun/ajaxProc.do,"{""mode"": ""getHydr"", ""damCd"": ""1003611"", ""param1"": ""D"", ""startDate"": ""2025-12-31"", ""endDate"": ""2026-09-28"", ""page"": """"}",01_raw/KWater/mywater_station/hydr/D/1003611/2025-12-31_2026-09-28.json,40056,d2ad7489c1ac4af54fe03462ef770ada4bc2f690206b8566f74c036ca31a95f8,272,N
2026-09-29T11:49:01Z,K-water,MyWater(water.or.kr) 수문 ajaxProc,https://www.water.or.kr/kor/realtime/sumun/ajaxProc.do,"{""mode"": ""getHydr"", ""damCd"": ""1006110"", ""param1"": ""D"", ""startDate"": ""2021-01-01"", ""endDate"": ""2021-12-31"", ""page"": """"}",01_raw/KWater/mywater_station/hydr/D/1006110/2021-01-01_2021-12-31.json,51560,a99d4f2a7b661391da09afeb24568ae48f3f0d0ac5a023913db1259998d64012,365,N
2026-09-29T11:49:03Z,K-water,MyWater(water.or.kr) 수문 ajaxProc,https://www.water.or.kr/kor/realtime/sumun/ajaxProc.do,"{""mode"": ""getHydr"", ""damCd"": ""1006110"", ""param1"": ""D"", ""startDate"": ""2022-01-01"", ""endDate"": ""2022-12-31"", ""page"": """"}",01_raw/KWater/mywater_station/hydr/D/1006110/2022-01-01_2022-12-31.json,52261,c5f9f47d92d7832dcd40dda7a5874041aa2a1028323a58e0aa57ae7c70db1829,365,N
2026-09-29T11:49:06Z,K-water,MyWater(water.or.kr) 수문 ajaxProc,https://www.water.or.kr/kor/realtime/sumun/ajaxProc.do,"{""mode"": ""getHydr"", ""damCd"": ""1006110"", ""param1"": ""D"", ""startDate"": ""2023-01-01"", ""endDate"": ""2023-12-31"", ""page"": """"}",01_raw/KWater/mywater_station/hydr/D/1006110/2023-01-01_2023-12-31.json,52438,439e08644cceb7da28aae6763f80a60c6e4d186347e26dbe2ab4c33f0e262aee,365,N
2026-09-29T11:49:08Z,K-water,MyWater(water.or.kr) 수문 ajaxProc,https://www.water.or.kr/kor/realtime/sumun/ajaxProc.do,"{""mode"": ""getHydr"", ""damCd"": ""1006110"", ""param1"": ""D"", ""startDate"": ""2024-01-01"", ""endDate"": ""2024-12-30"", ""page"": """"}",01_raw/KWater/mywater_station/hydr/D/1006110/2024-01-01_2024-12-30.json,52377,bfea527b999cbd6a7350de781b480f895cce4bab7ee4d2159d6797398887faea,365,N
2026-09-29T11:49:11Z,K-water,MyWater(water.or.kr) 수문 ajaxProc,https://www.water.or.kr/kor/realtime/sumun/ajaxProc.do,"{""mode"": ""getHydr"", ""damCd"": ""1006110"", ""param1"": ""D"", ""startDate"": ""2024-12-31"", ""endDate"": ""2025-12-30"", ""page"": """"}",01_raw/KWater/mywater_station/hydr/D/1006110/2024-12-31_2025-12-30.json,52416,f82f407308353b5d78d341f602bf3b115534bea0bfe7bbed6010e9c2c5fd1e55,365,N
2026-09-29T11:49:13Z,K-water,MyWater(water.or.kr) 수문 ajaxProc,https://www.water.or.kr/kor/realtime/sumun/ajaxProc.do,"{""mode"": ""getHydr"", ""damCd"": ""1006110"", ""param1"": ""D"", ""startDate"": ""2025-12-31"", ""endDate"": ""2026-09-28"", ""page"": """"}",01_raw/KWater/mywater_station/hydr/D/1006110/2025-12-31_2026-09-28.json,39133,cdd310fd3a61187394f1822160b5a200ced8ce0add44c235489b1616cb8318bc,272,N
2026-09-29T11:49:16Z,K-water,MyWater(water.or.kr) 수문 ajaxProc,https://www.water.or.kr/kor/realtime/sumun/ajaxProc.do,"{""mode"": ""getHydr"", ""damCd"": ""1001210"", ""param1"": ""D"", ""startDate"": ""2021-01-01"", ""endDate"": ""2021-12-31"", ""page"": """"}",01_raw/KWater/mywater_station/hydr/D/1001210/2021-01-01_2021-12-31.json,51388,6b53dbc055dac6add0674cbf016625664a57319567522562878276923a1221f6,365,N
2026-09-29T11:49:18Z,K-water,MyWater(water.or.kr) 수문 ajaxProc,https://www.water.or.kr/kor/realtime/sumun/ajaxProc.do,"{""mode"": ""getHydr"", ""damCd"": ""1001210"", ""param1"": ""D"", ""startDate"": ""2022-01-01"", ""endDate"": ""2022-12-31"", ""page"": """"}",01_raw/KWater/mywater_station/hydr/D/1001210/2022-01-01_2022-12-31.json,51874,181ed099df3cf7554e0f386b8a444a7f0e4bd32eecd7cacf08836d918de96b1f,365,N
2026-09-29T11:49:21Z,K-water,MyWater(water.or.kr) 수문 ajaxProc,https://www.water.or.kr/kor/realtime/sumun/ajaxProc.do,"{""mode"": ""getHydr"", ""damCd"": ""1001210"", ""param1"": ""D"", ""startDate"": ""2023-01-01"", ""endDate"": ""2023-12-31"", ""page"": """"}",01_raw/KWater/mywater_station/hydr/D/1001210/2023-01-01_2023-12-31.json,52061,7bfcb95733cbe82eeb9cf4b8f15627d27b127d3108f3c064249d29937cefe23b,365,N
2026-09-29T11:49:23Z,K-water,MyWater(water.or.kr) 수문 ajaxProc,https://www.water.or.kr/kor/realtime/sumun/ajaxProc.do,"{""mode"": ""getHydr"", ""damCd"": ""1001210"", ""param1"": ""D"", ""startDate"": ""2024-01-01"", ""endDate"": ""2024-12-30"", ""page"": """"}",01_raw/KWater/mywater_station/hydr/D/1001210/2024-01-01_2024-12-30.json,52051,a8c281a9f6322302e5cfd282329bfb5ccb1063743e2ec334aa4c3ec055d557da,365,N
2026-09-29T11:49:26Z,K-water,MyWater(water.or.kr) 수문 ajaxProc,https://www.water.or.kr/kor/realtime/sumun/ajaxProc.do,"{""mode"": ""getHydr"", ""damCd"": ""1001210"", ""param1"": ""D"", ""startDate"": ""2024-12-31"", ""endDate"": ""2025-12-30"", ""page"": """"}",01_raw/KWater/mywater_station/hydr/D/1001210/2024-12-31_2025-12-30.json,51779,6192dfcfb1f61649673cd1b127807b30455939a538373660afc656dd6fd663a8,365,N
2026-09-29T11:49:28Z,K-water,MyWater(water.or.kr) 수문 ajaxProc,https://www.water.or.kr/kor/realtime/sumun/ajaxProc.do,"{""mode"": ""getHydr"", ""damCd"": ""1001210"", ""param1"": ""D"", ""startDate"": ""2025-12-31"", ""endDate"": ""2026-09-28"", ""page"": """"}",01_raw/KWater/mywater_station/hydr/D/1001210/2025-12-31_2026-09-28.json,38824,41d294ab8dadd9283136fc420bb5ddb72925f921d1e9314ced468008a5843f33,272,N
2026-09-29T11:49:30Z,K-water,MyWater(water.or.kr) 수문 ajaxProc,https://www.water.or.kr/kor/realtime/sumun/ajaxProc.do,"{""mode"": ""getHydr"", ""damCd"": ""1009710"", ""param1"": ""D"", ""startDate"": ""2021-01-01"", ""endDate"": ""2021-12-31"", ""page"": """"}",01_raw/KWater/mywater_station/hydr/D/1009710/2021-01-01_2021-12-31.json,50642,c8ca21cb0427d9ac8b77f9674e6f5ff32275ad6e9fba2453f060ef7e6d03d106,365,N
2026-09-29T11:49:34Z,K-water,MyWater(water.or.kr) 수문 ajaxProc,https://www.water.or.kr/kor/realtime/sumun/ajaxProc.do,"{""mode"": ""getHydr"", ""damCd"": ""1009710"", ""param1"": ""D"", ""startDate"": ""2022-01-01"", ""endDate"": ""2022-12-31"", ""page"": """"}",01_raw/KWater/mywater_station/hydr/D/1009710/2022-01-01_2022-12-31.json,51847,e22ab35e830464bc49f925a0b8f967d58612592e5a48a269775bbae42308b93b,365,N
2026-09-29T11:49:37Z,K-water,MyWater(water.or.kr) 수문 ajaxProc,https://www.water.or.kr/kor/realtime/sumun/ajaxProc.do,"{""mode"": ""getHydr"", ""damCd"": ""1009710"", ""param1"": ""D"", ""startDate"": ""2023-01-01"", ""endDate"": ""2023-12-31"", ""page"": """"}",01_raw/KWater/mywater_station/hydr/D/1009710/2023-01-01_2023-12-31.json,51804,7bdb6431a65ff2da66f09641a69b8727f63296946d304bf41ad1154bf61ccc27,365,N
2026-09-29T11:49:39Z,K-water,MyWater(water.or.kr) 수문 ajaxProc,https://www.water.or.kr/kor/realtime/sumun/ajaxProc.do,"{""mode"": ""getHydr"", ""damCd"": ""1009710"", ""param1"": ""D"", ""startDate"": ""2024-01-01"", ""endDate"": ""2024-12-30"", ""page"": """"}",01_raw/KWater/mywater_station/hydr/D/1009710/2024-01-01_2024-12-30.json,51999,071f6b05ef687293cf821cdc0e70207beedde9dc66dfb57b2297a59afff38314,365,N
2026-09-29T11:49:42Z,K-water,MyWater(water.or.kr) 수문 ajaxProc,https://www.water.or.kr/kor/realtime/sumun/ajaxProc.do,"{""mode"": ""getHydr"", ""damCd"": ""1009710"", ""param1"": ""D"", ""startDate"": ""2024-12-31"", ""endDate"": ""2025-12-30"", ""page"": """"}",01_raw/KWater/mywater_station/hydr/D/1009710/2024-12-31_2025-12-30.json,52399,d4baf744fa2d0f2449766e500ff18c5fff9b7a22807db290379ac8b4689ad2ea,365,N
2026-09-29T11:49:45Z,K-water,MyWater(water.or.kr) 수문 ajaxProc,https://www.water.or.kr/kor/realtime/sumun/ajaxProc.do,"{""mode"": ""getHydr"", ""damCd"": ""1009710"", ""param1"": ""D"", ""startDate"": ""2025-12-31"", ""endDate"": ""2026-09-28"", ""page"": """"}",01_raw/KWater/mywater_station/hydr/D/1009710/2025-12-31_2026-09-28.json,39089,87c63d234ebb6ef434b231f9a3d56eb3f474e2b6967c312f167ba77623f4e907,272,N
2026-09-29T11:49:47Z,K-water,MyWater(water.or.kr) 수문 ajaxProc,https://www.water.or.kr/kor/realtime/sumun/ajaxProc.do,"{""mode"": ""getHydr"", ""damCd"": ""1021701"", ""param1"": ""D"", ""startDate"": ""2021-01-01"", ""endDate"": ""2021-12-31"", ""page"": """"}",01_raw/KWater/mywater_station/hydr/D/1021701/2021-01-01_2021-12-31.json,51163,03830ef403712c2289bcd4834f70904f6eb3301b9a6dd61a77d4cde46277dfd1,365,N
2026-09-29T11:49:50Z,K-water,MyWater(water.or.kr) 수문 ajaxProc,https://www.water.or.kr/kor/realtime/sumun/ajaxProc.do,"{""mode"": ""getHydr"", ""damCd"": ""1021701"", ""param1"": ""D"", ""startDate"": ""2022-01-01"", ""endDate"": ""2022-12-31"", ""page"": """"}",01_raw/KWater/mywater_station/hydr/D/1021701/2022-01-01_2022-12-31.json,51676,d3839c8cf2defa3f317770367ada1a0fbfb2d2c671583f37de62e669fd6dd346,365,N
2026-09-29T11:49:52Z,K-water,MyWater(water.or.kr) 수문 ajaxProc,https://www.water.or.kr/kor/realtime/sumun/ajaxProc.do,"{""mode"": ""getHydr"", ""damCd"": ""1021701"", ""param1"": ""D"", ""startDate"": ""2023-01-01"", ""endDate"": ""2023-12-31"", ""page"": """"}",01_raw/KWater/mywater_station/hydr/D/1021701/2023-01-01_2023-12-31.json,52123,4f448a093382b7d4986aaa91a16bf0955ff715c53f1d6da1bfc087d7baee708c,365,N
2026-09-29T11:49:54Z,K-water,MyWater(water.or.kr) 수문 ajaxProc,https://www.water.or.kr/kor/realtime/sumun/ajaxProc.do,"{""mode"": ""getHydr"", ""damCd"": ""1021701"", ""param1"": ""D"", ""startDate"": ""2024-01-01"", ""endDate"": ""2024-12-30"", ""page"": """"}",01_raw/KWater/mywater_station/hydr/D/1021701/2024-01-01_2024-12-30.json,52230,375a9ad5b4f8ad55000bda5d51e33485d400f3e9b48aac8dfe399c12a7e23144,365,N
2026-09-29T11:49:57Z,K-water,MyWater(water.or.kr) 수문 ajaxProc,https://www.water.or.kr/kor/realtime/sumun/ajaxProc.do,"{""mode"": ""getHydr"", ""damCd"": ""1021701"", ""param1"": ""D"", ""startDate"": ""2024-12-31"", ""endDate"": ""2025-12-30"", ""page"": """"}",01_raw/KWater/mywater_station/hydr/D/1021701/2024-12-31_2025-12-30.json,51996,63dca3cec4cd09bce42eb68525f9b227e3176a209818d8793447d1ea7c44f211,365,N
2026-09-29T11:49:59Z,K-water,MyWater(water.or.kr) 수문 ajaxProc,https://www.water.or.kr/kor/realtime/sumun/ajaxProc.do,"{""mode"": ""getHydr"", ""damCd"": ""1021701"", ""param1"": ""D"", ""startDate"": ""2025-12-31"", ""endDate"": ""2026-09-28"", ""page"": """"}",01_raw/KWater/mywater_station/hydr/D/1021701/2025-12-31_2026-09-28.json,38503,5eac59cd4516f2c006547209aaab04fc278bd9caaeed50fb6555f2a23e228b7c,272,N
2026-09-29T11:50:02Z,K-water,MyWater(water.or.kr) 수문 ajaxProc,https://www.water.or.kr/kor/realtime/sumun/ajaxProc.do,"{""mode"": ""getHydr"", ""damCd"": ""1022701"", ""param1"": ""D"", ""startDate"": ""2021-01-01"", ""endDate"": ""2021-12-31"", ""page"": """"}",01_raw/KWater/mywater_station/hydr/D/1022701/2021-01-01_2021-12-31.json,50129,16f3c35e5a4082be36a1201fa9e5f644e9a7030ddafc47ff6cc16c9b4a67c4f1,365,N
2026-09-29T11:50:04Z,K-water,MyWater(water.or.kr) 수문 ajaxProc,https://www.water.or.kr/kor/realtime/sumun/ajaxProc.do,"{""mode"": ""getHydr"", ""damCd"": ""1022701"", ""param1"": ""D"", ""startDate"": ""2022-01-01"", ""endDate"": ""2022-12-31"", ""page"": """"}",01_raw/KWater/mywater_station/hydr/D/1022701/2022-01-01_2022-12-31.json,51573,37921e8c093a87e243fa5d680d9992b853ca0ea8f35878909d98e556591f1941,365,N
2026-09-29T11:50:07Z,K-water,MyWater(water.or.kr) 수문 ajaxProc,https://www.water.or.kr/kor/realtime/sumun/ajaxProc.do,"{""mode"": ""getHydr"", ""damCd"": ""1022701"", ""param1"": ""D"", ""startDate"": ""2023-01-01"", ""endDate"": ""2023-12-31"", ""page"": """"}",01_raw/KWater/mywater_station/hydr/D/1022701/2023-01-01_2023-12-31.json,51752,bc7aedfbffa4f51b939919ff97604780083b084348285a62ba270759b4664fb5,365,N
2026-09-29T11:50:09Z,K-water,MyWater(water.or.kr) 수문 ajaxProc,https://www.water.or.kr/kor/realtime/sumun/ajaxProc.do,"{""mode"": ""getHydr"", ""damCd"": ""1022701"", ""param1"": ""D"", ""startDate"": ""2024-01-01"", ""endDate"": ""2024-12-30"", ""page"": """"}",01_raw/KWater/mywater_station/hydr/D/1022701/2024-01-01_2024-12-30.json,51443,6eede341ee78baf71244c7c41d02c96ecad92ab25f72316815a22a52dee61e3b,365,N
2026-09-29T11:50:12Z,K-water,MyWater(water.or.kr) 수문 ajaxProc,https://www.water.or.kr/kor/realtime/sumun/ajaxProc.do,"{""mode"": ""getHydr"", ""damCd"": ""1022701"", ""param1"": ""D"", ""startDate"": ""2024-12-31"", ""endDate"": ""2025-12-30"", ""page"": """"}",01_raw/KWater/mywater_station/hydr/D/1022701/2024-12-31_2025-12-30.json,51893,7cad63089df1c2515d846d3de6d922e331cbec894e9aa682a0f51ee6b62db6ad,365,N
2026-09-29T11:50:14Z,K-water,MyWater(water.or.kr) 수문 ajaxProc,https://www.water.or.kr/kor/realtime/sumun/ajaxProc.do,"{""mode"": ""getHydr"", ""damCd"": ""1022701"", ""param1"": ""D"", ""startDate"": ""2025-12-31"", ""endDate"": ""2026-09-28"", ""page"": """"}",01_raw/KWater/mywater_station/hydr/D/1022701/2025-12-31_2026-09-28.json,38411,8f398ea000d772d746b1699f888d2ff7d6b89ba98f3c981d724cb5f94e4eacfe,272,N
2026-09-29T11:50:17Z,K-water,MyWater(water.or.kr) 수문 ajaxProc,https://www.water.or.kr/kor/realtime/sumun/ajaxProc.do,"{""mode"": ""getHydr"", ""damCd"": ""1007601"", ""param1"": ""D"", ""startDate"": ""2021-01-01"", ""endDate"": ""2021-12-31"", ""page"": """"}",01_raw/KWater/mywater_station/hydr/D/1007601/2021-01-01_2021-12-31.json,53355,5536b61301269df5de0652b949888fe1c7f27d1cc1c5600135a4538468a7f528,365,N
2026-09-29T11:50:19Z,K-water,MyWater(water.or.kr) 수문 ajaxProc,https://www.water.or.kr/kor/realtime/sumun/ajaxProc.do,"{""mode"": ""getHydr"", ""damCd"": ""1007601"", ""param1"": ""D"", ""startDate"": ""2022-01-01"", ""endDate"": ""2022-12-31"", ""page"": """"}",01_raw/KWater/mywater_station/hydr/D/1007601/2022-01-01_2022-12-31.json,53823,e9926cdea8cf97ab831c256d08c0c871eb6b2846779bccfe9aeef7460d962c4f,365,N
2026-09-29T11:50:22Z,K-water,MyWater(water.or.kr) 수문 ajaxProc,https://www.water.or.kr/kor/realtime/sumun/ajaxProc.do,"{""mode"": ""getHydr"", ""damCd"": ""1007601"", ""param1"": ""D"", ""startDate"": ""2023-01-01"", ""endDate"": ""2023-12-31"", ""page"": """"}",01_raw/KWater/mywater_station/hydr/D/1007601/2023-01-01_2023-12-31.json,54496,f36d7f200649cdc62adf5ab1395dd729b70f2a32610dce6d8e53077c2a0bb535,365,N
2026-09-29T11:50:24Z,K-water,MyWater(water.or.kr) 수문 ajaxProc,https://www.water.or.kr/kor/realtime/sumun/ajaxProc.do,"{""mode"": ""getHydr"", ""damCd"": ""1007601"", ""param1"": ""D"", ""startDate"": ""2024-01-01"", ""endDate"": ""2024-12-30"", ""page"": """"}",01_raw/KWater/mywater_station/hydr/D/1007601/2024-01-01_2024-12-30.json,54568,67d962734a39e18e6c813465ce2e98cc5684928ccab40143957008f40ac65132,365,N
2026-09-29T11:50:27Z,K-water,MyWater(water.or.kr) 수문 ajaxProc,https://www.water.or.kr/kor/realtime/sumun/ajaxProc.do,"{""mode"": ""getHydr"", ""damCd"": ""1007601"", ""param1"": ""D"", ""startDate"": ""2024-12-31"", ""endDate"": ""2025-12-30"", ""page"": """"}",01_raw/KWater/mywater_station/hydr/D/1007601/2024-12-31_2025-12-30.json,54229,4daed33d8ea0a09cb591429caeb817345875a7441ed563d5997c1ace81cacc41,365,N
2026-09-29T11:50:30Z,K-water,MyWater(water.or.kr) 수문 ajaxProc,https://www.water.or.kr/kor/realtime/sumun/ajaxProc.do,"{""mode"": ""getHydr"", ""damCd"": ""1007601"", ""param1"": ""D"", ""startDate"": ""2025-12-31"", ""endDate"": ""2026-09-28"", ""page"": """"}",01_raw/KWater/mywater_station/hydr/D/1007601/2025-12-31_2026-09-28.json,40519,9298f3263a74065326692f6a5be22e02a453f7f1140fa8e79ec6e43af61f0e95,272,N
2026-09-29T11:50:32Z,K-water,MyWater(water.or.kr) 수문 ajaxProc,https://www.water.or.kr/kor/realtime/sumun/ajaxProc.do,"{""mode"": ""getHydr"", ""damCd"": ""1007602"", ""param1"": ""D"", ""startDate"": ""2021-01-01"", ""endDate"": ""2021-12-31"", ""page"": """"}",01_raw/KWater/mywater_station/hydr/D/1007602/2021-01-01_2021-12-31.json,53664,67099b8db8f94e00ea9f2d831b267334ac2fc912071e5e86660082797c3f4c4e,365,N
2026-09-29T11:50:35Z,K-water,MyWater(water.or.kr) 수문 ajaxProc,https://www.water.or.kr/kor/realtime/sumun/ajaxProc.do,"{""mode"": ""getHydr"", ""damCd"": ""1007602"", ""param1"": ""D"", ""startDate"": ""2022-01-01"", ""endDate"": ""2022-12-31"", ""page"": """"}",01_raw/KWater/mywater_station/hydr/D/1007602/2022-01-01_2022-12-31.json,54155,32b6a5d326be451c6373e64d10427a285960dd24ccda6d0684feb9e1c006185e,365,N
2026-09-29T11:50:37Z,K-water,MyWater(water.or.kr) 수문 ajaxProc,https://www.water.or.kr/kor/realtime/sumun/ajaxProc.do,"{""mode"": ""getHydr"", ""damCd"": ""1007602"", ""param1"": ""D"", ""startDate"": ""2023-01-01"", ""endDate"": ""2023-12-31"", ""page"": """"}",01_raw/KWater/mywater_station/hydr/D/1007602/2023-01-01_2023-12-31.json,54573,8b24db6d54311bf6044f12b22e6ead70258bb4f981e0489a5c07dc9e281f1e89,365,N
2026-09-29T11:50:40Z,K-water,MyWater(water.or.kr) 수문 ajaxProc,https://www.water.or.kr/kor/realtime/sumun/ajaxProc.do,"{""mode"": ""getHydr"", ""damCd"": ""1007602"", ""param1"": ""D"", ""startDate"": ""2024-01-01"", ""endDate"": ""2024-12-30"", ""page"": """"}",01_raw/KWater/mywater_station/hydr/D/1007602/2024-01-01_2024-12-30.json,54883,88afbefe17648d98fe87fd78469bb92f12b6535da967d7b1743d8e89dadff9ba,365,N
2026-09-29T11:50:42Z,K-water,MyWater(water.or.kr) 수문 ajaxProc,https://www.water.or.kr/kor/realtime/sumun/ajaxProc.do,"{""mode"": ""getHydr"", ""damCd"": ""1007602"", ""param1"": ""D"", ""startDate"": ""2024-12-31"", ""endDate"": ""2025-12-30"", ""page"": """"}",01_raw/KWater/mywater_station/hydr/D/1007602/2024-12-31_2025-12-30.json,54538,acda45f12688d41ccea837a017fc3487455ab617056e902814270c7fe31ce075,365,N
2026-09-29T11:50:45Z,K-water,MyWater(water.or.kr) 수문 ajaxProc,https://www.water.or.kr/kor/realtime/sumun/ajaxProc.do,"{""mode"": ""getHydr"", ""damCd"": ""1007602"", ""param1"": ""D"", ""startDate"": ""2025-12-31"", ""endDate"": ""2026-09-28"", ""page"": """"}",01_raw/KWater/mywater_station/hydr/D/1007602/2025-12-31_2026-09-28.json,40637,17ef415feaf4afd09ccfe2108f8932b6fd3f92d882e451de69612754b11bb5f7,272,N
2026-09-29T11:50:47Z,K-water,MyWater(water.or.kr) 수문 ajaxProc,https://www.water.or.kr/kor/realtime/sumun/ajaxProc.do,"{""mode"": ""getHydr"", ""damCd"": ""1007603"", ""param1"": ""D"", ""startDate"": ""2021-01-01"", ""endDate"": ""2021-12-31"", ""page"": """"}",01_raw/KWater/mywater_station/hydr/D/1007603/2021-01-01_2021-12-31.json,53907,12a0af26678af34230133dbe7ea29d6f0fd272a3bf3634d6863044b10e73e413,365,N
2026-09-29T11:50:49Z,K-water,MyWater(water.or.kr) 수문 ajaxProc,https://www.water.or.kr/kor/realtime/sumun/ajaxProc.do,"{""mode"": ""getHydr"", ""damCd"": ""1007603"", ""param1"": ""D"", ""startDate"": ""2022-01-01"", ""endDate"": ""2022-12-31"", ""page"": """"}",01_raw/KWater/mywater_station/hydr/D/1007603/2022-01-01_2022-12-31.json,54972,a49b406445f811e580e15e76b58bb1ec39d5a19c48aab5b7218822cde26f63ff,365,N
2026-09-29T11:50:52Z,K-water,MyWater(water.or.kr) 수문 ajaxProc,https://www.water.or.kr/kor/realtime/sumun/ajaxProc.do,"{""mode"": ""getHydr"", ""damCd"": ""1007603"", ""param1"": ""D"", ""startDate"": ""2023-01-01"", ""endDate"": ""2023-12-31"", ""page"": """"}",01_raw/KWater/mywater_station/hydr/D/1007603/2023-01-01_2023-12-31.json,54707,37411b38c833acf22f82b6355cd17c72104d7a4d661f3be73e637006b266fdc0,365,N
2026-09-29T11:50:54Z,K-water,MyWater(water.or.kr) 수문 ajaxProc,https://www.water.or.kr/kor/realtime/sumun/ajaxProc.do,"{""mode"": ""getHydr"", ""damCd"": ""1007603"", ""param1"": ""D"", ""startDate"": ""2024-01-01"", ""endDate"": ""2024-12-30"", ""page"": """"}",01_raw/KWater/mywater_station/hydr/D/1007603/2024-01-01_2024-12-30.json,54923,4cbee2de28f03472153a59f89ab20cb80c8b2e0da8cdbfe9285e961f69e25743,365,N
2026-09-29T11:50:57Z,K-water,MyWater(water.or.kr) 수문 ajaxProc,https://www.water.or.kr/kor/realtime/sumun/ajaxProc.do,"{""mode"": ""getHydr"", ""damCd"": ""1007603"", ""param1"": ""D"", ""startDate"": ""2024-12-31"", ""endDate"": ""2025-12-30"", ""page"": """"}",01_raw/KWater/mywater_station/hydr/D/1007603/2024-12-31_2025-12-30.json,54549,25bbfa61ce8962d099a027510827d23c18b7d4ad46653db4bbf8bf6a82ec7bf2,365,N
2026-09-29T11:50:59Z,K-water,MyWater(water.or.kr) 수문 ajaxProc,https://www.water.or.kr/kor/realtime/sumun/ajaxProc.do,"{""mode"": ""getHydr"", ""damCd"": ""1007603"", ""param1"": ""D"", ""startDate"": ""2025-12-31"", ""endDate"": ""2026-09-28"", ""page"": """"}",01_raw/KWater/mywater_station/hydr/D/1007603/2025-12-31_2026-09-28.json,40684,5590f0fd7dc0b143dde18bc5ad423f669376bd93cefd7303d4545e0b1c67afee,272,N
2026-09-29T11:51:02Z,K-water,MyWater(water.or.kr) 수문 ajaxProc,https://www.water.or.kr/kor/realtime/sumun/ajaxProc.do,"{""mode"": ""getHydr"", ""damCd"": ""1012110"", ""param1"": ""H"", ""startDate"": ""2021-01-01"", ""endDate"": ""2021-01-30"", ""page"": """"}",01_raw/KWater/mywater_station/hydr/H/1012110/2021-01-01_2021-01-30.json,98445,220dcdddfd323da1919e3edc2983c1d68cbfc7a70e63a5be9269e6e6754de9b3,720,N
2026-09-29T11:51:02Z,K-water,MyWater(water.or.kr) 수문 ajaxProc,https://www.water.or.kr/kor/realtime/sumun/ajaxProc.do,"{""mode"": ""getRain"", ""damCd"": ""1012110"", ""param1"": ""A"", ""rainJobGb"": ""H"", ""rainStartDate"": ""2021-01-01"", ""rainEndDate"": ""2021-01-30""}",01_raw/KWater/mywater_station/rain/A/1012110/2021-01-01_2021-01-30.json,1809,d0b0fd03a7d12b932d7e5052aacdff68472df776d41d0629c8ea101f93831781,13,N
2026-09-29T11:51:04Z,K-water,MyWater(water.or.kr) 수문 ajaxProc,https://www.water.or.kr/kor/realtime/sumun/ajaxProc.do,"{""mode"": ""getHydr"", ""damCd"": ""1012110"", ""param1"": ""H"", ""startDate"": ""2021-01-31"", ""endDate"": ""2021-03-01"", ""page"": """"}",01_raw/KWater/mywater_station/hydr/H/1012110/2021-01-31_2021-03-01.json,98736,af7986bbed19a7264c7a90f62456d6a7f1163bdb5c7fd395b26728fcc259ca5c,720,N
2026-09-29T11:51:06Z,K-water,MyWater(water.or.kr) 수문 ajaxProc,https://www.water.or.kr/kor/realtime/sumun/ajaxProc.do,"{""mode"": ""getRain"", ""damCd"": ""1012110"", ""param1"": ""A"", ""rainJobGb"": ""H"", ""rainStartDate"": ""2021-01-31"", ""rainEndDate"": ""2021-03-01""}",01_raw/KWater/mywater_station/rain/A/1012110/2021-01-31_2021-03-01.json,1818,b6975e8994bc88b6b7846a3fd8391a018e35481000acba8056ad7ef55774cb3c,13,N
2026-09-29T11:51:07Z,K-water,MyWater(water.or.kr) 수문 ajaxProc,https://www.water.or.kr/kor/realtime/sumun/ajaxProc.do,"{""mode"": ""getHydr"", ""damCd"": ""1012110"", ""param1"": ""H"", ""startDate"": ""2021-03-02"", ""endDate"": ""2021-03-31"", ""page"": """"}",01_raw/KWater/mywater_station/hydr/H/1012110/2021-03-02_2021-03-31.json,98242,856ef632d4a6e1d330ac8a032c5431855d965e848a6c8c82dbe9f2069784f649,720,N
2026-09-29T11:51:10Z,K-water,MyWater(water.or.kr) 수문 ajaxProc,https://www.water.or.kr/kor/realtime/sumun/ajaxProc.do,"{""mode"": ""getRain"", ""damCd"": ""1012110"", ""param1"": ""A"", ""rainJobGb"": ""H"", ""rainStartDate"": ""2021-03-02"", ""rainEndDate"": ""2021-03-31""}",01_raw/KWater/mywater_station/rain/A/1012110/2021-03-02_2021-03-31.json,1829,44cccd40acd04d9a85c526da04a384e1e0ddde4bec5fc7eb91aed8438d2959cc,13,N
2026-09-29T11:51:11Z,K-water,MyWater(water.or.kr) 수문 ajaxProc,https://www.water.or.kr/kor/realtime/sumun/ajaxProc.do,"{""mode"": ""getHydr"", ""damCd"": ""1012110"", ""param1"": ""H"", ""startDate"": ""2021-04-01"", ""endDate"": ""2021-04-30"", ""page"": """"}",01_raw/KWater/mywater_station/hydr/H/1012110/2021-04-01_2021-04-30.json,108285,38b64f4b014c15f1631567239209d70a7cb54b7b951b7c6bf1ab618f8d333a0e,720,N
2026-09-29T11:51:13Z,K-water,MyWater(water.or.kr) 수문 ajaxProc,https://www.water.or.kr/kor/realtime/sumun/ajaxProc.do,"{""mode"": ""getHydr"", ""damCd"": ""1012110"", ""param1"": ""H"", ""startDate"": ""2021-05-01"", ""endDate"": ""2021-05-30"", ""page"": """"}",01_raw/KWater/mywater_station/hydr/H/1012110/2021-05-01_2021-05-30.json,107929,e8f258264bfa1820586667d18ae5f1b63c7515a856b19be7eb5af9edf8a5beb1,720,N
2026-09-29T11:51:13Z,K-water,MyWater(water.or.kr) 수문 ajaxProc,https://www.water.or.kr/kor/realtime/sumun/ajaxProc.do,"{""mode"": ""getRain"", ""damCd"": ""1012110"", ""param1"": ""A"", ""rainJobGb"": ""H"", ""rainStartDate"": ""2021-04-01"", ""rainEndDate"": ""2021-04-30""}",01_raw/KWater/mywater_station/rain/A/1012110/2021-04-01_2021-04-30.json,1830,18a0f59d90b04c8f4cae52712bbf01687b5a114d1f31d3707d8b467356ccafd0,13,N
2026-09-29T11:51:16Z,K-water,MyWater(water.or.kr) 수문 ajaxProc,https://www.water.or.kr/kor/realtime/sumun/ajaxProc.do,"{""mode"": ""getHydr"", ""damCd"": ""1012110"", ""param1"": ""H"", ""startDate"": ""2021-05-31"", ""endDate"": ""2021-06-29"", ""page"": """"}",01_raw/KWater/mywater_station/hydr/H/1012110/2021-05-31_2021-06-29.json,101821,2246194cd465b0cdbcde0daa4e4c55759e383615f176f8c1ba82920cd3183ae4,720,N
2026-09-29T11:51:16Z,K-water,MyWater(water.or.kr) 수문 ajaxProc,https://www.water.or.kr/kor/realtime/sumun/ajaxProc.do,"{""mode"": ""getRain"", ""damCd"": ""1012110"", ""param1"": ""A"", ""rainJobGb"": ""H"", ""rainStartDate"": ""2021-05-01"", ""rainEndDate"": ""2021-05-30""}",01_raw/KWater/mywater_station/rain/A/1012110/2021-05-01_2021-05-30.json,1831,f8aca0effa85d8ba752a276807b68fc4a818b93aa03dc77bff31a56e3c734eda,13,N
2026-09-29T11:51:19Z,K-water,MyWater(water.or.kr) 수문 ajaxProc,https://www.water.or.kr/kor/realtime/sumun/ajaxProc.do,"{""mode"": ""getHydr"", ""damCd"": ""1012110"", ""param1"": ""H"", ""startDate"": ""2021-06-30"", ""endDate"": ""2021-07-29"", ""page"": """"}",01_raw/KWater/mywater_station/hydr/H/1012110/2021-06-30_2021-07-29.json,100285,a44212e86b5c089ec2c0984b09b756d599441e539bd3d801dc59b8370b7fdba3,720,N
2026-09-29T11:51:19Z,K-water,MyWater(water.or.kr) 수문 ajaxProc,https://www.water.or.kr/kor/realtime/sumun/ajaxProc.do,"{""mode"": ""getRain"", ""damCd"": ""1012110"", ""param1"": ""A"", ""rainJobGb"": ""H"", ""rainStartDate"": ""2021-05-31"", ""rainEndDate"": ""2021-06-29""}",01_raw/KWater/mywater_station/rain/A/1012110/2021-05-31_2021-06-29.json,1830,c69e0d52d068f7e303857be1026a15a779a0a1c445c5b177afe3ba32c32116db,13,N
2026-09-29T11:51:21Z,K-water,MyWater(water.or.kr) 수문 ajaxProc,https://www.water.or.kr/kor/realtime/sumun/ajaxProc.do,"{""mode"": ""getHydr"", ""damCd"": ""1012110"", ""param1"": ""H"", ""startDate"": ""2021-07-30"", ""endDate"": ""2021-08-28"", ""page"": """"}",01_raw/KWater/mywater_station/hydr/H/1012110/2021-07-30_2021-08-28.json,100389,01ca45d5729609392371d2e6d8530317d205c55ecabc7390a42d603d58460bed,720,N
2026-09-29T11:51:23Z,K-water,MyWater(water.or.kr) 수문 ajaxProc,https://www.water.or.kr/kor/realtime/sumun/ajaxProc.do,"{""mode"": ""getRain"", ""damCd"": ""1012110"", ""param1"": ""A"", ""rainJobGb"": ""H"", ""rainStartDate"": ""2021-06-30"", ""rainEndDate"": ""2021-07-29""}",01_raw/KWater/mywater_station/rain/A/1012110/2021-06-30_2021-07-29.json,1831,b311d762313f3f2275464412f1a4ff18a6499f0beae44aa9043b46a1fb6315ec,13,N
2026-09-29T11:51:24Z,K-water,MyWater(water.or.kr) 수문 ajaxProc,https://www.water.or.kr/kor/realtime/sumun/ajaxProc.do,"{""mode"": ""getHydr"", ""damCd"": ""1012110"", ""param1"": ""H"", ""startDate"": ""2021-08-29"", ""endDate"": ""2021-09-27"", ""page"": """"}",01_raw/KWater/mywater_station/hydr/H/1012110/2021-08-29_2021-09-27.json,101487,7d4fd07981b5f08744274ab6c25ef3ea16fd644c4566b237a525f7c2189cc11d,720,N
2026-09-29T11:51:26Z,K-water,MyWater(water.or.kr) 수문 ajaxProc,https://www.water.or.kr/kor/realtime/sumun/ajaxProc.do,"{""mode"": ""getHydr"", ""damCd"": ""1012110"", ""param1"": ""H"", ""startDate"": ""2021-09-28"", ""endDate"": ""2021-10-27"", ""page"": """"}",01_raw/KWater/mywater_station/hydr/H/1012110/2021-09-28_2021-10-27.json,99214,bba2f40382e3e8e8ecf0448239cf6dc186de3173b4ed608603ed9ed9c57180c6,720,N
2026-09-29T11:51:26Z,K-water,MyWater(water.or.kr) 수문 ajaxProc,https://www.water.or.kr/kor/realtime/sumun/ajaxProc.do,"{""mode"": ""getRain"", ""damCd"": ""1012110"", ""param1"": ""A"", ""rainJobGb"": ""H"", ""rainStartDate"": ""2021-07-30"", ""rainEndDate"": ""2021-08-28""}",01_raw/KWater/mywater_station/rain/A/1012110/2021-07-30_2021-08-28.json,1831,b3095bd168a1548ddf92ec5f4264184c463e2de1db7875fa55f6e4fcf57205ce,13,N
2026-09-29T11:51:29Z,K-water,MyWater(water.or.kr) 수문 ajaxProc,https://www.water.or.kr/kor/realtime/sumun/ajaxProc.do,"{""mode"": ""getHydr"", ""damCd"": ""1012110"", ""param1"": ""H"", ""startDate"": ""2021-10-28"", ""endDate"": ""2021-11-26"", ""page"": """"}",01_raw/KWater/mywater_station/hydr/H/1012110/2021-10-28_2021-11-26.json,97635,5c0afe9146f01224f2e0291a7de27ea33f8aaed02a43f967822deb1d3b35cc3f,720,N
2026-09-29T11:51:30Z,K-water,MyWater(water.or.kr) 수문 ajaxProc,https://www.water.or.kr/kor/realtime/sumun/ajaxProc.do,"{""mode"": ""getRain"", ""damCd"": ""1012110"", ""param1"": ""A"", ""rainJobGb"": ""H"", ""rainStartDate"": ""2021-08-29"", ""rainEndDate"": ""2021-09-27""}",01_raw/KWater/mywater_station/rain/A/1012110/2021-08-29_2021-09-27.json,1833,e9b7ad97853780a2b96fa0bcbfd52e4866b98fb0381fe9a9b9fba44bd1efbf2c,13,N
2026-09-29T11:51:32Z,K-water,MyWater(water.or.kr) 수문 ajaxProc,https://www.water.or.kr/kor/realtime/sumun/ajaxProc.do,"{""mode"": ""getHydr"", ""damCd"": ""1012110"", ""param1"": ""H"", ""startDate"": ""2021-11-27"", ""endDate"": ""2021-12-26"", ""page"": """"}",01_raw/KWater/mywater_station/hydr/H/1012110/2021-11-27_2021-12-26.json,97623,0484ac91de9c2ee1126e45ca4531a1b84073649a0fcc7960fd058d43efe9780c,720,N
2026-09-29T11:51:33Z,K-water,MyWater(water.or.kr) 수문 ajaxProc,https://www.water.or.kr/kor/realtime/sumun/ajaxProc.do,"{""mode"": ""getRain"", ""damCd"": ""1012110"", ""param1"": ""A"", ""rainJobGb"": ""H"", ""rainStartDate"": ""2021-09-28"", ""rainEndDate"": ""2021-10-27""}",01_raw/KWater/mywater_station/rain/A/1012110/2021-09-28_2021-10-27.json,1839,648e6b23d9517f43267e854c64bf99004c443933fe195e174ec669d9f5fca323,13,N
2026-09-29T11:51:34Z,K-water,MyWater(water.or.kr) 수문 ajaxProc,https://www.water.or.kr/kor/realtime/sumun/ajaxProc.do,"{""mode"": ""getHydr"", ""damCd"": ""1012110"", ""param1"": ""H"", ""startDate"": ""2021-12-27"", ""endDate"": ""2022-01-25"", ""page"": """"}",01_raw/KWater/mywater_station/hydr/H/1012110/2021-12-27_2022-01-25.json,98522,871f1acd1f9ae3cd1ebfbb06f81644c2175ae55e5f5bad58e6d1386a5e843d73,720,N
2026-09-29T11:51:36Z,K-water,MyWater(water.or.kr) 수문 ajaxProc,https://www.water.or.kr/kor/realtime/sumun/ajaxProc.do,"{""mode"": ""getRain"", ""damCd"": ""1012110"", ""param1"": ""A"", ""rainJobGb"": ""H"", ""rainStartDate"": ""2021-10-28"", ""rainEndDate"": ""2021-11-26""}",01_raw/KWater/mywater_station/rain/A/1012110/2021-10-28_2021-11-26.json,1840,a755665f6cc1bb1a24901f2723490db0563ff6aeb46c77b7cb73d6a1d6b27920,13,N
2026-09-29T11:51:38Z,K-water,MyWater(water.or.kr) 수문 ajaxProc,https://www.water.or.kr/kor/realtime/sumun/ajaxProc.do,"{""mode"": ""getHydr"", ""damCd"": ""1012110"", ""param1"": ""H"", ""startDate"": ""2022-01-26"", ""endDate"": ""2022-02-24"", ""page"": """"}",01_raw/KWater/mywater_station/hydr/H/1012110/2022-01-26_2022-02-24.json,99394,0517e00ad8ce4d59b8848a888ba69d78d1256574d265551a69b57f3aa2b4acc2,720,N
2026-09-29T11:51:39Z,K-water,MyWater(water.or.kr) 수문 ajaxProc,https://www.water.or.kr/kor/realtime/sumun/ajaxProc.do,"{""mode"": ""getRain"", ""damCd"": ""1012110"", ""param1"": ""A"", ""rainJobGb"": ""H"", ""rainStartDate"": ""2021-11-27"", ""rainEndDate"": ""2021-12-26""}",01_raw/KWater/mywater_station/rain/A/1012110/2021-11-27_2021-12-26.json,1841,5ace5c41bd87edee6d9400dbdced6c6330bf609f6cb44ce1e1620659eea9ca88,13,N
2026-09-29T11:51:42Z,K-water,MyWater(water.or.kr) 수문 ajaxProc,https://www.water.or.kr/kor/realtime/sumun/ajaxProc.do,"{""mode"": ""getHydr"", ""damCd"": ""1012110"", ""param1"": ""H"", ""startDate"": ""2022-02-25"", ""endDate"": ""2022-03-26"", ""page"": """"}",01_raw/KWater/mywater_station/hydr/H/1012110/2022-02-25_2022-03-26.json,102231,5599cfa55cbd1b72fb189ae47b34e73b2371229d03ce9344a7c98642d7bebd06,720,N
2026-09-29T11:51:43Z,K-water,MyWater(water.or.kr) 수문 ajaxProc,https://www.water.or.kr/kor/realtime/sumun/ajaxProc.do,"{""mode"": ""getRain"", ""damCd"": ""1012110"", ""param1"": ""A"", ""rainJobGb"": ""H"", ""rainStartDate"": ""2021-12-27"", ""rainEndDate"": ""2022-01-25""}",01_raw/KWater/mywater_station/rain/A/1012110/2021-12-27_2022-01-25.json,1805,c0d9499270b3f83bc99a7b0551d277197e0b4bbfb56d3384b8301593dfc34ce9,13,N
2026-09-29T11:51:45Z,K-water,MyWater(water.or.kr) 수문 ajaxProc,https://www.water.or.kr/kor/realtime/sumun/ajaxProc.do,"{""mode"": ""getHydr"", ""damCd"": ""1012110"", ""param1"": ""H"", ""startDate"": ""2022-03-27"", ""endDate"": ""2022-04-25"", ""page"": """"}",01_raw/KWater/mywater_station/hydr/H/1012110/2022-03-27_2022-04-25.json,105917,cfd09d633c929d84f21afa1409fb76e09e796ac3ef361394be23a4e3f4a10753,720,N
2026-09-29T11:51:46Z,K-water,MyWater(water.or.kr) 수문 ajaxProc,https://www.water.or.kr/kor/realtime/sumun/ajaxProc.do,"{""mode"": ""getRain"", ""damCd"": ""1012110"", ""param1"": ""A"", ""rainJobGb"": ""H"", ""rainStartDate"": ""2022-01-26"", ""rainEndDate"": ""2022-02-24""}",01_raw/KWater/mywater_station/rain/A/1012110/2022-01-26_2022-02-24.json,1804,40c04a6119bfeb7b35ccb3da768d32f86fb66e1b945c292ea1c4a591bbc6b0ca,13,N
2026-09-29T11:51:48Z,K-water,MyWater(water.or.kr) 수문 ajaxProc,https://www.water.or.kr/kor/realtime/sumun/ajaxProc.do,"{""mode"": ""getHydr"", ""damCd"": ""1012110"", ""param1"": ""H"", ""startDate"": ""2022-04-26"", ""endDate"": ""2022-05-25"", ""page"": """"}",01_raw/KWater/mywater_station/hydr/H/1012110/2022-04-26_2022-05-25.json,105423,a5fc3a5f1b5a66bcd0e04f9fa3cf72577faaf1cb2e416c7e6698f667f0fd6363,720,N
2026-09-29T11:51:50Z,K-water,MyWater(water.or.kr) 수문 ajaxProc,https://www.water.or.kr/kor/realtime/sumun/ajaxProc.do,"{""mode"": ""getRain"", ""damCd"": ""1012110"", ""param1"": ""A"", ""rainJobGb"": ""H"", ""rainStartDate"": ""2022-02-25"", ""rainEndDate"": ""2022-03-26""}",01_raw/KWater/mywater_station/rain/A/1012110/2022-02-25_2022-03-26.json,1822,33bb46f65106fc57bd93a3639ace28314a261e58b7cbf332271661d746e3864b,13,N
2026-09-29T11:51:50Z,K-water,MyWater(water.or.kr) 수문 ajaxProc,https://www.water.or.kr/kor/realtime/sumun/ajaxProc.do,"{""mode"": ""getHydr"", ""damCd"": ""1012110"", ""param1"": ""H"", ""startDate"": ""2022-05-26"", ""endDate"": ""2022-06-24"", ""page"": """"}",01_raw/KWater/mywater_station/hydr/H/1012110/2022-05-26_2022-06-24.json,104104,6ca56954d760481fe6ad6a8ffc2f61b6587930dd08f3b407866cce7ca370a604,720,N
2026-09-29T11:51:54Z,K-water,MyWater(water.or.kr) 수문 ajaxProc,https://www.water.or.kr/kor/realtime/sumun/ajaxProc.do,"{""mode"": ""getRain"", ""damCd"": ""1012110"", ""param1"": ""A"", ""rainJobGb"": ""H"", ""rainStartDate"": ""2022-03-27"", ""rainEndDate"": ""2022-04-25""}",01_raw/KWater/mywater_station/rain/A/1012110/2022-03-27_2022-04-25.json,1826,2d978b33542af8959efb73baacb997dd7da5b3d9da359bd6617b1e9accbdc823,13,N
2026-09-29T11:51:54Z,K-water,MyWater(water.or.kr) 수문 ajaxProc,https://www.water.or.kr/kor/realtime/sumun/ajaxProc.do,"{""mode"": ""getHydr"", ""damCd"": ""1012110"", ""param1"": ""H"", ""startDate"": ""2022-06-25"", ""endDate"": ""2022-07-24"", ""page"": """"}",01_raw/KWater/mywater_station/hydr/H/1012110/2022-06-25_2022-07-24.json,105169,ca28ee97b6d313715b4d5f5f5d0a563108256914a5884e7f21f268b930eec134,720,N
2026-09-29T11:51:57Z,K-water,MyWater(water.or.kr) 수문 ajaxProc,https://www.water.or.kr/kor/realtime/sumun/ajaxProc.do,"{""mode"": ""getRain"", ""damCd"": ""1012110"", ""param1"": ""A"", ""rainJobGb"": ""H"", ""rainStartDate"": ""2022-04-26"", ""rainEndDate"": ""2022-05-25""}",01_raw/KWater/mywater_station/rain/A/1012110/2022-04-26_2022-05-25.json,1831,051ab9df2669edd5b009994bd7c36903f43339575d9a843291b116f3a97ea12c,13,N
2026-09-29T11:51:58Z,K-water,MyWater(water.or.kr) 수문 ajaxProc,https://www.water.or.kr/kor/realtime/sumun/ajaxProc.do,"{""mode"": ""getHydr"", ""damCd"": ""1012110"", ""param1"": ""H"", ""startDate"": ""2022-07-25"", ""endDate"": ""2022-08-23"", ""page"": """"}",01_raw/KWater/mywater_station/hydr/H/1012110/2022-07-25_2022-08-23.json,106874,0979ea53e8a32e3e46a791ffc218a5104c61512b9fd53347bab209d9a719b969,720,N
2026-09-29T11:52:01Z,K-water,MyWater(water.or.kr) 수문 ajaxProc,https://www.water.or.kr/kor/realtime/sumun/ajaxProc.do,"{""mode"": ""getRain"", ""damCd"": ""1012110"", ""param1"": ""A"", ""rainJobGb"": ""H"", ""rainStartDate"": ""2022-05-26"", ""rainEndDate"": ""2022-06-24""}",01_raw/KWater/mywater_station/rain/A/1012110/2022-05-26_2022-06-24.json,1830,7852368a0eb0a6464ec855c382d63dce69d9f98dce9aa3cd0800db97f39ace9b,13,N
2026-09-29T11:52:01Z,K-water,MyWater(water.or.kr) 수문 ajaxProc,https://www.water.or.kr/kor/realtime/sumun/ajaxProc.do,"{""mode"": ""getHydr"", ""damCd"": ""1012110"", ""param1"": ""H"", ""startDate"": ""2022-08-24"", ""endDate"": ""2022-09-22"", ""page"": """"}",01_raw/KWater/mywater_station/hydr/H/1012110/2022-08-24_2022-09-22.json,105925,c6c01c6f4c34f0581370d6c8d5823f3393fbda00cd83696f32798cd4ddab94a1,720,N
2026-09-29T11:52:06Z,K-water,MyWater(water.or.kr) 수문 ajaxProc,https://www.water.or.kr/kor/realtime/sumun/ajaxProc.do,"{""mode"": ""getHydr"", ""damCd"": ""1012110"", ""param1"": ""H"", ""startDate"": ""2022-09-23"", ""endDate"": ""2022-10-22"", ""page"": """"}",01_raw/KWater/mywater_station/hydr/H/1012110/2022-09-23_2022-10-22.json,103751,6bb811cfefa3020aa345f407b4de02a82e1320c26a5de4d5ae676fccb31b7537,720,N
2026-09-29T11:52:05Z,K-water,MyWater(water.or.kr) 수문 ajaxProc,https://www.water.or.kr/kor/realtime/sumun/ajaxProc.do,"{""mode"": ""getRain"", ""damCd"": ""1012110"", ""param1"": ""A"", ""rainJobGb"": ""H"", ""rainStartDate"": ""2022-06-25"", ""rainEndDate"": ""2022-07-24""}",01_raw/KWater/mywater_station/rain/A/1012110/2022-06-25_2022-07-24.json,1831,fafe05197870d4dad22880b1b342287bd3ac06a10293094c74021c7207ac3b54,13,N
2026-09-29T11:52:08Z,K-water,MyWater(water.or.kr) 수문 ajaxProc,https://www.water.or.kr/kor/realtime/sumun/ajaxProc.do,"{""mode"": ""getHydr"", ""damCd"": ""1012110"", ""param1"": ""H"", ""startDate"": ""2022-10-23"", ""endDate"": ""2022-11-21"", ""page"": """"}",01_raw/KWater/mywater_station/hydr/H/1012110/2022-10-23_2022-11-21.json,102212,d5a45672283b5baf11dc6ba4e4fd4a08c5d349326179e6be3ef51cc25e2e9d10,720,N
2026-09-29T11:52:09Z,K-water,MyWater(water.or.kr) 수문 ajaxProc,https://www.water.or.kr/kor/realtime/sumun/ajaxProc.do,"{""mode"": ""getRain"", ""damCd"": ""1012110"", ""param1"": ""A"", ""rainJobGb"": ""H"", ""rainStartDate"": ""2022-07-25"", ""rainEndDate"": ""2022-08-23""}",01_raw/KWater/mywater_station/rain/A/1012110/2022-07-25_2022-08-23.json,1841,c0405a3e32a9f6323e3c9667bf614eaa6bd94b51df930f592c6d2947ecab4e43,13,N
2026-09-29T11:52:11Z,K-water,MyWater(water.or.kr) 수문 ajaxProc,https://www.water.or.kr/kor/realtime/sumun/ajaxProc.do,"{""mode"": ""getHydr"", ""damCd"": ""1012110"", ""param1"": ""H"", ""startDate"": ""2022-11-22"", ""endDate"": ""2022-12-21"", ""page"": """"}",01_raw/KWater/mywater_station/hydr/H/1012110/2022-11-22_2022-12-21.json,102478,cf19d5d35fd917a35c6672c2b207f033e5aa24be545490e6395e40e030202a06,720,N
2026-09-29T11:52:14Z,K-water,MyWater(water.or.kr) 수문 ajaxProc,https://www.water.or.kr/kor/realtime/sumun/ajaxProc.do,"{""mode"": ""getHydr"", ""damCd"": ""1012110"", ""param1"": ""H"", ""startDate"": ""2022-12-22"", ""endDate"": ""2023-01-20"", ""page"": """"}",01_raw/KWater/mywater_station/hydr/H/1012110/2022-12-22_2023-01-20.json,102408,a16d3e8320f3e072d50f7151d15e3fbf9053d79ac78ac5345fbe099d40ac5afe,720,N
2026-09-29T11:52:12Z,K-water,MyWater(water.or.kr) 수문 ajaxProc,https://www.water.or.kr/kor/realtime/sumun/ajaxProc.do,"{""mode"": ""getRain"", ""damCd"": ""1012110"", ""param1"": ""A"", ""rainJobGb"": ""H"", ""rainStartDate"": ""2022-08-24"", ""rainEndDate"": ""2022-09-22""}",01_raw/KWater/mywater_station/rain/A/1012110/2022-08-24_2022-09-22.json,1844,742408ff6deb4f01e6123038175f09d9de87215adadf89fe77bf83fe7810123a,13,N
2026-09-29T11:52:16Z,K-water,MyWater(water.or.kr) 수문 ajaxProc,https://www.water.or.kr/kor/realtime/sumun/ajaxProc.do,"{""mode"": ""getHydr"", ""damCd"": ""1012110"", ""param1"": ""H"", ""startDate"": ""2023-01-21"", ""endDate"": ""2023-02-19"", ""page"": """"}",01_raw/KWater/mywater_station/hydr/H/1012110/2023-01-21_2023-02-19.json,101771,65077a934380addd8ee62d751c2576b3f471f1be42037f65f2812eb35945545b,720,N
2026-09-29T11:52:16Z,K-water,MyWater(water.or.kr) 수문 ajaxProc,https://www.water.or.kr/kor/realtime/sumun/ajaxProc.do,"{""mode"": ""getRain"", ""damCd"": ""1012110"", ""param1"": ""A"", ""rainJobGb"": ""H"", ""rainStartDate"": ""2022-09-23"", ""rainEndDate"": ""2022-10-22""}",01_raw/KWater/mywater_station/rain/A/1012110/2022-09-23_2022-10-22.json,1843,68c080fd1f80495c89d63f30daeb53c4837e126c0b53f02f902c7caa4cbdae12,13,N
2026-09-29T11:52:20Z,K-water,MyWater(water.or.kr) 수문 ajaxProc,https://www.water.or.kr/kor/realtime/sumun/ajaxProc.do,"{""mode"": ""getRain"", ""damCd"": ""1012110"", ""param1"": ""A"", ""rainJobGb"": ""H"", ""rainStartDate"": ""2022-10-23"", ""rainEndDate"": ""2022-11-21""}",01_raw/KWater/mywater_station/rain/A/1012110/2022-10-23_2022-11-21.json,1844,f8e4aaa13b5836e7221c4823f1f92039304fb36e324e7bf84537fa097ae67866,13,N
2026-09-29T11:52:19Z,K-water,MyWater(water.or.kr) 수문 ajaxProc,https://www.water.or.kr/kor/realtime/sumun/ajaxProc.do,"{""mode"": ""getHydr"", ""damCd"": ""1012110"", ""param1"": ""H"", ""startDate"": ""2023-02-20"", ""endDate"": ""2023-03-21"", ""page"": """"}",01_raw/KWater/mywater_station/hydr/H/1012110/2023-02-20_2023-03-21.json,101755,0611381e7bfe07447de1880d79e78eb617490ac52507c55f8c8b084ae4af24b7,720,N
2026-09-29T11:52:23Z,K-water,MyWater(water.or.kr) 수문 ajaxProc,https://www.water.or.kr/kor/realtime/sumun/ajaxProc.do,"{""mode"": ""getRain"", ""damCd"": ""1012110"", ""param1"": ""A"", ""rainJobGb"": ""H"", ""rainStartDate"": ""2022-11-22"", ""rainEndDate"": ""2022-12-21""}",01_raw/KWater/mywater_station/rain/A/1012110/2022-11-22_2022-12-21.json,1844,091fabce703ca15cc322343861db0faf6ed104233a776cbe8a2d9cc6756920e8,13,N
2026-09-29T11:52:23Z,K-water,MyWater(water.or.kr) 수문 ajaxProc,https://www.water.or.kr/kor/realtime/sumun/ajaxProc.do,"{""mode"": ""getHydr"", ""damCd"": ""1012110"", ""param1"": ""H"", ""startDate"": ""2023-03-22"", ""endDate"": ""2023-04-20"", ""page"": """"}",01_raw/KWater/mywater_station/hydr/H/1012110/2023-03-22_2023-04-20.json,102442,e20d05cdade667b825d843a4b8bf37ed447f08000b47448c9741304206b923b5,720,N
2026-09-29T11:52:28Z,K-water,MyWater(water.or.kr) 수문 ajaxProc,https://www.water.or.kr/kor/realtime/sumun/ajaxProc.do,"{""mode"": ""getHydr"", ""damCd"": ""1012110"", ""param1"": ""H"", ""startDate"": ""2023-04-21"", ""endDate"": ""2023-05-20"", ""page"": """"}",01_raw/KWater/mywater_station/hydr/H/1012110/2023-04-21_2023-05-20.json,102538,d5653ac176c46c06a2c4e6b3510f721a463b6a1f73994e03a77dbd56da11d92d,720,N
2026-09-29T11:52:27Z,K-water,MyWater(water.or.kr) 수문 ajaxProc,https://www.water.or.kr/kor/realtime/sumun/ajaxProc.do,"{""mode"": ""getRain"", ""damCd"": ""1012110"", ""param1"": ""A"", ""rainJobGb"": ""H"", ""rainStartDate"": ""2022-12-22"", ""rainEndDate"": ""2023-01-20""}",01_raw/KWater/mywater_station/rain/A/1012110/2022-12-22_2023-01-20.json,1818,bfc14ba5992fc53f1c9b5c413212ee77a049cc0ba0e7d6aecb829ff78706c6a8,13,N
2026-09-29T11:52:30Z,K-water,MyWater(water.or.kr) 수문 ajaxProc,https://www.water.or.kr/kor/realtime/sumun/ajaxProc.do,"{""mode"": ""getRain"", ""damCd"": ""1012110"", ""param1"": ""A"", ""rainJobGb"": ""H"", ""rainStartDate"": ""2023-01-21"", ""rainEndDate"": ""2023-02-19""}",01_raw/KWater/mywater_station/rain/A/1012110/2023-01-21_2023-02-19.json,1818,83291b58cbb7ce5c355b6d00263e3f390f2362131e5359088deb8a08f2a0d4da,13,N
2026-09-29T11:52:30Z,K-water,MyWater(water.or.kr) 수문 ajaxProc,https://www.water.or.kr/kor/realtime/sumun/ajaxProc.do,"{""mode"": ""getHydr"", ""damCd"": ""1012110"", ""param1"": ""H"", ""startDate"": ""2023-05-21"", ""endDate"": ""2023-06-19"", ""page"": """"}",01_raw/KWater/mywater_station/hydr/H/1012110/2023-05-21_2023-06-19.json,101493,8a1bb510fcc2849f22a76289d453315e363aec518038452c5c854bd28b7e0e54,720,N
2026-09-29T11:52:34Z,K-water,MyWater(water.or.kr) 수문 ajaxProc,https://www.water.or.kr/kor/realtime/sumun/ajaxProc.do,"{""mode"": ""getRain"", ""damCd"": ""1012110"", ""param1"": ""A"", ""rainJobGb"": ""H"", ""rainStartDate"": ""2023-02-20"", ""rainEndDate"": ""2023-03-21""}",01_raw/KWater/mywater_station/rain/A/1012110/2023-02-20_2023-03-21.json,1818,ebf9fb6f6da42c0302c13ea8cf4dd0e1c9ee09605a80546004036efcae3cfc8e,13,N
2026-09-29T11:52:34Z,K-water,MyWater(water.or.kr) 수문 ajaxProc,https://www.water.or.kr/kor/realtime/sumun/ajaxProc.do,"{""mode"": ""getHydr"", ""damCd"": ""1012110"", ""param1"": ""H"", ""startDate"": ""2023-06-20"", ""endDate"": ""2023-07-19"", ""page"": """"}",01_raw/KWater/mywater_station/hydr/H/1012110/2023-06-20_2023-07-19.json,105269,321c17f354b385bb7a7d09c7a21810a702adbea579bce099630c4cf547e0de71,720,N
2026-09-29T11:52:37Z,K-water,MyWater(water.or.kr) 수문 ajaxProc,https://www.water.or.kr/kor/realtime/sumun/ajaxProc.do,"{""mode"": ""getHydr"", ""damCd"": ""1012110"", ""param1"": ""H"", ""startDate"": ""2023-07-20"", ""endDate"": ""2023-08-18"", ""page"": """"}",01_raw/KWater/mywater_station/hydr/H/1012110/2023-07-20_2023-08-18.json,103450,45861f550922b506bdc72b9cded824fadf0098821e8181e27cacae410e991342,720,N
2026-09-29T11:52:37Z,K-water,MyWater(water.or.kr) 수문 ajaxProc,https://www.water.or.kr/kor/realtime/sumun/ajaxProc.do,"{""mode"": ""getRain"", ""damCd"": ""1012110"", ""param1"": ""A"", ""rainJobGb"": ""H"", ""rainStartDate"": ""2023-03-22"", ""rainEndDate"": ""2023-04-20""}",01_raw/KWater/mywater_station/rain/A/1012110/2023-03-22_2023-04-20.json,1831,9ff387620c283cb3d85d939b75cacb8d832b907ecdee8179ff8e7b4283406fbf,13,N
2026-09-29T11:52:40Z,K-water,MyWater(water.or.kr) 수문 ajaxProc,https://www.water.or.kr/kor/realtime/sumun/ajaxProc.do,"{""mode"": ""getHydr"", ""damCd"": ""1012110"", ""param1"": ""H"", ""startDate"": ""2023-08-19"", ""endDate"": ""2023-09-17"", ""page"": """"}",01_raw/KWater/mywater_station/hydr/H/1012110/2023-08-19_2023-09-17.json,102987,df3eb954a60b18275ba225f69d10a696f795e7c57a3860a87385ae86d8bca075,720,N
2026-09-29T11:52:40Z,K-water,MyWater(water.or.kr) 수문 ajaxProc,https://www.water.or.kr/kor/realtime/sumun/ajaxProc.do,"{""mode"": ""getRain"", ""damCd"": ""1012110"", ""param1"": ""A"", ""rainJobGb"": ""H"", ""rainStartDate"": ""2023-04-21"", ""rainEndDate"": ""2023-05-20""}",01_raw/KWater/mywater_station/rain/A/1012110/2023-04-21_2023-05-20.json,1831,8eda155c7debadeb0a7529c171994cda6681ee370e61bef5fbe28d434092b4c8,13,N
2026-09-29T11:52:42Z,K-water,MyWater(water.or.kr) 수문 ajaxProc,https://www.water.or.kr/kor/realtime/sumun/ajaxProc.do,"{""mode"": ""getHydr"", ""damCd"": ""1012110"", ""param1"": ""H"", ""startDate"": ""2023-09-18"", ""endDate"": ""2023-10-17"", ""page"": """"}",01_raw/KWater/mywater_station/hydr/H/1012110/2023-09-18_2023-10-17.json,102605,436bbb5a27e43ddd486fddffe96590dc1cec7b8edfd08af30975c6adab332e96,720,N
2026-09-29T11:52:43Z,K-water,MyWater(water.or.kr) 수문 ajaxProc,https://www.water.or.kr/kor/realtime/sumun/ajaxProc.do,"{""mode"": ""getRain"", ""damCd"": ""1012110"", ""param1"": ""A"", ""rainJobGb"": ""H"", ""rainStartDate"": ""2023-05-21"", ""rainEndDate"": ""2023-06-19""}",01_raw/KWater/mywater_station/rain/A/1012110/2023-05-21_2023-06-19.json,1831,8e4441d03a39a6d71cb7f0e310ec1dc99577f990226b0c8b3880cd7a3db1afa6,13,N
2026-09-29T11:52:45Z,K-water,MyWater(water.or.kr) 수문 ajaxProc,https://www.water.or.kr/kor/realtime/sumun/ajaxProc.do,"{""mode"": ""getHydr"", ""damCd"": ""1012110"", ""param1"": ""H"", ""startDate"": ""2023-10-18"", ""endDate"": ""2023-11-16"", ""page"": """"}",01_raw/KWater/mywater_station/hydr/H/1012110/2023-10-18_2023-11-16.json,101793,be240d13b2679abe459c6326d43a58c514bcb8e93d702f1fb2f6c3a79b60fd40,720,N
2026-09-29T11:52:47Z,K-water,MyWater(water.or.kr) 수문 ajaxProc,https://www.water.or.kr/kor/realtime/sumun/ajaxProc.do,"{""mode"": ""getRain"", ""damCd"": ""1012110"", ""param1"": ""A"", ""rainJobGb"": ""H"", ""rainStartDate"": ""2023-06-20"", ""rainEndDate"": ""2023-07-19""}",01_raw/KWater/mywater_station/rain/A/1012110/2023-06-20_2023-07-19.json,1830,a1f450f1e61cbd5fba4c20926e574093ab9016752eaffc06b1462aeaca52b923,13,N
2026-09-29T11:52:48Z,K-water,MyWater(water.or.kr) 수문 ajaxProc,https://www.water.or.kr/kor/realtime/sumun/ajaxProc.do,"{""mode"": ""getHydr"", ""damCd"": ""1012110"", ""param1"": ""H"", ""startDate"": ""2023-11-17"", ""endDate"": ""2023-12-16"", ""page"": """"}",01_raw/KWater/mywater_station/hydr/H/1012110/2023-11-17_2023-12-16.json,103230,320c40355ba0178a7f13da118618af5dfb4475d213457f39cae5094131c37aec,720,N
2026-09-29T11:52:50Z,K-water,MyWater(water.or.kr) 수문 ajaxProc,https://www.water.or.kr/kor/realtime/sumun/ajaxProc.do,"{""mode"": ""getHydr"", ""damCd"": ""1012110"", ""param1"": ""H"", ""startDate"": ""2023-12-17"", ""endDate"": ""2024-01-15"", ""page"": """"}",01_raw/KWater/mywater_station/hydr/H/1012110/2023-12-17_2024-01-15.json,101844,ec867946a9971cc1011dbfe16d230c113a5ba7b7129d30f1248e4f5221133370,720,N
2026-09-29T11:52:50Z,K-water,MyWater(water.or.kr) 수문 ajaxProc,https://www.water.or.kr/kor/realtime/sumun/ajaxProc.do,"{""mode"": ""getRain"", ""damCd"": ""1012110"", ""param1"": ""A"", ""rainJobGb"": ""H"", ""rainStartDate"": ""2023-07-20"", ""rainEndDate"": ""2023-08-18""}",01_raw/KWater/mywater_station/rain/A/1012110/2023-07-20_2023-08-18.json,1832,65b5a0b037b9752e6ff28f5e945e17471105562212f596ca472e4a68824fa2c3,13,N
2026-09-29T11:52:53Z,K-water,MyWater(water.or.kr) 수문 ajaxProc,https://www.water.or.kr/kor/realtime/sumun/ajaxProc.do,"{""mode"": ""getHydr"", ""damCd"": ""1012110"", ""param1"": ""H"", ""startDate"": ""2024-01-16"", ""endDate"": ""2024-02-14"", ""page"": """"}",01_raw/KWater/mywater_station/hydr/H/1012110/2024-01-16_2024-02-14.json,100863,d3cecaae6d15967046a8ea4a0a93b5e3fac703cd64ff764abec202e6a63fabe4,720,N
2026-09-29T11:52:53Z,K-water,MyWater(water.or.kr) 수문 ajaxProc,https://www.water.or.kr/kor/realtime/sumun/ajaxProc.do,"{""mode"": ""getRain"", ""damCd"": ""1012110"", ""param1"": ""A"", ""rainJobGb"": ""H"", ""rainStartDate"": ""2023-08-19"", ""rainEndDate"": ""2023-09-17""}",01_raw/KWater/mywater_station/rain/A/1012110/2023-08-19_2023-09-17.json,1841,420bacbb6ca1057ce762a3fa4e62a86278974f8b33a8c66d47813868f8e7642a,13,N
2026-09-29T11:52:55Z,K-water,MyWater(water.or.kr) 수문 ajaxProc,https://www.water.or.kr/kor/realtime/sumun/ajaxProc.do,"{""mode"": ""getHydr"", ""damCd"": ""1012110"", ""param1"": ""H"", ""startDate"": ""2024-02-15"", ""endDate"": ""2024-03-15"", ""page"": """"}",01_raw/KWater/mywater_station/hydr/H/1012110/2024-02-15_2024-03-15.json,101862,763052ac6cdf43a4d95d10e5af7df17c2c9b04e2591a202f24d0bf94edf7f5a3,720,N
2026-09-29T11:52:56Z,K-water,MyWater(water.or.kr) 수문 ajaxProc,https://www.water.or.kr/kor/realtime/sumun/ajaxProc.do,"{""mode"": ""getRain"", ""damCd"": ""1012110"", ""param1"": ""A"", ""rainJobGb"": ""H"", ""rainStartDate"": ""2023-09-18"", ""rainEndDate"": ""2023-10-17""}",01_raw/KWater/mywater_station/rain/A/1012110/2023-09-18_2023-10-17.json,1842,3374e6673a924d1ab923ed6f850e5e601727c0793072d240302fc3e894a7044c,13,N
2026-09-29T11:52:58Z,K-water,MyWater(water.or.kr) 수문 ajaxProc,https://www.water.or.kr/kor/realtime/sumun/ajaxProc.do,"{""mode"": ""getHydr"", ""damCd"": ""1012110"", ""param1"": ""H"", ""startDate"": ""2024-03-16"", ""endDate"": ""2024-04-14"", ""page"": """"}",01_raw/KWater/mywater_station/hydr/H/1012110/2024-03-16_2024-04-14.json,103476,530118f661b3babba973b418780fb1605daa2a4573db3ba162646ff530550f36,720,N
2026-09-29T11:53:00Z,K-water,MyWater(water.or.kr) 수문 ajaxProc,https://www.water.or.kr/kor/realtime/sumun/ajaxProc.do,"{""mode"": ""getRain"", ""damCd"": ""1012110"", ""param1"": ""A"", ""rainJobGb"": ""H"", ""rainStartDate"": ""2023-10-18"", ""rainEndDate"": ""2023-11-16""}",01_raw/KWater/mywater_station/rain/A/1012110/2023-10-18_2023-11-16.json,1843,d04767ab39348d9b3f7119f32f52168b5d1ccb728cbff6ba4bb54e1fad4f76f9,13,N
2026-09-29T11:53:03Z,K-water,MyWater(water.or.kr) 수문 ajaxProc,https://www.water.or.kr/kor/realtime/sumun/ajaxProc.do,"{""mode"": ""getHydr"", ""damCd"": ""1012110"", ""param1"": ""H"", ""startDate"": ""2024-04-15"", ""endDate"": ""2024-05-14"", ""page"": """"}",01_raw/KWater/mywater_station/hydr/H/1012110/2024-04-15_2024-05-14.json,105610,95dbbbd7abcf5b378801c51da24872890ac5eb65ba46ad63b4bfbfca8ecf0e2a,720,N
2026-09-29T11:53:04Z,K-water,MyWater(water.or.kr) 수문 ajaxProc,https://www.water.or.kr/kor/realtime/sumun/ajaxProc.do,"{""mode"": ""getRain"", ""damCd"": ""1012110"", ""param1"": ""A"", ""rainJobGb"": ""H"", ""rainStartDate"": ""2023-11-17"", ""rainEndDate"": ""2023-12-16""}",01_raw/KWater/mywater_station/rain/A/1012110/2023-11-17_2023-12-16.json,1844,10480346eb333a7f8e1c5d100db6e7494cf2b853b1e68bc2035b3d537132d0eb,13,N
2026-09-29T11:53:07Z,K-water,MyWater(water.or.kr) 수문 ajaxProc,https://www.water.or.kr/kor/realtime/sumun/ajaxProc.do,"{""mode"": ""getHydr"", ""damCd"": ""1012110"", ""param1"": ""H"", ""startDate"": ""2024-05-15"", ""endDate"": ""2024-06-13"", ""page"": """"}",01_raw/KWater/mywater_station/hydr/H/1012110/2024-05-15_2024-06-13.json,104178,3fbf350c4e2d28d2eb622f53c1818234c49743314d3d3575718a91a016aebccc,720,N
2026-09-29T11:53:07Z,K-water,MyWater(water.or.kr) 수문 ajaxProc,https://www.water.or.kr/kor/realtime/sumun/ajaxProc.do,"{""mode"": ""getRain"", ""damCd"": ""1012110"", ""param1"": ""A"", ""rainJobGb"": ""H"", ""rainStartDate"": ""2023-12-17"", ""rainEndDate"": ""2024-01-15""}",01_raw/KWater/mywater_station/rain/A/1012110/2023-12-17_2024-01-15.json,1805,f9d9e2bf129cb2c48c17052cb34e7091d73a89f5b74a6411524851f014b38fce,13,N
2026-09-29T11:53:11Z,K-water,MyWater(water.or.kr) 수문 ajaxProc,https://www.water.or.kr/kor/realtime/sumun/ajaxProc.do,"{""mode"": ""getHydr"", ""damCd"": ""1012110"", ""param1"": ""H"", ""startDate"": ""2024-06-14"", ""endDate"": ""2024-07-13"", ""page"": """"}",01_raw/KWater/mywater_station/hydr/H/1012110/2024-06-14_2024-07-13.json,103274,cf7dbdaf06c9e250699a3944d2704c05de45c3d770e6fd2b4963249d8d64c95a,720,N
2026-09-29T11:53:13Z,K-water,MyWater(water.or.kr) 수문 ajaxProc,https://www.water.or.kr/kor/realtime/sumun/ajaxProc.do,"{""mode"": ""getRain"", ""damCd"": ""1012110"", ""param1"": ""A"", ""rainJobGb"": ""H"", ""rainStartDate"": ""2024-01-16"", ""rainEndDate"": ""2024-02-14""}",01_raw/KWater/mywater_station/rain/A/1012110/2024-01-16_2024-02-14.json,1810,a53db114a683ed2453597b82a56d508236c4058336917e5f770d5e983884a343,13,N
2026-09-29T11:53:16Z,K-water,MyWater(water.or.kr) 수문 ajaxProc,https://www.water.or.kr/kor/realtime/sumun/ajaxProc.do,"{""mode"": ""getRain"", ""damCd"": ""1012110"", ""param1"": ""A"", ""rainJobGb"": ""H"", ""rainStartDate"": ""2024-02-15"", ""rainEndDate"": ""2024-03-15""}",01_raw/KWater/mywater_station/rain/A/1012110/2024-02-15_2024-03-15.json,1819,1cc04d9e433f49eb437536e105509f2996ef2cc5257050eb0d342ff0d9006e1d,13,N
2026-09-29T11:53:16Z,K-water,MyWater(water.or.kr) 수문 ajaxProc,https://www.water.or.kr/kor/realtime/sumun/ajaxProc.do,"{""mode"": ""getHydr"", ""damCd"": ""1012110"", ""param1"": ""H"", ""startDate"": ""2024-07-14"", ""endDate"": ""2024-08-12"", ""page"": """"}",01_raw/KWater/mywater_station/hydr/H/1012110/2024-07-14_2024-08-12.json,104332,1008804b7191bdac220d5188082fd8cbceae99ca5ecab8cc886146572d4ff123,720,N
2026-09-29T11:53:20Z,K-water,MyWater(water.or.kr) 수문 ajaxProc,https://www.water.or.kr/kor/realtime/sumun/ajaxProc.do,"{""mode"": ""getRain"", ""damCd"": ""1012110"", ""param1"": ""A"", ""rainJobGb"": ""H"", ""rainStartDate"": ""2024-03-16"", ""rainEndDate"": ""2024-04-14""}",01_raw/KWater/mywater_station/rain/A/1012110/2024-03-16_2024-04-14.json,1827,6307f4eb2556c085b0c9e99a4c26b890afab81c9274adefff2dbf55e6f9068fb,13,N
2026-09-29T11:53:20Z,K-water,MyWater(water.or.kr) 수문 ajaxProc,https://www.water.or.kr/kor/realtime/sumun/ajaxProc.do,"{""mode"": ""getHydr"", ""damCd"": ""1012110"", ""param1"": ""H"", ""startDate"": ""2024-08-13"", ""endDate"": ""2024-09-11"", ""page"": """"}",01_raw/KWater/mywater_station/hydr/H/1012110/2024-08-13_2024-09-11.json,102029,2ddfce426eaa815f9e3aa2f721f07e777b418108c3c31bd724589df6bd2a6ea0,720,N
2026-09-29T11:53:24Z,K-water,MyWater(water.or.kr) 수문 ajaxProc,https://www.water.or.kr/kor/realtime/sumun/ajaxProc.do,"{""mode"": ""getRain"", ""damCd"": ""1012110"", ""param1"": ""A"", ""rainJobGb"": ""H"", ""rainStartDate"": ""2024-04-15"", ""rainEndDate"": ""2024-05-14""}",01_raw/KWater/mywater_station/rain/A/1012110/2024-04-15_2024-05-14.json,1830,98fc64b7d2cc1c54355c9334290f989ee1582a8529a66097a076d9a328be7ceb,13,N
2026-09-29T11:53:24Z,K-water,MyWater(water.or.kr) 수문 ajaxProc,https://www.water.or.kr/kor/realtime/sumun/ajaxProc.do,"{""mode"": ""getHydr"", ""damCd"": ""1012110"", ""param1"": ""H"", ""startDate"": ""2024-09-12"", ""endDate"": ""2024-10-11"", ""page"": """"}",01_raw/KWater/mywater_station/hydr/H/1012110/2024-09-12_2024-10-11.json,103318,5485201d059f56b866cd872cf858d6efcd54bb1013e4a92f6f28b0e2d0d00632,720,N
2026-09-29T11:53:27Z,K-water,MyWater(water.or.kr) 수문 ajaxProc,https://www.water.or.kr/kor/realtime/sumun/ajaxProc.do,"{""mode"": ""getRain"", ""damCd"": ""1012110"", ""param1"": ""A"", ""rainJobGb"": ""H"", ""rainStartDate"": ""2024-05-15"", ""rainEndDate"": ""2024-06-13""}",01_raw/KWater/mywater_station/rain/A/1012110/2024-05-15_2024-06-13.json,1831,00e38789cc1285953ae878a01f1689b91425490526163e7bd24da5d8f25c3aef,13,N
2026-09-29T11:53:29Z,K-water,MyWater(water.or.kr) 수문 ajaxProc,https://www.water.or.kr/kor/realtime/sumun/ajaxProc.do,"{""mode"": ""getHydr"", ""damCd"": ""1012110"", ""param1"": ""H"", ""startDate"": ""2024-10-12"", ""endDate"": ""2024-11-10"", ""page"": """"}",01_raw/KWater/mywater_station/hydr/H/1012110/2024-10-12_2024-11-10.json,101838,cd3031f596762193b4761e00d88d780edbafbdcaf9c668f9cec7c35b69046877,720,N
2026-09-29T11:53:31Z,K-water,MyWater(water.or.kr) 수문 ajaxProc,https://www.water.or.kr/kor/realtime/sumun/ajaxProc.do,"{""mode"": ""getRain"", ""damCd"": ""1012110"", ""param1"": ""A"", ""rainJobGb"": ""H"", ""rainStartDate"": ""2024-06-14"", ""rainEndDate"": ""2024-07-13""}",01_raw/KWater/mywater_station/rain/A/1012110/2024-06-14_2024-07-13.json,1830,1012567ddb77dbcc361a7bd47db00c03636a6d4c688f5437fe80d010264fb6d8,13,N
2026-09-29T11:53:33Z,K-water,MyWater(water.or.kr) 수문 ajaxProc,https://www.water.or.kr/kor/realtime/sumun/ajaxProc.do,"{""mode"": ""getHydr"", ""damCd"": ""1012110"", ""param1"": ""H"", ""startDate"": ""2024-11-11"", ""endDate"": ""2024-12-10"", ""page"": """"}",01_raw/KWater/mywater_station/hydr/H/1012110/2024-11-11_2024-12-10.json,100656,440c6661361940f3ca17d5b972f6d5b0122024757f350ae8601636b0c7f32b13,720,N
2026-09-29T11:53:34Z,K-water,MyWater(water.or.kr) 수문 ajaxProc,https://www.water.or.kr/kor/realtime/sumun/ajaxProc.do,"{""mode"": ""getRain"", ""damCd"": ""1012110"", ""param1"": ""A"", ""rainJobGb"": ""H"", ""rainStartDate"": ""2024-07-14"", ""rainEndDate"": ""2024-08-12""}",01_raw/KWater/mywater_station/rain/A/1012110/2024-07-14_2024-08-12.json,1831,78c997c52734063b35e98e77a51c91ac4bc31ab4ef70dda56e0fc4ea33af2231,13,N
2026-09-29T11:53:36Z,K-water,MyWater(water.or.kr) 수문 ajaxProc,https://www.water.or.kr/kor/realtime/sumun/ajaxProc.do,"{""mode"": ""getHydr"", ""damCd"": ""1012110"", ""param1"": ""H"", ""startDate"": ""2024-12-11"", ""endDate"": ""2025-01-09"", ""page"": """"}",01_raw/KWater/mywater_station/hydr/H/1012110/2024-12-11_2025-01-09.json,101729,087dec261e59b1c5eb9356a2b4c19bd470bdf6afe16da2628c73c2bdc7ddc532,720,N
2026-09-29T11:53:38Z,K-water,MyWater(water.or.kr) 수문 ajaxProc,https://www.water.or.kr/kor/realtime/sumun/ajaxProc.do,"{""mode"": ""getRain"", ""damCd"": ""1012110"", ""param1"": ""A"", ""rainJobGb"": ""H"", ""rainStartDate"": ""2024-08-13"", ""rainEndDate"": ""2024-09-11""}",01_raw/KWater/mywater_station/rain/A/1012110/2024-08-13_2024-09-11.json,1831,8f0757e0f87aa164a46ed2e7ec1764c78e8fb6155246543dcccd0b125d07342d,13,N
2026-09-29T11:53:40Z,K-water,MyWater(water.or.kr) 수문 ajaxProc,https://www.water.or.kr/kor/realtime/sumun/ajaxProc.do,"{""mode"": ""getHydr"", ""damCd"": ""1012110"", ""param1"": ""H"", ""startDate"": ""2025-01-10"", ""endDate"": ""2025-02-08"", ""page"": """"}",01_raw/KWater/mywater_station/hydr/H/1012110/2025-01-10_2025-02-08.json,102165,610300f97a363607de682e791a10474b1d45327e6100c30c454bb6b3bdd2dd2e,720,N
2026-09-29T11:53:41Z,K-water,MyWater(water.or.kr) 수문 ajaxProc,https://www.water.or.kr/kor/realtime/sumun/ajaxProc.do,"{""mode"": ""getRain"", ""damCd"": ""1012110"", ""param1"": ""A"", ""rainJobGb"": ""H"", ""rainStartDate"": ""2024-09-12"", ""rainEndDate"": ""2024-10-11""}",01_raw/KWater/mywater_station/rain/A/1012110/2024-09-12_2024-10-11.json,1838,5cac029a7947318c95e391b92f6c9bf478ed10b35df8da5cd772cb813ecf21cf,13,N
2026-09-29T11:53:43Z,K-water,MyWater(water.or.kr) 수문 ajaxProc,https://www.water.or.kr/kor/realtime/sumun/ajaxProc.do,"{""mode"": ""getHydr"", ""damCd"": ""1012110"", ""param1"": ""H"", ""startDate"": ""2025-02-09"", ""endDate"": ""2025-03-10"", ""page"": """"}",01_raw/KWater/mywater_station/hydr/H/1012110/2025-02-09_2025-03-10.json,102233,866a66d42d68cf75a19d83d983cedf99b612729d1b4c3f920476b45c81f2b059,720,N
2026-09-29T11:53:45Z,K-water,MyWater(water.or.kr) 수문 ajaxProc,https://www.water.or.kr/kor/realtime/sumun/ajaxProc.do,"{""mode"": ""getRain"", ""damCd"": ""1012110"", ""param1"": ""A"", ""rainJobGb"": ""H"", ""rainStartDate"": ""2024-10-12"", ""rainEndDate"": ""2024-11-10""}",01_raw/KWater/mywater_station/rain/A/1012110/2024-10-12_2024-11-10.json,1843,a163dc7d6af9d612e652d14fd8718e0d7cb99ad66ee8c34460f228673b2c1c7b,13,N
2026-09-29T11:53:46Z,K-water,MyWater(water.or.kr) 수문 ajaxProc,https://www.water.or.kr/kor/realtime/sumun/ajaxProc.do,"{""mode"": ""getHydr"", ""damCd"": ""1012110"", ""param1"": ""H"", ""startDate"": ""2025-03-11"", ""endDate"": ""2025-04-09"", ""page"": """"}",01_raw/KWater/mywater_station/hydr/H/1012110/2025-03-11_2025-04-09.json,101762,6b0205ff511de8851da9433018836c107453df127a7b1ea55c0ed65e437d662a,720,N
2026-09-29T11:53:48Z,K-water,MyWater(water.or.kr) 수문 ajaxProc,https://www.water.or.kr/kor/realtime/sumun/ajaxProc.do,"{""mode"": ""getRain"", ""damCd"": ""1012110"", ""param1"": ""A"", ""rainJobGb"": ""H"", ""rainStartDate"": ""2024-11-11"", ""rainEndDate"": ""2024-12-10""}",01_raw/KWater/mywater_station/rain/A/1012110/2024-11-11_2024-12-10.json,1843,74ae1a9e54dba30ab51d6e0575186c75f26e0ddf1f2e9c4092521bcfca7ec73d,13,N
2026-09-29T11:53:50Z,K-water,MyWater(water.or.kr) 수문 ajaxProc,https://www.water.or.kr/kor/realtime/sumun/ajaxProc.do,"{""mode"": ""getHydr"", ""damCd"": ""1012110"", ""param1"": ""H"", ""startDate"": ""2025-04-10"", ""endDate"": ""2025-05-09"", ""page"": """"}",01_raw/KWater/mywater_station/hydr/H/1012110/2025-04-10_2025-05-09.json,103571,cc266c2df7c3801a86a6839d9ff4baee1611980eaf9970d7ac64da006dbeb67b,720,N
2026-09-29T11:53:52Z,K-water,MyWater(water.or.kr) 수문 ajaxProc,https://www.water.or.kr/kor/realtime/sumun/ajaxProc.do,"{""mode"": ""getRain"", ""damCd"": ""1012110"", ""param1"": ""A"", ""rainJobGb"": ""H"", ""rainStartDate"": ""2024-12-11"", ""rainEndDate"": ""2025-01-09""}",01_raw/KWater/mywater_station/rain/A/1012110/2024-12-11_2025-01-09.json,1804,80f16e574f0de70046ec5950f446b9b1516249225c12eca33764a86713708866,13,N
2026-09-29T11:53:54Z,K-water,MyWater(water.or.kr) 수문 ajaxProc,https://www.water.or.kr/kor/realtime/sumun/ajaxProc.do,"{""mode"": ""getHydr"", ""damCd"": ""1012110"", ""param1"": ""H"", ""startDate"": ""2025-05-10"", ""endDate"": ""2025-06-08"", ""page"": """"}",01_raw/KWater/mywater_station/hydr/H/1012110/2025-05-10_2025-06-08.json,104193,9cf89a2211f4a8a2fcda43eac96483808cdff4dfdabcd37c8dd508561ca77b3a,720,N
2026-09-29T11:53:56Z,K-water,MyWater(water.or.kr) 수문 ajaxProc,https://www.water.or.kr/kor/realtime/sumun/ajaxProc.do,"{""mode"": ""getRain"", ""damCd"": ""1012110"", ""param1"": ""A"", ""rainJobGb"": ""H"", ""rainStartDate"": ""2025-01-10"", ""rainEndDate"": ""2025-02-08""}",01_raw/KWater/mywater_station/rain/A/1012110/2025-01-10_2025-02-08.json,1804,5a5bd465790b4f96470fb60f0ef87db22563144f00ce796b44d49745fffaf09f,13,N
2026-09-29T11:53:58Z,K-water,MyWater(water.or.kr) 수문 ajaxProc,https://www.water.or.kr/kor/realtime/sumun/ajaxProc.do,"{""mode"": ""getHydr"", ""damCd"": ""1012110"", ""param1"": ""H"", ""startDate"": ""2025-06-09"", ""endDate"": ""2025-07-08"", ""page"": """"}",01_raw/KWater/mywater_station/hydr/H/1012110/2025-06-09_2025-07-08.json,104571,455f83e29add412742e26516232dc3e842e2b5fac6732aa3e2b22d328ac8b6f1,720,N
2026-09-29T11:53:59Z,K-water,MyWater(water.or.kr) 수문 ajaxProc,https://www.water.or.kr/kor/realtime/sumun/ajaxProc.do,"{""mode"": ""getRain"", ""damCd"": ""1012110"", ""param1"": ""A"", ""rainJobGb"": ""H"", ""rainStartDate"": ""2025-02-09"", ""rainEndDate"": ""2025-03-10""}",01_raw/KWater/mywater_station/rain/A/1012110/2025-02-09_2025-03-10.json,1816,dee649b6379b39608e7d51eecf05cde9b94ae627ede0be45855c0a84f1611974,13,N
2026-09-29T11:54:02Z,K-water,MyWater(water.or.kr) 수문 ajaxProc,https://www.water.or.kr/kor/realtime/sumun/ajaxProc.do,"{""mode"": ""getHydr"", ""damCd"": ""1012110"", ""param1"": ""H"", ""startDate"": ""2025-07-09"", ""endDate"": ""2025-08-07"", ""page"": """"}",01_raw/KWater/mywater_station/hydr/H/1012110/2025-07-09_2025-08-07.json,103572,4a3167a439b74879b9e3e589c43afb655cd676e75eb17bdd8ead3fa2d8076225,720,N
2026-09-29T11:54:02Z,K-water,MyWater(water.or.kr) 수문 ajaxProc,https://www.water.or.kr/kor/realtime/sumun/ajaxProc.do,"{""mode"": ""getRain"", ""damCd"": ""1012110"", ""param1"": ""A"", ""rainJobGb"": ""H"", ""rainStartDate"": ""2025-03-11"", ""rainEndDate"": ""2025-04-09""}",01_raw/KWater/mywater_station/rain/A/1012110/2025-03-11_2025-04-09.json,1819,9e1a082539532af4197e983bce7e12763d8a5f4c866617755212947f577b85ea,13,N
2026-09-29T11:54:05Z,K-water,MyWater(water.or.kr) 수문 ajaxProc,https://www.water.or.kr/kor/realtime/sumun/ajaxProc.do,"{""mode"": ""getHydr"", ""damCd"": ""1012110"", ""param1"": ""H"", ""startDate"": ""2025-08-08"", ""endDate"": ""2025-09-06"", ""page"": """"}",01_raw/KWater/mywater_station/hydr/H/1012110/2025-08-08_2025-09-06.json,102733,2b6ee7751f1d0840482484bd04df08f7ace16840f9317e3b71eb52322c223a05,720,N
2026-09-29T11:54:06Z,K-water,MyWater(water.or.kr) 수문 ajaxProc,https://www.water.or.kr/kor/realtime/sumun/ajaxProc.do,"{""mode"": ""getRain"", ""damCd"": ""1012110"", ""param1"": ""A"", ""rainJobGb"": ""H"", ""rainStartDate"": ""2025-04-10"", ""rainEndDate"": ""2025-05-09""}",01_raw/KWater/mywater_station/rain/A/1012110/2025-04-10_2025-05-09.json,1830,5820f7fdb6a6cb807c0eef6a530f1bc8a4d3a30b407757d24aee44cf6f1fba5f,13,N
2026-09-29T11:54:09Z,K-water,MyWater(water.or.kr) 수문 ajaxProc,https://www.water.or.kr/kor/realtime/sumun/ajaxProc.do,"{""mode"": ""getHydr"", ""damCd"": ""1012110"", ""param1"": ""H"", ""startDate"": ""2025-09-07"", ""endDate"": ""2025-10-06"", ""page"": """"}",01_raw/KWater/mywater_station/hydr/H/1012110/2025-09-07_2025-10-06.json,105073,b9f3455125ff537a657ec992dc4eef305b3c35bb86f283abf9d06c471c2e2c94,720,N
2026-09-29T11:54:10Z,K-water,MyWater(water.or.kr) 수문 ajaxProc,https://www.water.or.kr/kor/realtime/sumun/ajaxProc.do,"{""mode"": ""getRain"", ""damCd"": ""1012110"", ""param1"": ""A"", ""rainJobGb"": ""H"", ""rainStartDate"": ""2025-05-10"", ""rainEndDate"": ""2025-06-08""}",01_raw/KWater/mywater_station/rain/A/1012110/2025-05-10_2025-06-08.json,1831,1c604f404973e97c467af2a6e6ea0ea2046d8aeadc2238f5c0c60c6fda73903a,13,N
2026-09-29T11:54:13Z,K-water,MyWater(water.or.kr) 수문 ajaxProc,https://www.water.or.kr/kor/realtime/sumun/ajaxProc.do,"{""mode"": ""getHydr"", ""damCd"": ""1012110"", ""param1"": ""H"", ""startDate"": ""2025-10-07"", ""endDate"": ""2025-11-05"", ""page"": """"}",01_raw/KWater/mywater_station/hydr/H/1012110/2025-10-07_2025-11-05.json,106681,124a68eea01dc1237f9e65e3a78d0b6db361b73fb562354e5958297eb86ca8b1,720,N
2026-09-29T11:54:13Z,K-water,MyWater(water.or.kr) 수문 ajaxProc,https://www.water.or.kr/kor/realtime/sumun/ajaxProc.do,"{""mode"": ""getRain"", ""damCd"": ""1012110"", ""param1"": ""A"", ""rainJobGb"": ""H"", ""rainStartDate"": ""2025-06-09"", ""rainEndDate"": ""2025-07-08""}",01_raw/KWater/mywater_station/rain/A/1012110/2025-06-09_2025-07-08.json,1831,00ea89e399633059dbd08e45d723bb7a614bdc8ddd2e583e3ee9bd7cc0b76d06,13,N
2026-09-29T11:54:16Z,K-water,MyWater(water.or.kr) 수문 ajaxProc,https://www.water.or.kr/kor/realtime/sumun/ajaxProc.do,"{""mode"": ""getHydr"", ""damCd"": ""1012110"", ""param1"": ""H"", ""startDate"": ""2025-11-06"", ""endDate"": ""2025-12-05"", ""page"": """"}",01_raw/KWater/mywater_station/hydr/H/1012110/2025-11-06_2025-12-05.json,102642,d859df643151b79f36b6fd931477057d2991967da25b6fbc7980e14ab3e0b855,720,N
2026-09-29T11:54:17Z,K-water,MyWater(water.or.kr) 수문 ajaxProc,https://www.water.or.kr/kor/realtime/sumun/ajaxProc.do,"{""mode"": ""getRain"", ""damCd"": ""1012110"", ""param1"": ""A"", ""rainJobGb"": ""H"", ""rainStartDate"": ""2025-07-09"", ""rainEndDate"": ""2025-08-07""}",01_raw/KWater/mywater_station/rain/A/1012110/2025-07-09_2025-08-07.json,1831,f7e1b0468521371c74ad3b27088558a3ed85092c22a28e56ad34b1e07985be03,13,N
2026-09-29T11:54:20Z,K-water,MyWater(water.or.kr) 수문 ajaxProc,https://www.water.or.kr/kor/realtime/sumun/ajaxProc.do,"{""mode"": ""getRain"", ""damCd"": ""1012110"", ""param1"": ""A"", ""rainJobGb"": ""H"", ""rainStartDate"": ""2025-08-08"", ""rainEndDate"": ""2025-09-06""}",01_raw/KWater/mywater_station/rain/A/1012110/2025-08-08_2025-09-06.json,1833,d84ae4a59e8513457b3fd90cdb7c9e6e432665f23d65264d9dd3756f4cc86d91,13,N
2026-09-29T11:54:20Z,K-water,MyWater(water.or.kr) 수문 ajaxProc,https://www.water.or.kr/kor/realtime/sumun/ajaxProc.do,"{""mode"": ""getHydr"", ""damCd"": ""1012110"", ""param1"": ""H"", ""startDate"": ""2025-12-06"", ""endDate"": ""2026-01-04"", ""page"": """"}",01_raw/KWater/mywater_station/hydr/H/1012110/2025-12-06_2026-01-04.json,101885,b8f5c462139ef315b426ed9cef34f6ecf32e3c74b55bde48328f34c6054e182b,720,N
2026-09-29T11:54:24Z,K-water,MyWater(water.or.kr) 수문 ajaxProc,https://www.water.or.kr/kor/realtime/sumun/ajaxProc.do,"{""mode"": ""getRain"", ""damCd"": ""1012110"", ""param1"": ""A"", ""rainJobGb"": ""H"", ""rainStartDate"": ""2025-09-07"", ""rainEndDate"": ""2025-10-06""}",01_raw/KWater/mywater_station/rain/A/1012110/2025-09-07_2025-10-06.json,1839,e795d6b704cd3f5af721044f59a27215f1d6165facf8afcd2ea0e3a5b6ce19fc,13,N
2026-09-29T11:54:24Z,K-water,MyWater(water.or.kr) 수문 ajaxProc,https://www.water.or.kr/kor/realtime/sumun/ajaxProc.do,"{""mode"": ""getHydr"", ""damCd"": ""1012110"", ""param1"": ""H"", ""startDate"": ""2026-01-05"", ""endDate"": ""2026-02-03"", ""page"": """"}",01_raw/KWater/mywater_station/hydr/H/1012110/2026-01-05_2026-02-03.json,101602,b5878eba3a70a37bda1aea9e6c88d15a564aba5dc8c67bc5ec06b941fba30b54,720,N
2026-09-29T11:54:28Z,K-water,MyWater(water.or.kr) 수문 ajaxProc,https://www.water.or.kr/kor/realtime/sumun/ajaxProc.do,"{""mode"": ""getRain"", ""damCd"": ""1012110"", ""param1"": ""A"", ""rainJobGb"": ""H"", ""rainStartDate"": ""2025-10-07"", ""rainEndDate"": ""2025-11-05""}",01_raw/KWater/mywater_station/rain/A/1012110/2025-10-07_2025-11-05.json,1843,e193216de5d81eb6e64eed88fca46473929a97174287a6a63f132d06a5b919e6,13,N
2026-09-29T11:54:28Z,K-water,MyWater(water.or.kr) 수문 ajaxProc,https://www.water.or.kr/kor/realtime/sumun/ajaxProc.do,"{""mode"": ""getHydr"", ""damCd"": ""1012110"", ""param1"": ""H"", ""startDate"": ""2026-02-04"", ""endDate"": ""2026-03-05"", ""page"": """"}",01_raw/KWater/mywater_station/hydr/H/1012110/2026-02-04_2026-03-05.json,101587,f62a00fde901358be7697229519c779b52174f9bc7aec149b656b1c520b9f467,720,N
2026-09-29T11:54:31Z,K-water,MyWater(water.or.kr) 수문 ajaxProc,https://www.water.or.kr/kor/realtime/sumun/ajaxProc.do,"{""mode"": ""getRain"", ""damCd"": ""1012110"", ""param1"": ""A"", ""rainJobGb"": ""H"", ""rainStartDate"": ""2025-11-06"", ""rainEndDate"": ""2025-12-05""}",01_raw/KWater/mywater_station/rain/A/1012110/2025-11-06_2025-12-05.json,1843,e6647dd5d9fe6a0eb2389a08c11ace6adbb112e28838f5d0a138f508a099df04,13,N
2026-09-29T11:54:31Z,K-water,MyWater(water.or.kr) 수문 ajaxProc,https://www.water.or.kr/kor/realtime/sumun/ajaxProc.do,"{""mode"": ""getHydr"", ""damCd"": ""1012110"", ""param1"": ""H"", ""startDate"": ""2026-03-06"", ""endDate"": ""2026-04-04"", ""page"": """"}",01_raw/KWater/mywater_station/hydr/H/1012110/2026-03-06_2026-04-04.json,102026,2bee481b41c1bfe08f1d40ea2877c878565f933f2e579c2f272d2b198ddccf41,720,N
2026-09-29T11:54:35Z,K-water,MyWater(water.or.kr) 수문 ajaxProc,https://www.water.or.kr/kor/realtime/sumun/ajaxProc.do,"{""mode"": ""getRain"", ""damCd"": ""1012110"", ""param1"": ""A"", ""rainJobGb"": ""H"", ""rainStartDate"": ""2025-12-06"", ""rainEndDate"": ""2026-01-04""}",01_raw/KWater/mywater_station/rain/A/1012110/2025-12-06_2026-01-04.json,1805,96a1a96fcc0bf9d2f93e77f377a657f9752d0fde992d1b08023e46d9a0c5df74,13,N
2026-09-29T11:54:35Z,K-water,MyWater(water.or.kr) 수문 ajaxProc,https://www.water.or.kr/kor/realtime/sumun/ajaxProc.do,"{""mode"": ""getHydr"", ""damCd"": ""1012110"", ""param1"": ""H"", ""startDate"": ""2026-04-05"", ""endDate"": ""2026-05-04"", ""page"": """"}",01_raw/KWater/mywater_station/hydr/H/1012110/2026-04-05_2026-05-04.json,102841,0aacbefc084f22f2a657026966047410b06d11b3a646e8dc5a3cdd5b31aaadc3,720,N
2026-09-29T11:54:38Z,K-water,MyWater(water.or.kr) 수문 ajaxProc,https://www.water.or.kr/kor/realtime/sumun/ajaxProc.do,"{""mode"": ""getRain"", ""damCd"": ""1012110"", ""param1"": ""A"", ""rainJobGb"": ""H"", ""rainStartDate"": ""2026-01-05"", ""rainEndDate"": ""2026-02-03""}",01_raw/KWater/mywater_station/rain/A/1012110/2026-01-05_2026-02-03.json,1804,6bc0bd2cefe8ad97b313f2585e543713af5e141dc74681c5fc26729292629e5f,13,N
2026-09-29T11:54:39Z,K-water,MyWater(water.or.kr) 수문 ajaxProc,https://www.water.or.kr/kor/realtime/sumun/ajaxProc.do,"{""mode"": ""getHydr"", ""damCd"": ""1012110"", ""param1"": ""H"", ""startDate"": ""2026-05-05"", ""endDate"": ""2026-06-03"", ""page"": """"}",01_raw/KWater/mywater_station/hydr/H/1012110/2026-05-05_2026-06-03.json,103191,8a1cf022fde4ac1cc971a4dbef0b91d1dd54d8908db6377c44ef85116632f550,720,N
2026-09-29T11:54:42Z,K-water,MyWater(water.or.kr) 수문 ajaxProc,https://www.water.or.kr/kor/realtime/sumun/ajaxProc.do,"{""mode"": ""getRain"", ""damCd"": ""1012110"", ""param1"": ""A"", ""rainJobGb"": ""H"", ""rainStartDate"": ""2026-02-04"", ""rainEndDate"": ""2026-03-05""}",01_raw/KWater/mywater_station/rain/A/1012110/2026-02-04_2026-03-05.json,1811,e70dc547ca130642ad08e76b9cf451e8f38ad9fad2de12312b9d506c410a2be5,13,N
2026-09-29T11:54:42Z,K-water,MyWater(water.or.kr) 수문 ajaxProc,https://www.water.or.kr/kor/realtime/sumun/ajaxProc.do,"{""mode"": ""getHydr"", ""damCd"": ""1012110"", ""param1"": ""H"", ""startDate"": ""2026-06-04"", ""endDate"": ""2026-07-03"", ""page"": """"}",01_raw/KWater/mywater_station/hydr/H/1012110/2026-06-04_2026-07-03.json,103064,354d481aa0be5282ab15159133aeb0520f84a8dbe2bb8100d2993e46f88c89de,720,N
2026-09-29T11:54:45Z,K-water,MyWater(water.or.kr) 수문 ajaxProc,https://www.water.or.kr/kor/realtime/sumun/ajaxProc.do,"{""mode"": ""getRain"", ""damCd"": ""1012110"", ""param1"": ""A"", ""rainJobGb"": ""H"", ""rainStartDate"": ""2026-03-06"", ""rainEndDate"": ""2026-04-04""}",01_raw/KWater/mywater_station/rain/A/1012110/2026-03-06_2026-04-04.json,1818,5debc46aa5c719175ce182bc40904702c6af629a6193cc16f8e7c35d08092ae6,13,N
2026-09-29T11:54:46Z,K-water,MyWater(water.or.kr) 수문 ajaxProc,https://www.water.or.kr/kor/realtime/sumun/ajaxProc.do,"{""mode"": ""getHydr"", ""damCd"": ""1012110"", ""param1"": ""H"", ""startDate"": ""2026-07-04"", ""endDate"": ""2026-08-02"", ""page"": """"}",01_raw/KWater/mywater_station/hydr/H/1012110/2026-07-04_2026-08-02.json,104226,93daffef682413704a3f3650af9faa7470f0f7be0a092e1d0e050370f0234d6f,720,N
2026-09-29T11:54:49Z,K-water,MyWater(water.or.kr) 수문 ajaxProc,https://www.water.or.kr/kor/realtime/sumun/ajaxProc.do,"{""mode"": ""getRain"", ""damCd"": ""1012110"", ""param1"": ""A"", ""rainJobGb"": ""H"", ""rainStartDate"": ""2026-04-05"", ""rainEndDate"": ""2026-05-04""}",01_raw/KWater/mywater_station/rain/A/1012110/2026-04-05_2026-05-04.json,1829,1e76d373a5da1704a8361634b034c9202fcd2b6fd790bb3bd6bed9eecb22a8c7,13,N
2026-09-29T11:54:49Z,K-water,MyWater(water.or.kr) 수문 ajaxProc,https://www.water.or.kr/kor/realtime/sumun/ajaxProc.do,"{""mode"": ""getHydr"", ""damCd"": ""1012110"", ""param1"": ""H"", ""startDate"": ""2026-08-03"", ""endDate"": ""2026-09-01"", ""page"": """"}",01_raw/KWater/mywater_station/hydr/H/1012110/2026-08-03_2026-09-01.json,102919,0a41dbdc91754d362f06aa5a878295c8aeac39f4fbc681da18af32eda3be584f,720,N
2026-09-29T11:54:51Z,K-water,MyWater(water.or.kr) 수문 ajaxProc,https://www.water.or.kr/kor/realtime/sumun/ajaxProc.do,"{""mode"": ""getRain"", ""damCd"": ""1012110"", ""param1"": ""A"", ""rainJobGb"": ""H"", ""rainStartDate"": ""2026-05-05"", ""rainEndDate"": ""2026-06-03""}",01_raw/KWater/mywater_station/rain/A/1012110/2026-05-05_2026-06-03.json,1831,6f85c0d5364f7577446da1e7a9dcde41fdf015034101b2920d98f17816dcb062,13,N
2026-09-29T11:54:53Z,K-water,MyWater(water.or.kr) 수문 ajaxProc,https://www.water.or.kr/kor/realtime/sumun/ajaxProc.do,"{""mode"": ""getHydr"", ""damCd"": ""1012110"", ""param1"": ""H"", ""startDate"": ""2026-09-02"", ""endDate"": ""2026-09-28"", ""page"": """"}",01_raw/KWater/mywater_station/hydr/H/1012110/2026-09-02_2026-09-28.json,91821,81ddf0db54d2ac7f4873c15dbe29f58f2ae8e543564c969618a0a27aee10e76c,648,N
2026-09-29T11:54:54Z,K-water,MyWater(water.or.kr) 수문 ajaxProc,https://www.water.or.kr/kor/realtime/sumun/ajaxProc.do,"{""mode"": ""getRain"", ""damCd"": ""1012110"", ""param1"": ""A"", ""rainJobGb"": ""H"", ""rainStartDate"": ""2026-06-04"", ""rainEndDate"": ""2026-07-03""}",01_raw/KWater/mywater_station/rain/A/1012110/2026-06-04_2026-07-03.json,1831,ed7771404d96a14c58c9f30130c497eccc6703b63867b166dc27b409efb6df11,13,N
2026-09-29T11:54:56Z,K-water,MyWater(water.or.kr) 수문 ajaxProc,https://www.water.or.kr/kor/realtime/sumun/ajaxProc.do,"{""mode"": ""getHydr"", ""damCd"": ""1003110"", ""param1"": ""H"", ""startDate"": ""2021-01-01"", ""endDate"": ""2021-01-30"", ""page"": """"}",01_raw/KWater/mywater_station/hydr/H/1003110/2021-01-01_2021-01-30.json,111474,aa33b07253dbf9c72fec367b51aaf2c25f04cfc94568e44c75f5e22f92ce616d,720,N
2026-09-29T11:54:57Z,K-water,MyWater(water.or.kr) 수문 ajaxProc,https://www.water.or.kr/kor/realtime/sumun/ajaxProc.do,"{""mode"": ""getRain"", ""damCd"": ""1012110"", ""param1"": ""A"", ""rainJobGb"": ""H"", ""rainStartDate"": ""2026-07-04"", ""rainEndDate"": ""2026-08-02""}",01_raw/KWater/mywater_station/rain/A/1012110/2026-07-04_2026-08-02.json,1831,0acd071a0e0ebb0833ad98cfc4dd72eb26d330134286ddaf437a6fa4015a4eae,13,N
2026-09-29T11:54:58Z,K-water,MyWater(water.or.kr) 수문 ajaxProc,https://www.water.or.kr/kor/realtime/sumun/ajaxProc.do,"{""mode"": ""getHydr"", ""damCd"": ""1003110"", ""param1"": ""H"", ""startDate"": ""2021-01-31"", ""endDate"": ""2021-03-01"", ""page"": """"}",01_raw/KWater/mywater_station/hydr/H/1003110/2021-01-31_2021-03-01.json,110735,8d88913af1eba2a0394ac5f81d96e709bb912cd731596cab621fedbe010ce896,720,N
2026-09-29T11:55:01Z,K-water,MyWater(water.or.kr) 수문 ajaxProc,https://www.water.or.kr/kor/realtime/sumun/ajaxProc.do,"{""mode"": ""getRain"", ""damCd"": ""1012110"", ""param1"": ""A"", ""rainJobGb"": ""H"", ""rainStartDate"": ""2026-08-03"", ""rainEndDate"": ""2026-09-01""}",01_raw/KWater/mywater_station/rain/A/1012110/2026-08-03_2026-09-01.json,1831,c5086986939074a7ccfab1e9d32072a622c7006ff8acffd2d42057d91c1e4976,13,N
2026-09-29T11:55:02Z,K-water,MyWater(water.or.kr) 수문 ajaxProc,https://www.water.or.kr/kor/realtime/sumun/ajaxProc.do,"{""mode"": ""getHydr"", ""damCd"": ""1003110"", ""param1"": ""H"", ""startDate"": ""2021-03-02"", ""endDate"": ""2021-03-31"", ""page"": """"}",01_raw/KWater/mywater_station/hydr/H/1003110/2021-03-02_2021-03-31.json,111911,1d08578014544f47fa514e902e79c3d65552789c1c979628bcf572bc4d45f88f,720,N
2026-09-29T11:55:04Z,K-water,MyWater(water.or.kr) 수문 ajaxProc,https://www.water.or.kr/kor/realtime/sumun/ajaxProc.do,"{""mode"": ""getHydr"", ""damCd"": ""1003110"", ""param1"": ""H"", ""startDate"": ""2021-04-01"", ""endDate"": ""2021-04-30"", ""page"": """"}",01_raw/KWater/mywater_station/hydr/H/1003110/2021-04-01_2021-04-30.json,111959,d652b5c2b047733faaf38c6ce8d9336e386a53189a604aebbe1240a5d1d448f8,720,N
2026-09-29T11:55:04Z,K-water,MyWater(water.or.kr) 수문 ajaxProc,https://www.water.or.kr/kor/realtime/sumun/ajaxProc.do,"{""mode"": ""getRain"", ""damCd"": ""1012110"", ""param1"": ""A"", ""rainJobGb"": ""H"", ""rainStartDate"": ""2026-09-02"", ""rainEndDate"": ""2026-09-28""}",01_raw/KWater/mywater_station/rain/A/1012110/2026-09-02_2026-09-28.json,1832,394a53ce4cff5b11c251839c46bc7c70d892511963e040520d58fb2d83907389,13,N
2026-09-29T11:55:07Z,K-water,MyWater(water.or.kr) 수문 ajaxProc,https://www.water.or.kr/kor/realtime/sumun/ajaxProc.do,"{""mode"": ""getHydr"", ""damCd"": ""1003110"", ""param1"": ""H"", ""startDate"": ""2021-05-01"", ""endDate"": ""2021-05-30"", ""page"": """"}",01_raw/KWater/mywater_station/hydr/H/1003110/2021-05-01_2021-05-30.json,112852,471c3e66871b0cf7f114545ea08847f8acadedd5a2037135a2b794ca59f251cf,720,N
2026-09-29T11:55:08Z,K-water,MyWater(water.or.kr) 수문 ajaxProc,https://www.water.or.kr/kor/realtime/sumun/ajaxProc.do,"{""mode"": ""getRain"", ""damCd"": ""1003110"", ""param1"": ""A"", ""rainJobGb"": ""H"", ""rainStartDate"": ""2021-01-01"", ""rainEndDate"": ""2021-01-30""}",01_raw/KWater/mywater_station/rain/A/1003110/2021-01-01_2021-01-30.json,4381,44abfcd789fcd99f4333be5f7bff2527f0446f1fac60caa7812c98f76a446188,36,N
2026-09-29T11:55:10Z,K-water,MyWater(water.or.kr) 수문 ajaxProc,https://www.water.or.kr/kor/realtime/sumun/ajaxProc.do,"{""mode"": ""getHydr"", ""damCd"": ""1003110"", ""param1"": ""H"", ""startDate"": ""2021-05-31"", ""endDate"": ""2021-06-29"", ""page"": """"}",01_raw/KWater/mywater_station/hydr/H/1003110/2021-05-31_2021-06-29.json,115109,c50f384d4cc75a9bd907f82af40b418946acc0a28a458337e6b101cb995e0f6d,720,N
2026-09-29T11:55:11Z,K-water,MyWater(water.or.kr) 수문 ajaxProc,https://www.water.or.kr/kor/realtime/sumun/ajaxProc.do,"{""mode"": ""getRain"", ""damCd"": ""1003110"", ""param1"": ""A"", ""rainJobGb"": ""H"", ""rainStartDate"": ""2021-01-31"", ""rainEndDate"": ""2021-03-01""}",01_raw/KWater/mywater_station/rain/A/1003110/2021-01-31_2021-03-01.json,4408,6bdd0ccfe7fef8d4f9f1d7644569fd43df04aa10e598c76cb726d1877f533adb,36,N
2026-09-29T11:55:13Z,K-water,MyWater(water.or.kr) 수문 ajaxProc,https://www.water.or.kr/kor/realtime/sumun/ajaxProc.do,"{""mode"": ""getHydr"", ""damCd"": ""1003110"", ""param1"": ""H"", ""startDate"": ""2021-06-30"", ""endDate"": ""2021-07-29"", ""page"": """"}",01_raw/KWater/mywater_station/hydr/H/1003110/2021-06-30_2021-07-29.json,116286,18b20c08b9faddb188911d4ea37b22e1720c4e3423bf9ec3d24d18fe445d4ce4,720,N
2026-09-29T11:55:15Z,K-water,MyWater(water.or.kr) 수문 ajaxProc,https://www.water.or.kr/kor/realtime/sumun/ajaxProc.do,"{""mode"": ""getHydr"", ""damCd"": ""1003110"", ""param1"": ""H"", ""startDate"": ""2021-07-30"", ""endDate"": ""2021-08-28"", ""page"": """"}",01_raw/KWater/mywater_station/hydr/H/1003110/2021-07-30_2021-08-28.json,114211,b96230a50389b6d02514c3c8707b9f4a7cbb18e27e2c9ef5fb8d395600373334,720,N
2026-09-29T11:55:15Z,K-water,MyWater(water.or.kr) 수문 ajaxProc,https://www.water.or.kr/kor/realtime/sumun/ajaxProc.do,"{""mode"": ""getRain"", ""damCd"": ""1003110"", ""param1"": ""A"", ""rainJobGb"": ""H"", ""rainStartDate"": ""2021-03-02"", ""rainEndDate"": ""2021-03-31""}",01_raw/KWater/mywater_station/rain/A/1003110/2021-03-02_2021-03-31.json,4429,0c2a530ec08b391714a521b785d433512e09539eed278af8a351a1e108ac1c2c,36,N
2026-09-29T11:55:18Z,K-water,MyWater(water.or.kr) 수문 ajaxProc,https://www.water.or.kr/kor/realtime/sumun/ajaxProc.do,"{""mode"": ""getHydr"", ""damCd"": ""1003110"", ""param1"": ""H"", ""startDate"": ""2021-08-29"", ""endDate"": ""2021-09-27"", ""page"": """"}",01_raw/KWater/mywater_station/hydr/H/1003110/2021-08-29_2021-09-27.json,117262,f07c2b9de8cee94c72958fc20a82b8428e6e71faf5750a5d16156d6a99b65d2e,720,N
2026-09-29T11:55:19Z,K-water,MyWater(water.or.kr) 수문 ajaxProc,https://www.water.or.kr/kor/realtime/sumun/ajaxProc.do,"{""mode"": ""getRain"", ""damCd"": ""1003110"", ""param1"": ""A"", ""rainJobGb"": ""H"", ""rainStartDate"": ""2021-04-01"", ""rainEndDate"": ""2021-04-30""}",01_raw/KWater/mywater_station/rain/A/1003110/2021-04-01_2021-04-30.json,4442,9093752552d80037f2e58567440e4d6e675f5c1105914dc4630db3134c966382,36,N
2026-09-29T11:55:20Z,K-water,MyWater(water.or.kr) 수문 ajaxProc,https://www.water.or.kr/kor/realtime/sumun/ajaxProc.do,"{""mode"": ""getHydr"", ""damCd"": ""1003110"", ""param1"": ""H"", ""startDate"": ""2021-09-28"", ""endDate"": ""2021-10-27"", ""page"": """"}",01_raw/KWater/mywater_station/hydr/H/1003110/2021-09-28_2021-10-27.json,113369,43add9f5f6ceafa07059d0b5f10b2832867b443f24a336e0f014402db467065e,720,N
2026-09-29T11:55:23Z,K-water,MyWater(water.or.kr) 수문 ajaxProc,https://www.water.or.kr/kor/realtime/sumun/ajaxProc.do,"{""mode"": ""getHydr"", ""damCd"": ""1003110"", ""param1"": ""H"", ""startDate"": ""2021-10-28"", ""endDate"": ""2021-11-26"", ""page"": """"}",01_raw/KWater/mywater_station/hydr/H/1003110/2021-10-28_2021-11-26.json,112886,3eb03b152c1f99ec245c2d3ce8a875cae5afead1b3a7ad0646c3b15acb77b904,720,N
2026-09-29T11:55:23Z,K-water,MyWater(water.or.kr) 수문 ajaxProc,https://www.water.or.kr/kor/realtime/sumun/ajaxProc.do,"{""mode"": ""getRain"", ""damCd"": ""1003110"", ""param1"": ""A"", ""rainJobGb"": ""H"", ""rainStartDate"": ""2021-05-01"", ""rainEndDate"": ""2021-05-30""}",01_raw/KWater/mywater_station/rain/A/1003110/2021-05-01_2021-05-30.json,4442,2c89873223a29aabdaa71f77193ceeff38b5a4ff062bf876b407d3690ea49951,36,N
2026-09-29T11:55:26Z,K-water,MyWater(water.or.kr) 수문 ajaxProc,https://www.water.or.kr/kor/realtime/sumun/ajaxProc.do,"{""mode"": ""getHydr"", ""damCd"": ""1003110"", ""param1"": ""H"", ""startDate"": ""2021-11-27"", ""endDate"": ""2021-12-26"", ""page"": """"}",01_raw/KWater/mywater_station/hydr/H/1003110/2021-11-27_2021-12-26.json,112124,3b28f4d72fdf19f86014d9ea6b399c71635619e859012b3f36d0045ce649c6ef,720,N
2026-09-29T11:55:26Z,K-water,MyWater(water.or.kr) 수문 ajaxProc,https://www.water.or.kr/kor/realtime/sumun/ajaxProc.do,"{""mode"": ""getRain"", ""damCd"": ""1003110"", ""param1"": ""A"", ""rainJobGb"": ""H"", ""rainStartDate"": ""2021-05-31"", ""rainEndDate"": ""2021-06-29""}",01_raw/KWater/mywater_station/rain/A/1003110/2021-05-31_2021-06-29.json,4445,72aefae6f992b9203dbb59b454ea646de02fb160197dc93894acb00c30c4ae9f,36,N
2026-09-29T11:55:28Z,K-water,MyWater(water.or.kr) 수문 ajaxProc,https://www.water.or.kr/kor/realtime/sumun/ajaxProc.do,"{""mode"": ""getHydr"", ""damCd"": ""1003110"", ""param1"": ""H"", ""startDate"": ""2021-12-27"", ""endDate"": ""2022-01-25"", ""page"": """"}",01_raw/KWater/mywater_station/hydr/H/1003110/2021-12-27_2022-01-25.json,110992,934402fe3866403dcb4404bef37f5a7f91e15cd45a1cf0b2ba51f82ffa6f19fa,720,N
2026-09-29T11:55:30Z,K-water,MyWater(water.or.kr) 수문 ajaxProc,https://www.water.or.kr/kor/realtime/sumun/ajaxProc.do,"{""mode"": ""getRain"", ""damCd"": ""1003110"", ""param1"": ""A"", ""rainJobGb"": ""H"", ""rainStartDate"": ""2021-06-30"", ""rainEndDate"": ""2021-07-29""}",01_raw/KWater/mywater_station/rain/A/1003110/2021-06-30_2021-07-29.json,4442,14d7c1b160a10049d52b65818c39ac89bf497734409e61aefc5970d38cea693c,36,N
2026-09-29T11:55:31Z,K-water,MyWater(water.or.kr) 수문 ajaxProc,https://www.water.or.kr/kor/realtime/sumun/ajaxProc.do,"{""mode"": ""getHydr"", ""damCd"": ""1003110"", ""param1"": ""H"", ""startDate"": ""2022-01-26"", ""endDate"": ""2022-02-24"", ""page"": """"}",01_raw/KWater/mywater_station/hydr/H/1003110/2022-01-26_2022-02-24.json,110627,92e93151d54eb8c2b69724cf4e73817b006017e7e2d95575886c2e9bf968dcc0,720,N
2026-09-29T11:55:34Z,K-water,MyWater(water.or.kr) 수문 ajaxProc,https://www.water.or.kr/kor/realtime/sumun/ajaxProc.do,"{""mode"": ""getHydr"", ""damCd"": ""1003110"", ""param1"": ""H"", ""startDate"": ""2022-02-25"", ""endDate"": ""2022-03-26"", ""page"": """"}",01_raw/KWater/mywater_station/hydr/H/1003110/2022-02-25_2022-03-26.json,111906,1d5978209be465271b18aa3d20980e59c752163c791de73fff5dab8b9969fba4,720,N
2026-09-29T11:55:34Z,K-water,MyWater(water.or.kr) 수문 ajaxProc,https://www.water.or.kr/kor/realtime/sumun/ajaxProc.do,"{""mode"": ""getRain"", ""damCd"": ""1003110"", ""param1"": ""A"", ""rainJobGb"": ""H"", ""rainStartDate"": ""2021-07-30"", ""rainEndDate"": ""2021-08-28""}",01_raw/KWater/mywater_station/rain/A/1003110/2021-07-30_2021-08-28.json,4441,3cacff86c5163455c7be5b936bc98f2f61706fea9d6053567bcae2c0a79b4c93,36,N
2026-09-29T11:55:37Z,K-water,MyWater(water.or.kr) 수문 ajaxProc,https://www.water.or.kr/kor/realtime/sumun/ajaxProc.do,"{""mode"": ""getHydr"", ""damCd"": ""1003110"", ""param1"": ""H"", ""startDate"": ""2022-03-27"", ""endDate"": ""2022-04-25"", ""page"": """"}",01_raw/KWater/mywater_station/hydr/H/1003110/2022-03-27_2022-04-25.json,111747,a9f05a81ef686f93b7e58b1a479d15f41860c4f2434d04a9e05fe9d73008d02d,720,N
2026-09-29T11:55:37Z,K-water,MyWater(water.or.kr) 수문 ajaxProc,https://www.water.or.kr/kor/realtime/sumun/ajaxProc.do,"{""mode"": ""getRain"", ""damCd"": ""1003110"", ""param1"": ""A"", ""rainJobGb"": ""H"", ""rainStartDate"": ""2021-08-29"", ""rainEndDate"": ""2021-09-27""}",01_raw/KWater/mywater_station/rain/A/1003110/2021-08-29_2021-09-27.json,4461,a42b449b5a1e299523a3030b72cc94bf0b1879601d429e1ce262f2e9e4ccedcf,36,N
2026-09-29T11:55:40Z,K-water,MyWater(water.or.kr) 수문 ajaxProc,https://www.water.or.kr/kor/realtime/sumun/ajaxProc.do,"{""mode"": ""getHydr"", ""damCd"": ""1003110"", ""param1"": ""H"", ""startDate"": ""2022-04-26"", ""endDate"": ""2022-05-25"", ""page"": """"}",01_raw/KWater/mywater_station/hydr/H/1003110/2022-04-26_2022-05-25.json,112487,3d451c41ecf4b0db0207415d3de43fef0df6ef42e21280979369a710de56ea57,720,N
2026-09-29T11:55:41Z,K-water,MyWater(water.or.kr) 수문 ajaxProc,https://www.water.or.kr/kor/realtime/sumun/ajaxProc.do,"{""mode"": ""getRain"", ""damCd"": ""1003110"", ""param1"": ""A"", ""rainJobGb"": ""H"", ""rainStartDate"": ""2021-09-28"", ""rainEndDate"": ""2021-10-27""}",01_raw/KWater/mywater_station/rain/A/1003110/2021-09-28_2021-10-27.json,4469,be065ba3b4bdd127b16721f22d4b0c5e03f6616736d54d783d2030305785517f,36,N
2026-09-29T11:55:42Z,K-water,MyWater(water.or.kr) 수문 ajaxProc,https://www.water.or.kr/kor/realtime/sumun/ajaxProc.do,"{""mode"": ""getHydr"", ""damCd"": ""1003110"", ""param1"": ""H"", ""startDate"": ""2022-05-26"", ""endDate"": ""2022-06-24"", ""page"": """"}",01_raw/KWater/mywater_station/hydr/H/1003110/2022-05-26_2022-06-24.json,111524,e0bc7b244091efac2b9fdcc82301a4c8a7fe89e9e74a6ecfb472c37c1581d618,720,N
2026-09-29T11:55:45Z,K-water,MyWater(water.or.kr) 수문 ajaxProc,https://www.water.or.kr/kor/realtime/sumun/ajaxProc.do,"{""mode"": ""getHydr"", ""damCd"": ""1003110"", ""param1"": ""H"", ""startDate"": ""2022-06-25"", ""endDate"": ""2022-07-24"", ""page"": """"}",01_raw/KWater/mywater_station/hydr/H/1003110/2022-06-25_2022-07-24.json,116143,8c035b26ef9701fd11b41427930ee022679ccccdb437ae68130b95e131d20687,720,N
2026-09-29T11:55:45Z,K-water,MyWater(water.or.kr) 수문 ajaxProc,https://www.water.or.kr/kor/realtime/sumun/ajaxProc.do,"{""mode"": ""getRain"", ""damCd"": ""1003110"", ""param1"": ""A"", ""rainJobGb"": ""H"", ""rainStartDate"": ""2021-10-28"", ""rainEndDate"": ""2021-11-26""}",01_raw/KWater/mywater_station/rain/A/1003110/2021-10-28_2021-11-26.json,4471,67d790f9b5e025f994780e69a539e41d1dba31124413f46621e4dae46dd828a1,36,N
2026-09-29T11:55:48Z,K-water,MyWater(water.or.kr) 수문 ajaxProc,https://www.water.or.kr/kor/realtime/sumun/ajaxProc.do,"{""mode"": ""getHydr"", ""damCd"": ""1003110"", ""param1"": ""H"", ""startDate"": ""2022-07-25"", ""endDate"": ""2022-08-23"", ""page"": """"}",01_raw/KWater/mywater_station/hydr/H/1003110/2022-07-25_2022-08-23.json,121751,0a350e039261471ed0d3ec23cf317a7b732f78877930600ace378e1f90dbccd2,720,N
2026-09-29T11:55:49Z,K-water,MyWater(water.or.kr) 수문 ajaxProc,https://www.water.or.kr/kor/realtime/sumun/ajaxProc.do,"{""mode"": ""getRain"", ""damCd"": ""1003110"", ""param1"": ""A"", ""rainJobGb"": ""H"", ""rainStartDate"": ""2021-11-27"", ""rainEndDate"": ""2021-12-26""}",01_raw/KWater/mywater_station/rain/A/1003110/2021-11-27_2021-12-26.json,4476,78035824e7bc3eab4b1611873f14291d7d5c76aea5bc24b46fca16e1e10da0e1,36,N
2026-09-29T11:55:51Z,K-water,MyWater(water.or.kr) 수문 ajaxProc,https://www.water.or.kr/kor/realtime/sumun/ajaxProc.do,"{""mode"": ""getHydr"", ""damCd"": ""1003110"", ""param1"": ""H"", ""startDate"": ""2022-08-24"", ""endDate"": ""2022-09-22"", ""page"": """"}",01_raw/KWater/mywater_station/hydr/H/1003110/2022-08-24_2022-09-22.json,120036,0b3c2e48bf52de71e2483dcd8a1b35b6501dcb1f95845c2c262202c08e0a419e,720,N
2026-09-29T11:55:53Z,K-water,MyWater(water.or.kr) 수문 ajaxProc,https://www.water.or.kr/kor/realtime/sumun/ajaxProc.do,"{""mode"": ""getHydr"", ""damCd"": ""1003110"", ""param1"": ""H"", ""startDate"": ""2022-09-23"", ""endDate"": ""2022-10-22"", ""page"": """"}",01_raw/KWater/mywater_station/hydr/H/1003110/2022-09-23_2022-10-22.json,113839,f23be7a8b48955c13f7975f508cb63bc2b420cfffa0323588d7ee211f94be287,720,N
2026-09-29T11:55:53Z,K-water,MyWater(water.or.kr) 수문 ajaxProc,https://www.water.or.kr/kor/realtime/sumun/ajaxProc.do,"{""mode"": ""getRain"", ""damCd"": ""1003110"", ""param1"": ""A"", ""rainJobGb"": ""H"", ""rainStartDate"": ""2021-12-27"", ""rainEndDate"": ""2022-01-25""}",01_raw/KWater/mywater_station/rain/A/1003110/2021-12-27_2022-01-25.json,4369,e77953100323990e8e072564e4d32e2500daf41ecbb7dfbe51896bfb6c5c4de4,36,N
2026-09-29T11:55:56Z,K-water,MyWater(water.or.kr) 수문 ajaxProc,https://www.water.or.kr/kor/realtime/sumun/ajaxProc.do,"{""mode"": ""getHydr"", ""damCd"": ""1003110"", ""param1"": ""H"", ""startDate"": ""2022-10-23"", ""endDate"": ""2022-11-21"", ""page"": """"}",01_raw/KWater/mywater_station/hydr/H/1003110/2022-10-23_2022-11-21.json,113153,479d4d98739e6d4e62decd028d26f60399f108e1b43b57e1a5d37a48d887e1c0,720,N
2026-09-29T11:55:57Z,K-water,MyWater(water.or.kr) 수문 ajaxProc,https://www.water.or.kr/kor/realtime/sumun/ajaxProc.do,"{""mode"": ""getRain"", ""damCd"": ""1003110"", ""param1"": ""A"", ""rainJobGb"": ""H"", ""rainStartDate"": ""2022-01-26"", ""rainEndDate"": ""2022-02-24""}",01_raw/KWater/mywater_station/rain/A/1003110/2022-01-26_2022-02-24.json,4370,f7c777569be53acb6b8630135f97375dc1cc01d7aee19cf54a4bc16130f98291,36,N
2026-09-29T11:55:59Z,K-water,MyWater(water.or.kr) 수문 ajaxProc,https://www.water.or.kr/kor/realtime/sumun/ajaxProc.do,"{""mode"": ""getHydr"", ""damCd"": ""1003110"", ""param1"": ""H"", ""startDate"": ""2022-11-22"", ""endDate"": ""2022-12-21"", ""page"": """"}",01_raw/KWater/mywater_station/hydr/H/1003110/2022-11-22_2022-12-21.json,110195,0eaa9c2728bda0526184cd3a4d3dbdbb356565316d31ff2de43a78cfcb1da5b0,720,N
2026-09-29T11:56:02Z,K-water,MyWater(water.or.kr) 수문 ajaxProc,https://www.water.or.kr/kor/realtime/sumun/ajaxProc.do,"{""mode"": ""getHydr"", ""damCd"": ""1003110"", ""param1"": ""H"", ""startDate"": ""2022-12-22"", ""endDate"": ""2023-01-20"", ""page"": """"}",01_raw/KWater/mywater_station/hydr/H/1003110/2022-12-22_2023-01-20.json,102920,ea20103dccdc4f1185e454bbbadfc85d95310e5ba23d0302f5e1c2a4f643018f,720,N
2026-09-29T11:56:01Z,K-water,MyWater(water.or.kr) 수문 ajaxProc,https://www.water.or.kr/kor/realtime/sumun/ajaxProc.do,"{""mode"": ""getRain"", ""damCd"": ""1003110"", ""param1"": ""A"", ""rainJobGb"": ""H"", ""rainStartDate"": ""2022-02-25"", ""rainEndDate"": ""2022-03-26""}",01_raw/KWater/mywater_station/rain/A/1003110/2022-02-25_2022-03-26.json,4410,d37465914e3699b7770ed229cd949447cb8476af30bb5a27374694dc5e1b9502,36,N
2026-09-29T11:56:04Z,K-water,MyWater(water.or.kr) 수문 ajaxProc,https://www.water.or.kr/kor/realtime/sumun/ajaxProc.do,"{""mode"": ""getHydr"", ""damCd"": ""1003110"", ""param1"": ""H"", ""startDate"": ""2023-01-21"", ""endDate"": ""2023-02-19"", ""page"": """"}",01_raw/KWater/mywater_station/hydr/H/1003110/2023-01-21_2023-02-19.json,101571,ce23bf17a38fb176d64574c0c49fabafb61d766ab7cbe41f93176429f47cc496,720,N
2026-09-29T11:56:05Z,K-water,MyWater(water.or.kr) 수문 ajaxProc,https://www.water.or.kr/kor/realtime/sumun/ajaxProc.do,"{""mode"": ""getRain"", ""damCd"": ""1003110"", ""param1"": ""A"", ""rainJobGb"": ""H"", ""rainStartDate"": ""2022-03-27"", ""rainEndDate"": ""2022-04-25""}",01_raw/KWater/mywater_station/rain/A/1003110/2022-03-27_2022-04-25.json,4429,ab7e13398e80ce2ddc2c51129c5ac48a9c8cc07d254dfcd39b67b1d60e86bf7b,36,N
2026-09-29T11:56:08Z,K-water,MyWater(water.or.kr) 수문 ajaxProc,https://www.water.or.kr/kor/realtime/sumun/ajaxProc.do,"{""mode"": ""getHydr"", ""damCd"": ""1003110"", ""param1"": ""H"", ""startDate"": ""2023-02-20"", ""endDate"": ""2023-03-21"", ""page"": """"}",01_raw/KWater/mywater_station/hydr/H/1003110/2023-02-20_2023-03-21.json,102322,e77da931134ff18e2dc6854025e4418cd9f14c77a9f5fc2b202556fce8d7ff45,720,N
2026-09-29T11:56:09Z,K-water,MyWater(water.or.kr) 수문 ajaxProc,https://www.water.or.kr/kor/realtime/sumun/ajaxProc.do,"{""mode"": ""getRain"", ""damCd"": ""1003110"", ""param1"": ""A"", ""rainJobGb"": ""H"", ""rainStartDate"": ""2022-04-26"", ""rainEndDate"": ""2022-05-25""}",01_raw/KWater/mywater_station/rain/A/1003110/2022-04-26_2022-05-25.json,4441,bcd0fae471d394688ce608198ae97ef6ea0a3485aabb98ed524ccd3894a91b48,36,N
2026-09-29T11:56:11Z,K-water,MyWater(water.or.kr) 수문 ajaxProc,https://www.water.or.kr/kor/realtime/sumun/ajaxProc.do,"{""mode"": ""getHydr"", ""damCd"": ""1003110"", ""param1"": ""H"", ""startDate"": ""2023-03-22"", ""endDate"": ""2023-04-20"", ""page"": """"}",01_raw/KWater/mywater_station/hydr/H/1003110/2023-03-22_2023-04-20.json,102609,b01e3bdfe23f818a301bee317fb4ef804d6d15bdd8a37b234fd6b8f384dfd2d5,720,N
2026-09-29T11:56:14Z,K-water,MyWater(water.or.kr) 수문 ajaxProc,https://www.water.or.kr/kor/realtime/sumun/ajaxProc.do,"{""mode"": ""getHydr"", ""damCd"": ""1003110"", ""param1"": ""H"", ""startDate"": ""2023-04-21"", ""endDate"": ""2023-05-20"", ""page"": """"}",01_raw/KWater/mywater_station/hydr/H/1003110/2023-04-21_2023-05-20.json,103575,8a74c7cfdbd2733669113980d7db2cc3c54320252a2b98193f1015a76c54c560,720,N
2026-09-29T11:56:12Z,K-water,MyWater(water.or.kr) 수문 ajaxProc,https://www.water.or.kr/kor/realtime/sumun/ajaxProc.do,"{""mode"": ""getRain"", ""damCd"": ""1003110"", ""param1"": ""A"", ""rainJobGb"": ""H"", ""rainStartDate"": ""2022-05-26"", ""rainEndDate"": ""2022-06-24""}",01_raw/KWater/mywater_station/rain/A/1003110/2022-05-26_2022-06-24.json,4442,d3a59c36383d8573ef62bc2543af774232eeed5998441d904ad3bb793b1d932c,36,N
2026-09-29T11:56:16Z,K-water,MyWater(water.or.kr) 수문 ajaxProc,https://www.water.or.kr/kor/realtime/sumun/ajaxProc.do,"{""mode"": ""getHydr"", ""damCd"": ""1003110"", ""param1"": ""H"", ""startDate"": ""2023-05-21"", ""endDate"": ""2023-06-19"", ""page"": """"}",01_raw/KWater/mywater_station/hydr/H/1003110/2023-05-21_2023-06-19.json,103225,975c8ee52955431df0096f26ef84b99c39b6fc197a52fdb306968121ae72e4f0,720,N
2026-09-29T11:56:16Z,K-water,MyWater(water.or.kr) 수문 ajaxProc,https://www.water.or.kr/kor/realtime/sumun/ajaxProc.do,"{""mode"": ""getRain"", ""damCd"": ""1003110"", ""param1"": ""A"", ""rainJobGb"": ""H"", ""rainStartDate"": ""2022-06-25"", ""rainEndDate"": ""2022-07-24""}",01_raw/KWater/mywater_station/rain/A/1003110/2022-06-25_2022-07-24.json,4442,55ed42dcd8502108362b598e666bc6fa42d7b8b56f7f7daca1d7fe22ae692b34,36,N
2026-09-29T11:56:20Z,K-water,MyWater(water.or.kr) 수문 ajaxProc,https://www.water.or.kr/kor/realtime/sumun/ajaxProc.do,"{""mode"": ""getHydr"", ""damCd"": ""1003110"", ""param1"": ""H"", ""startDate"": ""2023-06-20"", ""endDate"": ""2023-07-19"", ""page"": """"}",01_raw/KWater/mywater_station/hydr/H/1003110/2023-06-20_2023-07-19.json,109563,e02810dc97c6cb44cf45e606e003a3e59f628723a4b7cd1becf7e02427319b49,720,N
2026-09-29T11:56:20Z,K-water,MyWater(water.or.kr) 수문 ajaxProc,https://www.water.or.kr/kor/realtime/sumun/ajaxProc.do,"{""mode"": ""getRain"", ""damCd"": ""1003110"", ""param1"": ""A"", ""rainJobGb"": ""H"", ""rainStartDate"": ""2022-07-25"", ""rainEndDate"": ""2022-08-23""}",01_raw/KWater/mywater_station/rain/A/1003110/2022-07-25_2022-08-23.json,4458,eb9d24ab9fef284830ca114e13ec642f0b7947b7565594834a23c627332a0eef,36,N
2026-09-29T11:56:23Z,K-water,MyWater(water.or.kr) 수문 ajaxProc,https://www.water.or.kr/kor/realtime/sumun/ajaxProc.do,"{""mode"": ""getHydr"", ""damCd"": ""1003110"", ""param1"": ""H"", ""startDate"": ""2023-07-20"", ""endDate"": ""2023-08-18"", ""page"": """"}",01_raw/KWater/mywater_station/hydr/H/1003110/2023-07-20_2023-08-18.json,106154,b0a4f657b4c9e3f40a251e4207a7b96de467ba3957cf08ec9c2c3ff27134667a,720,N
2026-09-29T11:56:24Z,K-water,MyWater(water.or.kr) 수문 ajaxProc,https://www.water.or.kr/kor/realtime/sumun/ajaxProc.do,"{""mode"": ""getRain"", ""damCd"": ""1003110"", ""param1"": ""A"", ""rainJobGb"": ""H"", ""rainStartDate"": ""2022-08-24"", ""rainEndDate"": ""2022-09-22""}",01_raw/KWater/mywater_station/rain/A/1003110/2022-08-24_2022-09-22.json,4472,ef5c96700d620a37292e75a70c71b562d4359e1b1f90371308372ba6ee8ba2da,36,N
2026-09-29T11:56:25Z,K-water,MyWater(water.or.kr) 수문 ajaxProc,https://www.water.or.kr/kor/realtime/sumun/ajaxProc.do,"{""mode"": ""getHydr"", ""damCd"": ""1003110"", ""param1"": ""H"", ""startDate"": ""2023-08-19"", ""endDate"": ""2023-09-17"", ""page"": """"}",01_raw/KWater/mywater_station/hydr/H/1003110/2023-08-19_2023-09-17.json,105339,f720f1b59c11b912403a49f4346bcb7b0d95d4a246ea1e1c497a1e7b71893659,720,N
2026-09-29T11:56:28Z,K-water,MyWater(water.or.kr) 수문 ajaxProc,https://www.water.or.kr/kor/realtime/sumun/ajaxProc.do,"{""mode"": ""getHydr"", ""damCd"": ""1003110"", ""param1"": ""H"", ""startDate"": ""2023-09-18"", ""endDate"": ""2023-10-17"", ""page"": """"}",01_raw/KWater/mywater_station/hydr/H/1003110/2023-09-18_2023-10-17.json,103823,fd6bbf755b8033b24bfb88b952e291f403f4678dac181da9742f6be9aacea908,720,N
2026-09-29T11:56:28Z,K-water,MyWater(water.or.kr) 수문 ajaxProc,https://www.water.or.kr/kor/realtime/sumun/ajaxProc.do,"{""mode"": ""getRain"", ""damCd"": ""1003110"", ""param1"": ""A"", ""rainJobGb"": ""H"", ""rainStartDate"": ""2022-09-23"", ""rainEndDate"": ""2022-10-22""}",01_raw/KWater/mywater_station/rain/A/1003110/2022-09-23_2022-10-22.json,4476,bb2e814957e364218e7da3c3882dcec89586566e369ccd7af03e54f79496a9e8,36,N
2026-09-29T11:56:31Z,K-water,MyWater(water.or.kr) 수문 ajaxProc,https://www.water.or.kr/kor/realtime/sumun/ajaxProc.do,"{""mode"": ""getHydr"", ""damCd"": ""1003110"", ""param1"": ""H"", ""startDate"": ""2023-10-18"", ""endDate"": ""2023-11-16"", ""page"": """"}",01_raw/KWater/mywater_station/hydr/H/1003110/2023-10-18_2023-11-16.json,102424,8e7c5fc258ad4da25fa5d644e196e203219dd7e79c287a461be001911fe54df9,720,N
2026-09-29T11:56:31Z,K-water,MyWater(water.or.kr) 수문 ajaxProc,https://www.water.or.kr/kor/realtime/sumun/ajaxProc.do,"{""mode"": ""getRain"", ""damCd"": ""1003110"", ""param1"": ""A"", ""rainJobGb"": ""H"", ""rainStartDate"": ""2022-10-23"", ""rainEndDate"": ""2022-11-21""}",01_raw/KWater/mywater_station/rain/A/1003110/2022-10-23_2022-11-21.json,4475,34b0c977c77b5d7db799667ca2759ca54de64e6505a73856098e1988fafdea44,36,N
2026-09-29T11:56:33Z,K-water,MyWater(water.or.kr) 수문 ajaxProc,https://www.water.or.kr/kor/realtime/sumun/ajaxProc.do,"{""mode"": ""getHydr"", ""damCd"": ""1003110"", ""param1"": ""H"", ""startDate"": ""2023-11-17"", ""endDate"": ""2023-12-16"", ""page"": """"}",01_raw/KWater/mywater_station/hydr/H/1003110/2023-11-17_2023-12-16.json,105701,e2c0749775f4c5a58cfe653b974c0457931382fbb57d2787d6594e29e787ef00,720,N
2026-09-29T11:56:35Z,K-water,MyWater(water.or.kr) 수문 ajaxProc,https://www.water.or.kr/kor/realtime/sumun/ajaxProc.do,"{""mode"": ""getRain"", ""damCd"": ""1003110"", ""param1"": ""A"", ""rainJobGb"": ""H"", ""rainStartDate"": ""2022-11-22"", ""rainEndDate"": ""2022-12-21""}",01_raw/KWater/mywater_station/rain/A/1003110/2022-11-22_2022-12-21.json,4476,5df5c64f634be490f367556ff56983a453a738f1893b1f6f825a5adfd31acaa8,36,N
2026-09-29T11:56:37Z,K-water,MyWater(water.or.kr) 수문 ajaxProc,https://www.water.or.kr/kor/realtime/sumun/ajaxProc.do,"{""mode"": ""getHydr"", ""damCd"": ""1003110"", ""param1"": ""H"", ""startDate"": ""2023-12-17"", ""endDate"": ""2024-01-15"", ""page"": """"}",01_raw/KWater/mywater_station/hydr/H/1003110/2023-12-17_2024-01-15.json,105994,cae26744264066cd01657a39307ecc3b832f4adef3581aa8bd021ed6882336cf,720,N
2026-09-29T11:56:39Z,K-water,MyWater(water.or.kr) 수문 ajaxProc,https://www.water.or.kr/kor/realtime/sumun/ajaxProc.do,"{""mode"": ""getHydr"", ""damCd"": ""1003110"", ""param1"": ""H"", ""startDate"": ""2024-01-16"", ""endDate"": ""2024-02-14"", ""page"": """"}",01_raw/KWater/mywater_station/hydr/H/1003110/2024-01-16_2024-02-14.json,107361,22eefd6a29e0c411bbf53743ec10089525f78920121ef073c2c1d3417e208173,720,N
2026-09-29T11:56:39Z,K-water,MyWater(water.or.kr) 수문 ajaxProc,https://www.water.or.kr/kor/realtime/sumun/ajaxProc.do,"{""mode"": ""getRain"", ""damCd"": ""1003110"", ""param1"": ""A"", ""rainJobGb"": ""H"", ""rainStartDate"": ""2022-12-22"", ""rainEndDate"": ""2023-01-20""}",01_raw/KWater/mywater_station/rain/A/1003110/2022-12-22_2023-01-20.json,4406,3d20fd4e6ec16126f5fdc0fdf1e607bc0e7c5f43dca1393fa04ddae25014114b,36,N
2026-09-29T11:56:42Z,K-water,MyWater(water.or.kr) 수문 ajaxProc,https://www.water.or.kr/kor/realtime/sumun/ajaxProc.do,"{""mode"": ""getHydr"", ""damCd"": ""1003110"", ""param1"": ""H"", ""startDate"": ""2024-02-15"", ""endDate"": ""2024-03-15"", ""page"": """"}",01_raw/KWater/mywater_station/hydr/H/1003110/2024-02-15_2024-03-15.json,114251,a0d80c58a9be0c7f89f63ae79fca4bd75cddb78e786a606f4ea27d503d6815a2,720,N
2026-09-29T11:56:42Z,K-water,MyWater(water.or.kr) 수문 ajaxProc,https://www.water.or.kr/kor/realtime/sumun/ajaxProc.do,"{""mode"": ""getRain"", ""damCd"": ""1003110"", ""param1"": ""A"", ""rainJobGb"": ""H"", ""rainStartDate"": ""2023-01-21"", ""rainEndDate"": ""2023-02-19""}",01_raw/KWater/mywater_station/rain/A/1003110/2023-01-21_2023-02-19.json,4406,d3b0594c551018e965dcc62de42e8a4f154a79f91e6b9fbe85dabad94238091b,36,N
2026-09-29T11:56:45Z,K-water,MyWater(water.or.kr) 수문 ajaxProc,https://www.water.or.kr/kor/realtime/sumun/ajaxProc.do,"{""mode"": ""getHydr"", ""damCd"": ""1003110"", ""param1"": ""H"", ""startDate"": ""2024-03-16"", ""endDate"": ""2024-04-14"", ""page"": """"}",01_raw/KWater/mywater_station/hydr/H/1003110/2024-03-16_2024-04-14.json,109476,4e07bf2c8bfba1a0ac13c8d6db4595f8641be1602274c2fd801379097168555e,720,N
2026-09-29T11:56:47Z,K-water,MyWater(water.or.kr) 수문 ajaxProc,https://www.water.or.kr/kor/realtime/sumun/ajaxProc.do,"{""mode"": ""getHydr"", ""damCd"": ""1003110"", ""param1"": ""H"", ""startDate"": ""2024-04-15"", ""endDate"": ""2024-05-14"", ""page"": """"}",01_raw/KWater/mywater_station/hydr/H/1003110/2024-04-15_2024-05-14.json,104547,f088b78778cce2581ad69d5e98ea306302337959ae6e648f9c5726507ffe97ac,720,N
2026-09-29T11:56:46Z,K-water,MyWater(water.or.kr) 수문 ajaxProc,https://www.water.or.kr/kor/realtime/sumun/ajaxProc.do,"{""mode"": ""getRain"", ""damCd"": ""1003110"", ""param1"": ""A"", ""rainJobGb"": ""H"", ""rainStartDate"": ""2023-02-20"", ""rainEndDate"": ""2023-03-21""}",01_raw/KWater/mywater_station/rain/A/1003110/2023-02-20_2023-03-21.json,4405,3f1a8daba33e07e0ed1e232148d45906485cf7d7a3283a3e2fd73ecd726c551d,36,N
2026-09-29T11:56:50Z,K-water,MyWater(water.or.kr) 수문 ajaxProc,https://www.water.or.kr/kor/realtime/sumun/ajaxProc.do,"{""mode"": ""getHydr"", ""damCd"": ""1003110"", ""param1"": ""H"", ""startDate"": ""2024-05-15"", ""endDate"": ""2024-06-13"", ""page"": """"}",01_raw/KWater/mywater_station/hydr/H/1003110/2024-05-15_2024-06-13.json,103938,18e97ee733862380629c6b90fea019196a9640f3bcf9d6972e6bef991d977d45,720,N
2026-09-29T11:56:50Z,K-water,MyWater(water.or.kr) 수문 ajaxProc,https://www.water.or.kr/kor/realtime/sumun/ajaxProc.do,"{""mode"": ""getRain"", ""damCd"": ""1003110"", ""param1"": ""A"", ""rainJobGb"": ""H"", ""rainStartDate"": ""2023-03-22"", ""rainEndDate"": ""2023-04-20""}",01_raw/KWater/mywater_station/rain/A/1003110/2023-03-22_2023-04-20.json,4418,ad2edc782cd9f118bfc499f538a029c0a675e58e2977a858e0df95e3d40a49f6,36,N
2026-09-29T11:56:53Z,K-water,MyWater(water.or.kr) 수문 ajaxProc,https://www.water.or.kr/kor/realtime/sumun/ajaxProc.do,"{""mode"": ""getHydr"", ""damCd"": ""1003110"", ""param1"": ""H"", ""startDate"": ""2024-06-14"", ""endDate"": ""2024-07-13"", ""page"": """"}",01_raw/KWater/mywater_station/hydr/H/1003110/2024-06-14_2024-07-13.json,105357,0bce859024c8afa4ca677f5c922eda2936fbeae2870794bdea0718dda7498b60,720,N
2026-09-29T11:56:53Z,K-water,MyWater(water.or.kr) 수문 ajaxProc,https://www.water.or.kr/kor/realtime/sumun/ajaxProc.do,"{""mode"": ""getRain"", ""damCd"": ""1003110"", ""param1"": ""A"", ""rainJobGb"": ""H"", ""rainStartDate"": ""2023-04-21"", ""rainEndDate"": ""2023-05-20""}",01_raw/KWater/mywater_station/rain/A/1003110/2023-04-21_2023-05-20.json,4441,3c616a2aa085a21d921d19e82cbad28c3d0bb126b1b388b3f4f52cdeaa97220c,36,N
2026-09-29T11:56:55Z,K-water,MyWater(water.or.kr) 수문 ajaxProc,https://www.water.or.kr/kor/realtime/sumun/ajaxProc.do,"{""mode"": ""getHydr"", ""damCd"": ""1003110"", ""param1"": ""H"", ""startDate"": ""2024-07-14"", ""endDate"": ""2024-08-12"", ""page"": """"}",01_raw/KWater/mywater_station/hydr/H/1003110/2024-07-14_2024-08-12.json,105875,2ae4531f6a36270eba5af8295152ceba3516828350e2115b46814f70ba0fb220,720,N
2026-09-29T11:56:58Z,K-water,MyWater(water.or.kr) 수문 ajaxProc,https://www.water.or.kr/kor/realtime/sumun/ajaxProc.do,"{""mode"": ""getHydr"", ""damCd"": ""1003110"", ""param1"": ""H"", ""startDate"": ""2024-08-13"", ""endDate"": ""2024-09-11"", ""page"": """"}",01_raw/KWater/mywater_station/hydr/H/1003110/2024-08-13_2024-09-11.json,103217,31df7463a837b8a3f9f96301327e8c0ab4ed1d641b935bb221bbf07e709e94dd,720,N
2026-09-29T11:56:57Z,K-water,MyWater(water.or.kr) 수문 ajaxProc,https://www.water.or.kr/kor/realtime/sumun/ajaxProc.do,"{""mode"": ""getRain"", ""damCd"": ""1003110"", ""param1"": ""A"", ""rainJobGb"": ""H"", ""rainStartDate"": ""2023-05-21"", ""rainEndDate"": ""2023-06-19""}",01_raw/KWater/mywater_station/rain/A/1003110/2023-05-21_2023-06-19.json,4441,4b785144695899c4dbfb6e39883f1fa30b865ff16fde0c87159da8b227997622,36,N
2026-09-29T11:57:00Z,K-water,MyWater(water.or.kr) 수문 ajaxProc,https://www.water.or.kr/kor/realtime/sumun/ajaxProc.do,"{""mode"": ""getHydr"", ""damCd"": ""1003110"", ""param1"": ""H"", ""startDate"": ""2024-09-12"", ""endDate"": ""2024-10-11"", ""page"": """"}",01_raw/KWater/mywater_station/hydr/H/1003110/2024-09-12_2024-10-11.json,104683,f6c20c879a4b19b86f41d4e69803c878eb12935b4832d91b8a5da14093df434d,720,N
2026-09-29T11:57:01Z,K-water,MyWater(water.or.kr) 수문 ajaxProc,https://www.water.or.kr/kor/realtime/sumun/ajaxProc.do,"{""mode"": ""getRain"", ""damCd"": ""1003110"", ""param1"": ""A"", ""rainJobGb"": ""H"", ""rainStartDate"": ""2023-06-20"", ""rainEndDate"": ""2023-07-19""}",01_raw/KWater/mywater_station/rain/A/1003110/2023-06-20_2023-07-19.json,4448,0c37286d2d6aff02583dd8af3072498798318810265a9ef5b12a4080ec277c7d,36,N
2026-09-29T11:57:03Z,K-water,MyWater(water.or.kr) 수문 ajaxProc,https://www.water.or.kr/kor/realtime/sumun/ajaxProc.do,"{""mode"": ""getHydr"", ""damCd"": ""1003110"", ""param1"": ""H"", ""startDate"": ""2024-10-12"", ""endDate"": ""2024-11-10"", ""page"": """"}",01_raw/KWater/mywater_station/hydr/H/1003110/2024-10-12_2024-11-10.json,104177,a6fafcd1690d7617c152f9bc93a1a92232e999fe0666a1ce8746c27f95988ecc,720,N
2026-09-29T11:57:04Z,K-water,MyWater(water.or.kr) 수문 ajaxProc,https://www.water.or.kr/kor/realtime/sumun/ajaxProc.do,"{""mode"": ""getRain"", ""damCd"": ""1003110"", ""param1"": ""A"", ""rainJobGb"": ""H"", ""rainStartDate"": ""2023-07-20"", ""rainEndDate"": ""2023-08-18""}",01_raw/KWater/mywater_station/rain/A/1003110/2023-07-20_2023-08-18.json,4467,d17e02e84c48cf15bc20aa562eacf608ce84f7fd4bc97d0439d2663d42a6a3f8,36,N
2026-09-29T11:57:06Z,K-water,MyWater(water.or.kr) 수문 ajaxProc,https://www.water.or.kr/kor/realtime/sumun/ajaxProc.do,"{""mode"": ""getHydr"", ""damCd"": ""1003110"", ""param1"": ""H"", ""startDate"": ""2024-11-11"", ""endDate"": ""2024-12-10"", ""page"": """"}",01_raw/KWater/mywater_station/hydr/H/1003110/2024-11-11_2024-12-10.json,103390,5d145fa462df8ff590511173e004fee97ebcadadb1af0ca609470bdc43b1ac69,720,N
2026-09-29T11:57:08Z,K-water,MyWater(water.or.kr) 수문 ajaxProc,https://www.water.or.kr/kor/realtime/sumun/ajaxProc.do,"{""mode"": ""getHydr"", ""damCd"": ""1003110"", ""param1"": ""H"", ""startDate"": ""2024-12-11"", ""endDate"": ""2025-01-09"", ""page"": """"}",01_raw/KWater/mywater_station/hydr/H/1003110/2024-12-11_2025-01-09.json,102469,777e7abe924fd5a2cab862477fa02282ace450480d529320b4dbbdba39f8ada5,720,N
2026-09-29T11:57:08Z,K-water,MyWater(water.or.kr) 수문 ajaxProc,https://www.water.or.kr/kor/realtime/sumun/ajaxProc.do,"{""mode"": ""getRain"", ""damCd"": ""1003110"", ""param1"": ""A"", ""rainJobGb"": ""H"", ""rainStartDate"": ""2023-08-19"", ""rainEndDate"": ""2023-09-17""}",01_raw/KWater/mywater_station/rain/A/1003110/2023-08-19_2023-09-17.json,4475,fdcff4042035351779dbfad87cadc056e30a81377384bb267d31b9b77eaa3849,36,N
2026-09-29T11:57:11Z,K-water,MyWater(water.or.kr) 수문 ajaxProc,https://www.water.or.kr/kor/realtime/sumun/ajaxProc.do,"{""mode"": ""getHydr"", ""damCd"": ""1003110"", ""param1"": ""H"", ""startDate"": ""2025-01-10"", ""endDate"": ""2025-02-08"", ""page"": """"}",01_raw/KWater/mywater_station/hydr/H/1003110/2025-01-10_2025-02-08.json,101816,b0f103e402d82bc9ea27099cb2a9a30f56bd0a447b70df7dca2ef3874bb88291,720,N
2026-09-29T11:57:12Z,K-water,MyWater(water.or.kr) 수문 ajaxProc,https://www.water.or.kr/kor/realtime/sumun/ajaxProc.do,"{""mode"": ""getRain"", ""damCd"": ""1003110"", ""param1"": ""A"", ""rainJobGb"": ""H"", ""rainStartDate"": ""2023-09-18"", ""rainEndDate"": ""2023-10-17""}",01_raw/KWater/mywater_station/rain/A/1003110/2023-09-18_2023-10-17.json,4477,312254ebbb0c2bc68988123d555093e3d393b2dd1b848489c0931d90b07c0084,36,N
2026-09-29T11:57:13Z,K-water,MyWater(water.or.kr) 수문 ajaxProc,https://www.water.or.kr/kor/realtime/sumun/ajaxProc.do,"{""mode"": ""getHydr"", ""damCd"": ""1003110"", ""param1"": ""H"", ""startDate"": ""2025-02-09"", ""endDate"": ""2025-03-10"", ""page"": """"}",01_raw/KWater/mywater_station/hydr/H/1003110/2025-02-09_2025-03-10.json,102409,1e1e285e457c255696ff2af890b61d9c772ab81317fc700abb965eaf9786fba7,720,N
2026-09-29T11:57:16Z,K-water,MyWater(water.or.kr) 수문 ajaxProc,https://www.water.or.kr/kor/realtime/sumun/ajaxProc.do,"{""mode"": ""getHydr"", ""damCd"": ""1003110"", ""param1"": ""H"", ""startDate"": ""2025-03-11"", ""endDate"": ""2025-04-09"", ""page"": """"}",01_raw/KWater/mywater_station/hydr/H/1003110/2025-03-11_2025-04-09.json,103573,7cd6825505d02be7b354b33154ff2e487b5a52ad1944d60f12be3ea48d227ff2,720,N
2026-09-29T11:57:16Z,K-water,MyWater(water.or.kr) 수문 ajaxProc,https://www.water.or.kr/kor/realtime/sumun/ajaxProc.do,"{""mode"": ""getRain"", ""damCd"": ""1003110"", ""param1"": ""A"", ""rainJobGb"": ""H"", ""rainStartDate"": ""2023-10-18"", ""rainEndDate"": ""2023-11-16""}",01_raw/KWater/mywater_station/rain/A/1003110/2023-10-18_2023-11-16.json,4477,6498f021905d28752dfcd6fe768bdb0960d0858b16da2ef4f32501cf49943839,36,N
2026-09-29T11:57:19Z,K-water,MyWater(water.or.kr) 수문 ajaxProc,https://www.water.or.kr/kor/realtime/sumun/ajaxProc.do,"{""mode"": ""getHydr"", ""damCd"": ""1003110"", ""param1"": ""H"", ""startDate"": ""2025-04-10"", ""endDate"": ""2025-05-09"", ""page"": """"}",01_raw/KWater/mywater_station/hydr/H/1003110/2025-04-10_2025-05-09.json,104122,54a785ec2ae44be161a0c9580d0bc35dd24ca11cf167d33cd51249b3d2ee2f46,720,N
2026-09-29T11:57:19Z,K-water,MyWater(water.or.kr) 수문 ajaxProc,https://www.water.or.kr/kor/realtime/sumun/ajaxProc.do,"{""mode"": ""getRain"", ""damCd"": ""1003110"", ""param1"": ""A"", ""rainJobGb"": ""H"", ""rainStartDate"": ""2023-11-17"", ""rainEndDate"": ""2023-12-16""}",01_raw/KWater/mywater_station/rain/A/1003110/2023-11-17_2023-12-16.json,4477,8bf2275a42922f8dfebab3d0ac1a61275a3cd57a01c8f10b0ad66fd50d844769,36,N
2026-09-29T11:57:22Z,K-water,MyWater(water.or.kr) 수문 ajaxProc,https://www.water.or.kr/kor/realtime/sumun/ajaxProc.do,"{""mode"": ""getHydr"", ""damCd"": ""1003110"", ""param1"": ""H"", ""startDate"": ""2025-05-10"", ""endDate"": ""2025-06-08"", ""page"": """"}",01_raw/KWater/mywater_station/hydr/H/1003110/2025-05-10_2025-06-08.json,104889,3419dfb6842a07ed40b28224a5f21dd6179fdc4f1c01d72f870846200c6fc1e5,720,N
2026-09-29T11:57:23Z,K-water,MyWater(water.or.kr) 수문 ajaxProc,https://www.water.or.kr/kor/realtime/sumun/ajaxProc.do,"{""mode"": ""getRain"", ""damCd"": ""1003110"", ""param1"": ""A"", ""rainJobGb"": ""H"", ""rainStartDate"": ""2023-12-17"", ""rainEndDate"": ""2024-01-15""}",01_raw/KWater/mywater_station/rain/A/1003110/2023-12-17_2024-01-15.json,4372,3e730eb6cf4f5e51e320bee393816d44e9aec179fcdd37c7f6635c4709a07972,36,N
2026-09-29T11:57:25Z,K-water,MyWater(water.or.kr) 수문 ajaxProc,https://www.water.or.kr/kor/realtime/sumun/ajaxProc.do,"{""mode"": ""getHydr"", ""damCd"": ""1003110"", ""param1"": ""H"", ""startDate"": ""2025-06-09"", ""endDate"": ""2025-07-08"", ""page"": """"}",01_raw/KWater/mywater_station/hydr/H/1003110/2025-06-09_2025-07-08.json,105419,c9bbcae4fa5be2f9256fa00ed2f8faa9f29e1e9c29b01ea61499375ba3325cae,720,N
2026-09-29T11:57:27Z,K-water,MyWater(water.or.kr) 수문 ajaxProc,https://www.water.or.kr/kor/realtime/sumun/ajaxProc.do,"{""mode"": ""getHydr"", ""damCd"": ""1003110"", ""param1"": ""H"", ""startDate"": ""2025-07-09"", ""endDate"": ""2025-08-07"", ""page"": """"}",01_raw/KWater/mywater_station/hydr/H/1003110/2025-07-09_2025-08-07.json,105049,435619127665fde571b392d664fcd2ce0c6674bac08678e74d922819b999f32d,720,N
2026-09-29T11:57:27Z,K-water,MyWater(water.or.kr) 수문 ajaxProc,https://www.water.or.kr/kor/realtime/sumun/ajaxProc.do,"{""mode"": ""getRain"", ""damCd"": ""1003110"", ""param1"": ""A"", ""rainJobGb"": ""H"", ""rainStartDate"": ""2024-01-16"", ""rainEndDate"": ""2024-02-14""}",01_raw/KWater/mywater_station/rain/A/1003110/2024-01-16_2024-02-14.json,4406,9a6e5d82050edcc1f5fca1c1cfe038869ae29e09d2ebd4fe544c3db8ee277a39,36,N
2026-09-29T11:57:30Z,K-water,MyWater(water.or.kr) 수문 ajaxProc,https://www.water.or.kr/kor/realtime/sumun/ajaxProc.do,"{""mode"": ""getHydr"", ""damCd"": ""1003110"", ""param1"": ""H"", ""startDate"": ""2025-08-08"", ""endDate"": ""2025-09-06"", ""page"": """"}",01_raw/KWater/mywater_station/hydr/H/1003110/2025-08-08_2025-09-06.json,104221,d3ddd1d5403c65c6e649940b6ea610ba90376bf02daf1307855cf6c64e96fd9b,720,N
2026-09-29T11:57:30Z,K-water,MyWater(water.or.kr) 수문 ajaxProc,https://www.water.or.kr/kor/realtime/sumun/ajaxProc.do,"{""mode"": ""getRain"", ""damCd"": ""1003110"", ""param1"": ""A"", ""rainJobGb"": ""H"", ""rainStartDate"": ""2024-02-15"", ""rainEndDate"": ""2024-03-15""}",01_raw/KWater/mywater_station/rain/A/1003110/2024-02-15_2024-03-15.json,4426,9f39c9a35f514af2b5303376a75fceeb99254ede6322c774bb928415a28a0c8c,36,N
2026-09-29T11:57:33Z,K-water,MyWater(water.or.kr) 수문 ajaxProc,https://www.water.or.kr/kor/realtime/sumun/ajaxProc.do,"{""mode"": ""getHydr"", ""damCd"": ""1003110"", ""param1"": ""H"", ""startDate"": ""2025-09-07"", ""endDate"": ""2025-10-06"", ""page"": """"}",01_raw/KWater/mywater_station/hydr/H/1003110/2025-09-07_2025-10-06.json,106029,0ce034d73b8d122825683df78fa37d7a903b6638c521a15b83475341d7a6cf1d,720,N
2026-09-29T11:57:34Z,K-water,MyWater(water.or.kr) 수문 ajaxProc,https://www.water.or.kr/kor/realtime/sumun/ajaxProc.do,"{""mode"": ""getRain"", ""damCd"": ""1003110"", ""param1"": ""A"", ""rainJobGb"": ""H"", ""rainStartDate"": ""2024-03-16"", ""rainEndDate"": ""2024-04-14""}",01_raw/KWater/mywater_station/rain/A/1003110/2024-03-16_2024-04-14.json,4441,e1676ebe7aeb27be2c8767a63dd29bbf5775ac51beab6ec464ef5598a8aff5ce,36,N
2026-09-29T11:57:35Z,K-water,MyWater(water.or.kr) 수문 ajaxProc,https://www.water.or.kr/kor/realtime/sumun/ajaxProc.do,"{""mode"": ""getHydr"", ""damCd"": ""1003110"", ""param1"": ""H"", ""startDate"": ""2025-10-07"", ""endDate"": ""2025-11-05"", ""page"": """"}",01_raw/KWater/mywater_station/hydr/H/1003110/2025-10-07_2025-11-05.json,107577,3b4e57fa9aaf1113f4c1397bc5803d862eb53914b232f053ce37bbea1e30d061,720,N
2026-09-29T11:57:38Z,K-water,MyWater(water.or.kr) 수문 ajaxProc,https://www.water.or.kr/kor/realtime/sumun/ajaxProc.do,"{""mode"": ""getHydr"", ""damCd"": ""1003110"", ""param1"": ""H"", ""startDate"": ""2025-11-06"", ""endDate"": ""2025-12-05"", ""page"": """"}",01_raw/KWater/mywater_station/hydr/H/1003110/2025-11-06_2025-12-05.json,103336,9c031a147fbc6a6a9a7c4d5d6cc73ee27cb01ebf288afd1d83ecbcdc88d37811,720,N
2026-09-29T11:57:38Z,K-water,MyWater(water.or.kr) 수문 ajaxProc,https://www.water.or.kr/kor/realtime/sumun/ajaxProc.do,"{""mode"": ""getRain"", ""damCd"": ""1003110"", ""param1"": ""A"", ""rainJobGb"": ""H"", ""rainStartDate"": ""2024-04-15"", ""rainEndDate"": ""2024-05-14""}",01_raw/KWater/mywater_station/rain/A/1003110/2024-04-15_2024-05-14.json,4442,ba15ac470a67df15d2ab239c90cdf73a2c02793d245de536183ef748dc18795d,36,N
2026-09-29T11:57:41Z,K-water,MyWater(water.or.kr) 수문 ajaxProc,https://www.water.or.kr/kor/realtime/sumun/ajaxProc.do,"{""mode"": ""getHydr"", ""damCd"": ""1003110"", ""param1"": ""H"", ""startDate"": ""2025-12-06"", ""endDate"": ""2026-01-04"", ""page"": """"}",01_raw/KWater/mywater_station/hydr/H/1003110/2025-12-06_2026-01-04.json,103618,6ffaadbf909e580c9d0d38021ad59a787ece0c4d4903ef881d3d46745276018f,720,N
2026-09-29T11:57:42Z,K-water,MyWater(water.or.kr) 수문 ajaxProc,https://www.water.or.kr/kor/realtime/sumun/ajaxProc.do,"{""mode"": ""getRain"", ""damCd"": ""1003110"", ""param1"": ""A"", ""rainJobGb"": ""H"", ""rainStartDate"": ""2024-05-15"", ""rainEndDate"": ""2024-06-13""}",01_raw/KWater/mywater_station/rain/A/1003110/2024-05-15_2024-06-13.json,4441,f118d9b96cbcade958e4e1129064785db29e04861da81f559d069ff7ba7e64e4,36,N
2026-09-29T11:57:44Z,K-water,MyWater(water.or.kr) 수문 ajaxProc,https://www.water.or.kr/kor/realtime/sumun/ajaxProc.do,"{""mode"": ""getHydr"", ""damCd"": ""1003110"", ""param1"": ""H"", ""startDate"": ""2026-01-05"", ""endDate"": ""2026-02-03"", ""page"": """"}",01_raw/KWater/mywater_station/hydr/H/1003110/2026-01-05_2026-02-03.json,103377,11dcadd4b1fd4b73e8bd28a2529893bf6a106cc5bac0804b3b6b69585d9c28de,720,N
2026-09-29T11:57:47Z,K-water,MyWater(water.or.kr) 수문 ajaxProc,https://www.water.or.kr/kor/realtime/sumun/ajaxProc.do,"{""mode"": ""getHydr"", ""damCd"": ""1003110"", ""param1"": ""H"", ""startDate"": ""2026-02-04"", ""endDate"": ""2026-03-05"", ""page"": """"}",01_raw/KWater/mywater_station/hydr/H/1003110/2026-02-04_2026-03-05.json,103821,2b3aaf5bff9a6f5b853ce7fc80c8c27cee46e097cfbdf7d29ad6c2aaefcc438f,720,N
2026-09-29T11:57:46Z,K-water,MyWater(water.or.kr) 수문 ajaxProc,https://www.water.or.kr/kor/realtime/sumun/ajaxProc.do,"{""mode"": ""getRain"", ""damCd"": ""1003110"", ""param1"": ""A"", ""rainJobGb"": ""H"", ""rainStartDate"": ""2024-06-14"", ""rainEndDate"": ""2024-07-13""}",01_raw/KWater/mywater_station/rain/A/1003110/2024-06-14_2024-07-13.json,4441,53001da766f0984f8595f452266d817d56a2354ea8c6577d10c0950ebcb9eaa4,36,N
2026-09-29T11:57:50Z,K-water,MyWater(water.or.kr) 수문 ajaxProc,https://www.water.or.kr/kor/realtime/sumun/ajaxProc.do,"{""mode"": ""getHydr"", ""damCd"": ""1003110"", ""param1"": ""H"", ""startDate"": ""2026-03-06"", ""endDate"": ""2026-04-04"", ""page"": """"}",01_raw/KWater/mywater_station/hydr/H/1003110/2026-03-06_2026-04-04.json,104001,e05d70dc0bd9b2a21e80019ea5d6a263f98523db7056f0277869946a7130e7aa,720,N
2026-09-29T11:57:50Z,K-water,MyWater(water.or.kr) 수문 ajaxProc,https://www.water.or.kr/kor/realtime/sumun/ajaxProc.do,"{""mode"": ""getRain"", ""damCd"": ""1003110"", ""param1"": ""A"", ""rainJobGb"": ""H"", ""rainStartDate"": ""2024-07-14"", ""rainEndDate"": ""2024-08-12""}",01_raw/KWater/mywater_station/rain/A/1003110/2024-07-14_2024-08-12.json,4448,66930e32e1e500e84e3b2cf184cb9ea1b06c946c4f8299b1067bd8d24107e41c,36,N
2026-09-29T11:57:52Z,K-water,MyWater(water.or.kr) 수문 ajaxProc,https://www.water.or.kr/kor/realtime/sumun/ajaxProc.do,"{""mode"": ""getHydr"", ""damCd"": ""1003110"", ""param1"": ""H"", ""startDate"": ""2026-04-05"", ""endDate"": ""2026-05-04"", ""page"": """"}",01_raw/KWater/mywater_station/hydr/H/1003110/2026-04-05_2026-05-04.json,104612,acdb89d4c35b50605d6d97a240d583f9032cbe5a11e525c06b22875f57cf3665,720,N
2026-09-29T11:57:54Z,K-water,MyWater(water.or.kr) 수문 ajaxProc,https://www.water.or.kr/kor/realtime/sumun/ajaxProc.do,"{""mode"": ""getRain"", ""damCd"": ""1003110"", ""param1"": ""A"", ""rainJobGb"": ""H"", ""rainStartDate"": ""2024-08-13"", ""rainEndDate"": ""2024-09-11""}",01_raw/KWater/mywater_station/rain/A/1003110/2024-08-13_2024-09-11.json,4454,0d15b6f68f6d11719a157f04c18e7915c596994655eed7aa927e7f5e528e6397,36,N
2026-09-29T11:57:55Z,K-water,MyWater(water.or.kr) 수문 ajaxProc,https://www.water.or.kr/kor/realtime/sumun/ajaxProc.do,"{""mode"": ""getHydr"", ""damCd"": ""1003110"", ""param1"": ""H"", ""startDate"": ""2026-05-05"", ""endDate"": ""2026-06-03"", ""page"": """"}",01_raw/KWater/mywater_station/hydr/H/1003110/2026-05-05_2026-06-03.json,104224,9991bca89e0ab4628537772f420a930594f794d8c73a0e1486cd984c589370f6,720,N
2026-09-29T11:57:57Z,K-water,MyWater(water.or.kr) 수문 ajaxProc,https://www.water.or.kr/kor/realtime/sumun/ajaxProc.do,"{""mode"": ""getHydr"", ""damCd"": ""1003110"", ""param1"": ""H"", ""startDate"": ""2026-06-04"", ""endDate"": ""2026-07-03"", ""page"": """"}",01_raw/KWater/mywater_station/hydr/H/1003110/2026-06-04_2026-07-03.json,104121,eee40b0e7059d9f0c1ee7e910b6ce16ae139de9cbeaf55d0a6eb04f4c06a1064,720,N
2026-09-29T11:57:57Z,K-water,MyWater(water.or.kr) 수문 ajaxProc,https://www.water.or.kr/kor/realtime/sumun/ajaxProc.do,"{""mode"": ""getRain"", ""damCd"": ""1003110"", ""param1"": ""A"", ""rainJobGb"": ""H"", ""rainStartDate"": ""2024-09-12"", ""rainEndDate"": ""2024-10-11""}",01_raw/KWater/mywater_station/rain/A/1003110/2024-09-12_2024-10-11.json,4474,36508c4c5783bf7ad3055e79e28d3907a31cfcfa495a43f74458e6852fb7a3a9,36,N
2026-09-29T11:58:00Z,K-water,MyWater(water.or.kr) 수문 ajaxProc,https://www.water.or.kr/kor/realtime/sumun/ajaxProc.do,"{""mode"": ""getHydr"", ""damCd"": ""1003110"", ""param1"": ""H"", ""startDate"": ""2026-07-04"", ""endDate"": ""2026-08-02"", ""page"": """"}",01_raw/KWater/mywater_station/hydr/H/1003110/2026-07-04_2026-08-02.json,106571,fe8b12570eb4368d78b7440320786e51140e35f27fdb4fb1571cf6a1c4a1ad1d,720,N
2026-09-29T11:58:01Z,K-water,MyWater(water.or.kr) 수문 ajaxProc,https://www.water.or.kr/kor/realtime/sumun/ajaxProc.do,"{""mode"": ""getRain"", ""damCd"": ""1003110"", ""param1"": ""A"", ""rainJobGb"": ""H"", ""rainStartDate"": ""2024-10-12"", ""rainEndDate"": ""2024-11-10""}",01_raw/KWater/mywater_station/rain/A/1003110/2024-10-12_2024-11-10.json,4478,e9968a1f9ec2ddb9b64a0c8b08502bac095dade5daf163e17521b0c93da50274,36,N
2026-09-29T11:58:03Z,K-water,MyWater(water.or.kr) 수문 ajaxProc,https://www.water.or.kr/kor/realtime/sumun/ajaxProc.do,"{""mode"": ""getHydr"", ""damCd"": ""1003110"", ""param1"": ""H"", ""startDate"": ""2026-08-03"", ""endDate"": ""2026-09-01"", ""page"": """"}",01_raw/KWater/mywater_station/hydr/H/1003110/2026-08-03_2026-09-01.json,105701,89115d1a3914641c957bdd0a0ba4651b983522d848ef21a5f956db5fadb86d06,720,N
2026-09-29T11:58:05Z,K-water,MyWater(water.or.kr) 수문 ajaxProc,https://www.water.or.kr/kor/realtime/sumun/ajaxProc.do,"{""mode"": ""getHydr"", ""damCd"": ""1003110"", ""param1"": ""H"", ""startDate"": ""2026-09-02"", ""endDate"": ""2026-09-28"", ""page"": """"}",01_raw/KWater/mywater_station/hydr/H/1003110/2026-09-02_2026-09-28.json,94196,d6ef0744882ca239718e5a0d7697779a5e6a7fe5126a645aaa7457c8521d1664,648,N
2026-09-29T11:58:05Z,K-water,MyWater(water.or.kr) 수문 ajaxProc,https://www.water.or.kr/kor/realtime/sumun/ajaxProc.do,"{""mode"": ""getRain"", ""damCd"": ""1003110"", ""param1"": ""A"", ""rainJobGb"": ""H"", ""rainStartDate"": ""2024-11-11"", ""rainEndDate"": ""2024-12-10""}",01_raw/KWater/mywater_station/rain/A/1003110/2024-11-11_2024-12-10.json,4477,b1ab8bb1e135d1d3d6fb412b94e91be7e75e14c9488365846718eac9630198d3,36,N
2026-09-29T11:58:08Z,K-water,MyWater(water.or.kr) 수문 ajaxProc,https://www.water.or.kr/kor/realtime/sumun/ajaxProc.do,"{""mode"": ""getHydr"", ""damCd"": ""1003611"", ""param1"": ""H"", ""startDate"": ""2021-01-01"", ""endDate"": ""2021-01-30"", ""page"": """"}",01_raw/KWater/mywater_station/hydr/H/1003611/2021-01-01_2021-01-30.json,100697,b1acfcbc5173d219cdefdbafc5d6a4a003926f3b4a2ab4d1f18f267898f84951,720,N
2026-09-29T11:58:09Z,K-water,MyWater(water.or.kr) 수문 ajaxProc,https://www.water.or.kr/kor/realtime/sumun/ajaxProc.do,"{""mode"": ""getRain"", ""damCd"": ""1003110"", ""param1"": ""A"", ""rainJobGb"": ""H"", ""rainStartDate"": ""2024-12-11"", ""rainEndDate"": ""2025-01-09""}",01_raw/KWater/mywater_station/rain/A/1003110/2024-12-11_2025-01-09.json,4371,cf95cdeb14daf66e2b8a26f1df1b60eafdffa77070c8256f7ddb0858dbf37853,36,N
2026-09-29T11:58:11Z,K-water,MyWater(water.or.kr) 수문 ajaxProc,https://www.water.or.kr/kor/realtime/sumun/ajaxProc.do,"{""mode"": ""getHydr"", ""damCd"": ""1003611"", ""param1"": ""H"", ""startDate"": ""2021-01-31"", ""endDate"": ""2021-03-01"", ""page"": """"}",01_raw/KWater/mywater_station/hydr/H/1003611/2021-01-31_2021-03-01.json,100713,75e4eecd4a84ea6df89283ccb432eca28e893338fb5927e40dcf021216108278,720,N
2026-09-29T11:58:14Z,K-water,MyWater(water.or.kr) 수문 ajaxProc,https://www.water.or.kr/kor/realtime/sumun/ajaxProc.do,"{""mode"": ""getHydr"", ""damCd"": ""1003611"", ""param1"": ""H"", ""startDate"": ""2021-03-02"", ""endDate"": ""2021-03-31"", ""page"": """"}",01_raw/KWater/mywater_station/hydr/H/1003611/2021-03-02_2021-03-31.json,100726,a5e66df22b497c49abc3b2f33f9240bca045288adc2c20cf4fcf2a60a5c19966,720,N
2026-09-29T11:58:13Z,K-water,MyWater(water.or.kr) 수문 ajaxProc,https://www.water.or.kr/kor/realtime/sumun/ajaxProc.do,"{""mode"": ""getRain"", ""damCd"": ""1003110"", ""param1"": ""A"", ""rainJobGb"": ""H"", ""rainStartDate"": ""2025-01-10"", ""rainEndDate"": ""2025-02-08""}",01_raw/KWater/mywater_station/rain/A/1003110/2025-01-10_2025-02-08.json,4398,9fbb4b5d1308c56c93cbf7a8be920caa30aeb84f5a456cbf162660191a4821a6,36,N
2026-09-29T11:58:16Z,K-water,MyWater(water.or.kr) 수문 ajaxProc,https://www.water.or.kr/kor/realtime/sumun/ajaxProc.do,"{""mode"": ""getHydr"", ""damCd"": ""1003611"", ""param1"": ""H"", ""startDate"": ""2021-04-01"", ""endDate"": ""2021-04-30"", ""page"": """"}",01_raw/KWater/mywater_station/hydr/H/1003611/2021-04-01_2021-04-30.json,101089,fcd1dcc9593c4b65fd1f4a7484ca065387d26bfbcab2a469f3e15d322ac1f27c,720,N
2026-09-29T11:58:17Z,K-water,MyWater(water.or.kr) 수문 ajaxProc,https://www.water.or.kr/kor/realtime/sumun/ajaxProc.do,"{""mode"": ""getRain"", ""damCd"": ""1003110"", ""param1"": ""A"", ""rainJobGb"": ""H"", ""rainStartDate"": ""2025-02-09"", ""rainEndDate"": ""2025-03-10""}",01_raw/KWater/mywater_station/rain/A/1003110/2025-02-09_2025-03-10.json,4406,8481cf35037d00d4097876f46021360bc00c1ff64012432f9a93745370de8fb3,36,N
2026-09-29T11:58:19Z,K-water,MyWater(water.or.kr) 수문 ajaxProc,https://www.water.or.kr/kor/realtime/sumun/ajaxProc.do,"{""mode"": ""getHydr"", ""damCd"": ""1003611"", ""param1"": ""H"", ""startDate"": ""2021-05-01"", ""endDate"": ""2021-05-30"", ""page"": """"}",01_raw/KWater/mywater_station/hydr/H/1003611/2021-05-01_2021-05-30.json,101484,22ed98ba096cbd852c32b6dfec0b004c49b90f8ec9d74c6a7c76fd72f5389c7c,720,N
2026-09-29T11:58:22Z,K-water,MyWater(water.or.kr) 수문 ajaxProc,https://www.water.or.kr/kor/realtime/sumun/ajaxProc.do,"{""mode"": ""getHydr"", ""damCd"": ""1003611"", ""param1"": ""H"", ""startDate"": ""2021-05-31"", ""endDate"": ""2021-06-29"", ""page"": """"}",01_raw/KWater/mywater_station/hydr/H/1003611/2021-05-31_2021-06-29.json,111086,2256de1f39040d1b21e99e5f179a6ce259ba3d07877a687ba6a4eb10aa57c484,720,N
2026-09-29T11:58:21Z,K-water,MyWater(water.or.kr) 수문 ajaxProc,https://www.water.or.kr/kor/realtime/sumun/ajaxProc.do,"{""mode"": ""getRain"", ""damCd"": ""1003110"", ""param1"": ""A"", ""rainJobGb"": ""H"", ""rainStartDate"": ""2025-03-11"", ""rainEndDate"": ""2025-04-09""}",01_raw/KWater/mywater_station/rain/A/1003110/2025-03-11_2025-04-09.json,4413,adb2d524442ead258cde97f91b83a92e7cd691515ff486bf2e94bb8bfeec0006,36,N
2026-09-29T11:58:24Z,K-water,MyWater(water.or.kr) 수문 ajaxProc,https://www.water.or.kr/kor/realtime/sumun/ajaxProc.do,"{""mode"": ""getHydr"", ""damCd"": ""1003611"", ""param1"": ""H"", ""startDate"": ""2021-06-30"", ""endDate"": ""2021-07-29"", ""page"": """"}",01_raw/KWater/mywater_station/hydr/H/1003611/2021-06-30_2021-07-29.json,121050,1c20fc1454e9ec10fefb71f1509ccac68f079f3e985c3dc7f91afbacf99868be,720,N
2026-09-29T11:58:25Z,K-water,MyWater(water.or.kr) 수문 ajaxProc,https://www.water.or.kr/kor/realtime/sumun/ajaxProc.do,"{""mode"": ""getRain"", ""damCd"": ""1003110"", ""param1"": ""A"", ""rainJobGb"": ""H"", ""rainStartDate"": ""2025-04-10"", ""rainEndDate"": ""2025-05-09""}",01_raw/KWater/mywater_station/rain/A/1003110/2025-04-10_2025-05-09.json,4442,6bcb220eed9d2c0b6209efc2fe05126258c1f40bc7dbe19eabe6c9b9917994d0,36,N
2026-09-29T11:58:27Z,K-water,MyWater(water.or.kr) 수문 ajaxProc,https://www.water.or.kr/kor/realtime/sumun/ajaxProc.do,"{""mode"": ""getHydr"", ""damCd"": ""1003611"", ""param1"": ""H"", ""startDate"": ""2021-07-30"", ""endDate"": ""2021-08-28"", ""page"": """"}",01_raw/KWater/mywater_station/hydr/H/1003611/2021-07-30_2021-08-28.json,103857,96be1fe4e7daf65659d7e763d9ebd9a545023f1190a3ab4173a2fd39cb23194d,720,N
2026-09-29T11:58:30Z,K-water,MyWater(water.or.kr) 수문 ajaxProc,https://www.water.or.kr/kor/realtime/sumun/ajaxProc.do,"{""mode"": ""getHydr"", ""damCd"": ""1003611"", ""param1"": ""H"", ""startDate"": ""2021-08-29"", ""endDate"": ""2021-09-27"", ""page"": """"}",01_raw/KWater/mywater_station/hydr/H/1003611/2021-08-29_2021-09-27.json,102328,502f20c6a4386a4bd377d8bdc0512c25d39264a11ea392ada14407a2206fc1f0,720,N
2026-09-29T11:58:29Z,K-water,MyWater(water.or.kr) 수문 ajaxProc,https://www.water.or.kr/kor/realtime/sumun/ajaxProc.do,"{""mode"": ""getRain"", ""damCd"": ""1003110"", ""param1"": ""A"", ""rainJobGb"": ""H"", ""rainStartDate"": ""2025-05-10"", ""rainEndDate"": ""2025-06-08""}",01_raw/KWater/mywater_station/rain/A/1003110/2025-05-10_2025-06-08.json,4442,9cb4d01d79c302327bbf761cbc09625e705fd24dc2c4fc64c9f6ce835c1adb40,36,N
2026-09-29T11:58:32Z,K-water,MyWater(water.or.kr) 수문 ajaxProc,https://www.water.or.kr/kor/realtime/sumun/ajaxProc.do,"{""mode"": ""getHydr"", ""damCd"": ""1003611"", ""param1"": ""H"", ""startDate"": ""2021-09-28"", ""endDate"": ""2021-10-27"", ""page"": """"}",01_raw/KWater/mywater_station/hydr/H/1003611/2021-09-28_2021-10-27.json,103082,a15822045b86f850a6d7f1238441d185095782052455faf2aee34eff24faa241,720,N
2026-09-29T11:58:33Z,K-water,MyWater(water.or.kr) 수문 ajaxProc,https://www.water.or.kr/kor/realtime/sumun/ajaxProc.do,"{""mode"": ""getRain"", ""damCd"": ""1003110"", ""param1"": ""A"", ""rainJobGb"": ""H"", ""rainStartDate"": ""2025-06-09"", ""rainEndDate"": ""2025-07-08""}",01_raw/KWater/mywater_station/rain/A/1003110/2025-06-09_2025-07-08.json,4442,7a0d14e17f8cf6b8052021d5784fa0e29424bdd441d2b52aee94636da8961961,36,N
2026-09-29T11:58:35Z,K-water,MyWater(water.or.kr) 수문 ajaxProc,https://www.water.or.kr/kor/realtime/sumun/ajaxProc.do,"{""mode"": ""getHydr"", ""damCd"": ""1003611"", ""param1"": ""H"", ""startDate"": ""2021-10-28"", ""endDate"": ""2021-11-26"", ""page"": """"}",01_raw/KWater/mywater_station/hydr/H/1003611/2021-10-28_2021-11-26.json,101750,b27c01e903af326e78d22c29319d46ce9273a9e3ca46c6167c71b1ee5ed0427c,720,N
2026-09-29T11:58:38Z,K-water,MyWater(water.or.kr) 수문 ajaxProc,https://www.water.or.kr/kor/realtime/sumun/ajaxProc.do,"{""mode"": ""getHydr"", ""damCd"": ""1003611"", ""param1"": ""H"", ""startDate"": ""2021-11-27"", ""endDate"": ""2021-12-26"", ""page"": """"}",01_raw/KWater/mywater_station/hydr/H/1003611/2021-11-27_2021-12-26.json,101566,9cc5e87c57fc4841f1fbce2039e8bc474f53c2b6d616ff8a6db4568f5e08d979,720,N
2026-09-29T11:58:37Z,K-water,MyWater(water.or.kr) 수문 ajaxProc,https://www.water.or.kr/kor/realtime/sumun/ajaxProc.do,"{""mode"": ""getRain"", ""damCd"": ""1003110"", ""param1"": ""A"", ""rainJobGb"": ""H"", ""rainStartDate"": ""2025-07-09"", ""rainEndDate"": ""2025-08-07""}",01_raw/KWater/mywater_station/rain/A/1003110/2025-07-09_2025-08-07.json,4442,0f3bab54d37d15abc59f9580bfaf97255177b1261d86f21a90f9bbc8f891243f,36,N
2026-09-29T11:58:40Z,K-water,MyWater(water.or.kr) 수문 ajaxProc,https://www.water.or.kr/kor/realtime/sumun/ajaxProc.do,"{""mode"": ""getHydr"", ""damCd"": ""1003611"", ""param1"": ""H"", ""startDate"": ""2021-12-27"", ""endDate"": ""2022-01-25"", ""page"": """"}",01_raw/KWater/mywater_station/hydr/H/1003611/2021-12-27_2022-01-25.json,101439,c34bc213eaa9dbd0aa68c34e55448895bd814014e76d67cbf48ac9d0e096d975,720,N
2026-09-29T11:58:43Z,K-water,MyWater(water.or.kr) 수문 ajaxProc,https://www.water.or.kr/kor/realtime/sumun/ajaxProc.do,"{""mode"": ""getHydr"", ""damCd"": ""1003611"", ""param1"": ""H"", ""startDate"": ""2022-01-26"", ""endDate"": ""2022-02-24"", ""page"": """"}",01_raw/KWater/mywater_station/hydr/H/1003611/2022-01-26_2022-02-24.json,101095,04c984c3c953969ad5055783107b1291adfe91f5fae5e6384bb8036beb80f181,720,N
2026-09-29T11:58:42Z,K-water,MyWater(water.or.kr) 수문 ajaxProc,https://www.water.or.kr/kor/realtime/sumun/ajaxProc.do,"{""mode"": ""getRain"", ""damCd"": ""1003110"", ""param1"": ""A"", ""rainJobGb"": ""H"", ""rainStartDate"": ""2025-08-08"", ""rainEndDate"": ""2025-09-06""}",01_raw/KWater/mywater_station/rain/A/1003110/2025-08-08_2025-09-06.json,4441,fa6acad13fcf1e6622cc76304f05fa8634ea7d98fb6c3fefcd923347810b35ad,36,N
2026-09-29T11:58:46Z,K-water,MyWater(water.or.kr) 수문 ajaxProc,https://www.water.or.kr/kor/realtime/sumun/ajaxProc.do,"{""mode"": ""getHydr"", ""damCd"": ""1003611"", ""param1"": ""H"", ""startDate"": ""2022-02-25"", ""endDate"": ""2022-03-26"", ""page"": """"}",01_raw/KWater/mywater_station/hydr/H/1003611/2022-02-25_2022-03-26.json,101217,c4fc6fce88a960d52d02fdc69e1544fb04f1779346c0e1f09d82d0dacb6d86e3,720,N
2026-09-29T11:58:46Z,K-water,MyWater(water.or.kr) 수문 ajaxProc,https://www.water.or.kr/kor/realtime/sumun/ajaxProc.do,"{""mode"": ""getRain"", ""damCd"": ""1003110"", ""param1"": ""A"", ""rainJobGb"": ""H"", ""rainStartDate"": ""2025-09-07"", ""rainEndDate"": ""2025-10-06""}",01_raw/KWater/mywater_station/rain/A/1003110/2025-09-07_2025-10-06.json,4455,e84a7823d5c3d40a126e72263becedbb38cfdfb44df8d4975614806aa018b922,36,N
2026-09-29T11:58:48Z,K-water,MyWater(water.or.kr) 수문 ajaxProc,https://www.water.or.kr/kor/realtime/sumun/ajaxProc.do,"{""mode"": ""getHydr"", ""damCd"": ""1003611"", ""param1"": ""H"", ""startDate"": ""2022-03-27"", ""endDate"": ""2022-04-25"", ""page"": """"}",01_raw/KWater/mywater_station/hydr/H/1003611/2022-03-27_2022-04-25.json,101780,5760cae96b84b065a6220fce3c8a883d03b24cb744501337ee74d670216c0082,720,N
2026-09-29T11:58:50Z,K-water,MyWater(water.or.kr) 수문 ajaxProc,https://www.water.or.kr/kor/realtime/sumun/ajaxProc.do,"{""mode"": ""getRain"", ""damCd"": ""1003110"", ""param1"": ""A"", ""rainJobGb"": ""H"", ""rainStartDate"": ""2025-10-07"", ""rainEndDate"": ""2025-11-05""}",01_raw/KWater/mywater_station/rain/A/1003110/2025-10-07_2025-11-05.json,4469,59dd65415501f6d10ddf0fbebbb51039a220b0830ad91a62b5104dcacea36bea,36,N
2026-09-29T11:58:51Z,K-water,MyWater(water.or.kr) 수문 ajaxProc,https://www.water.or.kr/kor/realtime/sumun/ajaxProc.do,"{""mode"": ""getHydr"", ""damCd"": ""1003611"", ""param1"": ""H"", ""startDate"": ""2022-04-26"", ""endDate"": ""2022-05-25"", ""page"": """"}",01_raw/KWater/mywater_station/hydr/H/1003611/2022-04-26_2022-05-25.json,101938,a2431c069461784f928ea9c769a5355b8b44f81a6fe6b67b5bae4552ea983bb1,720,N
2026-09-29T11:58:54Z,K-water,MyWater(water.or.kr) 수문 ajaxProc,https://www.water.or.kr/kor/realtime/sumun/ajaxProc.do,"{""mode"": ""getHydr"", ""damCd"": ""1003611"", ""param1"": ""H"", ""startDate"": ""2022-05-26"", ""endDate"": ""2022-06-24"", ""page"": """"}",01_raw/KWater/mywater_station/hydr/H/1003611/2022-05-26_2022-06-24.json,102100,5f2109661e1d6ad291ad851cd6a2e38d7425f104e99dfde04e29bac0303c7378,720,N
2026-09-29T11:58:54Z,K-water,MyWater(water.or.kr) 수문 ajaxProc,https://www.water.or.kr/kor/realtime/sumun/ajaxProc.do,"{""mode"": ""getRain"", ""damCd"": ""1003110"", ""param1"": ""A"", ""rainJobGb"": ""H"", ""rainStartDate"": ""2025-11-06"", ""rainEndDate"": ""2025-12-05""}",01_raw/KWater/mywater_station/rain/A/1003110/2025-11-06_2025-12-05.json,4470,f8fbed38a8131acea304d74ed6d923a2bc98fcbb88006ca3bb90f9a551d68903,36,N
2026-09-29T11:58:56Z,K-water,MyWater(water.or.kr) 수문 ajaxProc,https://www.water.or.kr/kor/realtime/sumun/ajaxProc.do,"{""mode"": ""getHydr"", ""damCd"": ""1003611"", ""param1"": ""H"", ""startDate"": ""2022-06-25"", ""endDate"": ""2022-07-24"", ""page"": """"}",01_raw/KWater/mywater_station/hydr/H/1003611/2022-06-25_2022-07-24.json,103116,14ed39d6ef91acfed94296836efef3091faa4a130b837469a085db6a9a321d09,720,N
2026-09-29T11:58:59Z,K-water,MyWater(water.or.kr) 수문 ajaxProc,https://www.water.or.kr/kor/realtime/sumun/ajaxProc.do,"{""mode"": ""getHydr"", ""damCd"": ""1003611"", ""param1"": ""H"", ""startDate"": ""2022-07-25"", ""endDate"": ""2022-08-23"", ""page"": """"}",01_raw/KWater/mywater_station/hydr/H/1003611/2022-07-25_2022-08-23.json,103940,7d9016d87c05d440e010881eb3283479d9c2dea188044bd6d1544fb2fcc06cd0,720,N
2026-09-29T11:58:58Z,K-water,MyWater(water.or.kr) 수문 ajaxProc,https://www.water.or.kr/kor/realtime/sumun/ajaxProc.do,"{""mode"": ""getRain"", ""damCd"": ""1003110"", ""param1"": ""A"", ""rainJobGb"": ""H"", ""rainStartDate"": ""2025-12-06"", ""rainEndDate"": ""2026-01-04""}",01_raw/KWater/mywater_station/rain/A/1003110/2025-12-06_2026-01-04.json,4370,824d91d4d5d49614be942bedd7b795173dfede8a15795683fb42d8a48ce05f83,36,N
2026-09-29T11:59:02Z,K-water,MyWater(water.or.kr) 수문 ajaxProc,https://www.water.or.kr/kor/realtime/sumun/ajaxProc.do,"{""mode"": ""getHydr"", ""damCd"": ""1003611"", ""param1"": ""H"", ""startDate"": ""2022-08-24"", ""endDate"": ""2022-09-22"", ""page"": """"}",01_raw/KWater/mywater_station/hydr/H/1003611/2022-08-24_2022-09-22.json,103491,c36299ebac249f1c9714b81a85bed826b942005a98221669d404f82aff796c23,720,N
2026-09-29T11:59:02Z,K-water,MyWater(water.or.kr) 수문 ajaxProc,https://www.water.or.kr/kor/realtime/sumun/ajaxProc.do,"{""mode"": ""getRain"", ""damCd"": ""1003110"", ""param1"": ""A"", ""rainJobGb"": ""H"", ""rainStartDate"": ""2026-01-05"", ""rainEndDate"": ""2026-02-03""}",01_raw/KWater/mywater_station/rain/A/1003110/2026-01-05_2026-02-03.json,4388,cae086554c11495ce7beebaa6ba8377819c60a76602105b340720fb26a695d1a,36,N
2026-09-29T11:59:04Z,K-water,MyWater(water.or.kr) 수문 ajaxProc,https://www.water.or.kr/kor/realtime/sumun/ajaxProc.do,"{""mode"": ""getHydr"", ""damCd"": ""1003611"", ""param1"": ""H"", ""startDate"": ""2022-09-23"", ""endDate"": ""2022-10-22"", ""page"": """"}",01_raw/KWater/mywater_station/hydr/H/1003611/2022-09-23_2022-10-22.json,101985,9cd782c280328084dc0f7889779dbe10ee3c541839b95565802d802dfa4fc171,720,N
2026-09-29T11:59:07Z,K-water,MyWater(water.or.kr) 수문 ajaxProc,https://www.water.or.kr/kor/realtime/sumun/ajaxProc.do,"{""mode"": ""getRain"", ""damCd"": ""1003110"", ""param1"": ""A"", ""rainJobGb"": ""H"", ""rainStartDate"": ""2026-02-04"", ""rainEndDate"": ""2026-03-05""}",01_raw/KWater/mywater_station/rain/A/1003110/2026-02-04_2026-03-05.json,4408,2e5f2a6d01fd9f9200cd2f246d40fb50539fd4cd51d12bb56440f7c560a56d82,36,N
2026-09-29T11:59:09Z,K-water,MyWater(water.or.kr) 수문 ajaxProc,https://www.water.or.kr/kor/realtime/sumun/ajaxProc.do,"{""mode"": ""getHydr"", ""damCd"": ""1003611"", ""param1"": ""H"", ""startDate"": ""2022-10-23"", ""endDate"": ""2022-11-21"", ""page"": """"}",01_raw/KWater/mywater_station/hydr/H/1003611/2022-10-23_2022-11-21.json,101660,529b95006481e804c5cab20684c81083f2999ae08eb3c2ee859a193adff4d37b,720,N
2026-09-29T11:59:11Z,K-water,MyWater(water.or.kr) 수문 ajaxProc,https://www.water.or.kr/kor/realtime/sumun/ajaxProc.do,"{""mode"": ""getHydr"", ""damCd"": ""1003611"", ""param1"": ""H"", ""startDate"": ""2022-11-22"", ""endDate"": ""2022-12-21"", ""page"": """"}",01_raw/KWater/mywater_station/hydr/H/1003611/2022-11-22_2022-12-21.json,101806,58807e2cb19030dc0cd47a41c8483c69b50961f18d750b58cb6943b5db8ef0fe,720,N
2026-09-29T11:59:11Z,K-water,MyWater(water.or.kr) 수문 ajaxProc,https://www.water.or.kr/kor/realtime/sumun/ajaxProc.do,"{""mode"": ""getRain"", ""damCd"": ""1003110"", ""param1"": ""A"", ""rainJobGb"": ""H"", ""rainStartDate"": ""2026-03-06"", ""rainEndDate"": ""2026-04-04""}",01_raw/KWater/mywater_station/rain/A/1003110/2026-03-06_2026-04-04.json,4415,9889fdd2b6d6e60144a4ed97ca2a4207c83d23dfea4b77cd1495267537069cb2,36,N
2026-09-29T11:59:14Z,K-water,MyWater(water.or.kr) 수문 ajaxProc,https://www.water.or.kr/kor/realtime/sumun/ajaxProc.do,"{""mode"": ""getHydr"", ""damCd"": ""1003611"", ""param1"": ""H"", ""startDate"": ""2022-12-22"", ""endDate"": ""2023-01-20"", ""page"": """"}",01_raw/KWater/mywater_station/hydr/H/1003611/2022-12-22_2023-01-20.json,101668,c399ef35715ad8b1803ba4da44d1eb51290e7612cc90f7d0ceef2ebb12ca66b7,720,N
2026-09-29T11:59:17Z,K-water,MyWater(water.or.kr) 수문 ajaxProc,https://www.water.or.kr/kor/realtime/sumun/ajaxProc.do,"{""mode"": ""getHydr"", ""damCd"": ""1003611"", ""param1"": ""H"", ""startDate"": ""2023-01-21"", ""endDate"": ""2023-02-19"", ""page"": """"}",01_raw/KWater/mywater_station/hydr/H/1003611/2023-01-21_2023-02-19.json,101624,166faec9a00d516a5580e086865de986af473482e8f090023e2edf7c47c5ed17,720,N
2026-09-29T11:59:16Z,K-water,MyWater(water.or.kr) 수문 ajaxProc,https://www.water.or.kr/kor/realtime/sumun/ajaxProc.do,"{""mode"": ""getRain"", ""damCd"": ""1003110"", ""param1"": ""A"", ""rainJobGb"": ""H"", ""rainStartDate"": ""2026-04-05"", ""rainEndDate"": ""2026-05-04""}",01_raw/KWater/mywater_station/rain/A/1003110/2026-04-05_2026-05-04.json,4443,697fc35d831676285d06afb70f56f46d4c27579ba55f0c70013695fc9874d871,36,N
2026-09-29T11:59:19Z,K-water,MyWater(water.or.kr) 수문 ajaxProc,https://www.water.or.kr/kor/realtime/sumun/ajaxProc.do,"{""mode"": ""getHydr"", ""damCd"": ""1003611"", ""param1"": ""H"", ""startDate"": ""2023-02-20"", ""endDate"": ""2023-03-21"", ""page"": """"}",01_raw/KWater/mywater_station/hydr/H/1003611/2023-02-20_2023-03-21.json,101738,ffa8327a0fa57aea227cee10d314cea7aed59e12c0579c77858928a724488b90,720,N
2026-09-29T11:59:20Z,K-water,MyWater(water.or.kr) 수문 ajaxProc,https://www.water.or.kr/kor/realtime/sumun/ajaxProc.do,"{""mode"": ""getRain"", ""damCd"": ""1003110"", ""param1"": ""A"", ""rainJobGb"": ""H"", ""rainStartDate"": ""2026-05-05"", ""rainEndDate"": ""2026-06-03""}",01_raw/KWater/mywater_station/rain/A/1003110/2026-05-05_2026-06-03.json,4444,9810250b4e9b636a638b25784b1a118d02bfdf992742b44fe0de482e6669ee1b,36,N
2026-09-29T11:59:23Z,K-water,MyWater(water.or.kr) 수문 ajaxProc,https://www.water.or.kr/kor/realtime/sumun/ajaxProc.do,"{""mode"": ""getHydr"", ""damCd"": ""1003611"", ""param1"": ""H"", ""startDate"": ""2023-03-22"", ""endDate"": ""2023-04-20"", ""page"": """"}",01_raw/KWater/mywater_station/hydr/H/1003611/2023-03-22_2023-04-20.json,102172,857c7814c226e4f1585f6809a9c882ce4deaaa9fc17ce380df1e6b61c1b674cc,720,N
2026-09-29T11:59:24Z,K-water,MyWater(water.or.kr) 수문 ajaxProc,https://www.water.or.kr/kor/realtime/sumun/ajaxProc.do,"{""mode"": ""getRain"", ""damCd"": ""1003110"", ""param1"": ""A"", ""rainJobGb"": ""H"", ""rainStartDate"": ""2026-06-04"", ""rainEndDate"": ""2026-07-03""}",01_raw/KWater/mywater_station/rain/A/1003110/2026-06-04_2026-07-03.json,4444,9de8f7a0d42ab020e420859d19b41425a7b5b996af354a51e31313fadf294d9a,36,N
2026-09-29T11:59:26Z,K-water,MyWater(water.or.kr) 수문 ajaxProc,https://www.water.or.kr/kor/realtime/sumun/ajaxProc.do,"{""mode"": ""getHydr"", ""damCd"": ""1003611"", ""param1"": ""H"", ""startDate"": ""2023-04-21"", ""endDate"": ""2023-05-20"", ""page"": """"}",01_raw/KWater/mywater_station/hydr/H/1003611/2023-04-21_2023-05-20.json,102623,b331852c4e3eeb7ee8f967b269f00a1b44d52b3532e7516b62de63c3a6f1ef2e,720,N
2026-09-29T11:59:29Z,K-water,MyWater(water.or.kr) 수문 ajaxProc,https://www.water.or.kr/kor/realtime/sumun/ajaxProc.do,"{""mode"": ""getHydr"", ""damCd"": ""1003611"", ""param1"": ""H"", ""startDate"": ""2023-05-21"", ""endDate"": ""2023-06-19"", ""page"": """"}",01_raw/KWater/mywater_station/hydr/H/1003611/2023-05-21_2023-06-19.json,102777,a7b2136cbfb1a67fa6ddd74595fd5be4a001dc2db866650f5c6531280ed972e0,720,N
2026-09-29T11:59:28Z,K-water,MyWater(water.or.kr) 수문 ajaxProc,https://www.water.or.kr/kor/realtime/sumun/ajaxProc.do,"{""mode"": ""getRain"", ""damCd"": ""1003110"", ""param1"": ""A"", ""rainJobGb"": ""H"", ""rainStartDate"": ""2026-07-04"", ""rainEndDate"": ""2026-08-02""}",01_raw/KWater/mywater_station/rain/A/1003110/2026-07-04_2026-08-02.json,4444,e3f8134af3edb7a45cb1dffa305c2c0c6e3707a34fd9df8ef54f3d8ded56b94a,36,N
2026-09-29T11:59:32Z,K-water,MyWater(water.or.kr) 수문 ajaxProc,https://www.water.or.kr/kor/realtime/sumun/ajaxProc.do,"{""mode"": ""getHydr"", ""damCd"": ""1003611"", ""param1"": ""H"", ""startDate"": ""2023-06-20"", ""endDate"": ""2023-07-19"", ""page"": """"}",01_raw/KWater/mywater_station/hydr/H/1003611/2023-06-20_2023-07-19.json,104563,d7c414c65856d74cd8585acdc563d421448debb91d167b79754841c4d2ce0cba,720,N
2026-09-29T11:59:32Z,K-water,MyWater(water.or.kr) 수문 ajaxProc,https://www.water.or.kr/kor/realtime/sumun/ajaxProc.do,"{""mode"": ""getRain"", ""damCd"": ""1003110"", ""param1"": ""A"", ""rainJobGb"": ""H"", ""rainStartDate"": ""2026-08-03"", ""rainEndDate"": ""2026-09-01""}",01_raw/KWater/mywater_station/rain/A/1003110/2026-08-03_2026-09-01.json,4444,1e533011f4a7b37baf78d9f31becc42853379a976f4d2266a5556a590af690ba,36,N
2026-09-29T11:59:34Z,K-water,MyWater(water.or.kr) 수문 ajaxProc,https://www.water.or.kr/kor/realtime/sumun/ajaxProc.do,"{""mode"": ""getHydr"", ""damCd"": ""1003611"", ""param1"": ""H"", ""startDate"": ""2023-07-20"", ""endDate"": ""2023-08-18"", ""page"": """"}",01_raw/KWater/mywater_station/hydr/H/1003611/2023-07-20_2023-08-18.json,105304,aa458c32e38ed27b7b5d2fe03e37caafeee81adc74a0aab8797c30198eaed099,720,N
2026-09-29T11:59:35Z,K-water,MyWater(water.or.kr) 수문 ajaxProc,https://www.water.or.kr/kor/realtime/sumun/ajaxProc.do,"{""mode"": ""getRain"", ""damCd"": ""1003110"", ""param1"": ""A"", ""rainJobGb"": ""H"", ""rainStartDate"": ""2026-09-02"", ""rainEndDate"": ""2026-09-28""}",01_raw/KWater/mywater_station/rain/A/1003110/2026-09-02_2026-09-28.json,4445,ded90be12e1650ced1a584b57d2c70bf52adf154ebb8af954dfa97e26a3a63ce,36,N
2026-09-29T11:59:37Z,K-water,MyWater(water.or.kr) 수문 ajaxProc,https://www.water.or.kr/kor/realtime/sumun/ajaxProc.do,"{""mode"": ""getHydr"", ""damCd"": ""1003611"", ""param1"": ""H"", ""startDate"": ""2023-08-19"", ""endDate"": ""2023-09-17"", ""page"": """"}",01_raw/KWater/mywater_station/hydr/H/1003611/2023-08-19_2023-09-17.json,121326,d4562b2b77b681db764b3ddec7611161f93bd0fcc11244ec7e914018df2ec866,720,N
2026-09-29T11:59:38Z,K-water,MyWater(water.or.kr) 수문 ajaxProc,https://www.water.or.kr/kor/realtime/sumun/ajaxProc.do,"{""mode"": ""getRain"", ""damCd"": ""1003611"", ""param1"": ""A"", ""rainJobGb"": ""H"", ""rainStartDate"": ""2021-01-01"", ""rainEndDate"": ""2021-01-30""}",01_raw/KWater/mywater_station/rain/A/1003611/2021-01-01_2021-01-30.json,784,1649c8bc4d6685505011222de54f8498d7c63dc6c8ca29ddaaa25aab3c543658,4,N
2026-09-29T11:59:40Z,K-water,MyWater(water.or.kr) 수문 ajaxProc,https://www.water.or.kr/kor/realtime/sumun/ajaxProc.do,"{""mode"": ""getHydr"", ""damCd"": ""1003611"", ""param1"": ""H"", ""startDate"": ""2023-09-18"", ""endDate"": ""2023-10-17"", ""page"": """"}",01_raw/KWater/mywater_station/hydr/H/1003611/2023-09-18_2023-10-17.json,121755,fecdfac2aaa326e8f177135d00bb66ecd17ad0c61400560353673532b7a300e8,720,N
2026-09-29T11:59:41Z,K-water,MyWater(water.or.kr) 수문 ajaxProc,https://www.water.or.kr/kor/realtime/sumun/ajaxProc.do,"{""mode"": ""getRain"", ""damCd"": ""1003611"", ""param1"": ""A"", ""rainJobGb"": ""H"", ""rainStartDate"": ""2021-01-31"", ""rainEndDate"": ""2021-03-01""}",01_raw/KWater/mywater_station/rain/A/1003611/2021-01-31_2021-03-01.json,784,900693aff8e95c9c8eeed1f6c91672fd2be92ad6a6caed1b80316c9ba93dd329,4,N
2026-09-29T11:59:42Z,K-water,MyWater(water.or.kr) 수문 ajaxProc,https://www.water.or.kr/kor/realtime/sumun/ajaxProc.do,"{""mode"": ""getHydr"", ""damCd"": ""1003611"", ""param1"": ""H"", ""startDate"": ""2023-10-18"", ""endDate"": ""2023-11-16"", ""page"": """"}",01_raw/KWater/mywater_station/hydr/H/1003611/2023-10-18_2023-11-16.json,119824,a643f694c94b846abb2a159cc646d2321bccce24b0b67bdf77a19203654fb7a3,720,N
2026-09-29T11:59:45Z,K-water,MyWater(water.or.kr) 수문 ajaxProc,https://www.water.or.kr/kor/realtime/sumun/ajaxProc.do,"{""mode"": ""getRain"", ""damCd"": ""1003611"", ""param1"": ""A"", ""rainJobGb"": ""H"", ""rainStartDate"": ""2021-03-02"", ""rainEndDate"": ""2021-03-31""}",01_raw/KWater/mywater_station/rain/A/1003611/2021-03-02_2021-03-31.json,787,29602a02afa8d35c79a818e3065f426688c1a24156c26890c13ebd4a40873e50,4,N
2026-09-29T11:59:45Z,K-water,MyWater(water.or.kr) 수문 ajaxProc,https://www.water.or.kr/kor/realtime/sumun/ajaxProc.do,"{""mode"": ""getHydr"", ""damCd"": ""1003611"", ""param1"": ""H"", ""startDate"": ""2023-11-17"", ""endDate"": ""2023-12-16"", ""page"": """"}",01_raw/KWater/mywater_station/hydr/H/1003611/2023-11-17_2023-12-16.json,120102,10c2daaceff49bd1a35d278f1b9b2c95472fe24380a3686e02295f72d2724d38,720,N
2026-09-29T11:59:48Z,K-water,MyWater(water.or.kr) 수문 ajaxProc,https://www.water.or.kr/kor/realtime/sumun/ajaxProc.do,"{""mode"": ""getRain"", ""damCd"": ""1003611"", ""param1"": ""A"", ""rainJobGb"": ""H"", ""rainStartDate"": ""2021-04-01"", ""rainEndDate"": ""2021-04-30""}",01_raw/KWater/mywater_station/rain/A/1003611/2021-04-01_2021-04-30.json,789,6d2688341b1bc5e9ba08a9a1114635a9167a799317a9638d0b10730229c2ad2a,4,N
2026-09-29T11:59:50Z,K-water,MyWater(water.or.kr) 수문 ajaxProc,https://www.water.or.kr/kor/realtime/sumun/ajaxProc.do,"{""mode"": ""getHydr"", ""damCd"": ""1003611"", ""param1"": ""H"", ""startDate"": ""2023-12-17"", ""endDate"": ""2024-01-15"", ""page"": """"}",01_raw/KWater/mywater_station/hydr/H/1003611/2023-12-17_2024-01-15.json,118350,fdedba9855f38aa47b84b719ce99ee6a7b77394b10f860eaa681db424bbd5519,720,N
2026-09-29T11:59:51Z,K-water,MyWater(water.or.kr) 수문 ajaxProc,https://www.water.or.kr/kor/realtime/sumun/ajaxProc.do,"{""mode"": ""getRain"", ""damCd"": ""1003611"", ""param1"": ""A"", ""rainJobGb"": ""H"", ""rainStartDate"": ""2021-05-01"", ""rainEndDate"": ""2021-05-30""}",01_raw/KWater/mywater_station/rain/A/1003611/2021-05-01_2021-05-30.json,789,71576c032bcd61c0f35e95c6fe109de100d9769a163468f317ca8aa81e59db89,4,N
2026-09-29T11:59:52Z,K-water,MyWater(water.or.kr) 수문 ajaxProc,https://www.water.or.kr/kor/realtime/sumun/ajaxProc.do,"{""mode"": ""getHydr"", ""damCd"": ""1003611"", ""param1"": ""H"", ""startDate"": ""2024-01-16"", ""endDate"": ""2024-02-14"", ""page"": """"}",01_raw/KWater/mywater_station/hydr/H/1003611/2024-01-16_2024-02-14.json,120018,f258e1de24af803374f9b839ea101ee93ce2be79d3f8decb1f68fb35597b2256,720,N
2026-09-29T11:59:55Z,K-water,MyWater(water.or.kr) 수문 ajaxProc,https://www.water.or.kr/kor/realtime/sumun/ajaxProc.do,"{""mode"": ""getRain"", ""damCd"": ""1003611"", ""param1"": ""A"", ""rainJobGb"": ""H"", ""rainStartDate"": ""2021-05-31"", ""rainEndDate"": ""2021-06-29""}",01_raw/KWater/mywater_station/rain/A/1003611/2021-05-31_2021-06-29.json,789,8ba07e741ce1dc5fb131843848fa5b0596e14c432c601730be459a26fcbcebbe,4,N
2026-09-29T11:59:55Z,K-water,MyWater(water.or.kr) 수문 ajaxProc,https://www.water.or.kr/kor/realtime/sumun/ajaxProc.do,"{""mode"": ""getHydr"", ""damCd"": ""1003611"", ""param1"": ""H"", ""startDate"": ""2024-02-15"", ""endDate"": ""2024-03-15"", ""page"": """"}",01_raw/KWater/mywater_station/hydr/H/1003611/2024-02-15_2024-03-15.json,120668,90c8f013bc8b1a2405b091ca446fa594b82de117ca3ed3e5c2fd766dcce013b7,720,N
2026-09-29T11:59:58Z,K-water,MyWater(water.or.kr) 수문 ajaxProc,https://www.water.or.kr/kor/realtime/sumun/ajaxProc.do,"{""mode"": ""getRain"", ""damCd"": ""1003611"", ""param1"": ""A"", ""rainJobGb"": ""H"", ""rainStartDate"": ""2021-06-30"", ""rainEndDate"": ""2021-07-29""}",01_raw/KWater/mywater_station/rain/A/1003611/2021-06-30_2021-07-29.json,789,5d7bd6dbfd559ab2a7fd1c173d205eef94628e8775fec0895fda1be4d5489436,4,N
2026-09-29T12:00:01Z,K-water,MyWater(water.or.kr) 수문 ajaxProc,https://www.water.or.kr/kor/realtime/sumun/ajaxProc.do,"{""mode"": ""getRain"", ""damCd"": ""1003611"", ""param1"": ""A"", ""rainJobGb"": ""H"", ""rainStartDate"": ""2021-07-30"", ""rainEndDate"": ""2021-08-28""}",01_raw/KWater/mywater_station/rain/A/1003611/2021-07-30_2021-08-28.json,789,477916cb13ddf8e00b87ab895020248896842adf3e433336d86f8f831f89d6c7,4,N
2026-09-29T11:59:59Z,K-water,MyWater(water.or.kr) 수문 ajaxProc,https://www.water.or.kr/kor/realtime/sumun/ajaxProc.do,"{""mode"": ""getHydr"", ""damCd"": ""1003611"", ""param1"": ""H"", ""startDate"": ""2024-03-16"", ""endDate"": ""2024-04-14"", ""page"": """"}",01_raw/KWater/mywater_station/hydr/H/1003611/2024-03-16_2024-04-14.json,119802,a152d9241331c039eb47886f94760c929565c8eeae7ec2c4995b29bc0fb9ce67,720,N
2026-09-29T12:00:05Z,K-water,MyWater(water.or.kr) 수문 ajaxProc,https://www.water.or.kr/kor/realtime/sumun/ajaxProc.do,"{""mode"": ""getRain"", ""damCd"": ""1003611"", ""param1"": ""A"", ""rainJobGb"": ""H"", ""rainStartDate"": ""2021-08-29"", ""rainEndDate"": ""2021-09-27""}",01_raw/KWater/mywater_station/rain/A/1003611/2021-08-29_2021-09-27.json,793,5c7594d228cd3cece9e8bc77161f1ce6de77b833573d804a65ed71d1bafcc847,4,N
2026-09-29T12:00:06Z,K-water,MyWater(water.or.kr) 수문 ajaxProc,https://www.water.or.kr/kor/realtime/sumun/ajaxProc.do,"{""mode"": ""getHydr"", ""damCd"": ""1003611"", ""param1"": ""H"", ""startDate"": ""2024-04-15"", ""endDate"": ""2024-05-14"", ""page"": """"}",01_raw/KWater/mywater_station/hydr/H/1003611/2024-04-15_2024-05-14.json,120811,bc9d000bd284aa3dcf32f8dbeb24c42d19df4f1a65d9d740d07c5e825f0cdc8d,720,N
2026-09-29T12:00:09Z,K-water,MyWater(water.or.kr) 수문 ajaxProc,https://www.water.or.kr/kor/realtime/sumun/ajaxProc.do,"{""mode"": ""getRain"", ""damCd"": ""1003611"", ""param1"": ""A"", ""rainJobGb"": ""H"", ""rainStartDate"": ""2021-09-28"", ""rainEndDate"": ""2021-10-27""}",01_raw/KWater/mywater_station/rain/A/1003611/2021-09-28_2021-10-27.json,792,0d1e97c5798b3f40fd47f18034ba30bdb6609012a610de35b71741ba2d7d310c,4,N
2026-09-29T12:00:13Z,K-water,MyWater(water.or.kr) 수문 ajaxProc,https://www.water.or.kr/kor/realtime/sumun/ajaxProc.do,"{""mode"": ""getRain"", ""damCd"": ""1003611"", ""param1"": ""A"", ""rainJobGb"": ""H"", ""rainStartDate"": ""2021-10-28"", ""rainEndDate"": ""2021-11-26""}",01_raw/KWater/mywater_station/rain/A/1003611/2021-10-28_2021-11-26.json,793,907c2395dc63ed475e7341b54d39bf378ae319e28a806f7fa90e8810a6b7337a,4,N
2026-09-29T12:00:11Z,K-water,MyWater(water.or.kr) 수문 ajaxProc,https://www.water.or.kr/kor/realtime/sumun/ajaxProc.do,"{""mode"": ""getHydr"", ""damCd"": ""1003611"", ""param1"": ""H"", ""startDate"": ""2024-05-15"", ""endDate"": ""2024-06-13"", ""page"": """"}",01_raw/KWater/mywater_station/hydr/H/1003611/2024-05-15_2024-06-13.json,119915,c2bb2a06fdc7565ff23d1395854b4dde70c5237323de22c255e98bd9295519d6,720,N
2026-09-29T12:00:16Z,K-water,MyWater(water.or.kr) 수문 ajaxProc,https://www.water.or.kr/kor/realtime/sumun/ajaxProc.do,"{""mode"": ""getRain"", ""damCd"": ""1003611"", ""param1"": ""A"", ""rainJobGb"": ""H"", ""rainStartDate"": ""2021-11-27"", ""rainEndDate"": ""2021-12-26""}",01_raw/KWater/mywater_station/rain/A/1003611/2021-11-27_2021-12-26.json,793,72cb489bd6da5abc5d6844b3197332dbb6dc7a6bec7026be7e2d08180f2c7bc1,4,N
2026-09-29T12:00:20Z,K-water,MyWater(water.or.kr) 수문 ajaxProc,https://www.water.or.kr/kor/realtime/sumun/ajaxProc.do,"{""mode"": ""getRain"", ""damCd"": ""1003611"", ""param1"": ""A"", ""rainJobGb"": ""H"", ""rainStartDate"": ""2021-12-27"", ""rainEndDate"": ""2022-01-25""}",01_raw/KWater/mywater_station/rain/A/1003611/2021-12-27_2022-01-25.json,781,2c4d9f132da87798129b034092ab45e6678175ac13176e4930b1878ffc369273,4,N
2026-09-29T12:00:17Z,K-water,MyWater(water.or.kr) 수문 ajaxProc,https://www.water.or.kr/kor/realtime/sumun/ajaxProc.do,"{""mode"": ""getHydr"", ""damCd"": ""1003611"", ""param1"": ""H"", ""startDate"": ""2024-06-14"", ""endDate"": ""2024-07-13"", ""page"": """"}",01_raw/KWater/mywater_station/hydr/H/1003611/2024-06-14_2024-07-13.json,119600,7c3c2e2932b5a2008cf22f1589a9e4e211467372481891e2269a96746061fd72,720,N
2026-09-29T12:00:23Z,K-water,MyWater(water.or.kr) 수문 ajaxProc,https://www.water.or.kr/kor/realtime/sumun/ajaxProc.do,"{""mode"": ""getHydr"", ""damCd"": ""1003611"", ""param1"": ""H"", ""startDate"": ""2024-07-14"", ""endDate"": ""2024-08-12"", ""page"": """"}",01_raw/KWater/mywater_station/hydr/H/1003611/2024-07-14_2024-08-12.json,114045,ef4e39d4650ae38a464d9a663aa0c3f5254278f0a209e57f85e989683b5c43ac,720,N
2026-09-29T12:00:23Z,K-water,MyWater(water.or.kr) 수문 ajaxProc,https://www.water.or.kr/kor/realtime/sumun/ajaxProc.do,"{""mode"": ""getRain"", ""damCd"": ""1003611"", ""param1"": ""A"", ""rainJobGb"": ""H"", ""rainStartDate"": ""2022-01-26"", ""rainEndDate"": ""2022-02-24""}",01_raw/KWater/mywater_station/rain/A/1003611/2022-01-26_2022-02-24.json,780,83a22f2c2a01f56230c466b6adb517a5409d493dafb29a2947f48acfa2cc2c9d,4,N
2026-09-29T12:00:26Z,K-water,MyWater(water.or.kr) 수문 ajaxProc,https://www.water.or.kr/kor/realtime/sumun/ajaxProc.do,"{""mode"": ""getHydr"", ""damCd"": ""1003611"", ""param1"": ""H"", ""startDate"": ""2024-08-13"", ""endDate"": ""2024-09-11"", ""page"": """"}",01_raw/KWater/mywater_station/hydr/H/1003611/2024-08-13_2024-09-11.json,120126,7ecae377be1fbdfe1885e51af97fb10b6ff7bedd29d7cccc4e60d61f9d876054,720,N
2026-09-29T12:00:27Z,K-water,MyWater(water.or.kr) 수문 ajaxProc,https://www.water.or.kr/kor/realtime/sumun/ajaxProc.do,"{""mode"": ""getRain"", ""damCd"": ""1003611"", ""param1"": ""A"", ""rainJobGb"": ""H"", ""rainStartDate"": ""2022-02-25"", ""rainEndDate"": ""2022-03-26""}",01_raw/KWater/mywater_station/rain/A/1003611/2022-02-25_2022-03-26.json,785,ce271c4e7f520b41f7e121b48265f78c22748837194e7b18909c5446fc19dcc8,4,N
2026-09-29T12:00:29Z,K-water,MyWater(water.or.kr) 수문 ajaxProc,https://www.water.or.kr/kor/realtime/sumun/ajaxProc.do,"{""mode"": ""getHydr"", ""damCd"": ""1003611"", ""param1"": ""H"", ""startDate"": ""2024-09-12"", ""endDate"": ""2024-10-11"", ""page"": """"}",01_raw/KWater/mywater_station/hydr/H/1003611/2024-09-12_2024-10-11.json,120996,9b6f275f4ea45644699d7d379a4ab6d9ddabb19e65d016d3a67afb72063c6788,720,N
2026-09-29T12:00:30Z,K-water,MyWater(water.or.kr) 수문 ajaxProc,https://www.water.or.kr/kor/realtime/sumun/ajaxProc.do,"{""mode"": ""getRain"", ""damCd"": ""1003611"", ""param1"": ""A"", ""rainJobGb"": ""H"", ""rainStartDate"": ""2022-03-27"", ""rainEndDate"": ""2022-04-25""}",01_raw/KWater/mywater_station/rain/A/1003611/2022-03-27_2022-04-25.json,789,08ceca64d24b758bc2ec73ee37d31838756835c4b6468ad99f4d3b92fce39009,4,N
2026-09-29T12:00:32Z,K-water,MyWater(water.or.kr) 수문 ajaxProc,https://www.water.or.kr/kor/realtime/sumun/ajaxProc.do,"{""mode"": ""getHydr"", ""damCd"": ""1003611"", ""param1"": ""H"", ""startDate"": ""2024-10-12"", ""endDate"": ""2024-11-10"", ""page"": """"}",01_raw/KWater/mywater_station/hydr/H/1003611/2024-10-12_2024-11-10.json,120372,585fe61ed1e42881992a3972c03f0572c86380bb57bb47333424a98e06c1d10a,720,N
2026-09-29T12:00:34Z,K-water,MyWater(water.or.kr) 수문 ajaxProc,https://www.water.or.kr/kor/realtime/sumun/ajaxProc.do,"{""mode"": ""getRain"", ""damCd"": ""1003611"", ""param1"": ""A"", ""rainJobGb"": ""H"", ""rainStartDate"": ""2022-04-26"", ""rainEndDate"": ""2022-05-25""}",01_raw/KWater/mywater_station/rain/A/1003611/2022-04-26_2022-05-25.json,789,d3d4b843fcfea56d42e20b760c8ed832dc18301fef1f5b35f0f31a3bb7e496c8,4,N
2026-09-29T12:00:35Z,K-water,MyWater(water.or.kr) 수문 ajaxProc,https://www.water.or.kr/kor/realtime/sumun/ajaxProc.do,"{""mode"": ""getHydr"", ""damCd"": ""1003611"", ""param1"": ""H"", ""startDate"": ""2024-11-11"", ""endDate"": ""2024-12-10"", ""page"": """"}",01_raw/KWater/mywater_station/hydr/H/1003611/2024-11-11_2024-12-10.json,119657,6f56b11210b5db193507991b1cf7fef2bdedb0902895b1829ff971835dab3952,720,N
2026-09-29T12:00:37Z,K-water,MyWater(water.or.kr) 수문 ajaxProc,https://www.water.or.kr/kor/realtime/sumun/ajaxProc.do,"{""mode"": ""getRain"", ""damCd"": ""1003611"", ""param1"": ""A"", ""rainJobGb"": ""H"", ""rainStartDate"": ""2022-05-26"", ""rainEndDate"": ""2022-06-24""}",01_raw/KWater/mywater_station/rain/A/1003611/2022-05-26_2022-06-24.json,789,2090147790d82e8f2f311fdbb36946c96601e740d6945ee3bf11b527cfae825a,4,N
2026-09-29T12:00:38Z,K-water,MyWater(water.or.kr) 수문 ajaxProc,https://www.water.or.kr/kor/realtime/sumun/ajaxProc.do,"{""mode"": ""getHydr"", ""damCd"": ""1003611"", ""param1"": ""H"", ""startDate"": ""2024-12-11"", ""endDate"": ""2025-01-09"", ""page"": """"}",01_raw/KWater/mywater_station/hydr/H/1003611/2024-12-11_2025-01-09.json,110792,b5d9199250fd4bd4ba1c8d3a36898bf4938670c3f6f81323debf13d779091621,720,N
2026-09-29T12:00:41Z,K-water,MyWater(water.or.kr) 수문 ajaxProc,https://www.water.or.kr/kor/realtime/sumun/ajaxProc.do,"{""mode"": ""getHydr"", ""damCd"": ""1003611"", ""param1"": ""H"", ""startDate"": ""2025-01-10"", ""endDate"": ""2025-02-08"", ""page"": """"}",01_raw/KWater/mywater_station/hydr/H/1003611/2025-01-10_2025-02-08.json,101761,8176dd2a04533d3425c7259251f673972ffff2b00ffd1e52594862610aa24f42,720,N
2026-09-29T12:00:41Z,K-water,MyWater(water.or.kr) 수문 ajaxProc,https://www.water.or.kr/kor/realtime/sumun/ajaxProc.do,"{""mode"": ""getRain"", ""damCd"": ""1003611"", ""param1"": ""A"", ""rainJobGb"": ""H"", ""rainStartDate"": ""2022-06-25"", ""rainEndDate"": ""2022-07-24""}",01_raw/KWater/mywater_station/rain/A/1003611/2022-06-25_2022-07-24.json,789,ea4f83eba8b57fc1c0a97e759919a4a6914251c321fbc6634e1f786781bef7b8,4,N
2026-09-29T12:00:43Z,K-water,MyWater(water.or.kr) 수문 ajaxProc,https://www.water.or.kr/kor/realtime/sumun/ajaxProc.do,"{""mode"": ""getHydr"", ""damCd"": ""1003611"", ""param1"": ""H"", ""startDate"": ""2025-02-09"", ""endDate"": ""2025-03-10"", ""page"": """"}",01_raw/KWater/mywater_station/hydr/H/1003611/2025-02-09_2025-03-10.json,102242,bd2cb6e98e3bea8eaaebb7248edb52333bd114cc485e11f83daadfcf1c406cce,720,N
2026-09-29T12:00:44Z,K-water,MyWater(water.or.kr) 수문 ajaxProc,https://www.water.or.kr/kor/realtime/sumun/ajaxProc.do,"{""mode"": ""getRain"", ""damCd"": ""1003611"", ""param1"": ""A"", ""rainJobGb"": ""H"", ""rainStartDate"": ""2022-07-25"", ""rainEndDate"": ""2022-08-23""}",01_raw/KWater/mywater_station/rain/A/1003611/2022-07-25_2022-08-23.json,789,57ab0c10f95f32e2966f1d57896f7b62724ae2c4c950b6b8d8e7e44380e0588d,4,N
2026-09-29T12:00:46Z,K-water,MyWater(water.or.kr) 수문 ajaxProc,https://www.water.or.kr/kor/realtime/sumun/ajaxProc.do,"{""mode"": ""getHydr"", ""damCd"": ""1003611"", ""param1"": ""H"", ""startDate"": ""2025-03-11"", ""endDate"": ""2025-04-09"", ""page"": """"}",01_raw/KWater/mywater_station/hydr/H/1003611/2025-03-11_2025-04-09.json,102792,4a443d2baeb9d8458db3faf3e8eee7b350c3e06ea08562c7be47d9545275ec3a,720,N
2026-09-29T12:00:48Z,K-water,MyWater(water.or.kr) 수문 ajaxProc,https://www.water.or.kr/kor/realtime/sumun/ajaxProc.do,"{""mode"": ""getRain"", ""damCd"": ""1003611"", ""param1"": ""A"", ""rainJobGb"": ""H"", ""rainStartDate"": ""2022-08-24"", ""rainEndDate"": ""2022-09-22""}",01_raw/KWater/mywater_station/rain/A/1003611/2022-08-24_2022-09-22.json,791,cebd1f81ae60a07e1d0a5b55b5e24744061b355816d5da81d9cfee7524def938,4,N
2026-09-29T12:00:49Z,K-water,MyWater(water.or.kr) 수문 ajaxProc,https://www.water.or.kr/kor/realtime/sumun/ajaxProc.do,"{""mode"": ""getHydr"", ""damCd"": ""1003611"", ""param1"": ""H"", ""startDate"": ""2025-04-10"", ""endDate"": ""2025-05-09"", ""page"": """"}",01_raw/KWater/mywater_station/hydr/H/1003611/2025-04-10_2025-05-09.json,103137,403179ee687da609546bb492b6592c697f4d8e0ce4b99cf079c0ae5c46f52874,720,N
2026-09-29T12:00:52Z,K-water,MyWater(water.or.kr) 수문 ajaxProc,https://www.water.or.kr/kor/realtime/sumun/ajaxProc.do,"{""mode"": ""getHydr"", ""damCd"": ""1003611"", ""param1"": ""H"", ""startDate"": ""2025-05-10"", ""endDate"": ""2025-06-08"", ""page"": """"}",01_raw/KWater/mywater_station/hydr/H/1003611/2025-05-10_2025-06-08.json,103025,c4ea5a8a2e696073680afe889bb83f9afef6557ac80b7d760cfad41ad999a0dd,720,N
2026-09-29T12:00:51Z,K-water,MyWater(water.or.kr) 수문 ajaxProc,https://www.water.or.kr/kor/realtime/sumun/ajaxProc.do,"{""mode"": ""getRain"", ""damCd"": ""1003611"", ""param1"": ""A"", ""rainJobGb"": ""H"", ""rainStartDate"": ""2022-09-23"", ""rainEndDate"": ""2022-10-22""}",01_raw/KWater/mywater_station/rain/A/1003611/2022-09-23_2022-10-22.json,792,f342a3dae6fd07af12c98cbff7658b764eadb392cefdbe502555fe1b31e33d72,4,N
2026-09-29T12:00:54Z,K-water,MyWater(water.or.kr) 수문 ajaxProc,https://www.water.or.kr/kor/realtime/sumun/ajaxProc.do,"{""mode"": ""getHydr"", ""damCd"": ""1003611"", ""param1"": ""H"", ""startDate"": ""2025-06-09"", ""endDate"": ""2025-07-08"", ""page"": """"}",01_raw/KWater/mywater_station/hydr/H/1003611/2025-06-09_2025-07-08.json,103040,15e84a8c55f83e8dc02d30fdb348018ae428f94bf4ded6a6170f06fda3b2463f,720,N
2026-09-29T12:00:55Z,K-water,MyWater(water.or.kr) 수문 ajaxProc,https://www.water.or.kr/kor/realtime/sumun/ajaxProc.do,"{""mode"": ""getRain"", ""damCd"": ""1003611"", ""param1"": ""A"", ""rainJobGb"": ""H"", ""rainStartDate"": ""2022-10-23"", ""rainEndDate"": ""2022-11-21""}",01_raw/KWater/mywater_station/rain/A/1003611/2022-10-23_2022-11-21.json,793,9a7cdf4e475700f259dc230a9cd26ed484f21b2ec0deec64555e32cd3d5d87c1,4,N
2026-09-29T12:00:57Z,K-water,MyWater(water.or.kr) 수문 ajaxProc,https://www.water.or.kr/kor/realtime/sumun/ajaxProc.do,"{""mode"": ""getHydr"", ""damCd"": ""1003611"", ""param1"": ""H"", ""startDate"": ""2025-07-09"", ""endDate"": ""2025-08-07"", ""page"": """"}",01_raw/KWater/mywater_station/hydr/H/1003611/2025-07-09_2025-08-07.json,103237,ea462805f0c5b64238dc67f5d7fd105ab6a135c5e502fa708e1d1933dfd17334,720,N
2026-09-29T12:00:58Z,K-water,MyWater(water.or.kr) 수문 ajaxProc,https://www.water.or.kr/kor/realtime/sumun/ajaxProc.do,"{""mode"": ""getRain"", ""damCd"": ""1003611"", ""param1"": ""A"", ""rainJobGb"": ""H"", ""rainStartDate"": ""2022-11-22"", ""rainEndDate"": ""2022-12-21""}",01_raw/KWater/mywater_station/rain/A/1003611/2022-11-22_2022-12-21.json,792,824ef7878aceb33e98f13320a098c6d8dc4523d08338490473ce816e72eed17c,4,N
2026-09-29T12:00:59Z,K-water,MyWater(water.or.kr) 수문 ajaxProc,https://www.water.or.kr/kor/realtime/sumun/ajaxProc.do,"{""mode"": ""getHydr"", ""damCd"": ""1003611"", ""param1"": ""H"", ""startDate"": ""2025-08-08"", ""endDate"": ""2025-09-06"", ""page"": """"}",01_raw/KWater/mywater_station/hydr/H/1003611/2025-08-08_2025-09-06.json,102679,261e5880f26183801a55340ab68f58b60054c565db497f6103e104c77992387c,720,N
2026-09-29T12:01:02Z,K-water,MyWater(water.or.kr) 수문 ajaxProc,https://www.water.or.kr/kor/realtime/sumun/ajaxProc.do,"{""mode"": ""getHydr"", ""damCd"": ""1003611"", ""param1"": ""H"", ""startDate"": ""2025-09-07"", ""endDate"": ""2025-10-06"", ""page"": """"}",01_raw/KWater/mywater_station/hydr/H/1003611/2025-09-07_2025-10-06.json,102361,4e5f65ac38b8907701d851222465998fb9889daac7b5246ebba38700a1f165ce,720,N
2026-09-29T12:01:01Z,K-water,MyWater(water.or.kr) 수문 ajaxProc,https://www.water.or.kr/kor/realtime/sumun/ajaxProc.do,"{""mode"": ""getRain"", ""damCd"": ""1003611"", ""param1"": ""A"", ""rainJobGb"": ""H"", ""rainStartDate"": ""2022-12-22"", ""rainEndDate"": ""2023-01-20""}",01_raw/KWater/mywater_station/rain/A/1003611/2022-12-22_2023-01-20.json,785,1b89259063aa18f48e6d72dea097eed2604a21c5560d5ca9d05bed3cef479ff0,4,N
2026-09-29T12:01:05Z,K-water,MyWater(water.or.kr) 수문 ajaxProc,https://www.water.or.kr/kor/realtime/sumun/ajaxProc.do,"{""mode"": ""getHydr"", ""damCd"": ""1003611"", ""param1"": ""H"", ""startDate"": ""2025-10-07"", ""endDate"": ""2025-11-05"", ""page"": """"}",01_raw/KWater/mywater_station/hydr/H/1003611/2025-10-07_2025-11-05.json,103226,5186d5f82a5c109d952df9c039b290fdcc94ef9a25c3de6efcee01d16b4b5273,720,N
2026-09-29T12:01:05Z,K-water,MyWater(water.or.kr) 수문 ajaxProc,https://www.water.or.kr/kor/realtime/sumun/ajaxProc.do,"{""mode"": ""getRain"", ""damCd"": ""1003611"", ""param1"": ""A"", ""rainJobGb"": ""H"", ""rainStartDate"": ""2023-01-21"", ""rainEndDate"": ""2023-02-19""}",01_raw/KWater/mywater_station/rain/A/1003611/2023-01-21_2023-02-19.json,785,9e46e5fe8865c77190e95fa5487ecdda9476125aa4999fb0e461ec43b0f800ef,4,N
2026-09-29T12:01:07Z,K-water,MyWater(water.or.kr) 수문 ajaxProc,https://www.water.or.kr/kor/realtime/sumun/ajaxProc.do,"{""mode"": ""getHydr"", ""damCd"": ""1003611"", ""param1"": ""H"", ""startDate"": ""2025-11-06"", ""endDate"": ""2025-12-05"", ""page"": """"}",01_raw/KWater/mywater_station/hydr/H/1003611/2025-11-06_2025-12-05.json,101823,6f216e64ee8a66b9372c8c3e2b97f08879e80fddb74d1a4c521b87255dd3f383,720,N
2026-09-29T12:01:08Z,K-water,MyWater(water.or.kr) 수문 ajaxProc,https://www.water.or.kr/kor/realtime/sumun/ajaxProc.do,"{""mode"": ""getRain"", ""damCd"": ""1003611"", ""param1"": ""A"", ""rainJobGb"": ""H"", ""rainStartDate"": ""2023-02-20"", ""rainEndDate"": ""2023-03-21""}",01_raw/KWater/mywater_station/rain/A/1003611/2023-02-20_2023-03-21.json,785,1b5b745765bbf5e0a91c11a45dfefee340a43a8b7ecbf48dcd41fb5932c3dcf4,4,N
2026-09-29T12:01:10Z,K-water,MyWater(water.or.kr) 수문 ajaxProc,https://www.water.or.kr/kor/realtime/sumun/ajaxProc.do,"{""mode"": ""getHydr"", ""damCd"": ""1003611"", ""param1"": ""H"", ""startDate"": ""2025-12-06"", ""endDate"": ""2026-01-04"", ""page"": """"}",01_raw/KWater/mywater_station/hydr/H/1003611/2025-12-06_2026-01-04.json,101852,4eaef5f54295242b43c631a7a11d508daf680e786d097912043aa3daac0655ab,720,N
2026-09-29T12:01:12Z,K-water,MyWater(water.or.kr) 수문 ajaxProc,https://www.water.or.kr/kor/realtime/sumun/ajaxProc.do,"{""mode"": ""getRain"", ""damCd"": ""1003611"", ""param1"": ""A"", ""rainJobGb"": ""H"", ""rainStartDate"": ""2023-03-22"", ""rainEndDate"": ""2023-04-20""}",01_raw/KWater/mywater_station/rain/A/1003611/2023-03-22_2023-04-20.json,785,77f3020306d6fcd69ef688f1c71c0d7ec3fae6373ce5a56dc8f216a4d798c26e,4,N
2026-09-29T12:01:13Z,K-water,MyWater(water.or.kr) 수문 ajaxProc,https://www.water.or.kr/kor/realtime/sumun/ajaxProc.do,"{""mode"": ""getHydr"", ""damCd"": ""1003611"", ""param1"": ""H"", ""startDate"": ""2026-01-05"", ""endDate"": ""2026-02-03"", ""page"": """"}",01_raw/KWater/mywater_station/hydr/H/1003611/2026-01-05_2026-02-03.json,101872,430490052c908efd3c7711c510f92bf1f01570493b4bbc534c05d34aa95c2760,720,N
2026-09-29T12:01:15Z,K-water,MyWater(water.or.kr) 수문 ajaxProc,https://www.water.or.kr/kor/realtime/sumun/ajaxProc.do,"{""mode"": ""getRain"", ""damCd"": ""1003611"", ""param1"": ""A"", ""rainJobGb"": ""H"", ""rainStartDate"": ""2023-04-21"", ""rainEndDate"": ""2023-05-20""}",01_raw/KWater/mywater_station/rain/A/1003611/2023-04-21_2023-05-20.json,789,a185126a09ae7ccaab709d324641340b446a2a398dc8328244e21ef598961b92,4,N
2026-09-29T12:01:15Z,K-water,MyWater(water.or.kr) 수문 ajaxProc,https://www.water.or.kr/kor/realtime/sumun/ajaxProc.do,"{""mode"": ""getHydr"", ""damCd"": ""1003611"", ""param1"": ""H"", ""startDate"": ""2026-02-04"", ""endDate"": ""2026-03-05"", ""page"": """"}",01_raw/KWater/mywater_station/hydr/H/1003611/2026-02-04_2026-03-05.json,101909,30802efdbe5578bc3937b1220c12d5471c051ff494b73c58204f9825685303ea,720,N
2026-09-29T12:01:19Z,K-water,MyWater(water.or.kr) 수문 ajaxProc,https://www.water.or.kr/kor/realtime/sumun/ajaxProc.do,"{""mode"": ""getHydr"", ""damCd"": ""1003611"", ""param1"": ""H"", ""startDate"": ""2026-03-06"", ""endDate"": ""2026-04-04"", ""page"": """"}",01_raw/KWater/mywater_station/hydr/H/1003611/2026-03-06_2026-04-04.json,102794,67762c91e3e91973e1b1ea28877c6cbc4f47fbe729b2803b0d0f991acf23aefa,720,N
2026-09-29T12:01:18Z,K-water,MyWater(water.or.kr) 수문 ajaxProc,https://www.water.or.kr/kor/realtime/sumun/ajaxProc.do,"{""mode"": ""getRain"", ""damCd"": ""1003611"", ""param1"": ""A"", ""rainJobGb"": ""H"", ""rainStartDate"": ""2023-05-21"", ""rainEndDate"": ""2023-06-19""}",01_raw/KWater/mywater_station/rain/A/1003611/2023-05-21_2023-06-19.json,789,c0746609d4b0dab4bf8664f851aef924ee2b75744f5bce9f7f7c9ec0718ffe36,4,N
2026-09-29T12:01:21Z,K-water,MyWater(water.or.kr) 수문 ajaxProc,https://www.water.or.kr/kor/realtime/sumun/ajaxProc.do,"{""mode"": ""getHydr"", ""damCd"": ""1003611"", ""param1"": ""H"", ""startDate"": ""2026-04-05"", ""endDate"": ""2026-05-04"", ""page"": """"}",01_raw/KWater/mywater_station/hydr/H/1003611/2026-04-05_2026-05-04.json,102562,fe0a1efe10e65ec71146d5182fc1c6b4d35a0182a7dd607d45d1182cbd9b26c6,720,N
2026-09-29T12:01:21Z,K-water,MyWater(water.or.kr) 수문 ajaxProc,https://www.water.or.kr/kor/realtime/sumun/ajaxProc.do,"{""mode"": ""getRain"", ""damCd"": ""1003611"", ""param1"": ""A"", ""rainJobGb"": ""H"", ""rainStartDate"": ""2023-06-20"", ""rainEndDate"": ""2023-07-19""}",01_raw/KWater/mywater_station/rain/A/1003611/2023-06-20_2023-07-19.json,789,12f64f0f79776aee152c9bb74e0fa5d21f8b35e85404d9ae14ac18ad4a73ec36,4,N
2026-09-29T12:01:24Z,K-water,MyWater(water.or.kr) 수문 ajaxProc,https://www.water.or.kr/kor/realtime/sumun/ajaxProc.do,"{""mode"": ""getHydr"", ""damCd"": ""1003611"", ""param1"": ""H"", ""startDate"": ""2026-05-05"", ""endDate"": ""2026-06-03"", ""page"": """"}",01_raw/KWater/mywater_station/hydr/H/1003611/2026-05-05_2026-06-03.json,102478,cdc35661de9494737c74cad3a6be3c9086d5bd465191e98a5c37ca996b9b2a08,720,N
2026-09-29T12:01:24Z,K-water,MyWater(water.or.kr) 수문 ajaxProc,https://www.water.or.kr/kor/realtime/sumun/ajaxProc.do,"{""mode"": ""getRain"", ""damCd"": ""1003611"", ""param1"": ""A"", ""rainJobGb"": ""H"", ""rainStartDate"": ""2023-07-20"", ""rainEndDate"": ""2023-08-18""}",01_raw/KWater/mywater_station/rain/A/1003611/2023-07-20_2023-08-18.json,793,a316518818577d9f9d8c28b1719df61e1b0f1699b24573b90d387449a4c67dac,4,N
2026-09-29T12:01:27Z,K-water,MyWater(water.or.kr) 수문 ajaxProc,https://www.water.or.kr/kor/realtime/sumun/ajaxProc.do,"{""mode"": ""getHydr"", ""damCd"": ""1003611"", ""param1"": ""H"", ""startDate"": ""2026-06-04"", ""endDate"": ""2026-07-03"", ""page"": """"}",01_raw/KWater/mywater_station/hydr/H/1003611/2026-06-04_2026-07-03.json,102838,422ccc1dc04c7f8f8b7c8ff55fece419c87947438ed67417c130640822e8c570,720,N
2026-09-29T12:01:27Z,K-water,MyWater(water.or.kr) 수문 ajaxProc,https://www.water.or.kr/kor/realtime/sumun/ajaxProc.do,"{""mode"": ""getRain"", ""damCd"": ""1003611"", ""param1"": ""A"", ""rainJobGb"": ""H"", ""rainStartDate"": ""2023-08-19"", ""rainEndDate"": ""2023-09-17""}",01_raw/KWater/mywater_station/rain/A/1003611/2023-08-19_2023-09-17.json,792,be238ab9b04e7fbebf46e419205d9eb000b992906d3e104ba88856d896f2af2d,4,N
2026-09-29T12:01:29Z,K-water,MyWater(water.or.kr) 수문 ajaxProc,https://www.water.or.kr/kor/realtime/sumun/ajaxProc.do,"{""mode"": ""getHydr"", ""damCd"": ""1003611"", ""param1"": ""H"", ""startDate"": ""2026-07-04"", ""endDate"": ""2026-08-02"", ""page"": """"}",01_raw/KWater/mywater_station/hydr/H/1003611/2026-07-04_2026-08-02.json,103386,2a1ff4fc2fa224ebca26975295a8ed8194635a742505c8a80c1b3caaff0368d7,720,N
2026-09-29T12:01:30Z,K-water,MyWater(water.or.kr) 수문 ajaxProc,https://www.water.or.kr/kor/realtime/sumun/ajaxProc.do,"{""mode"": ""getRain"", ""damCd"": ""1003611"", ""param1"": ""A"", ""rainJobGb"": ""H"", ""rainStartDate"": ""2023-09-18"", ""rainEndDate"": ""2023-10-17""}",01_raw/KWater/mywater_station/rain/A/1003611/2023-09-18_2023-10-17.json,793,69ca6fa26c18e8820502d089f71a3334ea35ce80eccb444d9f46b2e4c99cbc4f,4,N
2026-09-29T12:01:32Z,K-water,MyWater(water.or.kr) 수문 ajaxProc,https://www.water.or.kr/kor/realtime/sumun/ajaxProc.do,"{""mode"": ""getHydr"", ""damCd"": ""1003611"", ""param1"": ""H"", ""startDate"": ""2026-08-03"", ""endDate"": ""2026-09-01"", ""page"": """"}",01_raw/KWater/mywater_station/hydr/H/1003611/2026-08-03_2026-09-01.json,103096,64d1561e8b0654cab0aa07692654086afec95a4d71937205b96be655a5468888,720,N
2026-09-29T12:01:33Z,K-water,MyWater(water.or.kr) 수문 ajaxProc,https://www.water.or.kr/kor/realtime/sumun/ajaxProc.do,"{""mode"": ""getRain"", ""damCd"": ""1003611"", ""param1"": ""A"", ""rainJobGb"": ""H"", ""rainStartDate"": ""2023-10-18"", ""rainEndDate"": ""2023-11-16""}",01_raw/KWater/mywater_station/rain/A/1003611/2023-10-18_2023-11-16.json,793,03f2df7c7674cfbc1312471456d879604def63c10c80c7b7924b6b5edfc6cdf9,4,N
2026-09-29T12:01:35Z,K-water,MyWater(water.or.kr) 수문 ajaxProc,https://www.water.or.kr/kor/realtime/sumun/ajaxProc.do,"{""mode"": ""getHydr"", ""damCd"": ""1003611"", ""param1"": ""H"", ""startDate"": ""2026-09-02"", ""endDate"": ""2026-09-28"", ""page"": """"}",01_raw/KWater/mywater_station/hydr/H/1003611/2026-09-02_2026-09-28.json,92463,bc3c1387ec53a4fac5ecb3a06fae305700f6fe0907c690bd0ed70b790707df5b,648,N
2026-09-29T12:01:37Z,K-water,MyWater(water.or.kr) 수문 ajaxProc,https://www.water.or.kr/kor/realtime/sumun/ajaxProc.do,"{""mode"": ""getRain"", ""damCd"": ""1003611"", ""param1"": ""A"", ""rainJobGb"": ""H"", ""rainStartDate"": ""2023-11-17"", ""rainEndDate"": ""2023-12-16""}",01_raw/KWater/mywater_station/rain/A/1003611/2023-11-17_2023-12-16.json,792,433f088148998b8bffe121aa3ac0cd01a96b60f463b5853d7ab00b48d06faaf9,4,N
2026-09-29T12:01:37Z,K-water,MyWater(water.or.kr) 수문 ajaxProc,https://www.water.or.kr/kor/realtime/sumun/ajaxProc.do,"{""mode"": ""getHydr"", ""damCd"": ""1006110"", ""param1"": ""H"", ""startDate"": ""2021-01-01"", ""endDate"": ""2021-01-30"", ""page"": """"}",01_raw/KWater/mywater_station/hydr/H/1006110/2021-01-01_2021-01-30.json,98316,fd76e24482bc44d4969b8b7c4009a8c3012240e522397d7d8a93bc4565e298b0,720,N
2026-09-29T12:01:40Z,K-water,MyWater(water.or.kr) 수문 ajaxProc,https://www.water.or.kr/kor/realtime/sumun/ajaxProc.do,"{""mode"": ""getRain"", ""damCd"": ""1003611"", ""param1"": ""A"", ""rainJobGb"": ""H"", ""rainStartDate"": ""2023-12-17"", ""rainEndDate"": ""2024-01-15""}",01_raw/KWater/mywater_station/rain/A/1003611/2023-12-17_2024-01-15.json,782,cceea45b178efc51ba2f8c0c3deccc388ce6937d98339572575b392d1c3af8c5,4,N
2026-09-29T12:01:40Z,K-water,MyWater(water.or.kr) 수문 ajaxProc,https://www.water.or.kr/kor/realtime/sumun/ajaxProc.do,"{""mode"": ""getHydr"", ""damCd"": ""1006110"", ""param1"": ""H"", ""startDate"": ""2021-01-31"", ""endDate"": ""2021-03-01"", ""page"": """"}",01_raw/KWater/mywater_station/hydr/H/1006110/2021-01-31_2021-03-01.json,98404,ca7f440b251726ce71eaf57c29f31b83ce0875da6c4d85f0cdae1c4cfab993d5,720,N
2026-09-29T12:01:43Z,K-water,MyWater(water.or.kr) 수문 ajaxProc,https://www.water.or.kr/kor/realtime/sumun/ajaxProc.do,"{""mode"": ""getRain"", ""damCd"": ""1003611"", ""param1"": ""A"", ""rainJobGb"": ""H"", ""rainStartDate"": ""2024-01-16"", ""rainEndDate"": ""2024-02-14""}",01_raw/KWater/mywater_station/rain/A/1003611/2024-01-16_2024-02-14.json,785,21ff9e04bcf0cff9530ba15f9ab13f744e4a05ba6fe629de643495f9c5290584,4,N
2026-09-29T12:01:44Z,K-water,MyWater(water.or.kr) 수문 ajaxProc,https://www.water.or.kr/kor/realtime/sumun/ajaxProc.do,"{""mode"": ""getHydr"", ""damCd"": ""1006110"", ""param1"": ""H"", ""startDate"": ""2021-03-02"", ""endDate"": ""2021-03-31"", ""page"": """"}",01_raw/KWater/mywater_station/hydr/H/1006110/2021-03-02_2021-03-31.json,98565,a2dfe545966fc4713322216f0ff6a005d848e693a7a8a3c508845c2858116064,720,N
2026-09-29T12:01:46Z,K-water,MyWater(water.or.kr) 수문 ajaxProc,https://www.water.or.kr/kor/realtime/sumun/ajaxProc.do,"{""mode"": ""getHydr"", ""damCd"": ""1006110"", ""param1"": ""H"", ""startDate"": ""2021-04-01"", ""endDate"": ""2021-04-30"", ""page"": """"}",01_raw/KWater/mywater_station/hydr/H/1006110/2021-04-01_2021-04-30.json,99090,0693e68c43e3d4b4d24d20e36d733608cbfc90d047487678a24de46622187fe7,720,N
2026-09-29T12:01:46Z,K-water,MyWater(water.or.kr) 수문 ajaxProc,https://www.water.or.kr/kor/realtime/sumun/ajaxProc.do,"{""mode"": ""getRain"", ""damCd"": ""1003611"", ""param1"": ""A"", ""rainJobGb"": ""H"", ""rainStartDate"": ""2024-02-15"", ""rainEndDate"": ""2024-03-15""}",01_raw/KWater/mywater_station/rain/A/1003611/2024-02-15_2024-03-15.json,789,09f5e3db2d32b1055959ff2a4b8f371442e4b2bd4b14ddb1f7f755de71ef11df,4,N
2026-09-29T12:01:49Z,K-water,MyWater(water.or.kr) 수문 ajaxProc,https://www.water.or.kr/kor/realtime/sumun/ajaxProc.do,"{""mode"": ""getHydr"", ""damCd"": ""1006110"", ""param1"": ""H"", ""startDate"": ""2021-05-01"", ""endDate"": ""2021-05-30"", ""page"": """"}",01_raw/KWater/mywater_station/hydr/H/1006110/2021-05-01_2021-05-30.json,98881,0af7064f1f7bc8afeb22f8747dc589d101339e81b07ef45f9da5e9d5f72cf502,720,N
2026-09-29T12:01:49Z,K-water,MyWater(water.or.kr) 수문 ajaxProc,https://www.water.or.kr/kor/realtime/sumun/ajaxProc.do,"{""mode"": ""getRain"", ""damCd"": ""1003611"", ""param1"": ""A"", ""rainJobGb"": ""H"", ""rainStartDate"": ""2024-03-16"", ""rainEndDate"": ""2024-04-14""}",01_raw/KWater/mywater_station/rain/A/1003611/2024-03-16_2024-04-14.json,789,e5b3c1b96bb428ad9869329abe1ec83e104add07d2fb77656bad3bd592b21fd7,4,N
2026-09-29T12:01:52Z,K-water,MyWater(water.or.kr) 수문 ajaxProc,https://www.water.or.kr/kor/realtime/sumun/ajaxProc.do,"{""mode"": ""getHydr"", ""damCd"": ""1006110"", ""param1"": ""H"", ""startDate"": ""2021-05-31"", ""endDate"": ""2021-06-29"", ""page"": """"}",01_raw/KWater/mywater_station/hydr/H/1006110/2021-05-31_2021-06-29.json,98586,49bff70607386ab2ad1b81495ccda2c2b3143abb8771e6976609b74f5ec1f26f,720,N
2026-09-29T12:01:53Z,K-water,MyWater(water.or.kr) 수문 ajaxProc,https://www.water.or.kr/kor/realtime/sumun/ajaxProc.do,"{""mode"": ""getRain"", ""damCd"": ""1003611"", ""param1"": ""A"", ""rainJobGb"": ""H"", ""rainStartDate"": ""2024-04-15"", ""rainEndDate"": ""2024-05-14""}",01_raw/KWater/mywater_station/rain/A/1003611/2024-04-15_2024-05-14.json,789,a36371425b8d6900ccfe1c81dea0a9c7f7a35a86b22257c19d258cbf1047179c,4,N
2026-09-29T12:01:55Z,K-water,MyWater(water.or.kr) 수문 ajaxProc,https://www.water.or.kr/kor/realtime/sumun/ajaxProc.do,"{""mode"": ""getHydr"", ""damCd"": ""1006110"", ""param1"": ""H"", ""startDate"": ""2021-06-30"", ""endDate"": ""2021-07-29"", ""page"": """"}",01_raw/KWater/mywater_station/hydr/H/1006110/2021-06-30_2021-07-29.json,98545,f5ffb57a8cd72934c0d9bea5c7e73eaa440e7416369da22034fb90793452fb66,720,N
2026-09-29T12:01:56Z,K-water,MyWater(water.or.kr) 수문 ajaxProc,https://www.water.or.kr/kor/realtime/sumun/ajaxProc.do,"{""mode"": ""getRain"", ""damCd"": ""1003611"", ""param1"": ""A"", ""rainJobGb"": ""H"", ""rainStartDate"": ""2024-05-15"", ""rainEndDate"": ""2024-06-13""}",01_raw/KWater/mywater_station/rain/A/1003611/2024-05-15_2024-06-13.json,788,006051e9cdd325b64315df91eb19bdbb0f5a3fcd394932e73a0c8e417961b3ae,4,N
2026-09-29T12:01:57Z,K-water,MyWater(water.or.kr) 수문 ajaxProc,https://www.water.or.kr/kor/realtime/sumun/ajaxProc.do,"{""mode"": ""getHydr"", ""damCd"": ""1006110"", ""param1"": ""H"", ""startDate"": ""2021-07-30"", ""endDate"": ""2021-08-28"", ""page"": """"}",01_raw/KWater/mywater_station/hydr/H/1006110/2021-07-30_2021-08-28.json,100671,6fc3208cab6475a217353e9d684bbda837c8c99a255eaa2b67e7fc8dddb8bb89,720,N
2026-09-29T12:01:59Z,K-water,MyWater(water.or.kr) 수문 ajaxProc,https://www.water.or.kr/kor/realtime/sumun/ajaxProc.do,"{""mode"": ""getRain"", ""damCd"": ""1003611"", ""param1"": ""A"", ""rainJobGb"": ""H"", ""rainStartDate"": ""2024-06-14"", ""rainEndDate"": ""2024-07-13""}",01_raw/KWater/mywater_station/rain/A/1003611/2024-06-14_2024-07-13.json,788,a411846018ec9e9d7553f96a0f57f5ac0cb98b7018515903baf131cd34be6f88,4,N
2026-09-29T12:02:00Z,K-water,MyWater(water.or.kr) 수문 ajaxProc,https://www.water.or.kr/kor/realtime/sumun/ajaxProc.do,"{""mode"": ""getHydr"", ""damCd"": ""1006110"", ""param1"": ""H"", ""startDate"": ""2021-08-29"", ""endDate"": ""2021-09-27"", ""page"": """"}",01_raw/KWater/mywater_station/hydr/H/1006110/2021-08-29_2021-09-27.json,99003,1e5d9de485e02bead8270d141d6d43eacf8534f4fb751177ee8640fd2c86c015,720,N
2026-09-29T12:02:02Z,K-water,MyWater(water.or.kr) 수문 ajaxProc,https://www.water.or.kr/kor/realtime/sumun/ajaxProc.do,"{""mode"": ""getHydr"", ""damCd"": ""1006110"", ""param1"": ""H"", ""startDate"": ""2021-09-28"", ""endDate"": ""2021-10-27"", ""page"": """"}",01_raw/KWater/mywater_station/hydr/H/1006110/2021-09-28_2021-10-27.json,98982,a775f7d38ff5d999280be36b45459ee2b9757282db793380e3fdbadeb80c82f2,720,N
2026-09-29T12:02:02Z,K-water,MyWater(water.or.kr) 수문 ajaxProc,https://www.water.or.kr/kor/realtime/sumun/ajaxProc.do,"{""mode"": ""getRain"", ""damCd"": ""1003611"", ""param1"": ""A"", ""rainJobGb"": ""H"", ""rainStartDate"": ""2024-07-14"", ""rainEndDate"": ""2024-08-12""}",01_raw/KWater/mywater_station/rain/A/1003611/2024-07-14_2024-08-12.json,791,936b443da3ddde96dffa607047fbc1d7659bdd9a3a0c0df0205196e69742eb16,4,N
2026-09-29T12:02:05Z,K-water,MyWater(water.or.kr) 수문 ajaxProc,https://www.water.or.kr/kor/realtime/sumun/ajaxProc.do,"{""mode"": ""getHydr"", ""damCd"": ""1006110"", ""param1"": ""H"", ""startDate"": ""2021-10-28"", ""endDate"": ""2021-11-26"", ""page"": """"}",01_raw/KWater/mywater_station/hydr/H/1006110/2021-10-28_2021-11-26.json,98642,c506d3be92e6ae9db620c53a8a0f41dc105e649d8abd9a036fd05b3d3f526718,720,N
2026-09-29T12:02:06Z,K-water,MyWater(water.or.kr) 수문 ajaxProc,https://www.water.or.kr/kor/realtime/sumun/ajaxProc.do,"{""mode"": ""getRain"", ""damCd"": ""1003611"", ""param1"": ""A"", ""rainJobGb"": ""H"", ""rainStartDate"": ""2024-08-13"", ""rainEndDate"": ""2024-09-11""}",01_raw/KWater/mywater_station/rain/A/1003611/2024-08-13_2024-09-11.json,793,5495d51a11d3ade38d2b3fb0cd8d2016cf55351db8787d78754bbc2bdb9b8f1a,4,N
2026-09-29T12:02:08Z,K-water,MyWater(water.or.kr) 수문 ajaxProc,https://www.water.or.kr/kor/realtime/sumun/ajaxProc.do,"{""mode"": ""getHydr"", ""damCd"": ""1006110"", ""param1"": ""H"", ""startDate"": ""2021-11-27"", ""endDate"": ""2021-12-26"", ""page"": """"}",01_raw/KWater/mywater_station/hydr/H/1006110/2021-11-27_2021-12-26.json,98262,01c4c535d2c85626a8b339d3d1244a6d4fe71008cd835fa247a279f7b0b6bc39,720,N
2026-09-29T12:02:09Z,K-water,MyWater(water.or.kr) 수문 ajaxProc,https://www.water.or.kr/kor/realtime/sumun/ajaxProc.do,"{""mode"": ""getRain"", ""damCd"": ""1003611"", ""param1"": ""A"", ""rainJobGb"": ""H"", ""rainStartDate"": ""2024-09-12"", ""rainEndDate"": ""2024-10-11""}",01_raw/KWater/mywater_station/rain/A/1003611/2024-09-12_2024-10-11.json,793,e743c3cd92c9e870ee12bda054420b2fc3705162de56fd50f3423fdeef29bc1d,4,N
2026-09-29T12:02:10Z,K-water,MyWater(water.or.kr) 수문 ajaxProc,https://www.water.or.kr/kor/realtime/sumun/ajaxProc.do,"{""mode"": ""getHydr"", ""damCd"": ""1006110"", ""param1"": ""H"", ""startDate"": ""2021-12-27"", ""endDate"": ""2022-01-25"", ""page"": """"}",01_raw/KWater/mywater_station/hydr/H/1006110/2021-12-27_2022-01-25.json,98149,ce08cf1e2f4e6d53e887a53d146bf7d1031472703f5af0bb79f18095fa1441a8,720,N
2026-09-29T12:02:13Z,K-water,MyWater(water.or.kr) 수문 ajaxProc,https://www.water.or.kr/kor/realtime/sumun/ajaxProc.do,"{""mode"": ""getRain"", ""damCd"": ""1003611"", ""param1"": ""A"", ""rainJobGb"": ""H"", ""rainStartDate"": ""2024-10-12"", ""rainEndDate"": ""2024-11-10""}",01_raw/KWater/mywater_station/rain/A/1003611/2024-10-12_2024-11-10.json,793,28f009d7f608c528724feb42841054220675347ec4792f17b9b12198404b23e5,4,N
2026-09-29T12:02:14Z,K-water,MyWater(water.or.kr) 수문 ajaxProc,https://www.water.or.kr/kor/realtime/sumun/ajaxProc.do,"{""mode"": ""getHydr"", ""damCd"": ""1006110"", ""param1"": ""H"", ""startDate"": ""2022-01-26"", ""endDate"": ""2022-02-24"", ""page"": """"}",01_raw/KWater/mywater_station/hydr/H/1006110/2022-01-26_2022-02-24.json,98505,a5e047688cd9fdf8a7174120f80ef9d9d26ab9299356e65805cef9fa97d14c99,720,N
2026-09-29T12:02:17Z,K-water,MyWater(water.or.kr) 수문 ajaxProc,https://www.water.or.kr/kor/realtime/sumun/ajaxProc.do,"{""mode"": ""getHydr"", ""damCd"": ""1006110"", ""param1"": ""H"", ""startDate"": ""2022-02-25"", ""endDate"": ""2022-03-26"", ""page"": """"}",01_raw/KWater/mywater_station/hydr/H/1006110/2022-02-25_2022-03-26.json,101018,9794eea8ad8b009f8941935cf256513395434eaf6c0f822a7ae152fa296ce0f9,720,N
2026-09-29T12:02:16Z,K-water,MyWater(water.or.kr) 수문 ajaxProc,https://www.water.or.kr/kor/realtime/sumun/ajaxProc.do,"{""mode"": ""getRain"", ""damCd"": ""1003611"", ""param1"": ""A"", ""rainJobGb"": ""H"", ""rainStartDate"": ""2024-11-11"", ""rainEndDate"": ""2024-12-10""}",01_raw/KWater/mywater_station/rain/A/1003611/2024-11-11_2024-12-10.json,792,1dc1e7f47c1cbf0f25a08452f2dd8c98a793ead3d61b44f5b4cc188533c968bc,4,N
2026-09-29T12:02:19Z,K-water,MyWater(water.or.kr) 수문 ajaxProc,https://www.water.or.kr/kor/realtime/sumun/ajaxProc.do,"{""mode"": ""getHydr"", ""damCd"": ""1006110"", ""param1"": ""H"", ""startDate"": ""2022-03-27"", ""endDate"": ""2022-04-25"", ""page"": """"}",01_raw/KWater/mywater_station/hydr/H/1006110/2022-03-27_2022-04-25.json,99786,8efdbe47285c12cd33e163c2f7f1732b91335a953706306edd9fc1abba8595b3,720,N
2026-09-29T12:02:19Z,K-water,MyWater(water.or.kr) 수문 ajaxProc,https://www.water.or.kr/kor/realtime/sumun/ajaxProc.do,"{""mode"": ""getRain"", ""damCd"": ""1003611"", ""param1"": ""A"", ""rainJobGb"": ""H"", ""rainStartDate"": ""2024-12-11"", ""rainEndDate"": ""2025-01-09""}",01_raw/KWater/mywater_station/rain/A/1003611/2024-12-11_2025-01-09.json,781,f233a389f3421073d385b46bf701872de0072a0233302af2f075f439d2e05266,4,N
2026-09-29T12:02:22Z,K-water,MyWater(water.or.kr) 수문 ajaxProc,https://www.water.or.kr/kor/realtime/sumun/ajaxProc.do,"{""mode"": ""getHydr"", ""damCd"": ""1006110"", ""param1"": ""H"", ""startDate"": ""2022-04-26"", ""endDate"": ""2022-05-25"", ""page"": """"}",01_raw/KWater/mywater_station/hydr/H/1006110/2022-04-26_2022-05-25.json,98672,d9a063c85b01ce5522156de45d1af53439ff78fdd74a68c557d0e402e4f0b152,720,N
2026-09-29T12:02:23Z,K-water,MyWater(water.or.kr) 수문 ajaxProc,https://www.water.or.kr/kor/realtime/sumun/ajaxProc.do,"{""mode"": ""getRain"", ""damCd"": ""1003611"", ""param1"": ""A"", ""rainJobGb"": ""H"", ""rainStartDate"": ""2025-01-10"", ""rainEndDate"": ""2025-02-08""}",01_raw/KWater/mywater_station/rain/A/1003611/2025-01-10_2025-02-08.json,783,0cdc09134a72f07603a3629f1b9bcbbc0c2552479886b3e27a611d0dd5b4400a,4,N
2026-09-29T12:02:25Z,K-water,MyWater(water.or.kr) 수문 ajaxProc,https://www.water.or.kr/kor/realtime/sumun/ajaxProc.do,"{""mode"": ""getHydr"", ""damCd"": ""1006110"", ""param1"": ""H"", ""startDate"": ""2022-05-26"", ""endDate"": ""2022-06-24"", ""page"": """"}",01_raw/KWater/mywater_station/hydr/H/1006110/2022-05-26_2022-06-24.json,107867,c9a089aab3cd37e5ea7c14f32d7feb92e48202698f5858dab74b7e0190045f93,720,N
2026-09-29T12:02:26Z,K-water,MyWater(water.or.kr) 수문 ajaxProc,https://www.water.or.kr/kor/realtime/sumun/ajaxProc.do,"{""mode"": ""getRain"", ""damCd"": ""1003611"", ""param1"": ""A"", ""rainJobGb"": ""H"", ""rainStartDate"": ""2025-02-09"", ""rainEndDate"": ""2025-03-10""}",01_raw/KWater/mywater_station/rain/A/1003611/2025-02-09_2025-03-10.json,784,a2df6672ba92217a9b799102e44e9e636eb210cd452d7699fe692a84bc9be2db,4,N
2026-09-29T12:02:28Z,K-water,MyWater(water.or.kr) 수문 ajaxProc,https://www.water.or.kr/kor/realtime/sumun/ajaxProc.do,"{""mode"": ""getHydr"", ""damCd"": ""1006110"", ""param1"": ""H"", ""startDate"": ""2022-06-25"", ""endDate"": ""2022-07-24"", ""page"": """"}",01_raw/KWater/mywater_station/hydr/H/1006110/2022-06-25_2022-07-24.json,100672,d97812b30cba3889b76ba06a6ac503c7fde9495380ed5eb9d7565d8acafbc63b,720,N
2026-09-29T12:02:30Z,K-water,MyWater(water.or.kr) 수문 ajaxProc,https://www.water.or.kr/kor/realtime/sumun/ajaxProc.do,"{""mode"": ""getRain"", ""damCd"": ""1003611"", ""param1"": ""A"", ""rainJobGb"": ""H"", ""rainStartDate"": ""2025-03-11"", ""rainEndDate"": ""2025-04-09""}",01_raw/KWater/mywater_station/rain/A/1003611/2025-03-11_2025-04-09.json,785,3d75451249b8556597b9a0485bf6a18ba1cf76db69c1130118de230e6049f375,4,N
2026-09-29T12:02:31Z,K-water,MyWater(water.or.kr) 수문 ajaxProc,https://www.water.or.kr/kor/realtime/sumun/ajaxProc.do,"{""mode"": ""getHydr"", ""damCd"": ""1006110"", ""param1"": ""H"", ""startDate"": ""2022-07-25"", ""endDate"": ""2022-08-23"", ""page"": """"}",01_raw/KWater/mywater_station/hydr/H/1006110/2022-07-25_2022-08-23.json,101423,22551d7c790de5258092669a133f23aa5b4aaaa25d4c7ea25ff0c53ad2835a6a,720,N
2026-09-29T12:02:33Z,K-water,MyWater(water.or.kr) 수문 ajaxProc,https://www.water.or.kr/kor/realtime/sumun/ajaxProc.do,"{""mode"": ""getHydr"", ""damCd"": ""1006110"", ""param1"": ""H"", ""startDate"": ""2022-08-24"", ""endDate"": ""2022-09-22"", ""page"": """"}",01_raw/KWater/mywater_station/hydr/H/1006110/2022-08-24_2022-09-22.json,100193,440e1de0e9f7018563479a27889dd0489cc2654dbfd4ec550790cf15d10b840c,720,N
2026-09-29T12:02:33Z,K-water,MyWater(water.or.kr) 수문 ajaxProc,https://www.water.or.kr/kor/realtime/sumun/ajaxProc.do,"{""mode"": ""getRain"", ""damCd"": ""1003611"", ""param1"": ""A"", ""rainJobGb"": ""H"", ""rainStartDate"": ""2025-04-10"", ""rainEndDate"": ""2025-05-09""}",01_raw/KWater/mywater_station/rain/A/1003611/2025-04-10_2025-05-09.json,789,c31659debc9dbb3c342496a006c95e0a1fed4297c16e4e35430978b76fa9facd,4,N
2026-09-29T12:02:36Z,K-water,MyWater(water.or.kr) 수문 ajaxProc,https://www.water.or.kr/kor/realtime/sumun/ajaxProc.do,"{""mode"": ""getHydr"", ""damCd"": ""1006110"", ""param1"": ""H"", ""startDate"": ""2022-09-23"", ""endDate"": ""2022-10-22"", ""page"": """"}",01_raw/KWater/mywater_station/hydr/H/1006110/2022-09-23_2022-10-22.json,99543,507e6e1d48045a0de50cb15c0247a003463b2ca96b3ba7c6e60d82bd181e8ca2,720,N
2026-09-29T12:02:36Z,K-water,MyWater(water.or.kr) 수문 ajaxProc,https://www.water.or.kr/kor/realtime/sumun/ajaxProc.do,"{""mode"": ""getRain"", ""damCd"": ""1003611"", ""param1"": ""A"", ""rainJobGb"": ""H"", ""rainStartDate"": ""2025-05-10"", ""rainEndDate"": ""2025-06-08""}",01_raw/KWater/mywater_station/rain/A/1003611/2025-05-10_2025-06-08.json,789,2e190d89e4e117cd1e02875c71559f9342d7c6c20b90b3be1bdee2cf82627125,4,N
2026-09-29T12:02:38Z,K-water,MyWater(water.or.kr) 수문 ajaxProc,https://www.water.or.kr/kor/realtime/sumun/ajaxProc.do,"{""mode"": ""getHydr"", ""damCd"": ""1006110"", ""param1"": ""H"", ""startDate"": ""2022-10-23"", ""endDate"": ""2022-11-21"", ""page"": """"}",01_raw/KWater/mywater_station/hydr/H/1006110/2022-10-23_2022-11-21.json,99120,47058b7ad4a2469a57a4c03bc2009a9d80120a0d2975ab3e7db55b2be55b8708,720,N
2026-09-29T12:02:40Z,K-water,MyWater(water.or.kr) 수문 ajaxProc,https://www.water.or.kr/kor/realtime/sumun/ajaxProc.do,"{""mode"": ""getRain"", ""damCd"": ""1003611"", ""param1"": ""A"", ""rainJobGb"": ""H"", ""rainStartDate"": ""2025-06-09"", ""rainEndDate"": ""2025-07-08""}",01_raw/KWater/mywater_station/rain/A/1003611/2025-06-09_2025-07-08.json,789,9214dbe3d6ef37b6fffe9eb3b6b0298588649a56a73c05b2c25dbf034a82f1cb,4,N
2026-09-29T12:02:42Z,K-water,MyWater(water.or.kr) 수문 ajaxProc,https://www.water.or.kr/kor/realtime/sumun/ajaxProc.do,"{""mode"": ""getHydr"", ""damCd"": ""1006110"", ""param1"": ""H"", ""startDate"": ""2022-11-22"", ""endDate"": ""2022-12-21"", ""page"": """"}",01_raw/KWater/mywater_station/hydr/H/1006110/2022-11-22_2022-12-21.json,99353,1b697da56c0b372f457b295268627dd4fce4a058e632499f5b894acc8323600b,720,N
2026-09-29T12:02:43Z,K-water,MyWater(water.or.kr) 수문 ajaxProc,https://www.water.or.kr/kor/realtime/sumun/ajaxProc.do,"{""mode"": ""getRain"", ""damCd"": ""1003611"", ""param1"": ""A"", ""rainJobGb"": ""H"", ""rainStartDate"": ""2025-07-09"", ""rainEndDate"": ""2025-08-07""}",01_raw/KWater/mywater_station/rain/A/1003611/2025-07-09_2025-08-07.json,789,638a79126cb9d480a52140aa76742305f9a1896acb3656ce77f70ab9f915be8b,4,N
2026-09-29T12:02:45Z,K-water,MyWater(water.or.kr) 수문 ajaxProc,https://www.water.or.kr/kor/realtime/sumun/ajaxProc.do,"{""mode"": ""getHydr"", ""damCd"": ""1006110"", ""param1"": ""H"", ""startDate"": ""2022-12-22"", ""endDate"": ""2023-01-20"", ""page"": """"}",01_raw/KWater/mywater_station/hydr/H/1006110/2022-12-22_2023-01-20.json,99152,defb51134439dc21213c74dd07783d0999782c4456e18496f4d28e5986267cdc,720,N
2026-09-29T12:02:47Z,K-water,MyWater(water.or.kr) 수문 ajaxProc,https://www.water.or.kr/kor/realtime/sumun/ajaxProc.do,"{""mode"": ""getRain"", ""damCd"": ""1003611"", ""param1"": ""A"", ""rainJobGb"": ""H"", ""rainStartDate"": ""2025-08-08"", ""rainEndDate"": ""2025-09-06""}",01_raw/KWater/mywater_station/rain/A/1003611/2025-08-08_2025-09-06.json,789,b11c2f77ff70fdb15f948fcd8cf6840b192fe42075b2051233052a0da636fa41,4,N
2026-09-29T12:02:48Z,K-water,MyWater(water.or.kr) 수문 ajaxProc,https://www.water.or.kr/kor/realtime/sumun/ajaxProc.do,"{""mode"": ""getHydr"", ""damCd"": ""1006110"", ""param1"": ""H"", ""startDate"": ""2023-01-21"", ""endDate"": ""2023-02-19"", ""page"": """"}",01_raw/KWater/mywater_station/hydr/H/1006110/2023-01-21_2023-02-19.json,103839,82b8802bb5172e5ffc37776f861dea2f87b721f24462b207a4905a2b318dcf6f,720,N
2026-09-29T12:02:51Z,K-water,MyWater(water.or.kr) 수문 ajaxProc,https://www.water.or.kr/kor/realtime/sumun/ajaxProc.do,"{""mode"": ""getHydr"", ""damCd"": ""1006110"", ""param1"": ""H"", ""startDate"": ""2023-02-20"", ""endDate"": ""2023-03-21"", ""page"": """"}",01_raw/KWater/mywater_station/hydr/H/1006110/2023-02-20_2023-03-21.json,99035,de653eb6350a292a1c37406825e3530ca731f7ae84d158d20bd03e37c2ff5c90,720,N
2026-09-29T12:02:51Z,K-water,MyWater(water.or.kr) 수문 ajaxProc,https://www.water.or.kr/kor/realtime/sumun/ajaxProc.do,"{""mode"": ""getRain"", ""damCd"": ""1003611"", ""param1"": ""A"", ""rainJobGb"": ""H"", ""rainStartDate"": ""2025-09-07"", ""rainEndDate"": ""2025-10-06""}",01_raw/KWater/mywater_station/rain/A/1003611/2025-09-07_2025-10-06.json,793,93737b95043cd7f905726b2aa47a605286ba810afb710783fb7612d95b20dfc8,4,N
2026-09-29T12:02:54Z,K-water,MyWater(water.or.kr) 수문 ajaxProc,https://www.water.or.kr/kor/realtime/sumun/ajaxProc.do,"{""mode"": ""getHydr"", ""damCd"": ""1006110"", ""param1"": ""H"", ""startDate"": ""2023-03-22"", ""endDate"": ""2023-04-20"", ""page"": """"}",01_raw/KWater/mywater_station/hydr/H/1006110/2023-03-22_2023-04-20.json,106329,287f2a7bd4844946645ce20468f026f67ac41006a8974945bda3e6d6a0fa94a0,720,N
2026-09-29T12:02:55Z,K-water,MyWater(water.or.kr) 수문 ajaxProc,https://www.water.or.kr/kor/realtime/sumun/ajaxProc.do,"{""mode"": ""getRain"", ""damCd"": ""1003611"", ""param1"": ""A"", ""rainJobGb"": ""H"", ""rainStartDate"": ""2025-10-07"", ""rainEndDate"": ""2025-11-05""}",01_raw/KWater/mywater_station/rain/A/1003611/2025-10-07_2025-11-05.json,793,c4a7bd627e3084f65ea1d583af9582be2423cecf042d9e146b01cea1012b1f79,4,N
2026-09-29T12:02:57Z,K-water,MyWater(water.or.kr) 수문 ajaxProc,https://www.water.or.kr/kor/realtime/sumun/ajaxProc.do,"{""mode"": ""getHydr"", ""damCd"": ""1006110"", ""param1"": ""H"", ""startDate"": ""2023-04-21"", ""endDate"": ""2023-05-20"", ""page"": """"}",01_raw/KWater/mywater_station/hydr/H/1006110/2023-04-21_2023-05-20.json,100947,316209b7568545d4ded15426228e4c6ddbc0f3cf22e78a699e268088e9345a7c,720,N
2026-09-29T12:02:58Z,K-water,MyWater(water.or.kr) 수문 ajaxProc,https://www.water.or.kr/kor/realtime/sumun/ajaxProc.do,"{""mode"": ""getRain"", ""damCd"": ""1003611"", ""param1"": ""A"", ""rainJobGb"": ""H"", ""rainStartDate"": ""2025-11-06"", ""rainEndDate"": ""2025-12-05""}",01_raw/KWater/mywater_station/rain/A/1003611/2025-11-06_2025-12-05.json,792,667af71dbae978a7246881dbb817b70fdb143ced1e0c19d7acbe33385ae7d98b,4,N
2026-09-29T12:03:00Z,K-water,MyWater(water.or.kr) 수문 ajaxProc,https://www.water.or.kr/kor/realtime/sumun/ajaxProc.do,"{""mode"": ""getHydr"", ""damCd"": ""1006110"", ""param1"": ""H"", ""startDate"": ""2023-05-21"", ""endDate"": ""2023-06-19"", ""page"": """"}",01_raw/KWater/mywater_station/hydr/H/1006110/2023-05-21_2023-06-19.json,101210,2036f4d25956cd48edf17039542a455b9915423003a1aa963b0a1cc0c495493b,720,N
2026-09-29T12:03:02Z,K-water,MyWater(water.or.kr) 수문 ajaxProc,https://www.water.or.kr/kor/realtime/sumun/ajaxProc.do,"{""mode"": ""getRain"", ""damCd"": ""1003611"", ""param1"": ""A"", ""rainJobGb"": ""H"", ""rainStartDate"": ""2025-12-06"", ""rainEndDate"": ""2026-01-04""}",01_raw/KWater/mywater_station/rain/A/1003611/2025-12-06_2026-01-04.json,781,8ea9b0f11eca7257a0e51c97f33177429b9c6eaab8cd4ea2d7d5d4ac41be58f0,4,N
2026-09-29T12:03:03Z,K-water,MyWater(water.or.kr) 수문 ajaxProc,https://www.water.or.kr/kor/realtime/sumun/ajaxProc.do,"{""mode"": ""getHydr"", ""damCd"": ""1006110"", ""param1"": ""H"", ""startDate"": ""2023-06-20"", ""endDate"": ""2023-07-19"", ""page"": """"}",01_raw/KWater/mywater_station/hydr/H/1006110/2023-06-20_2023-07-19.json,101579,81c0ce256a671ed132884a04f431b9e4d5c633b08eb698b48b56985436612ece,720,N
2026-09-29T12:03:07Z,K-water,MyWater(water.or.kr) 수문 ajaxProc,https://www.water.or.kr/kor/realtime/sumun/ajaxProc.do,"{""mode"": ""getHydr"", ""damCd"": ""1006110"", ""param1"": ""H"", ""startDate"": ""2023-07-20"", ""endDate"": ""2023-08-18"", ""page"": """"}",01_raw/KWater/mywater_station/hydr/H/1006110/2023-07-20_2023-08-18.json,100000,83f91d73dbb4132938f0664566c322d199692ab5874da446458cd56008f17c6b,720,N
2026-09-29T12:03:06Z,K-water,MyWater(water.or.kr) 수문 ajaxProc,https://www.water.or.kr/kor/realtime/sumun/ajaxProc.do,"{""mode"": ""getRain"", ""damCd"": ""1003611"", ""param1"": ""A"", ""rainJobGb"": ""H"", ""rainStartDate"": ""2026-01-05"", ""rainEndDate"": ""2026-02-03""}",01_raw/KWater/mywater_station/rain/A/1003611/2026-01-05_2026-02-03.json,781,25270756e19c9be0773c44ebfc7b4b7ab4e8ff767ccee870690eaca9b6a176e5,4,N
2026-09-29T12:03:09Z,K-water,MyWater(water.or.kr) 수문 ajaxProc,https://www.water.or.kr/kor/realtime/sumun/ajaxProc.do,"{""mode"": ""getHydr"", ""damCd"": ""1006110"", ""param1"": ""H"", ""startDate"": ""2023-08-19"", ""endDate"": ""2023-09-17"", ""page"": """"}",01_raw/KWater/mywater_station/hydr/H/1006110/2023-08-19_2023-09-17.json,99972,50ebe2155d805d932d6fbd103ab587cc1882c1b930eb04886ac935b50d9d0617,720,N
2026-09-29T12:03:10Z,K-water,MyWater(water.or.kr) 수문 ajaxProc,https://www.water.or.kr/kor/realtime/sumun/ajaxProc.do,"{""mode"": ""getRain"", ""damCd"": ""1003611"", ""param1"": ""A"", ""rainJobGb"": ""H"", ""rainStartDate"": ""2026-02-04"", ""rainEndDate"": ""2026-03-05""}",01_raw/KWater/mywater_station/rain/A/1003611/2026-02-04_2026-03-05.json,785,0ab9fe56a159c140b1d2df2708221a696ad4d979e550b7a61e8aeb5ef3ce2ab4,4,N
2026-09-29T12:03:12Z,K-water,MyWater(water.or.kr) 수문 ajaxProc,https://www.water.or.kr/kor/realtime/sumun/ajaxProc.do,"{""mode"": ""getHydr"", ""damCd"": ""1006110"", ""param1"": ""H"", ""startDate"": ""2023-09-18"", ""endDate"": ""2023-10-17"", ""page"": """"}",01_raw/KWater/mywater_station/hydr/H/1006110/2023-09-18_2023-10-17.json,99929,c27594d71aaa2cd669f60beb2c0ca5e40a21ad1bf2ad67d52afd5682a482ed05,720,N
2026-09-29T12:03:13Z,K-water,MyWater(water.or.kr) 수문 ajaxProc,https://www.water.or.kr/kor/realtime/sumun/ajaxProc.do,"{""mode"": ""getRain"", ""damCd"": ""1003611"", ""param1"": ""A"", ""rainJobGb"": ""H"", ""rainStartDate"": ""2026-03-06"", ""rainEndDate"": ""2026-04-04""}",01_raw/KWater/mywater_station/rain/A/1003611/2026-03-06_2026-04-04.json,785,1145e547179d2d361bd6fab188324e02eb87d9e9a4561091fe08a41b77470bde,4,N
2026-09-29T12:03:14Z,K-water,MyWater(water.or.kr) 수문 ajaxProc,https://www.water.or.kr/kor/realtime/sumun/ajaxProc.do,"{""mode"": ""getHydr"", ""damCd"": ""1006110"", ""param1"": ""H"", ""startDate"": ""2023-10-18"", ""endDate"": ""2023-11-16"", ""page"": """"}",01_raw/KWater/mywater_station/hydr/H/1006110/2023-10-18_2023-11-16.json,99327,8490571c9d6957d4042a65b93a92c3eff6128be38796701a563d51513834c241,720,N
2026-09-29T12:03:16Z,K-water,MyWater(water.or.kr) 수문 ajaxProc,https://www.water.or.kr/kor/realtime/sumun/ajaxProc.do,"{""mode"": ""getRain"", ""damCd"": ""1003611"", ""param1"": ""A"", ""rainJobGb"": ""H"", ""rainStartDate"": ""2026-04-05"", ""rainEndDate"": ""2026-05-04""}",01_raw/KWater/mywater_station/rain/A/1003611/2026-04-05_2026-05-04.json,789,ed6aafec36802369bdc7580acfb93697b808f5f92e26e3a2a08865aea25307c9,4,N
2026-09-29T12:03:17Z,K-water,MyWater(water.or.kr) 수문 ajaxProc,https://www.water.or.kr/kor/realtime/sumun/ajaxProc.do,"{""mode"": ""getHydr"", ""damCd"": ""1006110"", ""param1"": ""H"", ""startDate"": ""2023-11-17"", ""endDate"": ""2023-12-16"", ""page"": """"}",01_raw/KWater/mywater_station/hydr/H/1006110/2023-11-17_2023-12-16.json,114148,78a5c4ca55867800913eb7801b96e2b3042fc2ae8e21faeb85043354c36486ce,720,N
2026-09-29T12:03:20Z,K-water,MyWater(water.or.kr) 수문 ajaxProc,https://www.water.or.kr/kor/realtime/sumun/ajaxProc.do,"{""mode"": ""getHydr"", ""damCd"": ""1006110"", ""param1"": ""H"", ""startDate"": ""2023-12-17"", ""endDate"": ""2024-01-15"", ""page"": """"}",01_raw/KWater/mywater_station/hydr/H/1006110/2023-12-17_2024-01-15.json,105078,0e0e3677f196ccda4264bd4bddf8d58f6787eddd4f03da9236948487375e2909,720,N
2026-09-29T12:03:20Z,K-water,MyWater(water.or.kr) 수문 ajaxProc,https://www.water.or.kr/kor/realtime/sumun/ajaxProc.do,"{""mode"": ""getRain"", ""damCd"": ""1003611"", ""param1"": ""A"", ""rainJobGb"": ""H"", ""rainStartDate"": ""2026-05-05"", ""rainEndDate"": ""2026-06-03""}",01_raw/KWater/mywater_station/rain/A/1003611/2026-05-05_2026-06-03.json,789,099c2d107a6c2bc6fbbfcec55d0f64d4842ec3e6533c11a34da27197f8bd1f88,4,N
2026-09-29T12:03:23Z,K-water,MyWater(water.or.kr) 수문 ajaxProc,https://www.water.or.kr/kor/realtime/sumun/ajaxProc.do,"{""mode"": ""getHydr"", ""damCd"": ""1006110"", ""param1"": ""H"", ""startDate"": ""2024-01-16"", ""endDate"": ""2024-02-14"", ""page"": """"}",01_raw/KWater/mywater_station/hydr/H/1006110/2024-01-16_2024-02-14.json,99431,39a348e40a2a40a3f4ce3493cf9618f451d79b09839c32feab30345ad847f1dd,720,N
2026-09-29T12:03:23Z,K-water,MyWater(water.or.kr) 수문 ajaxProc,https://www.water.or.kr/kor/realtime/sumun/ajaxProc.do,"{""mode"": ""getRain"", ""damCd"": ""1003611"", ""param1"": ""A"", ""rainJobGb"": ""H"", ""rainStartDate"": ""2026-06-04"", ""rainEndDate"": ""2026-07-03""}",01_raw/KWater/mywater_station/rain/A/1003611/2026-06-04_2026-07-03.json,789,29fa95a7dbd47895f86e9c9f1cf2f74720854925f5adf03b5925a263ffafdf71,4,N
2026-09-29T12:03:25Z,K-water,MyWater(water.or.kr) 수문 ajaxProc,https://www.water.or.kr/kor/realtime/sumun/ajaxProc.do,"{""mode"": ""getHydr"", ""damCd"": ""1006110"", ""param1"": ""H"", ""startDate"": ""2024-02-15"", ""endDate"": ""2024-03-15"", ""page"": """"}",01_raw/KWater/mywater_station/hydr/H/1006110/2024-02-15_2024-03-15.json,100298,d658f94be1f2092ba874679aa2ae7cd2974aafcef5e4f601bf01c99d54ab1e9a,720,N
2026-09-29T12:03:27Z,K-water,MyWater(water.or.kr) 수문 ajaxProc,https://www.water.or.kr/kor/realtime/sumun/ajaxProc.do,"{""mode"": ""getRain"", ""damCd"": ""1003611"", ""param1"": ""A"", ""rainJobGb"": ""H"", ""rainStartDate"": ""2026-07-04"", ""rainEndDate"": ""2026-08-02""}",01_raw/KWater/mywater_station/rain/A/1003611/2026-07-04_2026-08-02.json,789,70fd74a9b620d75dee07f5b84e646e8c773edc52ef71c5f4025b83df57224378,4,N
2026-09-29T12:03:28Z,K-water,MyWater(water.or.kr) 수문 ajaxProc,https://www.water.or.kr/kor/realtime/sumun/ajaxProc.do,"{""mode"": ""getHydr"", ""damCd"": ""1006110"", ""param1"": ""H"", ""startDate"": ""2024-03-16"", ""endDate"": ""2024-04-14"", ""page"": """"}",01_raw/KWater/mywater_station/hydr/H/1006110/2024-03-16_2024-04-14.json,99180,5dd8bd09955926131444969c5fbdba7a308654e93e19e83948076d47cce81b46,720,N
2026-09-29T12:03:31Z,K-water,MyWater(water.or.kr) 수문 ajaxProc,https://www.water.or.kr/kor/realtime/sumun/ajaxProc.do,"{""mode"": ""getHydr"", ""damCd"": ""1006110"", ""param1"": ""H"", ""startDate"": ""2024-04-15"", ""endDate"": ""2024-05-14"", ""page"": """"}",01_raw/KWater/mywater_station/hydr/H/1006110/2024-04-15_2024-05-14.json,99606,b1051e346353286f2f70ed8414c9352883c14902c617bc9ad3d1c4685117b3f3,720,N
2026-09-29T12:03:30Z,K-water,MyWater(water.or.kr) 수문 ajaxProc,https://www.water.or.kr/kor/realtime/sumun/ajaxProc.do,"{""mode"": ""getRain"", ""damCd"": ""1003611"", ""param1"": ""A"", ""rainJobGb"": ""H"", ""rainStartDate"": ""2026-08-03"", ""rainEndDate"": ""2026-09-01""}",01_raw/KWater/mywater_station/rain/A/1003611/2026-08-03_2026-09-01.json,789,42644ec8c74a571941cc1b0316d4adb6eef1d5bb56071b347c3c618207c11564,4,N
2026-09-29T12:03:33Z,K-water,MyWater(water.or.kr) 수문 ajaxProc,https://www.water.or.kr/kor/realtime/sumun/ajaxProc.do,"{""mode"": ""getHydr"", ""damCd"": ""1006110"", ""param1"": ""H"", ""startDate"": ""2024-05-15"", ""endDate"": ""2024-06-13"", ""page"": """"}",01_raw/KWater/mywater_station/hydr/H/1006110/2024-05-15_2024-06-13.json,99603,9f3851d82c8d46650b0fd4e5b7aea96cf4d2333c16d9a08958eb9981d7d5770b,720,N
2026-09-29T12:03:33Z,K-water,MyWater(water.or.kr) 수문 ajaxProc,https://www.water.or.kr/kor/realtime/sumun/ajaxProc.do,"{""mode"": ""getRain"", ""damCd"": ""1003611"", ""param1"": ""A"", ""rainJobGb"": ""H"", ""rainStartDate"": ""2026-09-02"", ""rainEndDate"": ""2026-09-28""}",01_raw/KWater/mywater_station/rain/A/1003611/2026-09-02_2026-09-28.json,789,5150cfdf3eacb26260576227a72a5019cdc0e567cc4da4dc98d2dc6277e7746e,4,N
2026-09-29T12:03:36Z,K-water,MyWater(water.or.kr) 수문 ajaxProc,https://www.water.or.kr/kor/realtime/sumun/ajaxProc.do,"{""mode"": ""getHydr"", ""damCd"": ""1006110"", ""param1"": ""H"", ""startDate"": ""2024-06-14"", ""endDate"": ""2024-07-13"", ""page"": """"}",01_raw/KWater/mywater_station/hydr/H/1006110/2024-06-14_2024-07-13.json,100646,2b504cf39dc770f877ce0ef47a801dbbf780431d59b0e27bb2e08c9c39f7a28d,720,N
2026-09-29T12:03:37Z,K-water,MyWater(water.or.kr) 수문 ajaxProc,https://www.water.or.kr/kor/realtime/sumun/ajaxProc.do,"{""mode"": ""getRain"", ""damCd"": ""1006110"", ""param1"": ""A"", ""rainJobGb"": ""H"", ""rainStartDate"": ""2021-01-01"", ""rainEndDate"": ""2021-01-30""}",01_raw/KWater/mywater_station/rain/A/1006110/2021-01-01_2021-01-30.json,672,5b1621ad0b909265dbaa13cd1358413b7ffbed96d4fcc81a8e65ec2fb399cf3e,3,N
2026-09-29T12:03:39Z,K-water,MyWater(water.or.kr) 수문 ajaxProc,https://www.water.or.kr/kor/realtime/sumun/ajaxProc.do,"{""mode"": ""getHydr"", ""damCd"": ""1006110"", ""param1"": ""H"", ""startDate"": ""2024-07-14"", ""endDate"": ""2024-08-12"", ""page"": """"}",01_raw/KWater/mywater_station/hydr/H/1006110/2024-07-14_2024-08-12.json,101706,a85eeb5ff5a03089ab57ac0859e32967f3eba42bac852a94b316964978e3c540,720,N
2026-09-29T12:03:40Z,K-water,MyWater(water.or.kr) 수문 ajaxProc,https://www.water.or.kr/kor/realtime/sumun/ajaxProc.do,"{""mode"": ""getRain"", ""damCd"": ""1006110"", ""param1"": ""A"", ""rainJobGb"": ""H"", ""rainStartDate"": ""2021-01-31"", ""rainEndDate"": ""2021-03-01""}",01_raw/KWater/mywater_station/rain/A/1006110/2021-01-31_2021-03-01.json,672,512c9cdd50c04b072ae1f8a294d72b620a1f7aed9d2479c3a65dffdba2a37cfa,3,N
2026-09-29T12:03:42Z,K-water,MyWater(water.or.kr) 수문 ajaxProc,https://www.water.or.kr/kor/realtime/sumun/ajaxProc.do,"{""mode"": ""getHydr"", ""damCd"": ""1006110"", ""param1"": ""H"", ""startDate"": ""2024-08-13"", ""endDate"": ""2024-09-11"", ""page"": """"}",01_raw/KWater/mywater_station/hydr/H/1006110/2024-08-13_2024-09-11.json,99732,e7c3161c6623e6b355848c2e068b59353a3d6b21258d2a0f33ae56e1dcf581f4,720,N
2026-09-29T12:03:43Z,K-water,MyWater(water.or.kr) 수문 ajaxProc,https://www.water.or.kr/kor/realtime/sumun/ajaxProc.do,"{""mode"": ""getRain"", ""damCd"": ""1006110"", ""param1"": ""A"", ""rainJobGb"": ""H"", ""rainStartDate"": ""2021-03-02"", ""rainEndDate"": ""2021-03-31""}",01_raw/KWater/mywater_station/rain/A/1006110/2021-03-02_2021-03-31.json,675,543837546ac51aea617b177ddcfe5c905b52d212849648104a33b62091a970e2,3,N
2026-09-29T12:03:44Z,K-water,MyWater(water.or.kr) 수문 ajaxProc,https://www.water.or.kr/kor/realtime/sumun/ajaxProc.do,"{""mode"": ""getHydr"", ""damCd"": ""1006110"", ""param1"": ""H"", ""startDate"": ""2024-09-12"", ""endDate"": ""2024-10-11"", ""page"": """"}",01_raw/KWater/mywater_station/hydr/H/1006110/2024-09-12_2024-10-11.json,101205,62406c84f3ea9252262d25d389b48addb4d1e85c0729aa6aa80dfa658d4cc7e1,720,N
2026-09-29T12:03:46Z,K-water,MyWater(water.or.kr) 수문 ajaxProc,https://www.water.or.kr/kor/realtime/sumun/ajaxProc.do,"{""mode"": ""getRain"", ""damCd"": ""1006110"", ""param1"": ""A"", ""rainJobGb"": ""H"", ""rainStartDate"": ""2021-04-01"", ""rainEndDate"": ""2021-04-30""}",01_raw/KWater/mywater_station/rain/A/1006110/2021-04-01_2021-04-30.json,675,ad00d776906cde7e9842ccba479861fb24c159bf63961f08081ed4d8e1b3ffed,3,N
2026-09-29T12:03:47Z,K-water,MyWater(water.or.kr) 수문 ajaxProc,https://www.water.or.kr/kor/realtime/sumun/ajaxProc.do,"{""mode"": ""getHydr"", ""damCd"": ""1006110"", ""param1"": ""H"", ""startDate"": ""2024-10-12"", ""endDate"": ""2024-11-10"", ""page"": """"}",01_raw/KWater/mywater_station/hydr/H/1006110/2024-10-12_2024-11-10.json,99332,c702b6687c22eaaf338fd990cab9fc52bfa98612dc97189559c89a4f03f0da91,720,N
2026-09-29T12:03:50Z,K-water,MyWater(water.or.kr) 수문 ajaxProc,https://www.water.or.kr/kor/realtime/sumun/ajaxProc.do,"{""mode"": ""getHydr"", ""damCd"": ""1006110"", ""param1"": ""H"", ""startDate"": ""2024-11-11"", ""endDate"": ""2024-12-10"", ""page"": """"}",01_raw/KWater/mywater_station/hydr/H/1006110/2024-11-11_2024-12-10.json,99725,ff5776d6db26d5630bc56f2168c631fdacb9736f2a58f7a0591e228492e0e52f,720,N
2026-09-29T12:03:50Z,K-water,MyWater(water.or.kr) 수문 ajaxProc,https://www.water.or.kr/kor/realtime/sumun/ajaxProc.do,"{""mode"": ""getRain"", ""damCd"": ""1006110"", ""param1"": ""A"", ""rainJobGb"": ""H"", ""rainStartDate"": ""2021-05-01"", ""rainEndDate"": ""2021-05-30""}",01_raw/KWater/mywater_station/rain/A/1006110/2021-05-01_2021-05-30.json,674,75c1c7f1b98d3b0854d1ac96819fb01e684b446651dda44396333ace22786d6d,3,N
2026-09-29T12:03:52Z,K-water,MyWater(water.or.kr) 수문 ajaxProc,https://www.water.or.kr/kor/realtime/sumun/ajaxProc.do,"{""mode"": ""getHydr"", ""damCd"": ""1006110"", ""param1"": ""H"", ""startDate"": ""2024-12-11"", ""endDate"": ""2025-01-09"", ""page"": """"}",01_raw/KWater/mywater_station/hydr/H/1006110/2024-12-11_2025-01-09.json,99422,ab7be8d60dc1b6a7dbcf4433b5db1b1b5ab705026b5bec8390d36a1e7464642a,720,N
2026-09-29T12:03:53Z,K-water,MyWater(water.or.kr) 수문 ajaxProc,https://www.water.or.kr/kor/realtime/sumun/ajaxProc.do,"{""mode"": ""getRain"", ""damCd"": ""1006110"", ""param1"": ""A"", ""rainJobGb"": ""H"", ""rainStartDate"": ""2021-05-31"", ""rainEndDate"": ""2021-06-29""}",01_raw/KWater/mywater_station/rain/A/1006110/2021-05-31_2021-06-29.json,674,c2d84d3c52586ef5ecd32d9f54ad36ae6080cef1056fd3987f587761fdeccb6f,3,N
2026-09-29T12:03:55Z,K-water,MyWater(water.or.kr) 수문 ajaxProc,https://www.water.or.kr/kor/realtime/sumun/ajaxProc.do,"{""mode"": ""getHydr"", ""damCd"": ""1006110"", ""param1"": ""H"", ""startDate"": ""2025-01-10"", ""endDate"": ""2025-02-08"", ""page"": """"}",01_raw/KWater/mywater_station/hydr/H/1006110/2025-01-10_2025-02-08.json,99310,a1b288f7f54ce44f5cbea6af91fcd57fbe5381764dfb974737f10b9ae2b82200,720,N
2026-09-29T12:03:56Z,K-water,MyWater(water.or.kr) 수문 ajaxProc,https://www.water.or.kr/kor/realtime/sumun/ajaxProc.do,"{""mode"": ""getRain"", ""damCd"": ""1006110"", ""param1"": ""A"", ""rainJobGb"": ""H"", ""rainStartDate"": ""2021-06-30"", ""rainEndDate"": ""2021-07-29""}",01_raw/KWater/mywater_station/rain/A/1006110/2021-06-30_2021-07-29.json,675,666d4ea5297cec2cbab5c5ddfa03b8cad14fb026478a1fb4d90906647fad5ce3,3,N
2026-09-29T12:03:57Z,K-water,MyWater(water.or.kr) 수문 ajaxProc,https://www.water.or.kr/kor/realtime/sumun/ajaxProc.do,"{""mode"": ""getHydr"", ""damCd"": ""1006110"", ""param1"": ""H"", ""startDate"": ""2025-02-09"", ""endDate"": ""2025-03-10"", ""page"": """"}",01_raw/KWater/mywater_station/hydr/H/1006110/2025-02-09_2025-03-10.json,99673,ddc965bb918a6ba45180d109592b2a4ad07c430a0d97527f3caa56167c44e25e,720,N
2026-09-29T12:03:59Z,K-water,MyWater(water.or.kr) 수문 ajaxProc,https://www.water.or.kr/kor/realtime/sumun/ajaxProc.do,"{""mode"": ""getRain"", ""damCd"": ""1006110"", ""param1"": ""A"", ""rainJobGb"": ""H"", ""rainStartDate"": ""2021-07-30"", ""rainEndDate"": ""2021-08-28""}",01_raw/KWater/mywater_station/rain/A/1006110/2021-07-30_2021-08-28.json,675,dd9652d4401039000d80da862d309487d50d7309a54679ebb652c1635e66e4b4,3,N
2026-09-29T12:04:00Z,K-water,MyWater(water.or.kr) 수문 ajaxProc,https://www.water.or.kr/kor/realtime/sumun/ajaxProc.do,"{""mode"": ""getHydr"", ""damCd"": ""1006110"", ""param1"": ""H"", ""startDate"": ""2025-03-11"", ""endDate"": ""2025-04-09"", ""page"": """"}",01_raw/KWater/mywater_station/hydr/H/1006110/2025-03-11_2025-04-09.json,99790,7b1bd5e7e48a8efc50c2db687b739853599a0a0ac67e1738e9ea2398dec56572,720,N
2026-09-29T12:04:03Z,K-water,MyWater(water.or.kr) 수문 ajaxProc,https://www.water.or.kr/kor/realtime/sumun/ajaxProc.do,"{""mode"": ""getHydr"", ""damCd"": ""1006110"", ""param1"": ""H"", ""startDate"": ""2025-04-10"", ""endDate"": ""2025-05-09"", ""page"": """"}",01_raw/KWater/mywater_station/hydr/H/1006110/2025-04-10_2025-05-09.json,99604,ed5bf1baad63b998598e4862341b6ccbd90ffdfbbb995fccd2d606835b89f995,720,N
2026-09-29T12:04:03Z,K-water,MyWater(water.or.kr) 수문 ajaxProc,https://www.water.or.kr/kor/realtime/sumun/ajaxProc.do,"{""mode"": ""getRain"", ""damCd"": ""1006110"", ""param1"": ""A"", ""rainJobGb"": ""H"", ""rainStartDate"": ""2021-08-29"", ""rainEndDate"": ""2021-09-27""}",01_raw/KWater/mywater_station/rain/A/1006110/2021-08-29_2021-09-27.json,674,aa9f1d8ae35a00dd1efcb6866aa765ddddedcd597d4a649103d8c2ffb5d2ab69,3,N
2026-09-29T12:04:05Z,K-water,MyWater(water.or.kr) 수문 ajaxProc,https://www.water.or.kr/kor/realtime/sumun/ajaxProc.do,"{""mode"": ""getHydr"", ""damCd"": ""1006110"", ""param1"": ""H"", ""startDate"": ""2025-05-10"", ""endDate"": ""2025-06-08"", ""page"": """"}",01_raw/KWater/mywater_station/hydr/H/1006110/2025-05-10_2025-06-08.json,98933,d5b118cb7f1a45521f7c0c681f807d4fcd48c8c3cde610fb9ae69c448272ba79,720,N
2026-09-29T12:04:06Z,K-water,MyWater(water.or.kr) 수문 ajaxProc,https://www.water.or.kr/kor/realtime/sumun/ajaxProc.do,"{""mode"": ""getRain"", ""damCd"": ""1006110"", ""param1"": ""A"", ""rainJobGb"": ""H"", ""rainStartDate"": ""2021-09-28"", ""rainEndDate"": ""2021-10-27""}",01_raw/KWater/mywater_station/rain/A/1006110/2021-09-28_2021-10-27.json,677,d91eccd4890aaa711f68414f97a808a7af29a55bd974ba535bf1d27f5adab855,3,N
2026-09-29T12:04:08Z,K-water,MyWater(water.or.kr) 수문 ajaxProc,https://www.water.or.kr/kor/realtime/sumun/ajaxProc.do,"{""mode"": ""getHydr"", ""damCd"": ""1006110"", ""param1"": ""H"", ""startDate"": ""2025-06-09"", ""endDate"": ""2025-07-08"", ""page"": """"}",01_raw/KWater/mywater_station/hydr/H/1006110/2025-06-09_2025-07-08.json,99681,e7f3e069f0f72beedb9c53bad418bdbf669b87ea3a07d47437c4361f809691e8,720,N
2026-09-29T12:04:09Z,K-water,MyWater(water.or.kr) 수문 ajaxProc,https://www.water.or.kr/kor/realtime/sumun/ajaxProc.do,"{""mode"": ""getRain"", ""damCd"": ""1006110"", ""param1"": ""A"", ""rainJobGb"": ""H"", ""rainStartDate"": ""2021-10-28"", ""rainEndDate"": ""2021-11-26""}",01_raw/KWater/mywater_station/rain/A/1006110/2021-10-28_2021-11-26.json,677,4e9480f178fcfa5c52631ea60f277bc1fd8e1e8e06e3e9a871c72a444e5d2be7,3,N
2026-09-29T12:04:11Z,K-water,MyWater(water.or.kr) 수문 ajaxProc,https://www.water.or.kr/kor/realtime/sumun/ajaxProc.do,"{""mode"": ""getHydr"", ""damCd"": ""1006110"", ""param1"": ""H"", ""startDate"": ""2025-07-09"", ""endDate"": ""2025-08-07"", ""page"": """"}",01_raw/KWater/mywater_station/hydr/H/1006110/2025-07-09_2025-08-07.json,100097,7d11a7888bcdc3f3f158a24bcd15ffbbb9715ed09732bd45f291027d517b4917,720,N
2026-09-29T12:04:12Z,K-water,MyWater(water.or.kr) 수문 ajaxProc,https://www.water.or.kr/kor/realtime/sumun/ajaxProc.do,"{""mode"": ""getRain"", ""damCd"": ""1006110"", ""param1"": ""A"", ""rainJobGb"": ""H"", ""rainStartDate"": ""2021-11-27"", ""rainEndDate"": ""2021-12-26""}",01_raw/KWater/mywater_station/rain/A/1006110/2021-11-27_2021-12-26.json,677,d9dc75a559125f6d4d7eefa0b31d13d27ef0c5246c8b3fcd7da222ee7c7c0a45,3,N
2026-09-29T12:04:14Z,K-water,MyWater(water.or.kr) 수문 ajaxProc,https://www.water.or.kr/kor/realtime/sumun/ajaxProc.do,"{""mode"": ""getHydr"", ""damCd"": ""1006110"", ""param1"": ""H"", ""startDate"": ""2025-08-08"", ""endDate"": ""2025-09-06"", ""page"": """"}",01_raw/KWater/mywater_station/hydr/H/1006110/2025-08-08_2025-09-06.json,99782,7ccbfd2e272d9464b4787ef24c8af353d145bb9e9736e161a585c3b742e59d2c,720,N
2026-09-29T12:04:16Z,K-water,MyWater(water.or.kr) 수문 ajaxProc,https://www.water.or.kr/kor/realtime/sumun/ajaxProc.do,"{""mode"": ""getHydr"", ""damCd"": ""1006110"", ""param1"": ""H"", ""startDate"": ""2025-09-07"", ""endDate"": ""2025-10-06"", ""page"": """"}",01_raw/KWater/mywater_station/hydr/H/1006110/2025-09-07_2025-10-06.json,101066,b2b1d3e5e9ac5cbef71efde6e54bfa4ccca22cd793849a80e527d8282b863256,720,N
2026-09-29T12:04:15Z,K-water,MyWater(water.or.kr) 수문 ajaxProc,https://www.water.or.kr/kor/realtime/sumun/ajaxProc.do,"{""mode"": ""getRain"", ""damCd"": ""1006110"", ""param1"": ""A"", ""rainJobGb"": ""H"", ""rainStartDate"": ""2021-12-27"", ""rainEndDate"": ""2022-01-25""}",01_raw/KWater/mywater_station/rain/A/1006110/2021-12-27_2022-01-25.json,669,8084948c6d1f65668b7533113529e8c0b8ca4e44e8d2da9b2998b01928c97eaf,3,N
2026-09-29T12:04:19Z,K-water,MyWater(water.or.kr) 수문 ajaxProc,https://www.water.or.kr/kor/realtime/sumun/ajaxProc.do,"{""mode"": ""getHydr"", ""damCd"": ""1006110"", ""param1"": ""H"", ""startDate"": ""2025-10-07"", ""endDate"": ""2025-11-05"", ""page"": """"}",01_raw/KWater/mywater_station/hydr/H/1006110/2025-10-07_2025-11-05.json,100366,5c769a5b1010a3236a98e200c945ba2611460db9882d31db47b02671ccf1d8a9,720,N
2026-09-29T12:04:19Z,K-water,MyWater(water.or.kr) 수문 ajaxProc,https://www.water.or.kr/kor/realtime/sumun/ajaxProc.do,"{""mode"": ""getRain"", ""damCd"": ""1006110"", ""param1"": ""A"", ""rainJobGb"": ""H"", ""rainStartDate"": ""2022-01-26"", ""rainEndDate"": ""2022-02-24""}",01_raw/KWater/mywater_station/rain/A/1006110/2022-01-26_2022-02-24.json,668,df1efa4e51db719d6ed53af4e61844493534584f8d02cb18c87bf2238d8a00cb,3,N
2026-09-29T12:04:21Z,K-water,MyWater(water.or.kr) 수문 ajaxProc,https://www.water.or.kr/kor/realtime/sumun/ajaxProc.do,"{""mode"": ""getHydr"", ""damCd"": ""1006110"", ""param1"": ""H"", ""startDate"": ""2025-11-06"", ""endDate"": ""2025-12-05"", ""page"": """"}",01_raw/KWater/mywater_station/hydr/H/1006110/2025-11-06_2025-12-05.json,99477,57d956c97fae924d99a4ce52b8ae40362997e26efc1d8bc3784bbb5acc0ebb4e,720,N
2026-09-29T12:04:22Z,K-water,MyWater(water.or.kr) 수문 ajaxProc,https://www.water.or.kr/kor/realtime/sumun/ajaxProc.do,"{""mode"": ""getRain"", ""damCd"": ""1006110"", ""param1"": ""A"", ""rainJobGb"": ""H"", ""rainStartDate"": ""2022-02-25"", ""rainEndDate"": ""2022-03-26""}",01_raw/KWater/mywater_station/rain/A/1006110/2022-02-25_2022-03-26.json,672,58889f21d20e0bfe2e954765036a10438973db57cadfe2e81f17ec5c85a301bb,3,N
2026-09-29T12:04:24Z,K-water,MyWater(water.or.kr) 수문 ajaxProc,https://www.water.or.kr/kor/realtime/sumun/ajaxProc.do,"{""mode"": ""getHydr"", ""damCd"": ""1006110"", ""param1"": ""H"", ""startDate"": ""2025-12-06"", ""endDate"": ""2026-01-04"", ""page"": """"}",01_raw/KWater/mywater_station/hydr/H/1006110/2025-12-06_2026-01-04.json,99144,1bd319e9be122d0dede45301be63df91e0e0e6079d24c6e509e1804aea9ff5c6,720,N
2026-09-29T12:04:26Z,K-water,MyWater(water.or.kr) 수문 ajaxProc,https://www.water.or.kr/kor/realtime/sumun/ajaxProc.do,"{""mode"": ""getRain"", ""damCd"": ""1006110"", ""param1"": ""A"", ""rainJobGb"": ""H"", ""rainStartDate"": ""2022-03-27"", ""rainEndDate"": ""2022-04-25""}",01_raw/KWater/mywater_station/rain/A/1006110/2022-03-27_2022-04-25.json,675,0f80d1785e8e1b204173f064fb23947e441716335d97cc8f9516004391809491,3,N
2026-09-29T12:04:27Z,K-water,MyWater(water.or.kr) 수문 ajaxProc,https://www.water.or.kr/kor/realtime/sumun/ajaxProc.do,"{""mode"": ""getHydr"", ""damCd"": ""1006110"", ""param1"": ""H"", ""startDate"": ""2026-01-05"", ""endDate"": ""2026-02-03"", ""page"": """"}",01_raw/KWater/mywater_station/hydr/H/1006110/2026-01-05_2026-02-03.json,99002,5a5cf780a8f7f6d72f2bbf20d1f45f3699087b19cb2868b44bbce0ea7035e9cd,720,N
2026-09-29T12:04:29Z,K-water,MyWater(water.or.kr) 수문 ajaxProc,https://www.water.or.kr/kor/realtime/sumun/ajaxProc.do,"{""mode"": ""getRain"", ""damCd"": ""1006110"", ""param1"": ""A"", ""rainJobGb"": ""H"", ""rainStartDate"": ""2022-04-26"", ""rainEndDate"": ""2022-05-25""}",01_raw/KWater/mywater_station/rain/A/1006110/2022-04-26_2022-05-25.json,674,580b5fc0a795cbf435963c08971d0b6871ff70f3c730a4a3eefb2174891211e6,3,N
2026-09-29T12:04:30Z,K-water,MyWater(water.or.kr) 수문 ajaxProc,https://www.water.or.kr/kor/realtime/sumun/ajaxProc.do,"{""mode"": ""getHydr"", ""damCd"": ""1006110"", ""param1"": ""H"", ""startDate"": ""2026-02-04"", ""endDate"": ""2026-03-05"", ""page"": """"}",01_raw/KWater/mywater_station/hydr/H/1006110/2026-02-04_2026-03-05.json,99149,238da8ecfa2887ef229ee7228f95122b08ded41fd10afebb52a8203c5a0545c1,720,N
2026-09-29T12:04:32Z,K-water,MyWater(water.or.kr) 수문 ajaxProc,https://www.water.or.kr/kor/realtime/sumun/ajaxProc.do,"{""mode"": ""getHydr"", ""damCd"": ""1006110"", ""param1"": ""H"", ""startDate"": ""2026-03-06"", ""endDate"": ""2026-04-04"", ""page"": """"}",01_raw/KWater/mywater_station/hydr/H/1006110/2026-03-06_2026-04-04.json,99067,9e9bae932e33e237ba4ab7baa4c347841051d48b72d63369ce5eeb1f327da13d,720,N
2026-09-29T12:04:32Z,K-water,MyWater(water.or.kr) 수문 ajaxProc,https://www.water.or.kr/kor/realtime/sumun/ajaxProc.do,"{""mode"": ""getRain"", ""damCd"": ""1006110"", ""param1"": ""A"", ""rainJobGb"": ""H"", ""rainStartDate"": ""2022-05-26"", ""rainEndDate"": ""2022-06-24""}",01_raw/KWater/mywater_station/rain/A/1006110/2022-05-26_2022-06-24.json,675,5f535a3e008baa3a25493f510b1b0b717b6acbe4fa2f3c0f5a092ad41b6ab46c,3,N
2026-09-29T12:04:35Z,K-water,MyWater(water.or.kr) 수문 ajaxProc,https://www.water.or.kr/kor/realtime/sumun/ajaxProc.do,"{""mode"": ""getHydr"", ""damCd"": ""1006110"", ""param1"": ""H"", ""startDate"": ""2026-04-05"", ""endDate"": ""2026-05-04"", ""page"": """"}",01_raw/KWater/mywater_station/hydr/H/1006110/2026-04-05_2026-05-04.json,99239,3ac070077333ec9209df83429d388710945d4eb556dba05f37f35443493c5df1,720,N
2026-09-29T12:04:35Z,K-water,MyWater(water.or.kr) 수문 ajaxProc,https://www.water.or.kr/kor/realtime/sumun/ajaxProc.do,"{""mode"": ""getRain"", ""damCd"": ""1006110"", ""param1"": ""A"", ""rainJobGb"": ""H"", ""rainStartDate"": ""2022-06-25"", ""rainEndDate"": ""2022-07-24""}",01_raw/KWater/mywater_station/rain/A/1006110/2022-06-25_2022-07-24.json,675,6501c0163b35986a5f12ed5b357921246c57935896275a7abfccb943d049d466,3,N
2026-09-29T12:04:37Z,K-water,MyWater(water.or.kr) 수문 ajaxProc,https://www.water.or.kr/kor/realtime/sumun/ajaxProc.do,"{""mode"": ""getHydr"", ""damCd"": ""1006110"", ""param1"": ""H"", ""startDate"": ""2026-05-05"", ""endDate"": ""2026-06-03"", ""page"": """"}",01_raw/KWater/mywater_station/hydr/H/1006110/2026-05-05_2026-06-03.json,99341,cc4cc67eab099599a3fdcba9e3c31ba46047794cd8a74cfc9b66e9d005ad9a1e,720,N
2026-09-29T12:04:39Z,K-water,MyWater(water.or.kr) 수문 ajaxProc,https://www.water.or.kr/kor/realtime/sumun/ajaxProc.do,"{""mode"": ""getRain"", ""damCd"": ""1006110"", ""param1"": ""A"", ""rainJobGb"": ""H"", ""rainStartDate"": ""2022-07-25"", ""rainEndDate"": ""2022-08-23""}",01_raw/KWater/mywater_station/rain/A/1006110/2022-07-25_2022-08-23.json,678,13c19f93fb4fd87851ee7aed641098c19e8c4c75a12fc14d360696426a57e5af,3,N
2026-09-29T12:04:40Z,K-water,MyWater(water.or.kr) 수문 ajaxProc,https://www.water.or.kr/kor/realtime/sumun/ajaxProc.do,"{""mode"": ""getHydr"", ""damCd"": ""1006110"", ""param1"": ""H"", ""startDate"": ""2026-06-04"", ""endDate"": ""2026-07-03"", ""page"": """"}",01_raw/KWater/mywater_station/hydr/H/1006110/2026-06-04_2026-07-03.json,99134,d007a75a18c40d4d6bf62c1064c977f647da3f5a7bb259632476a03f06545d19,720,N
2026-09-29T12:04:42Z,K-water,MyWater(water.or.kr) 수문 ajaxProc,https://www.water.or.kr/kor/realtime/sumun/ajaxProc.do,"{""mode"": ""getRain"", ""damCd"": ""1006110"", ""param1"": ""A"", ""rainJobGb"": ""H"", ""rainStartDate"": ""2022-08-24"", ""rainEndDate"": ""2022-09-22""}",01_raw/KWater/mywater_station/rain/A/1006110/2022-08-24_2022-09-22.json,678,d60781cbcaf7a4472cd6f0c9924847387837a2e9c906146393e937e89b15d835,3,N
2026-09-29T12:04:43Z,K-water,MyWater(water.or.kr) 수문 ajaxProc,https://www.water.or.kr/kor/realtime/sumun/ajaxProc.do,"{""mode"": ""getHydr"", ""damCd"": ""1006110"", ""param1"": ""H"", ""startDate"": ""2026-07-04"", ""endDate"": ""2026-08-02"", ""page"": """"}",01_raw/KWater/mywater_station/hydr/H/1006110/2026-07-04_2026-08-02.json,100739,d99237e25f1a6aaee5f097d48ea251cae999fac63f18789075092d5c84d75466,720,N
2026-09-29T12:04:45Z,K-water,MyWater(water.or.kr) 수문 ajaxProc,https://www.water.or.kr/kor/realtime/sumun/ajaxProc.do,"{""mode"": ""getRain"", ""damCd"": ""1006110"", ""param1"": ""A"", ""rainJobGb"": ""H"", ""rainStartDate"": ""2022-09-23"", ""rainEndDate"": ""2022-10-22""}",01_raw/KWater/mywater_station/rain/A/1006110/2022-09-23_2022-10-22.json,678,5710cb194108e87b5c7b950a5eb378a20e0ba174ddb98f93bf4a6c9fa1e2028d,3,N
2026-09-29T12:04:46Z,K-water,MyWater(water.or.kr) 수문 ajaxProc,https://www.water.or.kr/kor/realtime/sumun/ajaxProc.do,"{""mode"": ""getHydr"", ""damCd"": ""1006110"", ""param1"": ""H"", ""startDate"": ""2026-08-03"", ""endDate"": ""2026-09-01"", ""page"": """"}",01_raw/KWater/mywater_station/hydr/H/1006110/2026-08-03_2026-09-01.json,99402,45a85c4913b0c53c7e78bc669bea36033e5bc13190a9152f83f469a95c912977,720,N
2026-09-29T12:04:49Z,K-water,MyWater(water.or.kr) 수문 ajaxProc,https://www.water.or.kr/kor/realtime/sumun/ajaxProc.do,"{""mode"": ""getRain"", ""damCd"": ""1006110"", ""param1"": ""A"", ""rainJobGb"": ""H"", ""rainStartDate"": ""2022-10-23"", ""rainEndDate"": ""2022-11-21""}",01_raw/KWater/mywater_station/rain/A/1006110/2022-10-23_2022-11-21.json,678,30f9c2b20d3f92d5d9d9860be3e7bf13289a186d43ce393e2b611cc63c242c3f,3,N
2026-09-29T12:04:49Z,K-water,MyWater(water.or.kr) 수문 ajaxProc,https://www.water.or.kr/kor/realtime/sumun/ajaxProc.do,"{""mode"": ""getHydr"", ""damCd"": ""1006110"", ""param1"": ""H"", ""startDate"": ""2026-09-02"", ""endDate"": ""2026-09-28"", ""page"": """"}",01_raw/KWater/mywater_station/hydr/H/1006110/2026-09-02_2026-09-28.json,89202,748ab2c2e882e74116b312a4e4627dd8ff864bcead9287e4bcea19cbe5818d7b,648,N
2026-09-29T12:04:52Z,K-water,MyWater(water.or.kr) 수문 ajaxProc,https://www.water.or.kr/kor/realtime/sumun/ajaxProc.do,"{""mode"": ""getRain"", ""damCd"": ""1006110"", ""param1"": ""A"", ""rainJobGb"": ""H"", ""rainStartDate"": ""2022-11-22"", ""rainEndDate"": ""2022-12-21""}",01_raw/KWater/mywater_station/rain/A/1006110/2022-11-22_2022-12-21.json,678,c87dee9247d37bca780111a59ec41b972797664dd7556ebc3c509dbc32d6cf93,3,N
2026-09-29T12:04:52Z,K-water,MyWater(water.or.kr) 수문 ajaxProc,https://www.water.or.kr/kor/realtime/sumun/ajaxProc.do,"{""mode"": ""getHydr"", ""damCd"": ""1001210"", ""param1"": ""H"", ""startDate"": ""2021-01-01"", ""endDate"": ""2021-01-30"", ""page"": """"}",01_raw/KWater/mywater_station/hydr/H/1001210/2021-01-01_2021-01-30.json,96941,543b4b1afb3c5ca89c6b0d07a965f52d0c8bbffb4758f81b4298c0b8f9ab1498,720,N
2026-09-29T12:04:55Z,K-water,MyWater(water.or.kr) 수문 ajaxProc,https://www.water.or.kr/kor/realtime/sumun/ajaxProc.do,"{""mode"": ""getRain"", ""damCd"": ""1006110"", ""param1"": ""A"", ""rainJobGb"": ""H"", ""rainStartDate"": ""2022-12-22"", ""rainEndDate"": ""2023-01-20""}",01_raw/KWater/mywater_station/rain/A/1006110/2022-12-22_2023-01-20.json,672,5dc3d481f19cfbb7f7e713f1d7c3c80375621dc845568aff6180e06ff067ed29,3,N
2026-09-29T12:04:55Z,K-water,MyWater(water.or.kr) 수문 ajaxProc,https://www.water.or.kr/kor/realtime/sumun/ajaxProc.do,"{""mode"": ""getHydr"", ""damCd"": ""1001210"", ""param1"": ""H"", ""startDate"": ""2021-01-31"", ""endDate"": ""2021-03-01"", ""page"": """"}",01_raw/KWater/mywater_station/hydr/H/1001210/2021-01-31_2021-03-01.json,98247,d983d31385105afdd2fc2b2235a979c9e4fcfe5b7e9c746ee900b219d263efe2,720,N
2026-09-29T12:04:58Z,K-water,MyWater(water.or.kr) 수문 ajaxProc,https://www.water.or.kr/kor/realtime/sumun/ajaxProc.do,"{""mode"": ""getRain"", ""damCd"": ""1006110"", ""param1"": ""A"", ""rainJobGb"": ""H"", ""rainStartDate"": ""2023-01-21"", ""rainEndDate"": ""2023-02-19""}",01_raw/KWater/mywater_station/rain/A/1006110/2023-01-21_2023-02-19.json,671,c20145438c0429f14ddbd0aa2c9947ae0927f5943550b928514ead332d729985,3,N
2026-09-29T12:04:59Z,K-water,MyWater(water.or.kr) 수문 ajaxProc,https://www.water.or.kr/kor/realtime/sumun/ajaxProc.do,"{""mode"": ""getHydr"", ""damCd"": ""1001210"", ""param1"": ""H"", ""startDate"": ""2021-03-02"", ""endDate"": ""2021-03-31"", ""page"": """"}",01_raw/KWater/mywater_station/hydr/H/1001210/2021-03-02_2021-03-31.json,97928,ec359645fc2aa65241b6df61d480569613ac48eac79247847a90b34872c077ae,720,N
2026-09-29T12:05:01Z,K-water,MyWater(water.or.kr) 수문 ajaxProc,https://www.water.or.kr/kor/realtime/sumun/ajaxProc.do,"{""mode"": ""getRain"", ""damCd"": ""1006110"", ""param1"": ""A"", ""rainJobGb"": ""H"", ""rainStartDate"": ""2023-02-20"", ""rainEndDate"": ""2023-03-21""}",01_raw/KWater/mywater_station/rain/A/1006110/2023-02-20_2023-03-21.json,672,68264dd520f117424f4c2577d77844738c6d3cbeb6435d4d12663453c1131805,3,N
2026-09-29T12:05:02Z,K-water,MyWater(water.or.kr) 수문 ajaxProc,https://www.water.or.kr/kor/realtime/sumun/ajaxProc.do,"{""mode"": ""getHydr"", ""damCd"": ""1001210"", ""param1"": ""H"", ""startDate"": ""2021-04-01"", ""endDate"": ""2021-04-30"", ""page"": """"}",01_raw/KWater/mywater_station/hydr/H/1001210/2021-04-01_2021-04-30.json,97869,6bf40771f801e346383df97d912e2ac0c5ede9072a2df3fd7d240a8490adee75,720,N
2026-09-29T12:05:04Z,K-water,MyWater(water.or.kr) 수문 ajaxProc,https://www.water.or.kr/kor/realtime/sumun/ajaxProc.do,"{""mode"": ""getRain"", ""damCd"": ""1006110"", ""param1"": ""A"", ""rainJobGb"": ""H"", ""rainStartDate"": ""2023-03-22"", ""rainEndDate"": ""2023-04-20""}",01_raw/KWater/mywater_station/rain/A/1006110/2023-03-22_2023-04-20.json,675,c851847909923b0d00451f09b46e05020b8f6093636dd380a4d4d46da79fb13b,3,N
2026-09-29T12:05:05Z,K-water,MyWater(water.or.kr) 수문 ajaxProc,https://www.water.or.kr/kor/realtime/sumun/ajaxProc.do,"{""mode"": ""getHydr"", ""damCd"": ""1001210"", ""param1"": ""H"", ""startDate"": ""2021-05-01"", ""endDate"": ""2021-05-30"", ""page"": """"}",01_raw/KWater/mywater_station/hydr/H/1001210/2021-05-01_2021-05-30.json,98172,742bacb0135fed181183318c588b319634212e83416d7166df98c55960e21628,720,N
2026-09-29T12:05:08Z,K-water,MyWater(water.or.kr) 수문 ajaxProc,https://www.water.or.kr/kor/realtime/sumun/ajaxProc.do,"{""mode"": ""getRain"", ""damCd"": ""1006110"", ""param1"": ""A"", ""rainJobGb"": ""H"", ""rainStartDate"": ""2023-04-21"", ""rainEndDate"": ""2023-05-20""}",01_raw/KWater/mywater_station/rain/A/1006110/2023-04-21_2023-05-20.json,675,e8b2aaab664401c8a37ecdb53e9b6f5a09b11887aa91811f4aad741ec1fc242f,3,N
2026-09-29T12:05:08Z,K-water,MyWater(water.or.kr) 수문 ajaxProc,https://www.water.or.kr/kor/realtime/sumun/ajaxProc.do,"{""mode"": ""getHydr"", ""damCd"": ""1001210"", ""param1"": ""H"", ""startDate"": ""2021-05-31"", ""endDate"": ""2021-06-29"", ""page"": """"}",01_raw/KWater/mywater_station/hydr/H/1001210/2021-05-31_2021-06-29.json,98130,12b0d5b883017629fbec7f232e70981a457fb7b6b50607bf554b516a809e1ccd,720,N
2026-09-29T12:05:11Z,K-water,MyWater(water.or.kr) 수문 ajaxProc,https://www.water.or.kr/kor/realtime/sumun/ajaxProc.do,"{""mode"": ""getRain"", ""damCd"": ""1006110"", ""param1"": ""A"", ""rainJobGb"": ""H"", ""rainStartDate"": ""2023-05-21"", ""rainEndDate"": ""2023-06-19""}",01_raw/KWater/mywater_station/rain/A/1006110/2023-05-21_2023-06-19.json,675,e9ca8481ceef9cbe16a82b17fbbdc855151c938a5512e9af40f9693739468ed0,3,N
2026-09-29T12:05:11Z,K-water,MyWater(water.or.kr) 수문 ajaxProc,https://www.water.or.kr/kor/realtime/sumun/ajaxProc.do,"{""mode"": ""getHydr"", ""damCd"": ""1001210"", ""param1"": ""H"", ""startDate"": ""2021-06-30"", ""endDate"": ""2021-07-29"", ""page"": """"}",01_raw/KWater/mywater_station/hydr/H/1001210/2021-06-30_2021-07-29.json,106572,b2e91fb8a805bc142cc4394e35e7ed3855a9b9d8378e4aabe88aad22ef538055,720,N
2026-09-29T12:05:14Z,K-water,MyWater(water.or.kr) 수문 ajaxProc,https://www.water.or.kr/kor/realtime/sumun/ajaxProc.do,"{""mode"": ""getHydr"", ""damCd"": ""1001210"", ""param1"": ""H"", ""startDate"": ""2021-07-30"", ""endDate"": ""2021-08-28"", ""page"": """"}",01_raw/KWater/mywater_station/hydr/H/1001210/2021-07-30_2021-08-28.json,104274,de74052c9ff228c15695749ba181fa670ca974f4e38326582c97f0d6e9b69522,720,N
2026-09-29T12:05:14Z,K-water,MyWater(water.or.kr) 수문 ajaxProc,https://www.water.or.kr/kor/realtime/sumun/ajaxProc.do,"{""mode"": ""getRain"", ""damCd"": ""1006110"", ""param1"": ""A"", ""rainJobGb"": ""H"", ""rainStartDate"": ""2023-06-20"", ""rainEndDate"": ""2023-07-19""}",01_raw/KWater/mywater_station/rain/A/1006110/2023-06-20_2023-07-19.json,675,f541d52c8d11a3c34f9494d9da47410d837c7acd03bd7e369a84f7201e6ea79f,3,N
2026-09-29T12:05:17Z,K-water,MyWater(water.or.kr) 수문 ajaxProc,https://www.water.or.kr/kor/realtime/sumun/ajaxProc.do,"{""mode"": ""getHydr"", ""damCd"": ""1001210"", ""param1"": ""H"", ""startDate"": ""2021-08-29"", ""endDate"": ""2021-09-27"", ""page"": """"}",01_raw/KWater/mywater_station/hydr/H/1001210/2021-08-29_2021-09-27.json,103204,e0c58085679f95464263aac23689a41479899b21623bf7a4ed18b80bb7e97203,720,N
2026-09-29T12:05:17Z,K-water,MyWater(water.or.kr) 수문 ajaxProc,https://www.water.or.kr/kor/realtime/sumun/ajaxProc.do,"{""mode"": ""getRain"", ""damCd"": ""1006110"", ""param1"": ""A"", ""rainJobGb"": ""H"", ""rainStartDate"": ""2023-07-20"", ""rainEndDate"": ""2023-08-18""}",01_raw/KWater/mywater_station/rain/A/1006110/2023-07-20_2023-08-18.json,678,938bb4517eb38bc9db17f3f7e200e0a1a46b2c7dcf9dd1e6afeab21b93427467,3,N
2026-09-29T12:05:20Z,K-water,MyWater(water.or.kr) 수문 ajaxProc,https://www.water.or.kr/kor/realtime/sumun/ajaxProc.do,"{""mode"": ""getHydr"", ""damCd"": ""1001210"", ""param1"": ""H"", ""startDate"": ""2021-09-28"", ""endDate"": ""2021-10-27"", ""page"": """"}",01_raw/KWater/mywater_station/hydr/H/1001210/2021-09-28_2021-10-27.json,97933,704818d0d3f8981b9349c15c653ee08d6da72b9a1320deaee482a9035c552c92,720,N
2026-09-29T12:05:20Z,K-water,MyWater(water.or.kr) 수문 ajaxProc,https://www.water.or.kr/kor/realtime/sumun/ajaxProc.do,"{""mode"": ""getRain"", ""damCd"": ""1006110"", ""param1"": ""A"", ""rainJobGb"": ""H"", ""rainStartDate"": ""2023-08-19"", ""rainEndDate"": ""2023-09-17""}",01_raw/KWater/mywater_station/rain/A/1006110/2023-08-19_2023-09-17.json,678,cab8c4a76681f5f7426df3e3ea02649db0aefdeab37c0d9899b66f625c178a5f,3,N
2026-09-29T12:05:23Z,K-water,MyWater(water.or.kr) 수문 ajaxProc,https://www.water.or.kr/kor/realtime/sumun/ajaxProc.do,"{""mode"": ""getHydr"", ""damCd"": ""1001210"", ""param1"": ""H"", ""startDate"": ""2021-10-28"", ""endDate"": ""2021-11-26"", ""page"": """"}",01_raw/KWater/mywater_station/hydr/H/1001210/2021-10-28_2021-11-26.json,98700,bc96db4ed14628633b414f156e6d8b00ae729c6eb9155bf6b16a594ca0fcb111,720,N
2026-09-29T12:05:24Z,K-water,MyWater(water.or.kr) 수문 ajaxProc,https://www.water.or.kr/kor/realtime/sumun/ajaxProc.do,"{""mode"": ""getRain"", ""damCd"": ""1006110"", ""param1"": ""A"", ""rainJobGb"": ""H"", ""rainStartDate"": ""2023-09-18"", ""rainEndDate"": ""2023-10-17""}",01_raw/KWater/mywater_station/rain/A/1006110/2023-09-18_2023-10-17.json,678,a3a0975a682f7f03ebe0ec9c4cef9605eb7a874d48c98b0edbfa77d154932570,3,N
2026-09-29T12:05:26Z,K-water,MyWater(water.or.kr) 수문 ajaxProc,https://www.water.or.kr/kor/realtime/sumun/ajaxProc.do,"{""mode"": ""getHydr"", ""damCd"": ""1001210"", ""param1"": ""H"", ""startDate"": ""2021-11-27"", ""endDate"": ""2021-12-26"", ""page"": """"}",01_raw/KWater/mywater_station/hydr/H/1001210/2021-11-27_2021-12-26.json,97781,35fe954e7e7c8c373d003c1b557b412cff1ce02a199ae597fd0b7b19cbad1ccc,720,N
2026-09-29T12:05:27Z,K-water,MyWater(water.or.kr) 수문 ajaxProc,https://www.water.or.kr/kor/realtime/sumun/ajaxProc.do,"{""mode"": ""getRain"", ""damCd"": ""1006110"", ""param1"": ""A"", ""rainJobGb"": ""H"", ""rainStartDate"": ""2023-10-18"", ""rainEndDate"": ""2023-11-16""}",01_raw/KWater/mywater_station/rain/A/1006110/2023-10-18_2023-11-16.json,678,50edb3b5a30fca48ac52b55b158320c8c5c4a037a9cdbcf388a58b314d7ae39f,3,N
2026-09-29T12:05:29Z,K-water,MyWater(water.or.kr) 수문 ajaxProc,https://www.water.or.kr/kor/realtime/sumun/ajaxProc.do,"{""mode"": ""getHydr"", ""damCd"": ""1001210"", ""param1"": ""H"", ""startDate"": ""2021-12-27"", ""endDate"": ""2022-01-25"", ""page"": """"}",01_raw/KWater/mywater_station/hydr/H/1001210/2021-12-27_2022-01-25.json,99787,46025dd5ae1c4caaf105885cf5068450cb9995c0b86df36b667afece39c5df7e,720,N
2026-09-29T12:05:30Z,K-water,MyWater(water.or.kr) 수문 ajaxProc,https://www.water.or.kr/kor/realtime/sumun/ajaxProc.do,"{""mode"": ""getRain"", ""damCd"": ""1006110"", ""param1"": ""A"", ""rainJobGb"": ""H"", ""rainStartDate"": ""2023-11-17"", ""rainEndDate"": ""2023-12-16""}",01_raw/KWater/mywater_station/rain/A/1006110/2023-11-17_2023-12-16.json,678,62dfb856db2f4497382563d00f4eda36e2aba7d21c2db10a43f1d5d40e157d0e,3,N
2026-09-29T12:05:31Z,K-water,MyWater(water.or.kr) 수문 ajaxProc,https://www.water.or.kr/kor/realtime/sumun/ajaxProc.do,"{""mode"": ""getHydr"", ""damCd"": ""1001210"", ""param1"": ""H"", ""startDate"": ""2022-01-26"", ""endDate"": ""2022-02-24"", ""page"": """"}",01_raw/KWater/mywater_station/hydr/H/1001210/2022-01-26_2022-02-24.json,98069,ce564616a01c9f8300a4b205526c84dd221176ca1546f92c9e6126b8fbf8e438,720,N
2026-09-29T12:05:33Z,K-water,MyWater(water.or.kr) 수문 ajaxProc,https://www.water.or.kr/kor/realtime/sumun/ajaxProc.do,"{""mode"": ""getRain"", ""damCd"": ""1006110"", ""param1"": ""A"", ""rainJobGb"": ""H"", ""rainStartDate"": ""2023-12-17"", ""rainEndDate"": ""2024-01-15""}",01_raw/KWater/mywater_station/rain/A/1006110/2023-12-17_2024-01-15.json,668,dbe95588e822bf10abcd841d6c104e30c1f8e5e394ca31f107ccb418f1c031ca,3,N
2026-09-29T12:05:34Z,K-water,MyWater(water.or.kr) 수문 ajaxProc,https://www.water.or.kr/kor/realtime/sumun/ajaxProc.do,"{""mode"": ""getHydr"", ""damCd"": ""1001210"", ""param1"": ""H"", ""startDate"": ""2022-02-25"", ""endDate"": ""2022-03-26"", ""page"": """"}",01_raw/KWater/mywater_station/hydr/H/1001210/2022-02-25_2022-03-26.json,97864,8ef3183aef979efde1014b01f2a8796e9d53d7a2bf692173195fded1af89472d,720,N
