retrieval_time_utc,source_organization,source_system,API_endpoint,param1_variable,param2_group,param3_resolution,startDate,endDate,file_name,bytes,sha256,n_damList,n_rows,errorChk
2026-09-29T11:34:24Z,K-water,MyWater(water.or.kr) 댐/보 기간별자료,https://www.water.or.kr/kor/realtime/sumun/ajaxProc.do,DATA1,1,D1,2021-01-01,2021-12-31,01_raw/KWater/mywater_period/D1/group1/DATA1/2021-01-01_2021-12-31.json,181832,ebaacb2c657fe6330ab5ae32377065455e7fb4bf0824192e9fa739cccb2e3321,27,365,N
2026-09-29T11:34:30Z,K-water,MyWater(water.or.kr) 댐/보 기간별자료,https://www.water.or.kr/kor/realtime/sumun/ajaxProc.do,DATA2,1,D1,2021-01-01,2021-12-31,01_raw/KWater/mywater_period/D1/group1/DATA2/2021-01-01_2021-12-31.json,178932,ded6cd40b67dd60523d603c5d65fcb1e875111f8cd6c7aace3c76fa73b5d9544,27,365,N
2026-09-29T11:34:37Z,K-water,MyWater(water.or.kr) 댐/보 기간별자료,https://www.water.or.kr/kor/realtime/sumun/ajaxProc.do,DATA3,1,D1,2021-01-01,2021-12-31,01_raw/KWater/mywater_period/D1/group1/DATA3/2021-01-01_2021-12-31.json,144765,18952bec456f206b294f7ec90dbe529e6ce0d2dbcb5fcdbb3481ef5a968fc218,27,365,N
2026-09-29T11:34:41Z,K-water,MyWater(water.or.kr) 댐/보 기간별자료,https://www.water.or.kr/kor/realtime/sumun/ajaxProc.do,DATA4,1,D1,2021-01-01,2021-12-31,01_raw/KWater/mywater_period/D1/group1/DATA4/2021-01-01_2021-12-31.json,167519,9849a5f04b6a6cd7f8e4fdd910650cd5a8211ccda9348f9d0fa9fd7ca3dffde6,27,365,N
2026-09-29T11:34:44Z,K-water,MyWater(water.or.kr) 댐/보 기간별자료,https://www.water.or.kr/kor/realtime/sumun/ajaxProc.do,DATA5,1,D1,2021-01-01,2021-12-31,01_raw/KWater/mywater_period/D1/group1/DATA5/2021-01-01_2021-12-31.json,162786,0cf14998c16a2c5522369c5768247029f81a8b4886bd2daf332b9d86236ccf6c,27,365,N
2026-09-29T11:34:47Z,K-water,MyWater(water.or.kr) 댐/보 기간별자료,https://www.water.or.kr/kor/realtime/sumun/ajaxProc.do,DATA6,1,D1,2021-01-01,2021-12-31,01_raw/KWater/mywater_period/D1/group1/DATA6/2021-01-01_2021-12-31.json,170163,2107d69e60978c39921ce897128ce93bd043535ae5d6fd5d6424688810f75168,27,365,N
2026-09-29T11:34:56Z,K-water,MyWater(water.or.kr) 댐/보 기간별자료,https://www.water.or.kr/kor/realtime/sumun/ajaxProc.do,DATA1,1,D1,2022-01-01,2022-12-31,01_raw/KWater/mywater_period/D1/group1/DATA1/2022-01-01_2022-12-31.json,181604,90e791b9f02b8d053ed4ba43b20846b5be5de680e1efbf6918d254871c3ca1b3,27,365,N
2026-09-29T11:35:01Z,K-water,MyWater(water.or.kr) 댐/보 기간별자료,https://www.water.or.kr/kor/realtime/sumun/ajaxProc.do,DATA1,1,D1,2023-01-01,2023-12-31,01_raw/KWater/mywater_period/D1/group1/DATA1/2023-01-01_2023-12-31.json,181862,a86321570a34d80fa4fad7378b14ff0a09a30ddd328e0260971c3818fa798e47,27,365,N
2026-09-29T11:35:06Z,K-water,MyWater(water.or.kr) 댐/보 기간별자료,https://www.water.or.kr/kor/realtime/sumun/ajaxProc.do,DATA1,1,D1,2024-01-01,2024-12-30,01_raw/KWater/mywater_period/D1/group1/DATA1/2024-01-01_2024-12-30.json,182290,e91397a0165b2129240ad338205ff1bb80aebf84e53b1bcfb76389f42a31d213,27,365,N
2026-09-29T11:35:11Z,K-water,MyWater(water.or.kr) 댐/보 기간별자료,https://www.water.or.kr/kor/realtime/sumun/ajaxProc.do,DATA1,1,D1,2024-12-31,2025-12-30,01_raw/KWater/mywater_period/D1/group1/DATA1/2024-12-31_2025-12-30.json,182296,44572ef9efdd0fdb5deecaaea6cd056b9bf731532989b53a176efcfa6a2959f4,27,365,N
2026-09-29T11:35:15Z,K-water,MyWater(water.or.kr) 댐/보 기간별자료,https://www.water.or.kr/kor/realtime/sumun/ajaxProc.do,DATA1,1,D1,2025-12-31,2026-09-28,01_raw/KWater/mywater_period/D1/group1/DATA1/2025-12-31_2026-09-28.json,137963,80d92f1494b25fe0f271cabb8999f4e66cdefdb851d938efcd24a86afeab62f3,27,272,N
2026-09-29T11:35:18Z,K-water,MyWater(water.or.kr) 댐/보 기간별자료,https://www.water.or.kr/kor/realtime/sumun/ajaxProc.do,DATA2,1,D1,2022-01-01,2022-12-31,01_raw/KWater/mywater_period/D1/group1/DATA2/2022-01-01_2022-12-31.json,178163,a3eedc85e2c2d6708f94b7766a77a8c8a6b5dfeeea3bad23bd1459793b62aadc,27,365,N
2026-09-29T11:35:24Z,K-water,MyWater(water.or.kr) 댐/보 기간별자료,https://www.water.or.kr/kor/realtime/sumun/ajaxProc.do,DATA2,1,D1,2023-01-01,2023-12-31,01_raw/KWater/mywater_period/D1/group1/DATA2/2023-01-01_2023-12-31.json,178712,0bc8fb66881328a1384c4d45a9909ab9b29078585aec87f0979af4a00f0b57b5,27,365,N
2026-09-29T11:35:27Z,K-water,MyWater(water.or.kr) 댐/보 기간별자료,https://www.water.or.kr/kor/realtime/sumun/ajaxProc.do,DATA2,1,D1,2024-01-01,2024-12-30,01_raw/KWater/mywater_period/D1/group1/DATA2/2024-01-01_2024-12-30.json,179331,2c8c8b144272775429cd59b7baa6c7df6e6e7476ce938e96b8af5b49d5545252,27,365,N
2026-09-29T11:35:30Z,K-water,MyWater(water.or.kr) 댐/보 기간별자료,https://www.water.or.kr/kor/realtime/sumun/ajaxProc.do,DATA2,1,D1,2024-12-31,2025-12-30,01_raw/KWater/mywater_period/D1/group1/DATA2/2024-12-31_2025-12-30.json,179016,e02de93522b0c0f3e3a9865b925085ee6015759344995defca48badbc07bc832,27,365,N
2026-09-29T11:35:33Z,K-water,MyWater(water.or.kr) 댐/보 기간별자료,https://www.water.or.kr/kor/realtime/sumun/ajaxProc.do,DATA2,1,D1,2025-12-31,2026-09-28,01_raw/KWater/mywater_period/D1/group1/DATA2/2025-12-31_2026-09-28.json,135230,fabdec24d4b64444d243da6ee9d33cd536fd0d57207dbd7b422cc47b273c0845,27,272,N
2026-09-29T11:35:37Z,K-water,MyWater(water.or.kr) 댐/보 기간별자료,https://www.water.or.kr/kor/realtime/sumun/ajaxProc.do,DATA3,1,D1,2022-01-01,2022-12-31,01_raw/KWater/mywater_period/D1/group1/DATA3/2022-01-01_2022-12-31.json,142735,cf1eb81aff9dbb3a70ae3d29aae98a5e73de68cc647ddea724747cf98e4678c6,27,365,N
2026-09-29T11:35:39Z,K-water,MyWater(water.or.kr) 댐/보 기간별자료,https://www.water.or.kr/kor/realtime/sumun/ajaxProc.do,DATA3,1,D1,2023-01-01,2023-12-31,01_raw/KWater/mywater_period/D1/group1/DATA3/2023-01-01_2023-12-31.json,144683,4c09339123c438507382396c21d25cf7b556586b9176abbdb6d8f2d04be6d755,27,365,N
2026-09-29T11:35:42Z,K-water,MyWater(water.or.kr) 댐/보 기간별자료,https://www.water.or.kr/kor/realtime/sumun/ajaxProc.do,DATA3,1,D1,2024-01-01,2024-12-30,01_raw/KWater/mywater_period/D1/group1/DATA3/2024-01-01_2024-12-30.json,145146,80e84c7df93470de050b97f9f34ae88fdcaeef758df68870f65c5d7f7ab9b4f2,27,365,N
2026-09-29T11:35:46Z,K-water,MyWater(water.or.kr) 댐/보 기간별자료,https://www.water.or.kr/kor/realtime/sumun/ajaxProc.do,DATA3,1,D1,2024-12-31,2025-12-30,01_raw/KWater/mywater_period/D1/group1/DATA3/2024-12-31_2025-12-30.json,144430,660823a283dd13567c6810ef4075716b1035c766c5c9b1ef6ab4725b0e76c57b,27,365,N
2026-09-29T11:35:49Z,K-water,MyWater(water.or.kr) 댐/보 기간별자료,https://www.water.or.kr/kor/realtime/sumun/ajaxProc.do,DATA3,1,D1,2025-12-31,2026-09-28,01_raw/KWater/mywater_period/D1/group1/DATA3/2025-12-31_2026-09-28.json,108886,283dc72147d2d01271f362af022cba92973f216df6fd09f8bcc2bfc96da88274,27,272,N
2026-09-29T11:35:51Z,K-water,MyWater(water.or.kr) 댐/보 기간별자료,https://www.water.or.kr/kor/realtime/sumun/ajaxProc.do,DATA4,1,D1,2022-01-01,2022-12-31,01_raw/KWater/mywater_period/D1/group1/DATA4/2022-01-01_2022-12-31.json,165208,593c00058b8143e9c451175a2300a52fd11ad58b28108d16c1ce8d3d91c0ba1a,27,365,N
2026-09-29T11:35:55Z,K-water,MyWater(water.or.kr) 댐/보 기간별자료,https://www.water.or.kr/kor/realtime/sumun/ajaxProc.do,DATA4,1,D1,2023-01-01,2023-12-31,01_raw/KWater/mywater_period/D1/group1/DATA4/2023-01-01_2023-12-31.json,168314,003894a6f51249ac02244127dac8e6799215a42d2a3f207f1b686ede355ed191,27,365,N
2026-09-29T11:35:58Z,K-water,MyWater(water.or.kr) 댐/보 기간별자료,https://www.water.or.kr/kor/realtime/sumun/ajaxProc.do,DATA4,1,D1,2024-01-01,2024-12-30,01_raw/KWater/mywater_period/D1/group1/DATA4/2024-01-01_2024-12-30.json,168864,a460cd1824c809306927a1e323f76a73a255ed119def5c7cdc26636f7e6574e9,27,365,N
2026-09-29T11:36:02Z,K-water,MyWater(water.or.kr) 댐/보 기간별자료,https://www.water.or.kr/kor/realtime/sumun/ajaxProc.do,DATA4,1,D1,2024-12-31,2025-12-30,01_raw/KWater/mywater_period/D1/group1/DATA4/2024-12-31_2025-12-30.json,167962,2b940b555f3e3269674d3dbcf46083ab2fc384dc50f172e6c12820d9bcd7f86d,27,365,N
2026-09-29T11:36:05Z,K-water,MyWater(water.or.kr) 댐/보 기간별자료,https://www.water.or.kr/kor/realtime/sumun/ajaxProc.do,DATA4,1,D1,2025-12-31,2026-09-28,01_raw/KWater/mywater_period/D1/group1/DATA4/2025-12-31_2026-09-28.json,126318,6aa657917091a2963939a75b231825a758043c47a7f9edee067a9ab2fb1fde21,27,272,N
2026-09-29T11:36:08Z,K-water,MyWater(water.or.kr) 댐/보 기간별자료,https://www.water.or.kr/kor/realtime/sumun/ajaxProc.do,DATA5,1,D1,2022-01-01,2022-12-31,01_raw/KWater/mywater_period/D1/group1/DATA5/2022-01-01_2022-12-31.json,160957,a68cd813e3ab9e344db5dc5d16d15dbd6f4c7e58920517e5d97ccadbd866caa5,27,365,N
2026-09-29T11:36:11Z,K-water,MyWater(water.or.kr) 댐/보 기간별자료,https://www.water.or.kr/kor/realtime/sumun/ajaxProc.do,DATA5,1,D1,2023-01-01,2023-12-31,01_raw/KWater/mywater_period/D1/group1/DATA5/2023-01-01_2023-12-31.json,164733,7c4aef46c739563b7cef17cfad089cf53711538d98e3259bc2c6aeb62f83680e,27,365,N
2026-09-29T11:36:14Z,K-water,MyWater(water.or.kr) 댐/보 기간별자료,https://www.water.or.kr/kor/realtime/sumun/ajaxProc.do,DATA5,1,D1,2024-01-01,2024-12-30,01_raw/KWater/mywater_period/D1/group1/DATA5/2024-01-01_2024-12-30.json,164328,dfb9d93e6905198a801035a30eaf7e34847d3937e9527dee63fff427ce665cea,27,365,N
2026-09-29T11:36:17Z,K-water,MyWater(water.or.kr) 댐/보 기간별자료,https://www.water.or.kr/kor/realtime/sumun/ajaxProc.do,DATA5,1,D1,2024-12-31,2025-12-30,01_raw/KWater/mywater_period/D1/group1/DATA5/2024-12-31_2025-12-30.json,163454,0e05e8830eda719a6b09b0a3a8bc7115d3e5f170eabd6702e1ba2051aa202c13,27,365,N
2026-09-29T11:36:20Z,K-water,MyWater(water.or.kr) 댐/보 기간별자료,https://www.water.or.kr/kor/realtime/sumun/ajaxProc.do,DATA5,1,D1,2025-12-31,2026-09-28,01_raw/KWater/mywater_period/D1/group1/DATA5/2025-12-31_2026-09-28.json,122483,7af40d64bcfbd09200a9611ffc82a02b466a3bbee58524a2ee407b991689e86a,27,272,N
2026-09-29T11:36:24Z,K-water,MyWater(water.or.kr) 댐/보 기간별자료,https://www.water.or.kr/kor/realtime/sumun/ajaxProc.do,DATA6,1,D1,2022-01-01,2022-12-31,01_raw/KWater/mywater_period/D1/group1/DATA6/2022-01-01_2022-12-31.json,168780,15286e5a621513cf19460073c4f23798b07b4251545e627c0849fc1e1050a164,27,365,N
2026-09-29T11:36:27Z,K-water,MyWater(water.or.kr) 댐/보 기간별자료,https://www.water.or.kr/kor/realtime/sumun/ajaxProc.do,DATA6,1,D1,2023-01-01,2023-12-31,01_raw/KWater/mywater_period/D1/group1/DATA6/2023-01-01_2023-12-31.json,168917,1ea5db6378b87d959a959e3bb2b3c3e60513d8b6dbbb0fc0cbd6622590c17411,27,365,N
2026-09-29T11:36:31Z,K-water,MyWater(water.or.kr) 댐/보 기간별자료,https://www.water.or.kr/kor/realtime/sumun/ajaxProc.do,DATA6,1,D1,2024-01-01,2024-12-30,01_raw/KWater/mywater_period/D1/group1/DATA6/2024-01-01_2024-12-30.json,171039,90e6e13ca18997be67925c81d5037a0c8f050067f345c0df78ab5d34e3309e1f,27,365,N
2026-09-29T11:36:34Z,K-water,MyWater(water.or.kr) 댐/보 기간별자료,https://www.water.or.kr/kor/realtime/sumun/ajaxProc.do,DATA6,1,D1,2024-12-31,2025-12-30,01_raw/KWater/mywater_period/D1/group1/DATA6/2024-12-31_2025-12-30.json,169916,d5f108461b08b860eb2cb59bedb07e3ad17990b8cd9f6f235c275845d97685cc,27,365,N
2026-09-29T11:36:37Z,K-water,MyWater(water.or.kr) 댐/보 기간별자료,https://www.water.or.kr/kor/realtime/sumun/ajaxProc.do,DATA6,1,D1,2025-12-31,2026-09-28,01_raw/KWater/mywater_period/D1/group1/DATA6/2025-12-31_2026-09-28.json,128938,d531c80d51e9fcb6493d2bbdec407b60a09412eb1e29986bea0862157ba25c26,27,272,N
2026-09-29T11:36:40Z,K-water,MyWater(water.or.kr) 댐/보 기간별자료,https://www.water.or.kr/kor/realtime/sumun/ajaxProc.do,DATA1,2,D1,2021-01-01,2021-12-31,01_raw/KWater/mywater_period/D1/group2/DATA1/2021-01-01_2021-12-31.json,98164,9146ecf6389efa3b9b756222c4678462a884cebed288cc30e1e2e6cf99420dcc,14,365,N
2026-09-29T11:36:44Z,K-water,MyWater(water.or.kr) 댐/보 기간별자료,https://www.water.or.kr/kor/realtime/sumun/ajaxProc.do,DATA1,2,D1,2022-01-01,2022-12-31,01_raw/KWater/mywater_period/D1/group2/DATA1/2022-01-01_2022-12-31.json,98310,04ece6a0fb1c332a1e4952555fd5fa43cd2e830aba42a96e20491686f5218524,14,365,N
2026-09-29T11:36:48Z,K-water,MyWater(water.or.kr) 댐/보 기간별자료,https://www.water.or.kr/kor/realtime/sumun/ajaxProc.do,DATA1,2,D1,2023-01-01,2023-12-31,01_raw/KWater/mywater_period/D1/group2/DATA1/2023-01-01_2023-12-31.json,98459,12b5efb3ed5c635e453f1f6bde9d79108830e7af5504c5c09363001ef442686f,14,365,N
2026-09-29T11:36:51Z,K-water,MyWater(water.or.kr) 댐/보 기간별자료,https://www.water.or.kr/kor/realtime/sumun/ajaxProc.do,DATA1,2,D1,2024-01-01,2024-12-30,01_raw/KWater/mywater_period/D1/group2/DATA1/2024-01-01_2024-12-30.json,98313,d5dd0e1fa5bd72c95e6cf3a41ac1e6ab30fcdd267b550ff72f7611387a977b58,14,365,N
2026-09-29T11:36:54Z,K-water,MyWater(water.or.kr) 댐/보 기간별자료,https://www.water.or.kr/kor/realtime/sumun/ajaxProc.do,DATA1,2,D1,2024-12-31,2025-12-30,01_raw/KWater/mywater_period/D1/group2/DATA1/2024-12-31_2025-12-30.json,98468,458943c68e1194cc60ecc0f2af57c53c5b7bab53f949c736951315cdf24ddeac,14,365,N
2026-09-29T11:36:57Z,K-water,MyWater(water.or.kr) 댐/보 기간별자료,https://www.water.or.kr/kor/realtime/sumun/ajaxProc.do,DATA1,2,D1,2025-12-31,2026-09-28,01_raw/KWater/mywater_period/D1/group2/DATA1/2025-12-31_2026-09-28.json,74533,89b4a51ac067ed1dff5b0c3e7a5e798f6e8f3b597652a99714b0b9c5471f1eea,14,272,N
2026-09-29T11:37:00Z,K-water,MyWater(water.or.kr) 댐/보 기간별자료,https://www.water.or.kr/kor/realtime/sumun/ajaxProc.do,DATA2,2,D1,2021-01-01,2021-12-31,01_raw/KWater/mywater_period/D1/group2/DATA2/2021-01-01_2021-12-31.json,92633,f5ddf977c4230305a463875a3542fb49696141de33141aeef2212acc532d7427,14,365,N
2026-09-29T11:37:03Z,K-water,MyWater(water.or.kr) 댐/보 기간별자료,https://www.water.or.kr/kor/realtime/sumun/ajaxProc.do,DATA2,2,D1,2022-01-01,2022-12-31,01_raw/KWater/mywater_period/D1/group2/DATA2/2022-01-01_2022-12-31.json,92545,804ad477813bb8fc1485edf7f926498537083a5dfa1afc81436256efd96979f2,14,365,N
2026-09-29T11:37:06Z,K-water,MyWater(water.or.kr) 댐/보 기간별자료,https://www.water.or.kr/kor/realtime/sumun/ajaxProc.do,DATA2,2,D1,2023-01-01,2023-12-31,01_raw/KWater/mywater_period/D1/group2/DATA2/2023-01-01_2023-12-31.json,92659,fdb989063dc8b10120b1eb4a509f2170c9085a49f82a6ec343f4672bcacec478,14,365,N
2026-09-29T11:37:09Z,K-water,MyWater(water.or.kr) 댐/보 기간별자료,https://www.water.or.kr/kor/realtime/sumun/ajaxProc.do,DATA2,2,D1,2024-01-01,2024-12-30,01_raw/KWater/mywater_period/D1/group2/DATA2/2024-01-01_2024-12-30.json,92629,f6d6cd2d397f5d76d475a9a66d8713c100a2fc4fdb9ec248182643d80c4b66ae,14,365,N
2026-09-29T11:37:12Z,K-water,MyWater(water.or.kr) 댐/보 기간별자료,https://www.water.or.kr/kor/realtime/sumun/ajaxProc.do,DATA2,2,D1,2024-12-31,2025-12-30,01_raw/KWater/mywater_period/D1/group2/DATA2/2024-12-31_2025-12-30.json,92353,cc0fe48412f1f8af5b48c7f1617eec69a2bb3ab2b05fa76dc19567aa0436c051,14,365,N
2026-09-29T11:37:16Z,K-water,MyWater(water.or.kr) 댐/보 기간별자료,https://www.water.or.kr/kor/realtime/sumun/ajaxProc.do,DATA2,2,D1,2025-12-31,2026-09-28,01_raw/KWater/mywater_period/D1/group2/DATA2/2025-12-31_2026-09-28.json,69848,509e1552e15744654760d1eadb9904a1426657e3afdd93a2615b621ccf29f025,14,272,N
2026-09-29T11:37:18Z,K-water,MyWater(water.or.kr) 댐/보 기간별자료,https://www.water.or.kr/kor/realtime/sumun/ajaxProc.do,DATA3,2,D1,2021-01-01,2021-12-31,01_raw/KWater/mywater_period/D1/group2/DATA3/2021-01-01_2021-12-31.json,77597,7974bd29fde68f9ef5c83cacf6dc001e59534aece02a981127ede43a4bb5b7de,14,365,N
2026-09-29T11:37:21Z,K-water,MyWater(water.or.kr) 댐/보 기간별자료,https://www.water.or.kr/kor/realtime/sumun/ajaxProc.do,DATA3,2,D1,2022-01-01,2022-12-31,01_raw/KWater/mywater_period/D1/group2/DATA3/2022-01-01_2022-12-31.json,76521,953555c130fd70d0a868bd66f5ae46cd4c0be0b84a497bc398a444ad0cdcfeb3,14,365,N
2026-09-29T11:37:24Z,K-water,MyWater(water.or.kr) 댐/보 기간별자료,https://www.water.or.kr/kor/realtime/sumun/ajaxProc.do,DATA3,2,D1,2023-01-01,2023-12-31,01_raw/KWater/mywater_period/D1/group2/DATA3/2023-01-01_2023-12-31.json,77430,7e814d9c58964e4c7537910c369742731e9133ec312717aacb07b16091705c13,14,365,N
2026-09-29T11:37:26Z,K-water,MyWater(water.or.kr) 댐/보 기간별자료,https://www.water.or.kr/kor/realtime/sumun/ajaxProc.do,DATA3,2,D1,2024-01-01,2024-12-30,01_raw/KWater/mywater_period/D1/group2/DATA3/2024-01-01_2024-12-30.json,77797,e2e0af65808f4eab0ae47f5f3661da141c34819e98e934c45011f49a21069d0e,14,365,N
2026-09-29T11:37:29Z,K-water,MyWater(water.or.kr) 댐/보 기간별자료,https://www.water.or.kr/kor/realtime/sumun/ajaxProc.do,DATA3,2,D1,2024-12-31,2025-12-30,01_raw/KWater/mywater_period/D1/group2/DATA3/2024-12-31_2025-12-30.json,77336,0430d9444efb40da735a0c6496bf18253c39064a694d7353ce13e3c342ee6a03,14,365,N
2026-09-29T11:37:31Z,K-water,MyWater(water.or.kr) 댐/보 기간별자료,https://www.water.or.kr/kor/realtime/sumun/ajaxProc.do,DATA3,2,D1,2025-12-31,2026-09-28,01_raw/KWater/mywater_period/D1/group2/DATA3/2025-12-31_2026-09-28.json,58466,5d6d52dc0d9a60002d1671ef603f13594cdb8f015374e3373a9fcf6cd7bf66db,14,272,N
2026-09-29T11:37:34Z,K-water,MyWater(water.or.kr) 댐/보 기간별자료,https://www.water.or.kr/kor/realtime/sumun/ajaxProc.do,DATA4,2,D1,2021-01-01,2021-12-31,01_raw/KWater/mywater_period/D1/group2/DATA4/2021-01-01_2021-12-31.json,87406,9bdaa674ba337288bafadfe2163a40dcbba198e1f593b7360cfd190d5361b03f,14,365,N
2026-09-29T11:37:37Z,K-water,MyWater(water.or.kr) 댐/보 기간별자료,https://www.water.or.kr/kor/realtime/sumun/ajaxProc.do,DATA4,2,D1,2022-01-01,2022-12-31,01_raw/KWater/mywater_period/D1/group2/DATA4/2022-01-01_2022-12-31.json,86694,1ca9f5533cb39882b9c59febccbff6f53486e003af54901890947d02dca86dd1,14,365,N
2026-09-29T11:37:40Z,K-water,MyWater(water.or.kr) 댐/보 기간별자료,https://www.water.or.kr/kor/realtime/sumun/ajaxProc.do,DATA4,2,D1,2023-01-01,2023-12-31,01_raw/KWater/mywater_period/D1/group2/DATA4/2023-01-01_2023-12-31.json,87440,a4e11e4d94eb717a91abb7579b5a9e93bc957610508811a676ce26c33d49bc42,14,365,N
2026-09-29T11:37:43Z,K-water,MyWater(water.or.kr) 댐/보 기간별자료,https://www.water.or.kr/kor/realtime/sumun/ajaxProc.do,DATA4,2,D1,2024-01-01,2024-12-30,01_raw/KWater/mywater_period/D1/group2/DATA4/2024-01-01_2024-12-30.json,87519,b558251e9d6a13b07a07f011db94784630aca7ea4d5d7f2e7fdd1d967c375817,14,365,N
2026-09-29T11:37:45Z,K-water,MyWater(water.or.kr) 댐/보 기간별자료,https://www.water.or.kr/kor/realtime/sumun/ajaxProc.do,DATA4,2,D1,2024-12-31,2025-12-30,01_raw/KWater/mywater_period/D1/group2/DATA4/2024-12-31_2025-12-30.json,87107,8ddb5c0fe996dd564b97f728e7cad685b90a65433838e3728afb4696008ce651,14,365,N
2026-09-29T11:37:48Z,K-water,MyWater(water.or.kr) 댐/보 기간별자료,https://www.water.or.kr/kor/realtime/sumun/ajaxProc.do,DATA4,2,D1,2025-12-31,2026-09-28,01_raw/KWater/mywater_period/D1/group2/DATA4/2025-12-31_2026-09-28.json,66010,0bf46ff7e79fcfea47b4a09bdc4122649ebc371c04c83f0c166e188ab98a10bc,14,272,N
2026-09-29T11:37:51Z,K-water,MyWater(water.or.kr) 댐/보 기간별자료,https://www.water.or.kr/kor/realtime/sumun/ajaxProc.do,DATA5,2,D1,2021-01-01,2021-12-31,01_raw/KWater/mywater_period/D1/group2/DATA5/2021-01-01_2021-12-31.json,85206,19c5a3c0d5e24b9d28325c2fc7e31f16f915c6a8f8ab56c9417c894a168aa66f,14,365,N
2026-09-29T11:37:53Z,K-water,MyWater(water.or.kr) 댐/보 기간별자료,https://www.water.or.kr/kor/realtime/sumun/ajaxProc.do,DATA5,2,D1,2022-01-01,2022-12-31,01_raw/KWater/mywater_period/D1/group2/DATA5/2022-01-01_2022-12-31.json,84228,b3af131eaedfb819e97c6d1f66a2633135ba762d460f0253450baaae6f17fac4,14,365,N
2026-09-29T11:37:56Z,K-water,MyWater(water.or.kr) 댐/보 기간별자료,https://www.water.or.kr/kor/realtime/sumun/ajaxProc.do,DATA5,2,D1,2023-01-01,2023-12-31,01_raw/KWater/mywater_period/D1/group2/DATA5/2023-01-01_2023-12-31.json,85151,cd60d4fdef3f1185c91d9c80d82afa2aad1efebafadc55938bbc9963d97a80c1,14,365,N
2026-09-29T11:37:59Z,K-water,MyWater(water.or.kr) 댐/보 기간별자료,https://www.water.or.kr/kor/realtime/sumun/ajaxProc.do,DATA5,2,D1,2024-01-01,2024-12-30,01_raw/KWater/mywater_period/D1/group2/DATA5/2024-01-01_2024-12-30.json,85827,64f1a46406eb4b13bdd7d0490b72674b326cbee314c93180f232b35cf8ffa3e2,14,365,N
2026-09-29T11:38:02Z,K-water,MyWater(water.or.kr) 댐/보 기간별자료,https://www.water.or.kr/kor/realtime/sumun/ajaxProc.do,DATA5,2,D1,2024-12-31,2025-12-30,01_raw/KWater/mywater_period/D1/group2/DATA5/2024-12-31_2025-12-30.json,84987,de92900f7e074ec90a4dc7d98d40295302419dbd36d95ec26eecc9d65d9ad196,14,365,N
2026-09-29T11:38:05Z,K-water,MyWater(water.or.kr) 댐/보 기간별자료,https://www.water.or.kr/kor/realtime/sumun/ajaxProc.do,DATA5,2,D1,2025-12-31,2026-09-28,01_raw/KWater/mywater_period/D1/group2/DATA5/2025-12-31_2026-09-28.json,64156,a0da386d39f1267566fc5f1b08fd13f15114d74eb9b5b6b9b3fbd47a89d4a606,14,272,N
2026-09-29T11:38:07Z,K-water,MyWater(water.or.kr) 댐/보 기간별자료,https://www.water.or.kr/kor/realtime/sumun/ajaxProc.do,DATA6,2,D1,2021-01-01,2021-12-31,01_raw/KWater/mywater_period/D1/group2/DATA6/2021-01-01_2021-12-31.json,88040,f5ac6b9beb4705fa58fbd95d9c4ceefb53d8002ec81e1ba2b8a6da2e915e240f,14,365,N
2026-09-29T11:38:10Z,K-water,MyWater(water.or.kr) 댐/보 기간별자료,https://www.water.or.kr/kor/realtime/sumun/ajaxProc.do,DATA6,2,D1,2022-01-01,2022-12-31,01_raw/KWater/mywater_period/D1/group2/DATA6/2022-01-01_2022-12-31.json,87416,682d30d0e309d8213187b738630d139ef56e4a7e9c56c6db7f7bb18d28cdf1f5,14,365,N
2026-09-29T11:38:13Z,K-water,MyWater(water.or.kr) 댐/보 기간별자료,https://www.water.or.kr/kor/realtime/sumun/ajaxProc.do,DATA6,2,D1,2023-01-01,2023-12-31,01_raw/KWater/mywater_period/D1/group2/DATA6/2023-01-01_2023-12-31.json,87591,daae5a3572bac254825babbbab4a08110eea2117f5ee116d360be0776eb05c73,14,365,N
2026-09-29T11:38:15Z,K-water,MyWater(water.or.kr) 댐/보 기간별자료,https://www.water.or.kr/kor/realtime/sumun/ajaxProc.do,DATA6,2,D1,2024-01-01,2024-12-30,01_raw/KWater/mywater_period/D1/group2/DATA6/2024-01-01_2024-12-30.json,87795,42d72a5a2d7b16f67c0a31df51b47f6f20fd1d36ca207f30ec40f36444980c14,14,365,N
2026-09-29T11:38:18Z,K-water,MyWater(water.or.kr) 댐/보 기간별자료,https://www.water.or.kr/kor/realtime/sumun/ajaxProc.do,DATA6,2,D1,2024-12-31,2025-12-30,01_raw/KWater/mywater_period/D1/group2/DATA6/2024-12-31_2025-12-30.json,87314,c8678413b01964927b768434d43054d36a74c037aec93b96d568c578d6e69088,14,365,N
2026-09-29T11:38:21Z,K-water,MyWater(water.or.kr) 댐/보 기간별자료,https://www.water.or.kr/kor/realtime/sumun/ajaxProc.do,DATA6,2,D1,2025-12-31,2026-09-28,01_raw/KWater/mywater_period/D1/group2/DATA6/2025-12-31_2026-09-28.json,66223,f0b1e2840dd403199bdd07b2ca1b5588be5bb61c6a14df50ffb6bb67fda197d7,14,272,N
2026-09-29T11:38:24Z,K-water,MyWater(water.or.kr) 댐/보 기간별자료,https://www.water.or.kr/kor/realtime/sumun/ajaxProc.do,DATA1,3,D1,2021-01-01,2021-12-31,01_raw/KWater/mywater_period/D1/group3/DATA1/2021-01-01_2021-12-31.json,129992,43a6daa0ddeda092d8f9581af2738014baf52b318b2427b16ab6ca634059d5e8,20,365,N
2026-09-29T11:38:27Z,K-water,MyWater(water.or.kr) 댐/보 기간별자료,https://www.water.or.kr/kor/realtime/sumun/ajaxProc.do,DATA1,3,D1,2022-01-01,2022-12-31,01_raw/KWater/mywater_period/D1/group3/DATA1/2022-01-01_2022-12-31.json,130243,7a126a38b7dcacb468f7a227934b0cbede51cd535366537c35da17291b097725,20,365,N
2026-09-29T11:38:30Z,K-water,MyWater(water.or.kr) 댐/보 기간별자료,https://www.water.or.kr/kor/realtime/sumun/ajaxProc.do,DATA1,3,D1,2023-01-01,2023-12-31,01_raw/KWater/mywater_period/D1/group3/DATA1/2023-01-01_2023-12-31.json,130372,0cbbdd55f48c548bd0f851b3bfde2eef71e4ebbd08bbf8c38d5e92060d9cdcc1,20,365,N
2026-09-29T11:38:34Z,K-water,MyWater(water.or.kr) 댐/보 기간별자료,https://www.water.or.kr/kor/realtime/sumun/ajaxProc.do,DATA1,3,D1,2024-01-01,2024-12-30,01_raw/KWater/mywater_period/D1/group3/DATA1/2024-01-01_2024-12-30.json,130334,c95754dac0677a6fc8efe60bb3b9e8f4eb9ead724ba7e2114306af9a2a0ab405,20,365,N
2026-09-29T11:38:37Z,K-water,MyWater(water.or.kr) 댐/보 기간별자료,https://www.water.or.kr/kor/realtime/sumun/ajaxProc.do,DATA1,3,D1,2024-12-31,2025-12-30,01_raw/KWater/mywater_period/D1/group3/DATA1/2024-12-31_2025-12-30.json,130293,a21aca12bae155895aaa978bc1c0518983178eba174292dd3fcad6fe01ff2775,20,365,N
2026-09-29T11:38:40Z,K-water,MyWater(water.or.kr) 댐/보 기간별자료,https://www.water.or.kr/kor/realtime/sumun/ajaxProc.do,DATA1,3,D1,2025-12-31,2026-09-28,01_raw/KWater/mywater_period/D1/group3/DATA1/2025-12-31_2026-09-28.json,98832,14104d64a3752bf1de0f5da33e3b487e8b4004222d890f58bb61eacd68e9a4ea,20,272,N
2026-09-29T11:38:43Z,K-water,MyWater(water.or.kr) 댐/보 기간별자료,https://www.water.or.kr/kor/realtime/sumun/ajaxProc.do,DATA2,3,D1,2021-01-01,2021-12-31,01_raw/KWater/mywater_period/D1/group3/DATA2/2021-01-01_2021-12-31.json,129877,2ff8dd4372ed1e8e9b3cdcb0372e1323b5e1d6798074a759cb134b8e8956528e,20,365,N
2026-09-29T11:38:46Z,K-water,MyWater(water.or.kr) 댐/보 기간별자료,https://www.water.or.kr/kor/realtime/sumun/ajaxProc.do,DATA2,3,D1,2022-01-01,2022-12-31,01_raw/KWater/mywater_period/D1/group3/DATA2/2022-01-01_2022-12-31.json,129999,775c06805404387ab1583432cda851b009b50308c82806b47da37d28254dd64b,20,365,N
2026-09-29T11:38:49Z,K-water,MyWater(water.or.kr) 댐/보 기간별자료,https://www.water.or.kr/kor/realtime/sumun/ajaxProc.do,DATA2,3,D1,2023-01-01,2023-12-31,01_raw/KWater/mywater_period/D1/group3/DATA2/2023-01-01_2023-12-31.json,130193,da6cf24002f2794a4ea92f19dc636d6dfca005e18d435cd2a886cdbb5f0696ac,20,365,N
2026-09-29T11:38:52Z,K-water,MyWater(water.or.kr) 댐/보 기간별자료,https://www.water.or.kr/kor/realtime/sumun/ajaxProc.do,DATA2,3,D1,2024-01-01,2024-12-30,01_raw/KWater/mywater_period/D1/group3/DATA2/2024-01-01_2024-12-30.json,130090,3b8fce4a85be0a86a0795e47ac3416b2315dbe200a7025bda174a05cd3cddf8d,20,365,N
2026-09-29T11:38:55Z,K-water,MyWater(water.or.kr) 댐/보 기간별자료,https://www.water.or.kr/kor/realtime/sumun/ajaxProc.do,DATA2,3,D1,2024-12-31,2025-12-30,01_raw/KWater/mywater_period/D1/group3/DATA2/2024-12-31_2025-12-30.json,129998,7c982ff0090aa70b4b9e986a305f943c61a6eee0c64275f0fdda91cedeffbe6d,20,365,N
2026-09-29T11:38:57Z,K-water,MyWater(water.or.kr) 댐/보 기간별자료,https://www.water.or.kr/kor/realtime/sumun/ajaxProc.do,DATA2,3,D1,2025-12-31,2026-09-28,01_raw/KWater/mywater_period/D1/group3/DATA2/2025-12-31_2026-09-28.json,98418,1b00904a48dc038b176dec00f57268858a9a8031a175c4d50970f0761594a4f6,20,272,N
2026-09-29T11:39:01Z,K-water,MyWater(water.or.kr) 댐/보 기간별자료,https://www.water.or.kr/kor/realtime/sumun/ajaxProc.do,DATA3,3,D1,2021-01-01,2021-12-31,01_raw/KWater/mywater_period/D1/group3/DATA3/2021-01-01_2021-12-31.json,114217,1d95b828058392fb5c427f300004107ce502c6669d07bae2470aa3953f1ee468,20,365,N
2026-09-29T11:39:03Z,K-water,MyWater(water.or.kr) 댐/보 기간별자료,https://www.water.or.kr/kor/realtime/sumun/ajaxProc.do,DATA3,3,D1,2022-01-01,2022-12-31,01_raw/KWater/mywater_period/D1/group3/DATA3/2022-01-01_2022-12-31.json,112665,96b8bf36aaf669fe327fc60cb6fcdc7f306cbbc9d4444ebfcb98f8ecaf06ff77,20,365,N
2026-09-29T11:39:06Z,K-water,MyWater(water.or.kr) 댐/보 기간별자료,https://www.water.or.kr/kor/realtime/sumun/ajaxProc.do,DATA3,3,D1,2023-01-01,2023-12-31,01_raw/KWater/mywater_period/D1/group3/DATA3/2023-01-01_2023-12-31.json,114225,6f84f29ef2a086183798c1450aaaf190598db7b5fe4e40f0a4433cfad3a1d3c5,20,365,N
2026-09-29T11:39:08Z,K-water,MyWater(water.or.kr) 댐/보 기간별자료,https://www.water.or.kr/kor/realtime/sumun/ajaxProc.do,DATA3,3,D1,2024-01-01,2024-12-30,01_raw/KWater/mywater_period/D1/group3/DATA3/2024-01-01_2024-12-30.json,114626,27467409ec69b258531a8fb1d74cae95088f0219d11ae6e1aa65848b2336d79a,20,365,N
2026-09-29T11:39:11Z,K-water,MyWater(water.or.kr) 댐/보 기간별자료,https://www.water.or.kr/kor/realtime/sumun/ajaxProc.do,DATA3,3,D1,2024-12-31,2025-12-30,01_raw/KWater/mywater_period/D1/group3/DATA3/2024-12-31_2025-12-30.json,113908,05b89a9266101cdb7b56af46e924c4168078258594be63298824e79f53db5aa8,20,365,N
2026-09-29T11:39:14Z,K-water,MyWater(water.or.kr) 댐/보 기간별자료,https://www.water.or.kr/kor/realtime/sumun/ajaxProc.do,DATA3,3,D1,2025-12-31,2026-09-28,01_raw/KWater/mywater_period/D1/group3/DATA3/2025-12-31_2026-09-28.json,85781,80c40af04936ff7a0cd8f91599a629f715c6d4b880286948530c368c3fafbfa6,20,272,N
2026-09-29T11:39:17Z,K-water,MyWater(water.or.kr) 댐/보 기간별자료,https://www.water.or.kr/kor/realtime/sumun/ajaxProc.do,DATA4,3,D1,2021-01-01,2021-12-31,01_raw/KWater/mywater_period/D1/group3/DATA4/2021-01-01_2021-12-31.json,134519,69dfadc051b461e67f7067b6fb5c20c32c59e3392a62b26f3330191b0c7839f9,20,365,N
2026-09-29T11:39:20Z,K-water,MyWater(water.or.kr) 댐/보 기간별자료,https://www.water.or.kr/kor/realtime/sumun/ajaxProc.do,DATA4,3,D1,2022-01-01,2022-12-31,01_raw/KWater/mywater_period/D1/group3/DATA4/2022-01-01_2022-12-31.json,133276,246896353c7ce420e3a16be5be80b10bc493f937e4fe671fbf5def9dec6da38c,20,365,N
2026-09-29T11:39:23Z,K-water,MyWater(water.or.kr) 댐/보 기간별자료,https://www.water.or.kr/kor/realtime/sumun/ajaxProc.do,DATA4,3,D1,2023-01-01,2023-12-31,01_raw/KWater/mywater_period/D1/group3/DATA4/2023-01-01_2023-12-31.json,134163,7618758a42939f75b649787f8c16f75272730ca3825c7f9bb406340474011ed7,20,365,N
2026-09-29T11:39:27Z,K-water,MyWater(water.or.kr) 댐/보 기간별자료,https://www.water.or.kr/kor/realtime/sumun/ajaxProc.do,DATA4,3,D1,2024-01-01,2024-12-30,01_raw/KWater/mywater_period/D1/group3/DATA4/2024-01-01_2024-12-30.json,134821,543d7ac904715528e21b43587ff4fa247c97b9bed899a955218b3bbaa2f9b717,20,365,N
2026-09-29T11:39:30Z,K-water,MyWater(water.or.kr) 댐/보 기간별자료,https://www.water.or.kr/kor/realtime/sumun/ajaxProc.do,DATA4,3,D1,2024-12-31,2025-12-30,01_raw/KWater/mywater_period/D1/group3/DATA4/2024-12-31_2025-12-30.json,133825,b16d31af91230a14f5cca40c62285d5ca4b30128688f4218417f8a58eefd60ed,20,365,N
2026-09-29T11:39:33Z,K-water,MyWater(water.or.kr) 댐/보 기간별자료,https://www.water.or.kr/kor/realtime/sumun/ajaxProc.do,DATA4,3,D1,2025-12-31,2026-09-28,01_raw/KWater/mywater_period/D1/group3/DATA4/2025-12-31_2026-09-28.json,101204,e3a4cb8cb4ffbb876b8ac0239a8158be830b952a5038c1efd0e86a0d0a34a8f9,20,272,N
2026-09-29T11:39:35Z,K-water,MyWater(water.or.kr) 댐/보 기간별자료,https://www.water.or.kr/kor/realtime/sumun/ajaxProc.do,DATA5,3,D1,2021-01-01,2021-12-31,01_raw/KWater/mywater_period/D1/group3/DATA5/2021-01-01_2021-12-31.json,124683,cb3085770164895ff1e8644f28dfdbbde999b4835c287a398140f5680d10e6d9,20,365,N
2026-09-29T11:39:39Z,K-water,MyWater(water.or.kr) 댐/보 기간별자료,https://www.water.or.kr/kor/realtime/sumun/ajaxProc.do,DATA5,3,D1,2022-01-01,2022-12-31,01_raw/KWater/mywater_period/D1/group3/DATA5/2022-01-01_2022-12-31.json,123039,88c6a3ae48ef48344f61089328533514313e831bcfe5c98f0f37b425d6fff0c9,20,365,N
2026-09-29T11:39:42Z,K-water,MyWater(water.or.kr) 댐/보 기간별자료,https://www.water.or.kr/kor/realtime/sumun/ajaxProc.do,DATA5,3,D1,2023-01-01,2023-12-31,01_raw/KWater/mywater_period/D1/group3/DATA5/2023-01-01_2023-12-31.json,125224,ce8447c1563490e99d172264bcba84fcaee03a7959d346e1db1d2f7cdaabbf01,20,365,N
2026-09-29T11:39:45Z,K-water,MyWater(water.or.kr) 댐/보 기간별자료,https://www.water.or.kr/kor/realtime/sumun/ajaxProc.do,DATA5,3,D1,2024-01-01,2024-12-30,01_raw/KWater/mywater_period/D1/group3/DATA5/2024-01-01_2024-12-30.json,125614,6f2365bb6016d6ad40e0fba72ae226a6102e45802f491d436944c47a012502cd,20,365,N
2026-09-29T11:39:48Z,K-water,MyWater(water.or.kr) 댐/보 기간별자료,https://www.water.or.kr/kor/realtime/sumun/ajaxProc.do,DATA5,3,D1,2024-12-31,2025-12-30,01_raw/KWater/mywater_period/D1/group3/DATA5/2024-12-31_2025-12-30.json,125176,9ac3132d9542367e73eabeebec781f7b1c080f51ef7777e02648a6837bc43365,20,365,N
2026-09-29T11:39:51Z,K-water,MyWater(water.or.kr) 댐/보 기간별자료,https://www.water.or.kr/kor/realtime/sumun/ajaxProc.do,DATA5,3,D1,2025-12-31,2026-09-28,01_raw/KWater/mywater_period/D1/group3/DATA5/2025-12-31_2026-09-28.json,94109,7e9ee476f6e59b93af108cb69ed3f0a6e1e0540a7066a2b802d4f02bb1cc7e65,20,272,N
2026-09-29T11:39:54Z,K-water,MyWater(water.or.kr) 댐/보 기간별자료,https://www.water.or.kr/kor/realtime/sumun/ajaxProc.do,DATA6,3,D1,2021-01-01,2021-12-31,01_raw/KWater/mywater_period/D1/group3/DATA6/2021-01-01_2021-12-31.json,134634,726ee49ac73895bed53cb3c3530ae061110387d124808878eb8457f141ab9c4c,20,365,N
2026-09-29T11:39:56Z,K-water,MyWater(water.or.kr) 댐/보 기간별자료,https://www.water.or.kr/kor/realtime/sumun/ajaxProc.do,DATA6,3,D1,2022-01-01,2022-12-31,01_raw/KWater/mywater_period/D1/group3/DATA6/2022-01-01_2022-12-31.json,133393,1ab6f952cb80c7dd225c835934c31f102f848dd2b913948e0c9bd7311bf4e63d,20,365,N
2026-09-29T11:39:59Z,K-water,MyWater(water.or.kr) 댐/보 기간별자료,https://www.water.or.kr/kor/realtime/sumun/ajaxProc.do,DATA6,3,D1,2023-01-01,2023-12-31,01_raw/KWater/mywater_period/D1/group3/DATA6/2023-01-01_2023-12-31.json,134284,7b9ae3193a533eccd2ad36918c9a78b503d0d119a790c3a9f6af556f1f0b4d9f,20,365,N
2026-09-29T11:40:02Z,K-water,MyWater(water.or.kr) 댐/보 기간별자료,https://www.water.or.kr/kor/realtime/sumun/ajaxProc.do,DATA6,3,D1,2024-01-01,2024-12-30,01_raw/KWater/mywater_period/D1/group3/DATA6/2024-01-01_2024-12-30.json,135044,8d7e1b30fe7b29083e8924691dcd7dbcd76ae13069ffe289f2b6b573f17ffa97,20,365,N
2026-09-29T11:40:06Z,K-water,MyWater(water.or.kr) 댐/보 기간별자료,https://www.water.or.kr/kor/realtime/sumun/ajaxProc.do,DATA6,3,D1,2024-12-31,2025-12-30,01_raw/KWater/mywater_period/D1/group3/DATA6/2024-12-31_2025-12-30.json,133978,b30366ba377c7db9583ab23011a6e950295247e2a23685151a2d3f1000461ba1,20,365,N
2026-09-29T11:40:09Z,K-water,MyWater(water.or.kr) 댐/보 기간별자료,https://www.water.or.kr/kor/realtime/sumun/ajaxProc.do,DATA6,3,D1,2025-12-31,2026-09-28,01_raw/KWater/mywater_period/D1/group3/DATA6/2025-12-31_2026-09-28.json,101189,ed147d236879a5b82313b1bf7560679de7195f8cfeeded56a2aaf4dd8b02fdd6,20,272,N
2026-09-29T11:40:12Z,K-water,MyWater(water.or.kr) 댐/보 기간별자료,https://www.water.or.kr/kor/realtime/sumun/ajaxProc.do,DATA1,1,H1,2021-01-01,2021-01-30,01_raw/KWater/mywater_period/H1/group1/DATA1/2021-01-01_2021-01-30.json,352244,db14cde653352637119bc2c055618e9de6d35d916de1829b8927a676781bd32b,27,720,N
2026-09-29T11:40:17Z,K-water,MyWater(water.or.kr) 댐/보 기간별자료,https://www.water.or.kr/kor/realtime/sumun/ajaxProc.do,DATA1,1,H1,2021-01-31,2021-03-01,01_raw/KWater/mywater_period/H1/group1/DATA1/2021-01-31_2021-03-01.json,352438,6327fd962e756e53fe849e5895064fa2ddb116d7131e322905386113b44e39ed,27,720,N
2026-09-29T11:40:22Z,K-water,MyWater(water.or.kr) 댐/보 기간별자료,https://www.water.or.kr/kor/realtime/sumun/ajaxProc.do,DATA1,1,H1,2021-03-02,2021-03-31,01_raw/KWater/mywater_period/H1/group1/DATA1/2021-03-02_2021-03-31.json,351774,fe8b1d483ef9902af335956a1d73a85417c69f1d8652e2a20e99d36df699632a,27,720,N
2026-09-29T11:40:26Z,K-water,MyWater(water.or.kr) 댐/보 기간별자료,https://www.water.or.kr/kor/realtime/sumun/ajaxProc.do,DATA1,1,H1,2021-04-01,2021-04-30,01_raw/KWater/mywater_period/H1/group1/DATA1/2021-04-01_2021-04-30.json,350834,2ef25607fe04d2c4707e2b07266ca59168bbb343d91b7927c643f24a8df7739a,27,720,N
2026-09-29T11:40:31Z,K-water,MyWater(water.or.kr) 댐/보 기간별자료,https://www.water.or.kr/kor/realtime/sumun/ajaxProc.do,DATA1,1,H1,2021-05-01,2021-05-30,01_raw/KWater/mywater_period/H1/group1/DATA1/2021-05-01_2021-05-30.json,350929,4804140a27105454e3e3052b1f7ab92d925267cdf2f9f5903cff85717c0a9b6b,27,720,N
2026-09-29T11:40:35Z,K-water,MyWater(water.or.kr) 댐/보 기간별자료,https://www.water.or.kr/kor/realtime/sumun/ajaxProc.do,DATA1,1,H1,2021-05-31,2021-06-29,01_raw/KWater/mywater_period/H1/group1/DATA1/2021-05-31_2021-06-29.json,351073,ff8165dc77c9b4d6ec2402d7a3c0ced75db3d46951134566041ea1bc2274bde8,27,720,N
2026-09-29T11:40:39Z,K-water,MyWater(water.or.kr) 댐/보 기간별자료,https://www.water.or.kr/kor/realtime/sumun/ajaxProc.do,DATA1,1,H1,2021-06-30,2021-07-29,01_raw/KWater/mywater_period/H1/group1/DATA1/2021-06-30_2021-07-29.json,351530,6627f1fadc84733c10532ffd09b619ffce638730061c85d1080b55a7959a3922,27,720,N
2026-09-29T11:40:43Z,K-water,MyWater(water.or.kr) 댐/보 기간별자료,https://www.water.or.kr/kor/realtime/sumun/ajaxProc.do,DATA1,1,H1,2021-07-30,2021-08-28,01_raw/KWater/mywater_period/H1/group1/DATA1/2021-07-30_2021-08-28.json,352459,ece4e1f6b542c2e914fc46579dac28baa29a66cbba919e573d28946cb4a4fe81,27,720,N
2026-09-29T11:40:48Z,K-water,MyWater(water.or.kr) 댐/보 기간별자료,https://www.water.or.kr/kor/realtime/sumun/ajaxProc.do,DATA1,1,H1,2021-08-29,2021-09-27,01_raw/KWater/mywater_period/H1/group1/DATA1/2021-08-29_2021-09-27.json,352935,783d8e59c9d240b51bfa998426a7e649ecee81a01c78567f6df4fb45f0727aea,27,720,N
2026-09-29T11:40:53Z,K-water,MyWater(water.or.kr) 댐/보 기간별자료,https://www.water.or.kr/kor/realtime/sumun/ajaxProc.do,DATA1,1,H1,2021-09-28,2021-10-27,01_raw/KWater/mywater_period/H1/group1/DATA1/2021-09-28_2021-10-27.json,352829,7cce870d8cae91622fc1605cb95fec97125ece94e6f011361d9be71caf1f5663,27,720,N
2026-09-29T11:40:57Z,K-water,MyWater(water.or.kr) 댐/보 기간별자료,https://www.water.or.kr/kor/realtime/sumun/ajaxProc.do,DATA1,1,H1,2021-10-28,2021-11-26,01_raw/KWater/mywater_period/H1/group1/DATA1/2021-10-28_2021-11-26.json,352883,6b4cc7633494282c2dd13418a7becb04a90bf41c873465c14612a6d4a52436c8,27,720,N
2026-09-29T11:41:02Z,K-water,MyWater(water.or.kr) 댐/보 기간별자료,https://www.water.or.kr/kor/realtime/sumun/ajaxProc.do,DATA1,1,H1,2021-11-27,2021-12-26,01_raw/KWater/mywater_period/H1/group1/DATA1/2021-11-27_2021-12-26.json,352429,49355839a2a547d2f8f4d5222743dab161c19a48c2fe9288c761f3f9976bff40,27,720,N
2026-09-29T11:41:07Z,K-water,MyWater(water.or.kr) 댐/보 기간별자료,https://www.water.or.kr/kor/realtime/sumun/ajaxProc.do,DATA1,1,H1,2021-12-27,2022-01-25,01_raw/KWater/mywater_period/H1/group1/DATA1/2021-12-27_2022-01-25.json,351598,0261c7560fe6b049ab011e5a2ffc2a38b96f132f1d3d00d6eb7acd073eb9fb1f,27,720,N
2026-09-29T11:41:12Z,K-water,MyWater(water.or.kr) 댐/보 기간별자료,https://www.water.or.kr/kor/realtime/sumun/ajaxProc.do,DATA1,1,H1,2022-01-26,2022-02-24,01_raw/KWater/mywater_period/H1/group1/DATA1/2022-01-26_2022-02-24.json,351463,2af0de7c1de4faf4260f08d2933f1934d06466e8fe5c85ee5324d83947c0a272,27,720,N
2026-09-29T11:41:17Z,K-water,MyWater(water.or.kr) 댐/보 기간별자료,https://www.water.or.kr/kor/realtime/sumun/ajaxProc.do,DATA1,1,H1,2022-02-25,2022-03-26,01_raw/KWater/mywater_period/H1/group1/DATA1/2022-02-25_2022-03-26.json,351989,82757370a6efe1ae8dd560a78c6fcd4080af5b4dd6c9150eb87fc4ddcc293f5a,27,720,N
2026-09-29T11:41:22Z,K-water,MyWater(water.or.kr) 댐/보 기간별자료,https://www.water.or.kr/kor/realtime/sumun/ajaxProc.do,DATA1,1,H1,2022-03-27,2022-04-25,01_raw/KWater/mywater_period/H1/group1/DATA1/2022-03-27_2022-04-25.json,351373,a78337cc00fc3637811098db130161f4ceaa6d7ccaa4798e1967758e87d7747a,27,720,N
2026-09-29T11:41:26Z,K-water,MyWater(water.or.kr) 댐/보 기간별자료,https://www.water.or.kr/kor/realtime/sumun/ajaxProc.do,DATA1,1,H1,2022-04-26,2022-05-25,01_raw/KWater/mywater_period/H1/group1/DATA1/2022-04-26_2022-05-25.json,351638,b9a2451305ea669cc2599ac1d8a983fad1b1e782fc7f78d094c524070f38c4d8,27,720,N
2026-09-29T11:41:31Z,K-water,MyWater(water.or.kr) 댐/보 기간별자료,https://www.water.or.kr/kor/realtime/sumun/ajaxProc.do,DATA1,1,H1,2022-05-26,2022-06-24,01_raw/KWater/mywater_period/H1/group1/DATA1/2022-05-26_2022-06-24.json,351521,b0513def7616349574bb776d2d87632f412da8885b4bb29b18ac854b3d7e4198,27,720,N
2026-09-29T11:41:35Z,K-water,MyWater(water.or.kr) 댐/보 기간별자료,https://www.water.or.kr/kor/realtime/sumun/ajaxProc.do,DATA1,1,H1,2022-06-25,2022-07-24,01_raw/KWater/mywater_period/H1/group1/DATA1/2022-06-25_2022-07-24.json,351648,2e3fc0f623038330a21cb34749eaafa8d926a466c49d59956c8cbf61e19dfa60,27,720,N
2026-09-29T11:41:42Z,K-water,MyWater(water.or.kr) 댐/보 기간별자료,https://www.water.or.kr/kor/realtime/sumun/ajaxProc.do,DATA1,1,H1,2022-07-25,2022-08-23,01_raw/KWater/mywater_period/H1/group1/DATA1/2022-07-25_2022-08-23.json,351582,e7a89f1aa1109eb4f0a58205eea49e10e7f5338ce9b386e5f435b6fa5a4c006b,27,720,N
2026-09-29T11:41:47Z,K-water,MyWater(water.or.kr) 댐/보 기간별자료,https://www.water.or.kr/kor/realtime/sumun/ajaxProc.do,DATA1,1,H1,2022-08-24,2022-09-22,01_raw/KWater/mywater_period/H1/group1/DATA1/2022-08-24_2022-09-22.json,351457,cdb0043ee1f214b8cdcda0c36b2fd651cc9964bb9138ac6a0e48219caa9616ff,27,720,N
2026-09-29T11:41:52Z,K-water,MyWater(water.or.kr) 댐/보 기간별자료,https://www.water.or.kr/kor/realtime/sumun/ajaxProc.do,DATA1,1,H1,2022-09-23,2022-10-22,01_raw/KWater/mywater_period/H1/group1/DATA1/2022-09-23_2022-10-22.json,351711,a4b1305e924541b4378d2dcfd6ace023e68b5f677031bbe2f853c8bb260ac921,27,720,N
2026-09-29T11:41:57Z,K-water,MyWater(water.or.kr) 댐/보 기간별자료,https://www.water.or.kr/kor/realtime/sumun/ajaxProc.do,DATA1,1,H1,2022-10-23,2022-11-21,01_raw/KWater/mywater_period/H1/group1/DATA1/2022-10-23_2022-11-21.json,351702,01b8d48e8078238586bda7a7bd39cb54f36159b15ce4edac3b9b61add6204e31,27,720,N
2026-09-29T11:42:02Z,K-water,MyWater(water.or.kr) 댐/보 기간별자료,https://www.water.or.kr/kor/realtime/sumun/ajaxProc.do,DATA1,1,H1,2022-11-22,2022-12-21,01_raw/KWater/mywater_period/H1/group1/DATA1/2022-11-22_2022-12-21.json,351328,bb7e42e874f1ecf9b338d9bebca38fe7d26a55740a32ff4255a45b309a0ad714,27,720,N
2026-09-29T11:42:07Z,K-water,MyWater(water.or.kr) 댐/보 기간별자료,https://www.water.or.kr/kor/realtime/sumun/ajaxProc.do,DATA1,1,H1,2022-12-22,2023-01-20,01_raw/KWater/mywater_period/H1/group1/DATA1/2022-12-22_2023-01-20.json,351690,0312b5f54a5db4e9ed23e3758651d068b9dcfc9801b2d9485ae6ac362c68f2f9,27,720,N
2026-09-29T11:42:12Z,K-water,MyWater(water.or.kr) 댐/보 기간별자료,https://www.water.or.kr/kor/realtime/sumun/ajaxProc.do,DATA1,1,H1,2023-01-21,2023-02-19,01_raw/KWater/mywater_period/H1/group1/DATA1/2023-01-21_2023-02-19.json,351355,da90871127240f8a64a16e401d1216c863f052ec32e032f728b0df3f17de2f7f,27,720,N
2026-09-29T11:42:17Z,K-water,MyWater(water.or.kr) 댐/보 기간별자료,https://www.water.or.kr/kor/realtime/sumun/ajaxProc.do,DATA1,1,H1,2023-02-20,2023-03-21,01_raw/KWater/mywater_period/H1/group1/DATA1/2023-02-20_2023-03-21.json,351724,7106992d7173ff59fcb76e69da5867a074c88f612688785893e321ab369e1ad4,27,720,N
2026-09-29T11:42:22Z,K-water,MyWater(water.or.kr) 댐/보 기간별자료,https://www.water.or.kr/kor/realtime/sumun/ajaxProc.do,DATA1,1,H1,2023-03-22,2023-04-20,01_raw/KWater/mywater_period/H1/group1/DATA1/2023-03-22_2023-04-20.json,351435,bea4c1d5b67cf33efc8355df9ed55bb6ff6f5f0c87b612c680821dc0862b82bb,27,720,N
2026-09-29T11:42:28Z,K-water,MyWater(water.or.kr) 댐/보 기간별자료,https://www.water.or.kr/kor/realtime/sumun/ajaxProc.do,DATA1,1,H1,2023-04-21,2023-05-20,01_raw/KWater/mywater_period/H1/group1/DATA1/2023-04-21_2023-05-20.json,351458,274a237eb5b868bc34ed3a40fccaebfea4376e13a8f0175523a0ce30f4e4f9e8,27,720,N
2026-09-29T11:42:33Z,K-water,MyWater(water.or.kr) 댐/보 기간별자료,https://www.water.or.kr/kor/realtime/sumun/ajaxProc.do,DATA1,1,H1,2023-05-21,2023-06-19,01_raw/KWater/mywater_period/H1/group1/DATA1/2023-05-21_2023-06-19.json,351412,0d99aa6015c370269277124d44d0cfa046694edf7659bff669fc1f1c937c7fcb,27,720,N
2026-09-29T11:42:38Z,K-water,MyWater(water.or.kr) 댐/보 기간별자료,https://www.water.or.kr/kor/realtime/sumun/ajaxProc.do,DATA1,1,H1,2023-06-20,2023-07-19,01_raw/KWater/mywater_period/H1/group1/DATA1/2023-06-20_2023-07-19.json,351886,c3456a96bb8d0f6d1ac326b869034b7a38fdc92ebea8598b93b8c03d143ddac3,27,720,N
2026-09-29T11:42:44Z,K-water,MyWater(water.or.kr) 댐/보 기간별자료,https://www.water.or.kr/kor/realtime/sumun/ajaxProc.do,DATA1,1,H1,2023-07-20,2023-08-18,01_raw/KWater/mywater_period/H1/group1/DATA1/2023-07-20_2023-08-18.json,352393,29fa86660000bee2d86dbe9316828bc0a3a326aac4032f3e4cdd606d33badc51,27,720,N
2026-09-29T11:42:49Z,K-water,MyWater(water.or.kr) 댐/보 기간별자료,https://www.water.or.kr/kor/realtime/sumun/ajaxProc.do,DATA1,1,H1,2023-08-19,2023-09-17,01_raw/KWater/mywater_period/H1/group1/DATA1/2023-08-19_2023-09-17.json,353058,ac40fe4703dde1c9c6b1818444af6d95e8bc517eec8dba0621e4eaafc28ceee4,27,720,N
2026-09-29T11:42:54Z,K-water,MyWater(water.or.kr) 댐/보 기간별자료,https://www.water.or.kr/kor/realtime/sumun/ajaxProc.do,DATA1,1,H1,2023-09-18,2023-10-17,01_raw/KWater/mywater_period/H1/group1/DATA1/2023-09-18_2023-10-17.json,352994,0e1783df0682f094f3da34508b5d224e75e7480f08650cad49b98e55cdeda830,27,720,N
2026-09-29T11:42:59Z,K-water,MyWater(water.or.kr) 댐/보 기간별자료,https://www.water.or.kr/kor/realtime/sumun/ajaxProc.do,DATA1,1,H1,2023-10-18,2023-11-16,01_raw/KWater/mywater_period/H1/group1/DATA1/2023-10-18_2023-11-16.json,353039,25d79e4d8099041e6dea8b4a61c6551a94ccd935c6d4685b6756c46e11483903,27,720,N
2026-09-29T11:43:04Z,K-water,MyWater(water.or.kr) 댐/보 기간별자료,https://www.water.or.kr/kor/realtime/sumun/ajaxProc.do,DATA1,1,H1,2023-11-17,2023-12-16,01_raw/KWater/mywater_period/H1/group1/DATA1/2023-11-17_2023-12-16.json,353043,c6f6a837de63d82cfa3abb1343a5a663025c022b64110ded0c9ba7dcc96d2153,27,720,N
2026-09-29T11:43:10Z,K-water,MyWater(water.or.kr) 댐/보 기간별자료,https://www.water.or.kr/kor/realtime/sumun/ajaxProc.do,DATA1,1,H1,2023-12-17,2024-01-15,01_raw/KWater/mywater_period/H1/group1/DATA1/2023-12-17_2024-01-15.json,353167,29af0d19bb2271559ec51a23663e741d199f4393f225c0eb64b147c808f561d8,27,720,N
2026-09-29T11:43:15Z,K-water,MyWater(water.or.kr) 댐/보 기간별자료,https://www.water.or.kr/kor/realtime/sumun/ajaxProc.do,DATA1,1,H1,2024-01-16,2024-02-14,01_raw/KWater/mywater_period/H1/group1/DATA1/2024-01-16_2024-02-14.json,353265,b1bcf74fba05eae7e277df2fa60bb480d9f66dce41de764206194b669ffa8319,27,720,N
2026-09-29T11:43:20Z,K-water,MyWater(water.or.kr) 댐/보 기간별자료,https://www.water.or.kr/kor/realtime/sumun/ajaxProc.do,DATA1,1,H1,2024-02-15,2024-03-15,01_raw/KWater/mywater_period/H1/group1/DATA1/2024-02-15_2024-03-15.json,353179,5f707a5e18acdb441eced6f608adaff1587ed055bd94771e4fd52e9aa153de14,27,720,N
2026-09-29T11:43:25Z,K-water,MyWater(water.or.kr) 댐/보 기간별자료,https://www.water.or.kr/kor/realtime/sumun/ajaxProc.do,DATA1,1,H1,2024-03-16,2024-04-14,01_raw/KWater/mywater_period/H1/group1/DATA1/2024-03-16_2024-04-14.json,352958,bbeb08f25c89f3fec5f5f8bdf2216bffb2011aac1bbd2920a137fd529e506ef6,27,720,N
2026-09-29T11:43:29Z,K-water,MyWater(water.or.kr) 댐/보 기간별자료,https://www.water.or.kr/kor/realtime/sumun/ajaxProc.do,DATA1,1,H1,2024-04-15,2024-05-14,01_raw/KWater/mywater_period/H1/group1/DATA1/2024-04-15_2024-05-14.json,352276,ce7821dac32748930f5f8188cd204bd0c836057cd3c3a638290e31c363c60263,27,720,N
2026-09-29T11:43:35Z,K-water,MyWater(water.or.kr) 댐/보 기간별자료,https://www.water.or.kr/kor/realtime/sumun/ajaxProc.do,DATA1,1,H1,2024-05-15,2024-06-13,01_raw/KWater/mywater_period/H1/group1/DATA1/2024-05-15_2024-06-13.json,352378,31d24b42f68f105e9ca6598bad11162f93d15d277326c239cc7bfb130e0a0ba0,27,720,N
2026-09-29T11:43:40Z,K-water,MyWater(water.or.kr) 댐/보 기간별자료,https://www.water.or.kr/kor/realtime/sumun/ajaxProc.do,DATA1,1,H1,2024-06-14,2024-07-13,01_raw/KWater/mywater_period/H1/group1/DATA1/2024-06-14_2024-07-13.json,351957,01c334c1a0fc9ed9f97b32676fcafacce8569391734165f19119a1a62d1d8689,27,720,N
2026-09-29T11:43:45Z,K-water,MyWater(water.or.kr) 댐/보 기간별자료,https://www.water.or.kr/kor/realtime/sumun/ajaxProc.do,DATA1,1,H1,2024-07-14,2024-08-12,01_raw/KWater/mywater_period/H1/group1/DATA1/2024-07-14_2024-08-12.json,352322,8cdb91df4dd244bc078f7f21514bbd6eee377f3193b8ae00d810341034ab9762,27,720,N
2026-09-29T11:43:50Z,K-water,MyWater(water.or.kr) 댐/보 기간별자료,https://www.water.or.kr/kor/realtime/sumun/ajaxProc.do,DATA1,1,H1,2024-08-13,2024-09-11,01_raw/KWater/mywater_period/H1/group1/DATA1/2024-08-13_2024-09-11.json,352640,77beed38aa14c03016f61b268bc8ace8a654a77c3274c38f10d963fc9759e22b,27,720,N
2026-09-29T11:43:56Z,K-water,MyWater(water.or.kr) 댐/보 기간별자료,https://www.water.or.kr/kor/realtime/sumun/ajaxProc.do,DATA1,1,H1,2024-09-12,2024-10-11,01_raw/KWater/mywater_period/H1/group1/DATA1/2024-09-12_2024-10-11.json,353266,dc6bc4704c5906bee42328c48f8c4ffda0b61eb67969fca1852a5f0e5b60b330,27,720,N
2026-09-29T11:44:01Z,K-water,MyWater(water.or.kr) 댐/보 기간별자료,https://www.water.or.kr/kor/realtime/sumun/ajaxProc.do,DATA1,1,H1,2024-10-12,2024-11-10,01_raw/KWater/mywater_period/H1/group1/DATA1/2024-10-12_2024-11-10.json,352928,28f4cb31af4d33bb65417b823f28148d97c60f53fdead3de6f2790a09223d18f,27,720,N
2026-09-29T11:44:06Z,K-water,MyWater(water.or.kr) 댐/보 기간별자료,https://www.water.or.kr/kor/realtime/sumun/ajaxProc.do,DATA1,1,H1,2024-11-11,2024-12-10,01_raw/KWater/mywater_period/H1/group1/DATA1/2024-11-11_2024-12-10.json,352950,77685640c1e8c11d58b45ab118e06e7e79e21c6cea0e9840c342e39035d7d147,27,720,N
2026-09-29T11:44:10Z,K-water,MyWater(water.or.kr) 댐/보 기간별자료,https://www.water.or.kr/kor/realtime/sumun/ajaxProc.do,DATA1,1,H1,2024-12-11,2025-01-09,01_raw/KWater/mywater_period/H1/group1/DATA1/2024-12-11_2025-01-09.json,353065,3f2e07a3b4780e0f491630c62a2402eccf88fed7942afdecfc1e9a328866d821,27,720,N
2026-09-29T11:44:16Z,K-water,MyWater(water.or.kr) 댐/보 기간별자료,https://www.water.or.kr/kor/realtime/sumun/ajaxProc.do,DATA1,1,H1,2025-01-10,2025-02-08,01_raw/KWater/mywater_period/H1/group1/DATA1/2025-01-10_2025-02-08.json,353079,ae61b69bff81d182a93b9c98949def0ba5c6066e3d4da08981204089cd6c64d2,27,720,N
2026-09-29T11:44:20Z,K-water,MyWater(water.or.kr) 댐/보 기간별자료,https://www.water.or.kr/kor/realtime/sumun/ajaxProc.do,DATA1,1,H1,2025-02-09,2025-03-10,01_raw/KWater/mywater_period/H1/group1/DATA1/2025-02-09_2025-03-10.json,352712,cc4f637e4a4e76f748bfe39077b612609d6cafb03a0aef00bad7e16064bf5e96,27,720,N
2026-09-29T11:44:25Z,K-water,MyWater(water.or.kr) 댐/보 기간별자료,https://www.water.or.kr/kor/realtime/sumun/ajaxProc.do,DATA1,1,H1,2025-03-11,2025-04-09,01_raw/KWater/mywater_period/H1/group1/DATA1/2025-03-11_2025-04-09.json,353082,1dcef92d86c35bef2dc031680dc77fdd943079d83a769c8592927420a1049fbf,27,720,N
2026-09-29T11:44:30Z,K-water,MyWater(water.or.kr) 댐/보 기간별자료,https://www.water.or.kr/kor/realtime/sumun/ajaxProc.do,DATA1,1,H1,2025-04-10,2025-05-09,01_raw/KWater/mywater_period/H1/group1/DATA1/2025-04-10_2025-05-09.json,352805,c3d1c1f42d2c54a9fafb026492f696e0f1fcb3fb3bdc75bb78018b29577113c0,27,720,N
2026-09-29T11:44:35Z,K-water,MyWater(water.or.kr) 댐/보 기간별자료,https://www.water.or.kr/kor/realtime/sumun/ajaxProc.do,DATA1,1,H1,2025-05-10,2025-06-08,01_raw/KWater/mywater_period/H1/group1/DATA1/2025-05-10_2025-06-08.json,352374,407d878175e9da605461d7d37ebc70f3658e75f1532530c04aa811734c1f1dbc,27,720,N
2026-09-29T11:44:40Z,K-water,MyWater(water.or.kr) 댐/보 기간별자료,https://www.water.or.kr/kor/realtime/sumun/ajaxProc.do,DATA1,1,H1,2025-06-09,2025-07-08,01_raw/KWater/mywater_period/H1/group1/DATA1/2025-06-09_2025-07-08.json,352409,55bcfb6c3753fbe2b6a645f0dd70391f615dc64f14e91c4946062d46fe327a9a,27,720,N
2026-09-29T11:44:45Z,K-water,MyWater(water.or.kr) 댐/보 기간별자료,https://www.water.or.kr/kor/realtime/sumun/ajaxProc.do,DATA1,1,H1,2025-07-09,2025-08-07,01_raw/KWater/mywater_period/H1/group1/DATA1/2025-07-09_2025-08-07.json,352162,640034a70fb93a3ed0823885e6b9d1fac311ec80fbccff901149e09e222e5146,27,720,N
2026-09-29T11:44:51Z,K-water,MyWater(water.or.kr) 댐/보 기간별자료,https://www.water.or.kr/kor/realtime/sumun/ajaxProc.do,DATA1,1,H1,2025-08-08,2025-09-06,01_raw/KWater/mywater_period/H1/group1/DATA1/2025-08-08_2025-09-06.json,352615,4459db9672d31d08076c87897c05ca46433c7b6b5e99f477905fc0fd580233cf,27,720,N
2026-09-29T11:44:56Z,K-water,MyWater(water.or.kr) 댐/보 기간별자료,https://www.water.or.kr/kor/realtime/sumun/ajaxProc.do,DATA1,1,H1,2025-09-07,2025-10-06,01_raw/KWater/mywater_period/H1/group1/DATA1/2025-09-07_2025-10-06.json,353206,4c20f0b1cad108ab12178edc7e8e197b6f3a7d250e34b739f9e7c16ac9972ec2,27,720,N
2026-09-29T11:45:01Z,K-water,MyWater(water.or.kr) 댐/보 기간별자료,https://www.water.or.kr/kor/realtime/sumun/ajaxProc.do,DATA1,1,H1,2025-10-07,2025-11-05,01_raw/KWater/mywater_period/H1/group1/DATA1/2025-10-07_2025-11-05.json,353009,7d1f1f1dbcd113c26587f86e769424424da310f04cac2cb2c922085d26e92001,27,720,N
2026-09-29T11:45:06Z,K-water,MyWater(water.or.kr) 댐/보 기간별자료,https://www.water.or.kr/kor/realtime/sumun/ajaxProc.do,DATA1,1,H1,2025-11-06,2025-12-05,01_raw/KWater/mywater_period/H1/group1/DATA1/2025-11-06_2025-12-05.json,353032,70053cbb9e8afbd9eee469a2aa7382a704eb33e835c4b50aa54e0af6fea0d06c,27,720,N
2026-09-29T11:45:11Z,K-water,MyWater(water.or.kr) 댐/보 기간별자료,https://www.water.or.kr/kor/realtime/sumun/ajaxProc.do,DATA1,1,H1,2025-12-06,2026-01-04,01_raw/KWater/mywater_period/H1/group1/DATA1/2025-12-06_2026-01-04.json,353035,3472a0b53b3f83d3b31fb8301b1fade0258bc6bdfbf947c9c2ac4aa9a5243a99,27,720,N
2026-09-29T11:45:15Z,K-water,MyWater(water.or.kr) 댐/보 기간별자료,https://www.water.or.kr/kor/realtime/sumun/ajaxProc.do,DATA1,1,H1,2026-01-05,2026-02-03,01_raw/KWater/mywater_period/H1/group1/DATA1/2026-01-05_2026-02-03.json,352905,a1f535aba0398535172fe58b25a696e2930a8521f2eefa7c207f3d546c8cec61,27,720,N
2026-09-29T11:45:20Z,K-water,MyWater(water.or.kr) 댐/보 기간별자료,https://www.water.or.kr/kor/realtime/sumun/ajaxProc.do,DATA1,1,H1,2026-02-04,2026-03-05,01_raw/KWater/mywater_period/H1/group1/DATA1/2026-02-04_2026-03-05.json,352997,3dd50565a18081bd26ed219364443227d360e09127943d70c3cfe3cd84b9ecfc,27,720,N
2026-09-29T11:45:25Z,K-water,MyWater(water.or.kr) 댐/보 기간별자료,https://www.water.or.kr/kor/realtime/sumun/ajaxProc.do,DATA1,1,H1,2026-03-06,2026-04-04,01_raw/KWater/mywater_period/H1/group1/DATA1/2026-03-06_2026-04-04.json,352824,8b2572b3e90d988a6c9e80edf2c9a9affedd4c2054ad567a95a856cee9192613,27,720,N
2026-09-29T11:45:30Z,K-water,MyWater(water.or.kr) 댐/보 기간별자료,https://www.water.or.kr/kor/realtime/sumun/ajaxProc.do,DATA1,1,H1,2026-04-05,2026-05-04,01_raw/KWater/mywater_period/H1/group1/DATA1/2026-04-05_2026-05-04.json,352948,7e623789cf86d8e0f9dd05a5768f0f337b2c926cc893bbd9e2c29ddd44695632,27,720,N
2026-09-29T11:45:35Z,K-water,MyWater(water.or.kr) 댐/보 기간별자료,https://www.water.or.kr/kor/realtime/sumun/ajaxProc.do,DATA1,1,H1,2026-05-05,2026-06-03,01_raw/KWater/mywater_period/H1/group1/DATA1/2026-05-05_2026-06-03.json,352524,55eaf6fb74396e720842606ec71d3573e2886b029b269902b7d860eb07b231c0,27,720,N
2026-09-29T11:45:40Z,K-water,MyWater(water.or.kr) 댐/보 기간별자료,https://www.water.or.kr/kor/realtime/sumun/ajaxProc.do,DATA1,1,H1,2026-06-04,2026-07-03,01_raw/KWater/mywater_period/H1/group1/DATA1/2026-06-04_2026-07-03.json,351700,cbfc94ec85a8933305ec5031bd7121c2386ea3dacf0231d695e17632dca6fc03,27,720,N
2026-09-29T11:45:44Z,K-water,MyWater(water.or.kr) 댐/보 기간별자료,https://www.water.or.kr/kor/realtime/sumun/ajaxProc.do,DATA1,1,H1,2026-07-04,2026-08-02,01_raw/KWater/mywater_period/H1/group1/DATA1/2026-07-04_2026-08-02.json,351791,107ac9472c2588c06290655c1254dc9345cda515bc8aec82c4af2ec53e5f13f4,27,720,N
2026-09-29T11:45:49Z,K-water,MyWater(water.or.kr) 댐/보 기간별자료,https://www.water.or.kr/kor/realtime/sumun/ajaxProc.do,DATA1,1,H1,2026-08-03,2026-09-01,01_raw/KWater/mywater_period/H1/group1/DATA1/2026-08-03_2026-09-01.json,351439,59a5b636a5f8e2a3e5d9a7d437adb20d989421de5e4795550c6f56ebde26eec4,27,720,N
2026-09-29T11:45:54Z,K-water,MyWater(water.or.kr) 댐/보 기간별자료,https://www.water.or.kr/kor/realtime/sumun/ajaxProc.do,DATA1,1,H1,2026-09-02,2026-09-28,01_raw/KWater/mywater_period/H1/group1/DATA1/2026-09-02_2026-09-28.json,317111,ba93fb836f4b56ce65faef315f64b2e6f1088a3fd66b7bbc5a5339799e413930,27,648,N
2026-09-29T11:45:59Z,K-water,MyWater(water.or.kr) 댐/보 기간별자료,https://www.water.or.kr/kor/realtime/sumun/ajaxProc.do,DATA2,1,H1,2021-01-01,2021-01-30,01_raw/KWater/mywater_period/H1/group1/DATA2/2021-01-01_2021-01-30.json,345868,cb29da1dcc9ce3adbf097f1c8db5b258cc7b63ac34ea456b913511bdc96301d5,27,720,N
2026-09-29T11:46:03Z,K-water,MyWater(water.or.kr) 댐/보 기간별자료,https://www.water.or.kr/kor/realtime/sumun/ajaxProc.do,DATA2,1,H1,2021-01-31,2021-03-01,01_raw/KWater/mywater_period/H1/group1/DATA2/2021-01-31_2021-03-01.json,345179,0b14ed6c76c3db64e0e8a7af7e8fece03a347c5e160cc8af969529aec7a44190,27,720,N
2026-09-29T11:46:07Z,K-water,MyWater(water.or.kr) 댐/보 기간별자료,https://www.water.or.kr/kor/realtime/sumun/ajaxProc.do,DATA2,1,H1,2021-03-02,2021-03-31,01_raw/KWater/mywater_period/H1/group1/DATA2/2021-03-02_2021-03-31.json,345192,c91bcbbbac0252d47833eecdf3d2f8c9b9ab073c1c346628ad931fe4cc8c2362,27,720,N
2026-09-29T11:46:12Z,K-water,MyWater(water.or.kr) 댐/보 기간별자료,https://www.water.or.kr/kor/realtime/sumun/ajaxProc.do,DATA2,1,H1,2021-04-01,2021-04-30,01_raw/KWater/mywater_period/H1/group1/DATA2/2021-04-01_2021-04-30.json,345533,4388860b87f83db14822546a83a034756a7d8e9550ca2d2b21ea3afccc3c66a3,27,720,N
2026-09-29T11:46:16Z,K-water,MyWater(water.or.kr) 댐/보 기간별자료,https://www.water.or.kr/kor/realtime/sumun/ajaxProc.do,DATA2,1,H1,2021-05-01,2021-05-30,01_raw/KWater/mywater_period/H1/group1/DATA2/2021-05-01_2021-05-30.json,345061,ed35deb4582cddc88258ca9cc2f5f10d627ca5c6bd8958a9640a738c683e1bd2,27,720,N
2026-09-29T11:46:20Z,K-water,MyWater(water.or.kr) 댐/보 기간별자료,https://www.water.or.kr/kor/realtime/sumun/ajaxProc.do,DATA2,1,H1,2021-05-31,2021-06-29,01_raw/KWater/mywater_period/H1/group1/DATA2/2021-05-31_2021-06-29.json,345857,6371f0eef3e904e55c85d614ee731a025fc282ff2a09fc2451df72377622cd5f,27,720,N
2026-09-29T11:46:25Z,K-water,MyWater(water.or.kr) 댐/보 기간별자료,https://www.water.or.kr/kor/realtime/sumun/ajaxProc.do,DATA2,1,H1,2021-06-30,2021-07-29,01_raw/KWater/mywater_period/H1/group1/DATA2/2021-06-30_2021-07-29.json,346133,1e01a51460472cc5daa674694e210afd8aee81338b531384c8f26823f06c7e35,27,720,N
2026-09-29T11:46:30Z,K-water,MyWater(water.or.kr) 댐/보 기간별자료,https://www.water.or.kr/kor/realtime/sumun/ajaxProc.do,DATA2,1,H1,2021-07-30,2021-08-28,01_raw/KWater/mywater_period/H1/group1/DATA2/2021-07-30_2021-08-28.json,346005,4def43a547135bd9431e937f6d4ae1252e8c463809fdea0ac726620bfa113c37,27,720,N
2026-09-29T11:46:34Z,K-water,MyWater(water.or.kr) 댐/보 기간별자료,https://www.water.or.kr/kor/realtime/sumun/ajaxProc.do,DATA2,1,H1,2021-08-29,2021-09-27,01_raw/KWater/mywater_period/H1/group1/DATA2/2021-08-29_2021-09-27.json,346906,a380b58b9cea20c7c776e863ea2f6b3929d54e841f13de13f110a8d7dc58021f,27,720,N
2026-09-29T11:46:39Z,K-water,MyWater(water.or.kr) 댐/보 기간별자료,https://www.water.or.kr/kor/realtime/sumun/ajaxProc.do,DATA2,1,H1,2021-09-28,2021-10-27,01_raw/KWater/mywater_period/H1/group1/DATA2/2021-09-28_2021-10-27.json,347380,271b496cf84e77d77e400fba2c67d12d1b5e8e3d5718a60f6576bc0c3717da0e,27,720,N
2026-09-29T11:46:43Z,K-water,MyWater(water.or.kr) 댐/보 기간별자료,https://www.water.or.kr/kor/realtime/sumun/ajaxProc.do,DATA2,1,H1,2021-10-28,2021-11-26,01_raw/KWater/mywater_period/H1/group1/DATA2/2021-10-28_2021-11-26.json,346945,114722a0d5f03964d2c91dfe39d438100dd94dc54b1a223835db558ed96bd80e,27,720,N
2026-09-29T11:46:47Z,K-water,MyWater(water.or.kr) 댐/보 기간별자료,https://www.water.or.kr/kor/realtime/sumun/ajaxProc.do,DATA2,1,H1,2021-11-27,2021-12-26,01_raw/KWater/mywater_period/H1/group1/DATA2/2021-11-27_2021-12-26.json,346991,03e96ee9b4082db9b079b1e6d74e6c0dc4266290cb72835790c0636ce806e51c,27,720,N
2026-09-29T11:46:52Z,K-water,MyWater(water.or.kr) 댐/보 기간별자료,https://www.water.or.kr/kor/realtime/sumun/ajaxProc.do,DATA2,1,H1,2021-12-27,2022-01-25,01_raw/KWater/mywater_period/H1/group1/DATA2/2021-12-27_2022-01-25.json,347029,6e4a5ee106d07da868acd246b9697dd52f2e7ac306cbcdc8c0ba84a3005b2411,27,720,N
2026-09-29T11:46:57Z,K-water,MyWater(water.or.kr) 댐/보 기간별자료,https://www.water.or.kr/kor/realtime/sumun/ajaxProc.do,DATA2,1,H1,2022-01-26,2022-02-24,01_raw/KWater/mywater_period/H1/group1/DATA2/2022-01-26_2022-02-24.json,345750,90c416d4d466f4378876292a4d7054df974f307b59b3d2e69d474b2da5e014b2,27,720,N
2026-09-29T11:47:03Z,K-water,MyWater(water.or.kr) 댐/보 기간별자료,https://www.water.or.kr/kor/realtime/sumun/ajaxProc.do,DATA2,1,H1,2022-02-25,2022-03-26,01_raw/KWater/mywater_period/H1/group1/DATA2/2022-02-25_2022-03-26.json,345510,6d0860b33a3936bcfef85f97716b3d08083b97e99e58776df94e2e0b61a0a443,27,720,N
2026-09-29T11:47:07Z,K-water,MyWater(water.or.kr) 댐/보 기간별자료,https://www.water.or.kr/kor/realtime/sumun/ajaxProc.do,DATA2,1,H1,2022-03-27,2022-04-25,01_raw/KWater/mywater_period/H1/group1/DATA2/2022-03-27_2022-04-25.json,344916,1b429d88b67bb684a7c466c2249cea5a734fb4516d9f4bde9d00a95fa441f1e0,27,720,N
2026-09-29T11:47:12Z,K-water,MyWater(water.or.kr) 댐/보 기간별자료,https://www.water.or.kr/kor/realtime/sumun/ajaxProc.do,DATA2,1,H1,2022-04-26,2022-05-25,01_raw/KWater/mywater_period/H1/group1/DATA2/2022-04-26_2022-05-25.json,344383,582e10bea6dd4de8528309d4ecb62a73d2676d6ba503c764117d76fdb9db68a9,27,720,N
2026-09-29T11:47:17Z,K-water,MyWater(water.or.kr) 댐/보 기간별자료,https://www.water.or.kr/kor/realtime/sumun/ajaxProc.do,DATA2,1,H1,2022-05-26,2022-06-24,01_raw/KWater/mywater_period/H1/group1/DATA2/2022-05-26_2022-06-24.json,343187,6d1d4cb2faf00713d32f6acd49c5d9a52f70d57ea7407c32ff1ea2692f09acf2,27,720,N
2026-09-29T11:47:22Z,K-water,MyWater(water.or.kr) 댐/보 기간별자료,https://www.water.or.kr/kor/realtime/sumun/ajaxProc.do,DATA2,1,H1,2022-06-25,2022-07-24,01_raw/KWater/mywater_period/H1/group1/DATA2/2022-06-25_2022-07-24.json,343101,36ecbdb874182737c1f900eee713ca7743114a6c9f0da8f6fb22a35f0dc0b0e0,27,720,N
2026-09-29T11:47:26Z,K-water,MyWater(water.or.kr) 댐/보 기간별자료,https://www.water.or.kr/kor/realtime/sumun/ajaxProc.do,DATA2,1,H1,2022-07-25,2022-08-23,01_raw/KWater/mywater_period/H1/group1/DATA2/2022-07-25_2022-08-23.json,344232,e5dbb94942df3e7efd6c8d2a6a9ef12d2187c7f7a8ffb8d0600e83a9dc834e3e,27,720,N
2026-09-29T11:47:31Z,K-water,MyWater(water.or.kr) 댐/보 기간별자료,https://www.water.or.kr/kor/realtime/sumun/ajaxProc.do,DATA2,1,H1,2022-08-24,2022-09-22,01_raw/KWater/mywater_period/H1/group1/DATA2/2022-08-24_2022-09-22.json,344815,95eb8c43a5e1a5e8c65bfd58236922767d1bfd254ebec3684852bba734aa9d71,27,720,N
2026-09-29T11:47:35Z,K-water,MyWater(water.or.kr) 댐/보 기간별자료,https://www.water.or.kr/kor/realtime/sumun/ajaxProc.do,DATA2,1,H1,2022-09-23,2022-10-22,01_raw/KWater/mywater_period/H1/group1/DATA2/2022-09-23_2022-10-22.json,345212,e5da1e050cbed2a2c896ab0a7f328b7556ad7c42d7958417e06bb38499b635cc,27,720,N
2026-09-29T11:47:39Z,K-water,MyWater(water.or.kr) 댐/보 기간별자료,https://www.water.or.kr/kor/realtime/sumun/ajaxProc.do,DATA2,1,H1,2022-10-23,2022-11-21,01_raw/KWater/mywater_period/H1/group1/DATA2/2022-10-23_2022-11-21.json,343435,2fd0360ebed6322adc8e46f313f2be36e62debf460e7506cceef9abc8dc5d560,27,720,N
2026-09-29T11:47:43Z,K-water,MyWater(water.or.kr) 댐/보 기간별자료,https://www.water.or.kr/kor/realtime/sumun/ajaxProc.do,DATA2,1,H1,2022-11-22,2022-12-21,01_raw/KWater/mywater_period/H1/group1/DATA2/2022-11-22_2022-12-21.json,344044,b7e272bc746d44ae96ceb307c1442a89c1fe13aff8abfaee1a564103734de013,27,720,N
2026-09-29T11:47:47Z,K-water,MyWater(water.or.kr) 댐/보 기간별자료,https://www.water.or.kr/kor/realtime/sumun/ajaxProc.do,DATA2,1,H1,2022-12-22,2023-01-20,01_raw/KWater/mywater_period/H1/group1/DATA2/2022-12-22_2023-01-20.json,343692,b7b8a2999d9df2fbf15437c68eae53410efb0b39bc83cb6b1aaea2de5e87e803,27,720,N
2026-09-29T11:47:50Z,K-water,MyWater(water.or.kr) 댐/보 기간별자료,https://www.water.or.kr/kor/realtime/sumun/ajaxProc.do,DATA2,1,H1,2023-01-21,2023-02-19,01_raw/KWater/mywater_period/H1/group1/DATA2/2023-01-21_2023-02-19.json,344072,7bef40c01e8fa759e0b066376293962e412f33bbc6986c27759717bd82bb059c,27,720,N
2026-09-29T11:47:54Z,K-water,MyWater(water.or.kr) 댐/보 기간별자료,https://www.water.or.kr/kor/realtime/sumun/ajaxProc.do,DATA2,1,H1,2023-02-20,2023-03-21,01_raw/KWater/mywater_period/H1/group1/DATA2/2023-02-20_2023-03-21.json,343686,cce6eb2de789dfffd455eb125ee5f0ed55c63a818e07f0f9fe90f5bb5ccb2f2b,27,720,N
2026-09-29T11:47:59Z,K-water,MyWater(water.or.kr) 댐/보 기간별자료,https://www.water.or.kr/kor/realtime/sumun/ajaxProc.do,DATA2,1,H1,2023-03-22,2023-04-20,01_raw/KWater/mywater_period/H1/group1/DATA2/2023-03-22_2023-04-20.json,343309,ff5a7a027c6e5514d75f608b2760740a15a9b7cad3fedaf8ee2e072141912229,27,720,N
2026-09-29T11:48:03Z,K-water,MyWater(water.or.kr) 댐/보 기간별자료,https://www.water.or.kr/kor/realtime/sumun/ajaxProc.do,DATA2,1,H1,2023-04-21,2023-05-20,01_raw/KWater/mywater_period/H1/group1/DATA2/2023-04-21_2023-05-20.json,343748,a8bec931e05da6ac1b0fe1791677e85f8cebe3c5c9a76d3fcbed51d90c301311,27,720,N
2026-09-29T11:48:07Z,K-water,MyWater(water.or.kr) 댐/보 기간별자료,https://www.water.or.kr/kor/realtime/sumun/ajaxProc.do,DATA2,1,H1,2023-05-21,2023-06-19,01_raw/KWater/mywater_period/H1/group1/DATA2/2023-05-21_2023-06-19.json,344193,007b4760a90cd334e2a444bfbbc3985f321baf2ed434aa3e9ec0666e1538627b,27,720,N
2026-09-29T11:48:13Z,K-water,MyWater(water.or.kr) 댐/보 기간별자료,https://www.water.or.kr/kor/realtime/sumun/ajaxProc.do,DATA2,1,H1,2023-06-20,2023-07-19,01_raw/KWater/mywater_period/H1/group1/DATA2/2023-06-20_2023-07-19.json,344638,a3d6de19c4542141c5a47ec78fc6ef53e83d5cad0da07e4a6014f9fa3dbef693,27,720,N
2026-09-29T11:48:17Z,K-water,MyWater(water.or.kr) 댐/보 기간별자료,https://www.water.or.kr/kor/realtime/sumun/ajaxProc.do,DATA2,1,H1,2023-07-20,2023-08-18,01_raw/KWater/mywater_period/H1/group1/DATA2/2023-07-20_2023-08-18.json,346554,bd50937ded9d38c489008cd2027227c49f584335efae48554cda7cadbe71ff0f,27,720,N
2026-09-29T11:48:21Z,K-water,MyWater(water.or.kr) 댐/보 기간별자료,https://www.water.or.kr/kor/realtime/sumun/ajaxProc.do,DATA2,1,H1,2023-08-19,2023-09-17,01_raw/KWater/mywater_period/H1/group1/DATA2/2023-08-19_2023-09-17.json,347834,5c8e251bcb8abd1710dc03ec6874610f78b996044046a31a21940a0880c13448,27,720,N
2026-09-29T11:48:25Z,K-water,MyWater(water.or.kr) 댐/보 기간별자료,https://www.water.or.kr/kor/realtime/sumun/ajaxProc.do,DATA2,1,H1,2023-09-18,2023-10-17,01_raw/KWater/mywater_period/H1/group1/DATA2/2023-09-18_2023-10-17.json,348601,f27f2b6e70dbda4578c93b2ec376982298275f5aea4d7039ba5363dc4255714f,27,720,N
2026-09-29T11:48:30Z,K-water,MyWater(water.or.kr) 댐/보 기간별자료,https://www.water.or.kr/kor/realtime/sumun/ajaxProc.do,DATA2,1,H1,2023-10-18,2023-11-16,01_raw/KWater/mywater_period/H1/group1/DATA2/2023-10-18_2023-11-16.json,348409,caa019cbd2a1c488101f420b6349e0583e9013df5d5547df30c3ac2110e625b1,27,720,N
2026-09-29T11:48:33Z,K-water,MyWater(water.or.kr) 댐/보 기간별자료,https://www.water.or.kr/kor/realtime/sumun/ajaxProc.do,DATA2,1,H1,2023-11-17,2023-12-16,01_raw/KWater/mywater_period/H1/group1/DATA2/2023-11-17_2023-12-16.json,347693,9842d990f2f1ed70c347b3f0357a43c100462e6acbaab6cb5d592a8cccfa9084,27,720,N
2026-09-29T11:48:38Z,K-water,MyWater(water.or.kr) 댐/보 기간별자료,https://www.water.or.kr/kor/realtime/sumun/ajaxProc.do,DATA2,1,H1,2023-12-17,2024-01-15,01_raw/KWater/mywater_period/H1/group1/DATA2/2023-12-17_2024-01-15.json,347675,10502aa48d926ad9e233f9648eb8d6466e9097af1a05072455fc4a0b0b4ba502,27,720,N
2026-09-29T11:48:42Z,K-water,MyWater(water.or.kr) 댐/보 기간별자료,https://www.water.or.kr/kor/realtime/sumun/ajaxProc.do,DATA2,1,H1,2024-01-16,2024-02-14,01_raw/KWater/mywater_period/H1/group1/DATA2/2024-01-16_2024-02-14.json,347458,82df7e36479f2334aab8aa726592772cac675cccee5911894f848806f86f06d3,27,720,N
2026-09-29T11:48:46Z,K-water,MyWater(water.or.kr) 댐/보 기간별자료,https://www.water.or.kr/kor/realtime/sumun/ajaxProc.do,DATA2,1,H1,2024-02-15,2024-03-15,01_raw/KWater/mywater_period/H1/group1/DATA2/2024-02-15_2024-03-15.json,347946,5bdf06b4d59c0f2d8b2c7b41028fb1782a3593e959cf2e9d06b2445c88fa27f4,27,720,N
2026-09-29T11:48:50Z,K-water,MyWater(water.or.kr) 댐/보 기간별자료,https://www.water.or.kr/kor/realtime/sumun/ajaxProc.do,DATA2,1,H1,2024-03-16,2024-04-14,01_raw/KWater/mywater_period/H1/group1/DATA2/2024-03-16_2024-04-14.json,347748,9972b600c4a8741fe4d1a48e7988f07e14e451e35ccf54e7dade988927af6e62,27,720,N
2026-09-29T11:48:54Z,K-water,MyWater(water.or.kr) 댐/보 기간별자료,https://www.water.or.kr/kor/realtime/sumun/ajaxProc.do,DATA2,1,H1,2024-04-15,2024-05-14,01_raw/KWater/mywater_period/H1/group1/DATA2/2024-04-15_2024-05-14.json,347392,d3faca94d9bb80df45f5a1e4784b109b5094ece802afba300f38d42f1aafae11,27,720,N
2026-09-29T11:48:58Z,K-water,MyWater(water.or.kr) 댐/보 기간별자료,https://www.water.or.kr/kor/realtime/sumun/ajaxProc.do,DATA2,1,H1,2024-05-15,2024-06-13,01_raw/KWater/mywater_period/H1/group1/DATA2/2024-05-15_2024-06-13.json,345999,ddd780c0f671ebe83701166b1362637734b9a4157c1f33ce5fe735af6a156f70,27,720,N
2026-09-29T11:49:03Z,K-water,MyWater(water.or.kr) 댐/보 기간별자료,https://www.water.or.kr/kor/realtime/sumun/ajaxProc.do,DATA2,1,H1,2024-06-14,2024-07-13,01_raw/KWater/mywater_period/H1/group1/DATA2/2024-06-14_2024-07-13.json,344698,9993f1cc85d1bc5a75029b1a586afbdb7a6213c5aabd3820b69561448facdd53,27,720,N
2026-09-29T11:49:07Z,K-water,MyWater(water.or.kr) 댐/보 기간별자료,https://www.water.or.kr/kor/realtime/sumun/ajaxProc.do,DATA2,1,H1,2024-07-14,2024-08-12,01_raw/KWater/mywater_period/H1/group1/DATA2/2024-07-14_2024-08-12.json,345897,3b048cfac2444b50495de6cec7430192ee5f747ea2a9d12c9ba2cd6a0aa6383e,27,720,N
2026-09-29T11:49:12Z,K-water,MyWater(water.or.kr) 댐/보 기간별자료,https://www.water.or.kr/kor/realtime/sumun/ajaxProc.do,DATA2,1,H1,2024-08-13,2024-09-11,01_raw/KWater/mywater_period/H1/group1/DATA2/2024-08-13_2024-09-11.json,346472,e3aff4e601f6c45a5e1db2f5ae8bfbdd4e1c97ca5a81d018e724e0fd2ba4c00c,27,720,N
2026-09-29T11:49:16Z,K-water,MyWater(water.or.kr) 댐/보 기간별자료,https://www.water.or.kr/kor/realtime/sumun/ajaxProc.do,DATA2,1,H1,2024-09-12,2024-10-11,01_raw/KWater/mywater_period/H1/group1/DATA2/2024-09-12_2024-10-11.json,347147,c60629bc9a15b3566a873f441dc8f999de8d5bfb469d5bc7c0b93598c52459a7,27,720,N
2026-09-29T11:49:20Z,K-water,MyWater(water.or.kr) 댐/보 기간별자료,https://www.water.or.kr/kor/realtime/sumun/ajaxProc.do,DATA2,1,H1,2024-10-12,2024-11-10,01_raw/KWater/mywater_period/H1/group1/DATA2/2024-10-12_2024-11-10.json,347572,f57f38698fc50e5ed9ed19df1c02f572895a63acede5fe5f59ff385e9fb1a4ed,27,720,N
2026-09-29T11:49:25Z,K-water,MyWater(water.or.kr) 댐/보 기간별자료,https://www.water.or.kr/kor/realtime/sumun/ajaxProc.do,DATA2,1,H1,2024-11-11,2024-12-10,01_raw/KWater/mywater_period/H1/group1/DATA2/2024-11-11_2024-12-10.json,347714,36cec5dabd40334cdc07cf0bc6be5bc5fdcdc7952cf0d7077525345164030202,27,720,N
2026-09-29T11:49:30Z,K-water,MyWater(water.or.kr) 댐/보 기간별자료,https://www.water.or.kr/kor/realtime/sumun/ajaxProc.do,DATA2,1,H1,2024-12-11,2025-01-09,01_raw/KWater/mywater_period/H1/group1/DATA2/2024-12-11_2025-01-09.json,347627,7b1c9815e88893d4c64b8f4f6e5eff8c33f64df40a47dfe21c60b1a470328cba,27,720,N
2026-09-29T11:49:34Z,K-water,MyWater(water.or.kr) 댐/보 기간별자료,https://www.water.or.kr/kor/realtime/sumun/ajaxProc.do,DATA2,1,H1,2025-01-10,2025-02-08,01_raw/KWater/mywater_period/H1/group1/DATA2/2025-01-10_2025-02-08.json,346990,828cc771975675fa17832dcb565377a03a7a7f6f307f8abcc97eacadabdcfc94,27,720,N
2026-09-29T11:49:39Z,K-water,MyWater(water.or.kr) 댐/보 기간별자료,https://www.water.or.kr/kor/realtime/sumun/ajaxProc.do,DATA2,1,H1,2025-02-09,2025-03-10,01_raw/KWater/mywater_period/H1/group1/DATA2/2025-02-09_2025-03-10.json,346398,fd02e21f2313c929101b67f84cdef2c73f3f45c381634dd9c5c21ff48ff1ed36,27,720,N
2026-09-29T11:49:43Z,K-water,MyWater(water.or.kr) 댐/보 기간별자료,https://www.water.or.kr/kor/realtime/sumun/ajaxProc.do,DATA2,1,H1,2025-03-11,2025-04-09,01_raw/KWater/mywater_period/H1/group1/DATA2/2025-03-11_2025-04-09.json,345710,0a65fcb90d21e21f1819cf3fcd8be22849fe5e30e344c79dd5b4451388107cf8,27,720,N
2026-09-29T11:49:48Z,K-water,MyWater(water.or.kr) 댐/보 기간별자료,https://www.water.or.kr/kor/realtime/sumun/ajaxProc.do,DATA2,1,H1,2025-04-10,2025-05-09,01_raw/KWater/mywater_period/H1/group1/DATA2/2025-04-10_2025-05-09.json,345904,97c9b5168d49b17a4381093d9432e4651870cd749785f4c2b7a394a404cdf454,27,720,N
2026-09-29T11:49:53Z,K-water,MyWater(water.or.kr) 댐/보 기간별자료,https://www.water.or.kr/kor/realtime/sumun/ajaxProc.do,DATA2,1,H1,2025-05-10,2025-06-08,01_raw/KWater/mywater_period/H1/group1/DATA2/2025-05-10_2025-06-08.json,345831,815f749d622ae0cb2e08138c2ab93f599c6421a788070aa33f0536967018c99c,27,720,N
2026-09-29T11:49:58Z,K-water,MyWater(water.or.kr) 댐/보 기간별자료,https://www.water.or.kr/kor/realtime/sumun/ajaxProc.do,DATA2,1,H1,2025-06-09,2025-07-08,01_raw/KWater/mywater_period/H1/group1/DATA2/2025-06-09_2025-07-08.json,344966,4260d2cefc74337f0b49780a34d8a5a80889e97344982a703ac9cbad59f5ad8b,27,720,N
2026-09-29T11:50:05Z,K-water,MyWater(water.or.kr) 댐/보 기간별자료,https://www.water.or.kr/kor/realtime/sumun/ajaxProc.do,DATA2,1,H1,2025-07-09,2025-08-07,01_raw/KWater/mywater_period/H1/group1/DATA2/2025-07-09_2025-08-07.json,346059,e38d610204216c77781d3c18f9b199293fc027c9026bec8750e9badfc14a415d,27,720,N
2026-09-29T11:50:10Z,K-water,MyWater(water.or.kr) 댐/보 기간별자료,https://www.water.or.kr/kor/realtime/sumun/ajaxProc.do,DATA2,1,H1,2025-08-08,2025-09-06,01_raw/KWater/mywater_period/H1/group1/DATA2/2025-08-08_2025-09-06.json,346393,cdd638ec1700d5fb5508933fafff4de9ce7196be2d50ba6b1c5de980d77e106a,27,720,N
2026-09-29T11:50:15Z,K-water,MyWater(water.or.kr) 댐/보 기간별자료,https://www.water.or.kr/kor/realtime/sumun/ajaxProc.do,DATA2,1,H1,2025-09-07,2025-10-06,01_raw/KWater/mywater_period/H1/group1/DATA2/2025-09-07_2025-10-06.json,346865,b5c437c083f5e9f085cc9f7efd08ba3838c3a8bf960ecb4e950584be56da2ff8,27,720,N
2026-09-29T11:50:20Z,K-water,MyWater(water.or.kr) 댐/보 기간별자료,https://www.water.or.kr/kor/realtime/sumun/ajaxProc.do,DATA2,1,H1,2025-10-07,2025-11-05,01_raw/KWater/mywater_period/H1/group1/DATA2/2025-10-07_2025-11-05.json,346980,dc68000af0260678fa9bbaab4f56ebd1a7e6e90e99d1e455f4fc403df0305599,27,720,N
2026-09-29T11:50:24Z,K-water,MyWater(water.or.kr) 댐/보 기간별자료,https://www.water.or.kr/kor/realtime/sumun/ajaxProc.do,DATA2,1,H1,2025-11-06,2025-12-05,01_raw/KWater/mywater_period/H1/group1/DATA2/2025-11-06_2025-12-05.json,346983,1bb57e070fb8e1da6391b7f59b39cee7864d251f664bf8f11e201a81510719e0,27,720,N
2026-09-29T11:50:29Z,K-water,MyWater(water.or.kr) 댐/보 기간별자료,https://www.water.or.kr/kor/realtime/sumun/ajaxProc.do,DATA2,1,H1,2025-12-06,2026-01-04,01_raw/KWater/mywater_period/H1/group1/DATA2/2025-12-06_2026-01-04.json,346776,0a2d1b689a1ce91fea4fbcd0721739719e5c1214b053c55db313f0a080da18f8,27,720,N
2026-09-29T11:50:34Z,K-water,MyWater(water.or.kr) 댐/보 기간별자료,https://www.water.or.kr/kor/realtime/sumun/ajaxProc.do,DATA2,1,H1,2026-01-05,2026-02-03,01_raw/KWater/mywater_period/H1/group1/DATA2/2026-01-05_2026-02-03.json,346625,6a3c5f742f4c00e323fdc52c49da9cbb4809a1375c5eea1ae72d7b6d27eb93f7,27,720,N
2026-09-29T11:50:38Z,K-water,MyWater(water.or.kr) 댐/보 기간별자료,https://www.water.or.kr/kor/realtime/sumun/ajaxProc.do,DATA2,1,H1,2026-02-04,2026-03-05,01_raw/KWater/mywater_period/H1/group1/DATA2/2026-02-04_2026-03-05.json,345825,5ee2722ba8d17622397722c2a020ec8e9f98fc140cd06b46e74d3760a5a17d3f,27,720,N
2026-09-29T11:50:42Z,K-water,MyWater(water.or.kr) 댐/보 기간별자료,https://www.water.or.kr/kor/realtime/sumun/ajaxProc.do,DATA2,1,H1,2026-03-06,2026-04-04,01_raw/KWater/mywater_period/H1/group1/DATA2/2026-03-06_2026-04-04.json,345384,2999fa492ed8fb576e61576556bf926ef8917a50bc01fdb07c3a35081e09a06c,27,720,N
2026-09-29T11:50:46Z,K-water,MyWater(water.or.kr) 댐/보 기간별자료,https://www.water.or.kr/kor/realtime/sumun/ajaxProc.do,DATA2,1,H1,2026-04-05,2026-05-04,01_raw/KWater/mywater_period/H1/group1/DATA2/2026-04-05_2026-05-04.json,346165,9803540c8f5423c82516070b3cf8ad3d74da4074e1f6be858f523c3f7b41c38e,27,720,N
2026-09-29T11:50:51Z,K-water,MyWater(water.or.kr) 댐/보 기간별자료,https://www.water.or.kr/kor/realtime/sumun/ajaxProc.do,DATA2,1,H1,2026-05-05,2026-06-03,01_raw/KWater/mywater_period/H1/group1/DATA2/2026-05-05_2026-06-03.json,345482,31ce7a13433aec672c84e0afdceef1465acfa3bc59df088cb79591563b51b705,27,720,N
2026-09-29T11:50:56Z,K-water,MyWater(water.or.kr) 댐/보 기간별자료,https://www.water.or.kr/kor/realtime/sumun/ajaxProc.do,DATA2,1,H1,2026-06-04,2026-07-03,01_raw/KWater/mywater_period/H1/group1/DATA2/2026-06-04_2026-07-03.json,344338,b5d672c44ffb4c9d7a6e40919290508cbddb628a8895464cfba145af52951c00,27,720,N
2026-09-29T11:51:00Z,K-water,MyWater(water.or.kr) 댐/보 기간별자료,https://www.water.or.kr/kor/realtime/sumun/ajaxProc.do,DATA2,1,H1,2026-07-04,2026-08-02,01_raw/KWater/mywater_period/H1/group1/DATA2/2026-07-04_2026-08-02.json,344153,9da5dc6311de2d8f07ef2dde07122fe9f56a86ec3f872a9718a8e59b0e08f39b,27,720,N
2026-09-29T11:51:05Z,K-water,MyWater(water.or.kr) 댐/보 기간별자료,https://www.water.or.kr/kor/realtime/sumun/ajaxProc.do,DATA2,1,H1,2026-08-03,2026-09-01,01_raw/KWater/mywater_period/H1/group1/DATA2/2026-08-03_2026-09-01.json,343444,c61897aa40f79691b2f703884710f3b5c368fd6cc6e8845098b18f6f4348af9b,27,720,N
2026-09-29T11:51:02Z,K-water,MyWater(water.or.kr) 댐/보 기간별자료,https://www.water.or.kr/kor/realtime/sumun/ajaxProc.do,DATA1,1,M1,2021-06-21,2021-06-27,01_raw/KWater/mywater_period/M1/group1/DATA1/2021-06-21_2021-06-27.json,488783,542c5986a8385302c5d3049dd030ac4abd3c811e87c62dcd4c1fa7c728ec9a50,27,1008,N
2026-09-29T11:51:09Z,K-water,MyWater(water.or.kr) 댐/보 기간별자료,https://www.water.or.kr/kor/realtime/sumun/ajaxProc.do,DATA2,1,H1,2026-09-02,2026-09-28,01_raw/KWater/mywater_period/H1/group1/DATA2/2026-09-02_2026-09-28.json,310000,5f42a5d8aaff034a19b5402849039246cc6ea33ced6e5002e0ca0a7428dca06f,27,648,N
2026-09-29T11:51:09Z,K-water,MyWater(water.or.kr) 댐/보 기간별자료,https://www.water.or.kr/kor/realtime/sumun/ajaxProc.do,DATA1,1,M1,2021-06-28,2021-07-04,01_raw/KWater/mywater_period/M1/group1/DATA1/2021-06-28_2021-07-04.json,488835,c46fee2e136ae54f207a292ab9118a8115c35f396638f2b870876ea9462d3f99,27,1008,N
2026-09-29T11:51:13Z,K-water,MyWater(water.or.kr) 댐/보 기간별자료,https://www.water.or.kr/kor/realtime/sumun/ajaxProc.do,DATA3,1,H1,2021-01-01,2021-01-30,01_raw/KWater/mywater_period/H1/group1/DATA3/2021-01-01_2021-01-30.json,237040,e9be169b6fa0aa0cc37acdfe47fb84a68bc38850d44b56f53f8d743ab529c303,27,720,N
2026-09-29T11:51:17Z,K-water,MyWater(water.or.kr) 댐/보 기간별자료,https://www.water.or.kr/kor/realtime/sumun/ajaxProc.do,DATA3,1,H1,2021-01-31,2021-03-01,01_raw/KWater/mywater_period/H1/group1/DATA3/2021-01-31_2021-03-01.json,236266,d21756576891a62137269c376a6fa37e2762a2542767ed263492c0a1a9843404,27,720,N
2026-09-29T11:51:16Z,K-water,MyWater(water.or.kr) 댐/보 기간별자료,https://www.water.or.kr/kor/realtime/sumun/ajaxProc.do,DATA1,1,M1,2021-07-05,2021-07-11,01_raw/KWater/mywater_period/M1/group1/DATA1/2021-07-05_2021-07-11.json,489458,7d653dc8eea0e1777c4f814f4dd2356a34d46f986563c8b0c4c6d53e1d6ce82c,27,1008,N
2026-09-29T11:51:20Z,K-water,MyWater(water.or.kr) 댐/보 기간별자료,https://www.water.or.kr/kor/realtime/sumun/ajaxProc.do,DATA3,1,H1,2021-03-02,2021-03-31,01_raw/KWater/mywater_period/H1/group1/DATA3/2021-03-02_2021-03-31.json,236543,4624919d87263e0b03e50dddc12734be60cf05f19d0dd873bf8cf9efb9937455,27,720,N
2026-09-29T11:51:24Z,K-water,MyWater(water.or.kr) 댐/보 기간별자료,https://www.water.or.kr/kor/realtime/sumun/ajaxProc.do,DATA3,1,H1,2021-04-01,2021-04-30,01_raw/KWater/mywater_period/H1/group1/DATA3/2021-04-01_2021-04-30.json,232614,613037af9a10d61133ff6817ce0523241cf711bb3215b09a135c633eaf275bbf,27,720,N
2026-09-29T11:51:22Z,K-water,MyWater(water.or.kr) 댐/보 기간별자료,https://www.water.or.kr/kor/realtime/sumun/ajaxProc.do,DATA1,1,M1,2021-07-12,2021-07-18,01_raw/KWater/mywater_period/M1/group1/DATA1/2021-07-12_2021-07-18.json,489337,41c7b3f95f47b10f94672cbf120be59764569103091256e892a3d947bca7bbd0,27,1008,N
2026-09-29T11:51:27Z,K-water,MyWater(water.or.kr) 댐/보 기간별자료,https://www.water.or.kr/kor/realtime/sumun/ajaxProc.do,DATA3,1,H1,2021-05-01,2021-05-30,01_raw/KWater/mywater_period/H1/group1/DATA3/2021-05-01_2021-05-30.json,231961,aae4090dfb5899236eed60cda1c3ce819b3586c70bedae45b942537db506acff,27,720,N
2026-09-29T11:51:32Z,K-water,MyWater(water.or.kr) 댐/보 기간별자료,https://www.water.or.kr/kor/realtime/sumun/ajaxProc.do,DATA3,1,H1,2021-05-31,2021-06-29,01_raw/KWater/mywater_period/H1/group1/DATA3/2021-05-31_2021-06-29.json,231234,2748588861b063319a07bb6e391b9d5b7f81355e2aaed7960eabbce5cb1bfc51,27,720,N
2026-09-29T11:51:29Z,K-water,MyWater(water.or.kr) 댐/보 기간별자료,https://www.water.or.kr/kor/realtime/sumun/ajaxProc.do,DATA1,1,M1,2021-07-19,2021-07-25,01_raw/KWater/mywater_period/M1/group1/DATA1/2021-07-19_2021-07-25.json,489860,f78cd375d85f5850ea7b81f54f9bc32b7c27d3c7fc94adf6472c913d3386fa3b,27,1008,N
2026-09-29T11:51:35Z,K-water,MyWater(water.or.kr) 댐/보 기간별자료,https://www.water.or.kr/kor/realtime/sumun/ajaxProc.do,DATA3,1,H1,2021-06-30,2021-07-29,01_raw/KWater/mywater_period/H1/group1/DATA3/2021-06-30_2021-07-29.json,233168,216e746561e0d76da96efa8f33895dab070cc91b94fb722cabb633456b8c36b4,27,720,N
2026-09-29T11:51:39Z,K-water,MyWater(water.or.kr) 댐/보 기간별자료,https://www.water.or.kr/kor/realtime/sumun/ajaxProc.do,DATA3,1,H1,2021-07-30,2021-08-28,01_raw/KWater/mywater_period/H1/group1/DATA3/2021-07-30_2021-08-28.json,234645,0ca05407819514fc4cf275b0e525fdf3013a48057bbb425ad8941d3fe579ee28,27,720,N
2026-09-29T11:51:37Z,K-water,MyWater(water.or.kr) 댐/보 기간별자료,https://www.water.or.kr/kor/realtime/sumun/ajaxProc.do,DATA1,1,M1,2021-07-26,2021-08-01,01_raw/KWater/mywater_period/M1/group1/DATA1/2021-07-26_2021-08-01.json,490487,bd6789d310889c6c53fe5e122539094d1ac6b75e77f32ae6e58a4451f15e5db8,27,1008,N
2026-09-29T11:51:42Z,K-water,MyWater(water.or.kr) 댐/보 기간별자료,https://www.water.or.kr/kor/realtime/sumun/ajaxProc.do,DATA3,1,H1,2021-08-29,2021-09-27,01_raw/KWater/mywater_period/H1/group1/DATA3/2021-08-29_2021-09-27.json,231227,2e4e3d9adf032ec6cf154d92b90f6221411d8fa97b289fa25a7296016ff804a2,27,720,N
2026-09-29T11:51:46Z,K-water,MyWater(water.or.kr) 댐/보 기간별자료,https://www.water.or.kr/kor/realtime/sumun/ajaxProc.do,DATA3,1,H1,2021-09-28,2021-10-27,01_raw/KWater/mywater_period/H1/group1/DATA3/2021-09-28_2021-10-27.json,230884,5f6e2fccd8df3d02797bc6265f877d4792ff8764c1ba476f1e27fee396513e47,27,720,N
2026-09-29T11:51:44Z,K-water,MyWater(water.or.kr) 댐/보 기간별자료,https://www.water.or.kr/kor/realtime/sumun/ajaxProc.do,DATA1,1,M1,2021-08-02,2021-08-08,01_raw/KWater/mywater_period/M1/group1/DATA1/2021-08-02_2021-08-08.json,490952,82ce88cd832c29cc2f4f6760361e4db849d13d3bc3c9c543caf6ad429f2f57f3,27,1008,N
2026-09-29T11:51:49Z,K-water,MyWater(water.or.kr) 댐/보 기간별자료,https://www.water.or.kr/kor/realtime/sumun/ajaxProc.do,DATA3,1,H1,2021-10-28,2021-11-26,01_raw/KWater/mywater_period/H1/group1/DATA3/2021-10-28_2021-11-26.json,228255,e5d762aaac469e5af9c4add1d3c22884e68e9bc4792473270c247a9f0b5fa9a5,27,720,N
2026-09-29T11:51:53Z,K-water,MyWater(water.or.kr) 댐/보 기간별자료,https://www.water.or.kr/kor/realtime/sumun/ajaxProc.do,DATA3,1,H1,2021-11-27,2021-12-26,01_raw/KWater/mywater_period/H1/group1/DATA3/2021-11-27_2021-12-26.json,227583,3d6d8673dac77a1a03c897adaf07345d6e4f22fc8b023e610d37215836595980,27,720,N
2026-09-29T11:51:52Z,K-water,MyWater(water.or.kr) 댐/보 기간별자료,https://www.water.or.kr/kor/realtime/sumun/ajaxProc.do,DATA1,1,M1,2021-08-09,2021-08-15,01_raw/KWater/mywater_period/M1/group1/DATA1/2021-08-09_2021-08-15.json,490717,918a02c0bfdd42144576a1daf78a05362a6699b1eb5b6080cbdfbd869c9f1d46,27,1008,N
2026-09-29T11:51:56Z,K-water,MyWater(water.or.kr) 댐/보 기간별자료,https://www.water.or.kr/kor/realtime/sumun/ajaxProc.do,DATA3,1,H1,2021-12-27,2022-01-25,01_raw/KWater/mywater_period/H1/group1/DATA3/2021-12-27_2022-01-25.json,226388,a16143d6d1cfc4a73b1b04873edf59e49911fd947c56b2cdddec7555587624a9,27,720,N
2026-09-29T11:52:00Z,K-water,MyWater(water.or.kr) 댐/보 기간별자료,https://www.water.or.kr/kor/realtime/sumun/ajaxProc.do,DATA3,1,H1,2022-01-26,2022-02-24,01_raw/KWater/mywater_period/H1/group1/DATA3/2022-01-26_2022-02-24.json,226343,d140f64ca4193e987428eab7669302f2fa562cce4b8fb62e8c451e13c557cef0,27,720,N
2026-09-29T11:51:59Z,K-water,MyWater(water.or.kr) 댐/보 기간별자료,https://www.water.or.kr/kor/realtime/sumun/ajaxProc.do,DATA1,1,M1,2021-08-16,2021-08-22,01_raw/KWater/mywater_period/M1/group1/DATA1/2021-08-16_2021-08-22.json,490763,e270150b7feb3b6c64bad5c92c2f25a7e3a8ff9b297d5e25a5753f58608a633f,27,1008,N
2026-09-29T11:52:03Z,K-water,MyWater(water.or.kr) 댐/보 기간별자료,https://www.water.or.kr/kor/realtime/sumun/ajaxProc.do,DATA3,1,H1,2022-02-25,2022-03-26,01_raw/KWater/mywater_period/H1/group1/DATA3/2022-02-25_2022-03-26.json,229802,99f7e08d5f9ba6a3d62fe6b80bc2a063def4f89756911586f8953a9080c86b86,27,720,N
2026-09-29T11:52:08Z,K-water,MyWater(water.or.kr) 댐/보 기간별자료,https://www.water.or.kr/kor/realtime/sumun/ajaxProc.do,DATA3,1,H1,2022-03-27,2022-04-25,01_raw/KWater/mywater_period/H1/group1/DATA3/2022-03-27_2022-04-25.json,228024,4ca7dad6ae221bb1f0022001614ed85fa45ed86ed6d335ea1da59f5739c1e36f,27,720,N
2026-09-29T11:52:06Z,K-water,MyWater(water.or.kr) 댐/보 기간별자료,https://www.water.or.kr/kor/realtime/sumun/ajaxProc.do,DATA1,1,M1,2021-08-23,2021-08-29,01_raw/KWater/mywater_period/M1/group1/DATA1/2021-08-23_2021-08-29.json,490569,7d3982dd1749731df87ae3fc3e10dca87c7cb9ad69dbf40f8bd5cd0275a5947a,27,1008,N
2026-09-29T11:52:11Z,K-water,MyWater(water.or.kr) 댐/보 기간별자료,https://www.water.or.kr/kor/realtime/sumun/ajaxProc.do,DATA3,1,H1,2022-04-26,2022-05-25,01_raw/KWater/mywater_period/H1/group1/DATA3/2022-04-26_2022-05-25.json,227547,19714c70a7228d338982c4b4c5c57eddf1dea674126d6ba9173809fa05f5841c,27,720,N
2026-09-29T11:52:15Z,K-water,MyWater(water.or.kr) 댐/보 기간별자료,https://www.water.or.kr/kor/realtime/sumun/ajaxProc.do,DATA3,1,H1,2022-05-26,2022-06-24,01_raw/KWater/mywater_period/H1/group1/DATA3/2022-05-26_2022-06-24.json,230178,27b5c8d96a17d89166234635c4ac769246a86edd4063bcb24eee8dcac295eac4,27,720,N
2026-09-29T11:52:12Z,K-water,MyWater(water.or.kr) 댐/보 기간별자료,https://www.water.or.kr/kor/realtime/sumun/ajaxProc.do,DATA1,1,M1,2021-08-30,2021-09-05,01_raw/KWater/mywater_period/M1/group1/DATA1/2021-08-30_2021-09-05.json,490557,670ba1dcb2dddf7f3a0c315e1de8882f4acb05f2794b7b4b521626f0f7ea5a37,27,1008,N
2026-09-29T11:52:18Z,K-water,MyWater(water.or.kr) 댐/보 기간별자료,https://www.water.or.kr/kor/realtime/sumun/ajaxProc.do,DATA3,1,H1,2022-06-25,2022-07-24,01_raw/KWater/mywater_period/H1/group1/DATA3/2022-06-25_2022-07-24.json,233621,58bc78b7376526bf325db77abfc10ab9ebe1540fd5815bcabb3e4c46e1cde9ad,27,720,N
2026-09-29T11:52:22Z,K-water,MyWater(water.or.kr) 댐/보 기간별자료,https://www.water.or.kr/kor/realtime/sumun/ajaxProc.do,DATA3,1,H1,2022-07-25,2022-08-23,01_raw/KWater/mywater_period/H1/group1/DATA3/2022-07-25_2022-08-23.json,234047,a333f8430eb81291459b36bd992944b2853017a055e11b53a0807987fce2a398,27,720,N
2026-09-29T11:52:19Z,K-water,MyWater(water.or.kr) 댐/보 기간별자료,https://www.water.or.kr/kor/realtime/sumun/ajaxProc.do,DATA1,1,M1,2021-09-06,2021-09-12,01_raw/KWater/mywater_period/M1/group1/DATA1/2021-09-06_2021-09-12.json,491044,e8582ff0a8c6b75797375ef93185bf29f956269874041806801516fdc0847315,27,1008,N
2026-09-29T11:52:26Z,K-water,MyWater(water.or.kr) 댐/보 기간별자료,https://www.water.or.kr/kor/realtime/sumun/ajaxProc.do,DATA3,1,H1,2022-08-24,2022-09-22,01_raw/KWater/mywater_period/H1/group1/DATA3/2022-08-24_2022-09-22.json,232352,0457ce704c89f52da8a31893571f770cfba21c80ada53438927314bf7ea06ede,27,720,N
2026-09-29T11:52:30Z,K-water,MyWater(water.or.kr) 댐/보 기간별자료,https://www.water.or.kr/kor/realtime/sumun/ajaxProc.do,DATA3,1,H1,2022-09-23,2022-10-22,01_raw/KWater/mywater_period/H1/group1/DATA3/2022-09-23_2022-10-22.json,234760,6c80605d5a95ca27ad91e0354c1407818b53eee26dcc4b05beffc45de5f71d2d,27,720,N
2026-09-29T11:52:27Z,K-water,MyWater(water.or.kr) 댐/보 기간별자료,https://www.water.or.kr/kor/realtime/sumun/ajaxProc.do,DATA1,1,M1,2021-09-13,2021-09-19,01_raw/KWater/mywater_period/M1/group1/DATA1/2021-09-13_2021-09-19.json,492035,a1700cca55a439d75d9cd709a713fbf3f7561c1d6d2ba9ddfb1ef6ec8b764bab,27,1008,N
2026-09-29T11:52:33Z,K-water,MyWater(water.or.kr) 댐/보 기간별자료,https://www.water.or.kr/kor/realtime/sumun/ajaxProc.do,DATA3,1,H1,2022-10-23,2022-11-21,01_raw/KWater/mywater_period/H1/group1/DATA3/2022-10-23_2022-11-21.json,227248,df38198ca2652fde29fb6c921be32e7a574bf80f952b27856c5fe5f9f0146a12,27,720,N
2026-09-29T11:52:36Z,K-water,MyWater(water.or.kr) 댐/보 기간별자료,https://www.water.or.kr/kor/realtime/sumun/ajaxProc.do,DATA3,1,H1,2022-11-22,2022-12-21,01_raw/KWater/mywater_period/H1/group1/DATA3/2022-11-22_2022-12-21.json,229322,e157eb6ba9a869d3fcf4c4bb8292767955917258b590af3cc5d2bd3821bb41d0,27,720,N
2026-09-29T11:52:34Z,K-water,MyWater(water.or.kr) 댐/보 기간별자료,https://www.water.or.kr/kor/realtime/sumun/ajaxProc.do,DATA1,1,M1,2021-09-20,2021-09-26,01_raw/KWater/mywater_period/M1/group1/DATA1/2021-09-20_2021-09-26.json,492176,0b18c3338bf3921e1cdb3539d74cf8deb95471c5eaa1f983e26973397ff55a90,27,1008,N
2026-09-29T11:52:40Z,K-water,MyWater(water.or.kr) 댐/보 기간별자료,https://www.water.or.kr/kor/realtime/sumun/ajaxProc.do,DATA3,1,H1,2022-12-22,2023-01-20,01_raw/KWater/mywater_period/H1/group1/DATA3/2022-12-22_2023-01-20.json,228839,2f8e6031c24a9c494a3961fc979f30a629fa69e2815038c97a56c3bf33ee664d,27,720,N
2026-09-29T11:52:41Z,K-water,MyWater(water.or.kr) 댐/보 기간별자료,https://www.water.or.kr/kor/realtime/sumun/ajaxProc.do,DATA1,1,M1,2021-09-27,2021-09-30,01_raw/KWater/mywater_period/M1/group1/DATA1/2021-09-27_2021-09-30.json,284958,467c4fdc10b1cbf92cbf1bf51d11afb3f719967ee7b99ea12c48db0e2a9dd596,27,576,N
2026-09-29T11:52:43Z,K-water,MyWater(water.or.kr) 댐/보 기간별자료,https://www.water.or.kr/kor/realtime/sumun/ajaxProc.do,DATA3,1,H1,2023-01-21,2023-02-19,01_raw/KWater/mywater_period/H1/group1/DATA3/2023-01-21_2023-02-19.json,231358,23ec0d5b6a84bdedf7d3b360d6d27a59d4aab5bf42320217c9d56e4dc6202173,27,720,N
2026-09-29T11:52:47Z,K-water,MyWater(water.or.kr) 댐/보 기간별자료,https://www.water.or.kr/kor/realtime/sumun/ajaxProc.do,DATA3,1,H1,2023-02-20,2023-03-21,01_raw/KWater/mywater_period/H1/group1/DATA3/2023-02-20_2023-03-21.json,226423,a7fc1186ed7be356c75d037f3fcce15534cec85be1680f98df7121421790187d,27,720,N
2026-09-29T11:52:46Z,K-water,MyWater(water.or.kr) 댐/보 기간별자료,https://www.water.or.kr/kor/realtime/sumun/ajaxProc.do,DATA2,1,M1,2021-06-21,2021-06-27,01_raw/KWater/mywater_period/M1/group1/DATA2/2021-06-21_2021-06-27.json,481646,6e38e1278e52182ddd1b98ff97d45e3803a47413732276882d348eec37fa73a9,27,1008,N
2026-09-29T11:52:51Z,K-water,MyWater(water.or.kr) 댐/보 기간별자료,https://www.water.or.kr/kor/realtime/sumun/ajaxProc.do,DATA3,1,H1,2023-03-22,2023-04-20,01_raw/KWater/mywater_period/H1/group1/DATA3/2023-03-22_2023-04-20.json,228896,b8b610e705f3eb2fa97643da5eb4e9794f2e3a2032141dd084ca9b8568e23bba,27,720,N
2026-09-29T11:52:51Z,K-water,MyWater(water.or.kr) 댐/보 기간별자료,https://www.water.or.kr/kor/realtime/sumun/ajaxProc.do,DATA2,1,M1,2021-06-28,2021-07-04,01_raw/KWater/mywater_period/M1/group1/DATA2/2021-06-28_2021-07-04.json,481135,6b1f0a503e336f1b529d6098e9eced9d3fb9f4095d7117ee686c235b6020388c,27,1008,N
2026-09-29T11:52:54Z,K-water,MyWater(water.or.kr) 댐/보 기간별자료,https://www.water.or.kr/kor/realtime/sumun/ajaxProc.do,DATA3,1,H1,2023-04-21,2023-05-20,01_raw/KWater/mywater_period/H1/group1/DATA3/2023-04-21_2023-05-20.json,230547,07e7008beaea3f21ade10cea4d47bc769377ccd4862111cc00e7f22ff96f283f,27,720,N
2026-09-29T11:52:56Z,K-water,MyWater(water.or.kr) 댐/보 기간별자료,https://www.water.or.kr/kor/realtime/sumun/ajaxProc.do,DATA2,1,M1,2021-07-05,2021-07-11,01_raw/KWater/mywater_period/M1/group1/DATA2/2021-07-05_2021-07-11.json,481380,3c9c3f468e7d2380247e739215fc2b373d8c5f5de6b13c865c08972a81333bbf,27,1008,N
2026-09-29T11:52:58Z,K-water,MyWater(water.or.kr) 댐/보 기간별자료,https://www.water.or.kr/kor/realtime/sumun/ajaxProc.do,DATA3,1,H1,2023-05-21,2023-06-19,01_raw/KWater/mywater_period/H1/group1/DATA3/2023-05-21_2023-06-19.json,229864,f446bd8659f172f7f257b4f92ff80a99267f205c9796ebca707e6c7acbc9fc9e,27,720,N
2026-09-29T11:53:02Z,K-water,MyWater(water.or.kr) 댐/보 기간별자료,https://www.water.or.kr/kor/realtime/sumun/ajaxProc.do,DATA3,1,H1,2023-06-20,2023-07-19,01_raw/KWater/mywater_period/H1/group1/DATA3/2023-06-20_2023-07-19.json,241753,5d4dce9cff27d9a5ebec4aebb29365e3238d47f1fcef6943628237e303ab1900,27,720,N
2026-09-29T11:53:01Z,K-water,MyWater(water.or.kr) 댐/보 기간별자료,https://www.water.or.kr/kor/realtime/sumun/ajaxProc.do,DATA2,1,M1,2021-07-12,2021-07-18,01_raw/KWater/mywater_period/M1/group1/DATA2/2021-07-12_2021-07-18.json,482722,392e89fb9e71428ae99ae58b44ba46b327d696f752b3d21fc156dfa29209b948,27,1008,N
2026-09-29T11:53:05Z,K-water,MyWater(water.or.kr) 댐/보 기간별자료,https://www.water.or.kr/kor/realtime/sumun/ajaxProc.do,DATA3,1,H1,2023-07-20,2023-08-18,01_raw/KWater/mywater_period/H1/group1/DATA3/2023-07-20_2023-08-18.json,232776,d5864b0f8d19852d64ea77dcd345d6492769d01629677dfd73a698be413ec05f,27,720,N
2026-09-29T11:53:06Z,K-water,MyWater(water.or.kr) 댐/보 기간별자료,https://www.water.or.kr/kor/realtime/sumun/ajaxProc.do,DATA2,1,M1,2021-07-19,2021-07-25,01_raw/KWater/mywater_period/M1/group1/DATA2/2021-07-19_2021-07-25.json,482349,b3e219a5f32754f64d3ddccff65f67f59bb936bb05a123bb095f4fb8f643f792,27,1008,N
2026-09-29T11:53:09Z,K-water,MyWater(water.or.kr) 댐/보 기간별자료,https://www.water.or.kr/kor/realtime/sumun/ajaxProc.do,DATA3,1,H1,2023-08-19,2023-09-17,01_raw/KWater/mywater_period/H1/group1/DATA3/2023-08-19_2023-09-17.json,234976,12f12a4a6ecc896f5688cbe17ff51efb568fdc3c9c1aef3b0f390f282313870f,27,720,N
2026-09-29T11:53:10Z,K-water,MyWater(water.or.kr) 댐/보 기간별자료,https://www.water.or.kr/kor/realtime/sumun/ajaxProc.do,DATA2,1,M1,2021-07-26,2021-08-01,01_raw/KWater/mywater_period/M1/group1/DATA2/2021-07-26_2021-08-01.json,482607,228407c114ab0ee5fc68340eb59d027fc00c07fa09bb88e9ecdff4d97ad2b9aa,27,1008,N
2026-09-29T11:53:12Z,K-water,MyWater(water.or.kr) 댐/보 기간별자료,https://www.water.or.kr/kor/realtime/sumun/ajaxProc.do,DATA3,1,H1,2023-09-18,2023-10-17,01_raw/KWater/mywater_period/H1/group1/DATA3/2023-09-18_2023-10-17.json,231388,ea321261ce3c35a1887e66323ccf2019733d712ec2e573d3280b954d710edc22,27,720,N
2026-09-29T11:53:16Z,K-water,MyWater(water.or.kr) 댐/보 기간별자료,https://www.water.or.kr/kor/realtime/sumun/ajaxProc.do,DATA3,1,H1,2023-10-18,2023-11-16,01_raw/KWater/mywater_period/H1/group1/DATA3/2023-10-18_2023-11-16.json,230423,fd3e9232ec581f282d021e60358e85ba1a61019b183ebea296230523d4ef6024,27,720,N
2026-09-29T11:53:15Z,K-water,MyWater(water.or.kr) 댐/보 기간별자료,https://www.water.or.kr/kor/realtime/sumun/ajaxProc.do,DATA2,1,M1,2021-08-02,2021-08-08,01_raw/KWater/mywater_period/M1/group1/DATA2/2021-08-02_2021-08-08.json,481844,9f7d881678548b10c192573e990afe086c6693ef210b817f17b0906498b20010,27,1008,N
2026-09-29T11:53:19Z,K-water,MyWater(water.or.kr) 댐/보 기간별자료,https://www.water.or.kr/kor/realtime/sumun/ajaxProc.do,DATA3,1,H1,2023-11-17,2023-12-16,01_raw/KWater/mywater_period/H1/group1/DATA3/2023-11-17_2023-12-16.json,231305,a590e474aea34fdb5367200eae7d2a5b852a3650805eba355bf69914a7e87498,27,720,N
2026-09-29T11:53:20Z,K-water,MyWater(water.or.kr) 댐/보 기간별자료,https://www.water.or.kr/kor/realtime/sumun/ajaxProc.do,DATA2,1,M1,2021-08-09,2021-08-15,01_raw/KWater/mywater_period/M1/group1/DATA2/2021-08-09_2021-08-15.json,482061,f7bcd93e3f79af2854aeba66fba169391ad09dddd1389f0048f598c5a526e901,27,1008,N
2026-09-29T11:53:23Z,K-water,MyWater(water.or.kr) 댐/보 기간별자료,https://www.water.or.kr/kor/realtime/sumun/ajaxProc.do,DATA3,1,H1,2023-12-17,2024-01-15,01_raw/KWater/mywater_period/H1/group1/DATA3/2023-12-17_2024-01-15.json,229734,fa62176185424f07c1f4cae12f1862757606cb30d96ca12d104637f3d7d8b398,27,720,N
2026-09-29T11:53:24Z,K-water,MyWater(water.or.kr) 댐/보 기간별자료,https://www.water.or.kr/kor/realtime/sumun/ajaxProc.do,DATA2,1,M1,2021-08-16,2021-08-22,01_raw/KWater/mywater_period/M1/group1/DATA2/2021-08-16_2021-08-22.json,480326,af9b6ca96c74bf6960bcf52a41e392e69c8c5950781cd373d27fab7a01b4c4d8,27,1008,N
2026-09-29T11:53:27Z,K-water,MyWater(water.or.kr) 댐/보 기간별자료,https://www.water.or.kr/kor/realtime/sumun/ajaxProc.do,DATA3,1,H1,2024-01-16,2024-02-14,01_raw/KWater/mywater_period/H1/group1/DATA3/2024-01-16_2024-02-14.json,231905,e4319f67df894c14c3f4816d465666c0e2739356f9434d4e7954f05c6d79226f,27,720,N
2026-09-29T11:53:28Z,K-water,MyWater(water.or.kr) 댐/보 기간별자료,https://www.water.or.kr/kor/realtime/sumun/ajaxProc.do,DATA2,1,M1,2021-08-23,2021-08-29,01_raw/KWater/mywater_period/M1/group1/DATA2/2021-08-23_2021-08-29.json,482053,7877e5ab981da1755ee6e6de64dd4173f296be974efa85c4374a5d365d2938dc,27,1008,N
2026-09-29T11:53:30Z,K-water,MyWater(water.or.kr) 댐/보 기간별자료,https://www.water.or.kr/kor/realtime/sumun/ajaxProc.do,DATA3,1,H1,2024-02-15,2024-03-15,01_raw/KWater/mywater_period/H1/group1/DATA3/2024-02-15_2024-03-15.json,232012,59204c6f9c9f20b8f38a9806226cc4ea71a79a919d2590008eabbe5e6a923a62,27,720,N
2026-09-29T11:53:33Z,K-water,MyWater(water.or.kr) 댐/보 기간별자료,https://www.water.or.kr/kor/realtime/sumun/ajaxProc.do,DATA2,1,M1,2021-08-30,2021-09-05,01_raw/KWater/mywater_period/M1/group1/DATA2/2021-08-30_2021-09-05.json,482761,454b00dc776fe4f26919101fb18a1c48413ccd4395340ba94f99dc693f6b9683,27,1008,N
2026-09-29T11:53:34Z,K-water,MyWater(water.or.kr) 댐/보 기간별자료,https://www.water.or.kr/kor/realtime/sumun/ajaxProc.do,DATA3,1,H1,2024-03-16,2024-04-14,01_raw/KWater/mywater_period/H1/group1/DATA3/2024-03-16_2024-04-14.json,238385,118aa06a04fb11f27efd483f2ab6311e6b0aafd2a10ad30dd55cbd326ddd87bf,27,720,N
2026-09-29T11:53:37Z,K-water,MyWater(water.or.kr) 댐/보 기간별자료,https://www.water.or.kr/kor/realtime/sumun/ajaxProc.do,DATA2,1,M1,2021-09-06,2021-09-12,01_raw/KWater/mywater_period/M1/group1/DATA2/2021-09-06_2021-09-12.json,483597,3512b5e554b4e7b68cdb77e18fe4f7180184c3a5fd06a6596c7a692a17978359,27,1008,N
2026-09-29T11:53:38Z,K-water,MyWater(water.or.kr) 댐/보 기간별자료,https://www.water.or.kr/kor/realtime/sumun/ajaxProc.do,DATA3,1,H1,2024-04-15,2024-05-14,01_raw/KWater/mywater_period/H1/group1/DATA3/2024-04-15_2024-05-14.json,232870,96842e1935d8403252f7ce1242c37fc6b07f10aa937111f2420463d81758b62f,27,720,N
2026-09-29T11:53:41Z,K-water,MyWater(water.or.kr) 댐/보 기간별자료,https://www.water.or.kr/kor/realtime/sumun/ajaxProc.do,DATA2,1,M1,2021-09-13,2021-09-19,01_raw/KWater/mywater_period/M1/group1/DATA2/2021-09-13_2021-09-19.json,482890,7f4483bc5b3703e07d4e44c51dbabee404fc6d4800760371060eb963f9bd99c8,27,1008,N
2026-09-29T11:53:42Z,K-water,MyWater(water.or.kr) 댐/보 기간별자료,https://www.water.or.kr/kor/realtime/sumun/ajaxProc.do,DATA3,1,H1,2024-05-15,2024-06-13,01_raw/KWater/mywater_period/H1/group1/DATA3/2024-05-15_2024-06-13.json,233085,e1dfdfd1331b87f91fbfe18c54d28d4c9e498d7baedc4c5d55a56128857f18f2,27,720,N
2026-09-29T11:53:45Z,K-water,MyWater(water.or.kr) 댐/보 기간별자료,https://www.water.or.kr/kor/realtime/sumun/ajaxProc.do,DATA2,1,M1,2021-09-20,2021-09-26,01_raw/KWater/mywater_period/M1/group1/DATA2/2021-09-20_2021-09-26.json,482971,b38bb0fc0a584a4d3843bc76ab66d4fd59ea44e1e0a62c298d835f5985a3719b,27,1008,N
2026-09-29T11:53:46Z,K-water,MyWater(water.or.kr) 댐/보 기간별자료,https://www.water.or.kr/kor/realtime/sumun/ajaxProc.do,DATA3,1,H1,2024-06-14,2024-07-13,01_raw/KWater/mywater_period/H1/group1/DATA3/2024-06-14_2024-07-13.json,233977,9ba55423d7827746fe1332d086fcd89033a93eead7d95ddac8a5be02615ed332,27,720,N
2026-09-29T11:53:49Z,K-water,MyWater(water.or.kr) 댐/보 기간별자료,https://www.water.or.kr/kor/realtime/sumun/ajaxProc.do,DATA2,1,M1,2021-09-27,2021-09-30,01_raw/KWater/mywater_period/M1/group1/DATA2/2021-09-27_2021-09-30.json,280275,50ad429ac647c8eae9679dc61f1a8619b098a3f259a030a8f25d9bdc21a96d17,27,576,N
2026-09-29T11:53:50Z,K-water,MyWater(water.or.kr) 댐/보 기간별자료,https://www.water.or.kr/kor/realtime/sumun/ajaxProc.do,DATA3,1,H1,2024-07-14,2024-08-12,01_raw/KWater/mywater_period/H1/group1/DATA3/2024-07-14_2024-08-12.json,233385,893437919d7b626a065ea47933cfd9bd996830f917fbd03406d89b85f9d1e8b6,27,720,N
2026-09-29T11:53:53Z,K-water,MyWater(water.or.kr) 댐/보 기간별자료,https://www.water.or.kr/kor/realtime/sumun/ajaxProc.do,DATA3,1,M1,2021-06-21,2021-06-27,01_raw/KWater/mywater_period/M1/group1/DATA3/2021-06-21_2021-06-27.json,366326,2dc75401714e08fcfa2d8309d545b00dc6ba4fa230f4bc3e543cbd7bcc4a7a4d,27,1008,N
2026-09-29T11:53:54Z,K-water,MyWater(water.or.kr) 댐/보 기간별자료,https://www.water.or.kr/kor/realtime/sumun/ajaxProc.do,DATA3,1,H1,2024-08-13,2024-09-11,01_raw/KWater/mywater_period/H1/group1/DATA3/2024-08-13_2024-09-11.json,235099,5e664c96a6c9e399369efaaf26b2e056834e920884be57ff35f470c8d06a0da0,27,720,N
2026-09-29T11:53:56Z,K-water,MyWater(water.or.kr) 댐/보 기간별자료,https://www.water.or.kr/kor/realtime/sumun/ajaxProc.do,DATA3,1,M1,2021-06-28,2021-07-04,01_raw/KWater/mywater_period/M1/group1/DATA3/2021-06-28_2021-07-04.json,367970,1d043734523278ac55bc6f83bdd1191c52df22918caed5623d0b7d6048cf5d31,27,1008,N
2026-09-29T11:53:58Z,K-water,MyWater(water.or.kr) 댐/보 기간별자료,https://www.water.or.kr/kor/realtime/sumun/ajaxProc.do,DATA3,1,H1,2024-09-12,2024-10-11,01_raw/KWater/mywater_period/H1/group1/DATA3/2024-09-12_2024-10-11.json,232513,36dc5c8411f9047141f05126e2e4b4ad0ac59975098d65d55c3bbc9bbef337d0,27,720,N
2026-09-29T11:54:00Z,K-water,MyWater(water.or.kr) 댐/보 기간별자료,https://www.water.or.kr/kor/realtime/sumun/ajaxProc.do,DATA3,1,M1,2021-07-05,2021-07-11,01_raw/KWater/mywater_period/M1/group1/DATA3/2021-07-05_2021-07-11.json,374363,5456dae05ffdf2e4305b4ab0128202466d4ca482ab43a992cc68b2aaa4b27b72,27,1008,N
2026-09-29T11:54:02Z,K-water,MyWater(water.or.kr) 댐/보 기간별자료,https://www.water.or.kr/kor/realtime/sumun/ajaxProc.do,DATA3,1,H1,2024-10-12,2024-11-10,01_raw/KWater/mywater_period/H1/group1/DATA3/2024-10-12_2024-11-10.json,231321,a69800f8670e87756ad1d4c87840ff957d057581bc5be9a221dea568d520fd80,27,720,N
2026-09-29T11:54:03Z,K-water,MyWater(water.or.kr) 댐/보 기간별자료,https://www.water.or.kr/kor/realtime/sumun/ajaxProc.do,DATA3,1,M1,2021-07-12,2021-07-18,01_raw/KWater/mywater_period/M1/group1/DATA3/2021-07-12_2021-07-18.json,364374,354068d44a8fce40ec59d5a47cfc26d514b4e933e4bbd588f703bf24e6eb2952,27,1008,N
2026-09-29T11:54:06Z,K-water,MyWater(water.or.kr) 댐/보 기간별자료,https://www.water.or.kr/kor/realtime/sumun/ajaxProc.do,DATA3,1,H1,2024-11-11,2024-12-10,01_raw/KWater/mywater_period/H1/group1/DATA3/2024-11-11_2024-12-10.json,228519,da7ffd34d1eb701b1ded4aa23e021b5f07b6f4af58053b47b972ce7536398e6b,27,720,N
2026-09-29T11:54:07Z,K-water,MyWater(water.or.kr) 댐/보 기간별자료,https://www.water.or.kr/kor/realtime/sumun/ajaxProc.do,DATA3,1,M1,2021-07-19,2021-07-25,01_raw/KWater/mywater_period/M1/group1/DATA3/2021-07-19_2021-07-25.json,362671,6b0b3434737c5099073c6ff3032135681fff45d92d156f5e312ab092b00ad3a5,27,1008,N
2026-09-29T11:54:10Z,K-water,MyWater(water.or.kr) 댐/보 기간별자료,https://www.water.or.kr/kor/realtime/sumun/ajaxProc.do,DATA3,1,H1,2024-12-11,2025-01-09,01_raw/KWater/mywater_period/H1/group1/DATA3/2024-12-11_2025-01-09.json,230175,d7120da8e18fc8c077e8058e83f71b526e2230bb95d121432ba9df32a4cf45ce,27,720,N
2026-09-29T11:54:11Z,K-water,MyWater(water.or.kr) 댐/보 기간별자료,https://www.water.or.kr/kor/realtime/sumun/ajaxProc.do,DATA3,1,M1,2021-07-26,2021-08-01,01_raw/KWater/mywater_period/M1/group1/DATA3/2021-07-26_2021-08-01.json,364605,dde395c00339313819a095266e910fc7e976160d8016b41f7018c67f618dabcc,27,1008,N
2026-09-29T11:54:14Z,K-water,MyWater(water.or.kr) 댐/보 기간별자료,https://www.water.or.kr/kor/realtime/sumun/ajaxProc.do,DATA3,1,H1,2025-01-10,2025-02-08,01_raw/KWater/mywater_period/H1/group1/DATA3/2025-01-10_2025-02-08.json,231167,d3d3468ef48568e0a83b7da9be486e6547d56e7eee912445a5251f560c237613,27,720,N
2026-09-29T11:54:14Z,K-water,MyWater(water.or.kr) 댐/보 기간별자료,https://www.water.or.kr/kor/realtime/sumun/ajaxProc.do,DATA3,1,M1,2021-08-02,2021-08-08,01_raw/KWater/mywater_period/M1/group1/DATA3/2021-08-02_2021-08-08.json,366133,42f8896fffe607659c1416a5ab47a4bf11ea45204daea624f9ddc1b677c61483,27,1008,N
2026-09-29T11:54:17Z,K-water,MyWater(water.or.kr) 댐/보 기간별자료,https://www.water.or.kr/kor/realtime/sumun/ajaxProc.do,DATA3,1,H1,2025-02-09,2025-03-10,01_raw/KWater/mywater_period/H1/group1/DATA3/2025-02-09_2025-03-10.json,232445,8f8230dfbe7869a58a1d1f7e77ff7ad986c797ae83e807ad007ebc9749bc245d,27,720,N
2026-09-29T11:54:18Z,K-water,MyWater(water.or.kr) 댐/보 기간별자료,https://www.water.or.kr/kor/realtime/sumun/ajaxProc.do,DATA3,1,M1,2021-08-09,2021-08-15,01_raw/KWater/mywater_period/M1/group1/DATA3/2021-08-09_2021-08-15.json,366682,ee16f0b2b3930fbac32b9551e8ced77b0e19209f283334201c67d72b1c1d2f67,27,1008,N
2026-09-29T11:54:21Z,K-water,MyWater(water.or.kr) 댐/보 기간별자료,https://www.water.or.kr/kor/realtime/sumun/ajaxProc.do,DATA3,1,H1,2025-03-11,2025-04-09,01_raw/KWater/mywater_period/H1/group1/DATA3/2025-03-11_2025-04-09.json,233016,7fd04e42251d746eac614a3937a4fbbea73ed9e179b04a867625d5637729ec4e,27,720,N
2026-09-29T11:54:21Z,K-water,MyWater(water.or.kr) 댐/보 기간별자료,https://www.water.or.kr/kor/realtime/sumun/ajaxProc.do,DATA3,1,M1,2021-08-16,2021-08-22,01_raw/KWater/mywater_period/M1/group1/DATA3/2021-08-16_2021-08-22.json,368120,aac24dba8ad01ea84e75e23b10d5f1cec063dcc976d40cf33dfa9d60e0bae1b8,27,1008,N
2026-09-29T11:54:26Z,K-water,MyWater(water.or.kr) 댐/보 기간별자료,https://www.water.or.kr/kor/realtime/sumun/ajaxProc.do,DATA3,1,M1,2021-08-23,2021-08-29,01_raw/KWater/mywater_period/M1/group1/DATA3/2021-08-23_2021-08-29.json,372919,016b46abefa342a3947d6a0bc2e136568a069481227b63dc7f0549eb47661b7c,27,1008,N
2026-09-29T11:54:25Z,K-water,MyWater(water.or.kr) 댐/보 기간별자료,https://www.water.or.kr/kor/realtime/sumun/ajaxProc.do,DATA3,1,H1,2025-04-10,2025-05-09,01_raw/KWater/mywater_period/H1/group1/DATA3/2025-04-10_2025-05-09.json,235941,611ba09274b920df1013a0d89a12fe444f232ce04c565e7e9d7e4be2f8ed84c5,27,720,N
2026-09-29T11:54:30Z,K-water,MyWater(water.or.kr) 댐/보 기간별자료,https://www.water.or.kr/kor/realtime/sumun/ajaxProc.do,DATA3,1,M1,2021-08-30,2021-09-05,01_raw/KWater/mywater_period/M1/group1/DATA3/2021-08-30_2021-09-05.json,367420,44de68e7443e04e003d11242b8c11fe2f947853fe622e82a57e1c0566c07c308,27,1008,N
2026-09-29T11:54:30Z,K-water,MyWater(water.or.kr) 댐/보 기간별자료,https://www.water.or.kr/kor/realtime/sumun/ajaxProc.do,DATA3,1,H1,2025-05-10,2025-06-08,01_raw/KWater/mywater_period/H1/group1/DATA3/2025-05-10_2025-06-08.json,229353,6ba7ae04f94f3fd4b02c409d9663e97f94474135637f15f6feab664df22e7fb4,27,720,N
2026-09-29T11:54:34Z,K-water,MyWater(water.or.kr) 댐/보 기간별자료,https://www.water.or.kr/kor/realtime/sumun/ajaxProc.do,DATA3,1,M1,2021-09-06,2021-09-12,01_raw/KWater/mywater_period/M1/group1/DATA3/2021-09-06_2021-09-12.json,366081,ae95810fc2c1961197e9f3f1d4f972db28028083b3a887bfe8df2de4f59f815e,27,1008,N
2026-09-29T11:54:35Z,K-water,MyWater(water.or.kr) 댐/보 기간별자료,https://www.water.or.kr/kor/realtime/sumun/ajaxProc.do,DATA3,1,H1,2025-06-09,2025-07-08,01_raw/KWater/mywater_period/H1/group1/DATA3/2025-06-09_2025-07-08.json,231319,64ee42063e674da6edfc11db28d8ac628c1d55f3ca716cdde1cd322853c84eaa,27,720,N
2026-09-29T11:54:38Z,K-water,MyWater(water.or.kr) 댐/보 기간별자료,https://www.water.or.kr/kor/realtime/sumun/ajaxProc.do,DATA3,1,M1,2021-09-13,2021-09-19,01_raw/KWater/mywater_period/M1/group1/DATA3/2021-09-13_2021-09-19.json,364256,b5cfe3d86c6617cff97a21285219e6faeddf2d0b6fb2ab973815c80ed6a9b8e8,27,1008,N
2026-09-29T11:54:39Z,K-water,MyWater(water.or.kr) 댐/보 기간별자료,https://www.water.or.kr/kor/realtime/sumun/ajaxProc.do,DATA3,1,H1,2025-07-09,2025-08-07,01_raw/KWater/mywater_period/H1/group1/DATA3/2025-07-09_2025-08-07.json,233554,2fd27b09a1c84ffcb8d5385686835196c779068e7752ee587a407ebf0f758ba3,27,720,N
2026-09-29T11:54:41Z,K-water,MyWater(water.or.kr) 댐/보 기간별자료,https://www.water.or.kr/kor/realtime/sumun/ajaxProc.do,DATA3,1,M1,2021-09-20,2021-09-26,01_raw/KWater/mywater_period/M1/group1/DATA3/2021-09-20_2021-09-26.json,364970,dcc2a218e76677ea6a11695250c7415f564aa61525565287e94cafdf1acd70dc,27,1008,N
2026-09-29T11:54:43Z,K-water,MyWater(water.or.kr) 댐/보 기간별자료,https://www.water.or.kr/kor/realtime/sumun/ajaxProc.do,DATA3,1,H1,2025-08-08,2025-09-06,01_raw/KWater/mywater_period/H1/group1/DATA3/2025-08-08_2025-09-06.json,231364,736de3a3e69552816c89fedc372e9f087d3f6968ea0a67ffc21a2ca13bc10bb5,27,720,N
2026-09-29T11:54:45Z,K-water,MyWater(water.or.kr) 댐/보 기간별자료,https://www.water.or.kr/kor/realtime/sumun/ajaxProc.do,DATA3,1,M1,2021-09-27,2021-09-30,01_raw/KWater/mywater_period/M1/group1/DATA3/2021-09-27_2021-09-30.json,214100,a9973d0d4e48e240e9950d5aa760e3d841ee3577f6c19d58451adc197a15aeeb,27,576,N
2026-09-29T11:54:47Z,K-water,MyWater(water.or.kr) 댐/보 기간별자료,https://www.water.or.kr/kor/realtime/sumun/ajaxProc.do,DATA3,1,H1,2025-09-07,2025-10-06,01_raw/KWater/mywater_period/H1/group1/DATA3/2025-09-07_2025-10-06.json,235710,50c98576a42826dc51757b2a35b8be7a056f13da2f95ed4d5854bbce859a0833,27,720,N
2026-09-29T11:54:48Z,K-water,MyWater(water.or.kr) 댐/보 기간별자료,https://www.water.or.kr/kor/realtime/sumun/ajaxProc.do,DATA4,1,M1,2021-06-21,2021-06-27,01_raw/KWater/mywater_period/M1/group1/DATA4/2021-06-21_2021-06-27.json,443101,a678dd1a57c80346e19fcc4518ac7829fdef81e1b96ea568f93ad787997737c7,27,1008,N
2026-09-29T11:54:51Z,K-water,MyWater(water.or.kr) 댐/보 기간별자료,https://www.water.or.kr/kor/realtime/sumun/ajaxProc.do,DATA3,1,H1,2025-10-07,2025-11-05,01_raw/KWater/mywater_period/H1/group1/DATA3/2025-10-07_2025-11-05.json,233337,d009334d2f9ca700cd47b4dc4195338dd528edfbc604457eb884b55c5b819522,27,720,N
2026-09-29T11:54:52Z,K-water,MyWater(water.or.kr) 댐/보 기간별자료,https://www.water.or.kr/kor/realtime/sumun/ajaxProc.do,DATA4,1,M1,2021-06-28,2021-07-04,01_raw/KWater/mywater_period/M1/group1/DATA4/2021-06-28_2021-07-04.json,444348,63efd9cdb6caaf78998193a4caaefb294ae4ef31ded61ba226576473ddf17446,27,1008,N
2026-09-29T11:54:55Z,K-water,MyWater(water.or.kr) 댐/보 기간별자료,https://www.water.or.kr/kor/realtime/sumun/ajaxProc.do,DATA3,1,H1,2025-11-06,2025-12-05,01_raw/KWater/mywater_period/H1/group1/DATA3/2025-11-06_2025-12-05.json,227155,4b2bccd7602ca8b1ef926de1e3f5347eb4c885f95ecfaa84ddae4ec8cf493bc1,27,720,N
2026-09-29T11:54:56Z,K-water,MyWater(water.or.kr) 댐/보 기간별자료,https://www.water.or.kr/kor/realtime/sumun/ajaxProc.do,DATA4,1,M1,2021-07-05,2021-07-11,01_raw/KWater/mywater_period/M1/group1/DATA4/2021-07-05_2021-07-11.json,471875,e24dd91b180cb07e84392746810190b08d4bc212baef3822417064de571388e3,27,1008,N
2026-09-29T11:54:59Z,K-water,MyWater(water.or.kr) 댐/보 기간별자료,https://www.water.or.kr/kor/realtime/sumun/ajaxProc.do,DATA3,1,H1,2025-12-06,2026-01-04,01_raw/KWater/mywater_period/H1/group1/DATA3/2025-12-06_2026-01-04.json,228582,ef2bec013eb9529083cc2e91c50b32b7b6fcdb1e7b6826ae05e67c9ddbbc0219,27,720,N
2026-09-29T11:55:00Z,K-water,MyWater(water.or.kr) 댐/보 기간별자료,https://www.water.or.kr/kor/realtime/sumun/ajaxProc.do,DATA4,1,M1,2021-07-12,2021-07-18,01_raw/KWater/mywater_period/M1/group1/DATA4/2021-07-12_2021-07-18.json,452465,483f3c0b62cc4e090deda44889b7042bae30310f5156dc1ad0503dbe68449367,27,1008,N
2026-09-29T11:55:03Z,K-water,MyWater(water.or.kr) 댐/보 기간별자료,https://www.water.or.kr/kor/realtime/sumun/ajaxProc.do,DATA3,1,H1,2026-01-05,2026-02-03,01_raw/KWater/mywater_period/H1/group1/DATA3/2026-01-05_2026-02-03.json,226804,e7a4a6a87edbae1878ef396ed440d89255a3c333a80677f063e46a8eeaf4be6a,27,720,N
2026-09-29T11:55:04Z,K-water,MyWater(water.or.kr) 댐/보 기간별자료,https://www.water.or.kr/kor/realtime/sumun/ajaxProc.do,DATA4,1,M1,2021-07-19,2021-07-25,01_raw/KWater/mywater_period/M1/group1/DATA4/2021-07-19_2021-07-25.json,443304,06e095cc317944253ed8a8360a5eb49e88f6b07ec3047d2f4048bc647583b8ec,27,1008,N
2026-09-29T11:55:07Z,K-water,MyWater(water.or.kr) 댐/보 기간별자료,https://www.water.or.kr/kor/realtime/sumun/ajaxProc.do,DATA3,1,H1,2026-02-04,2026-03-05,01_raw/KWater/mywater_period/H1/group1/DATA3/2026-02-04_2026-03-05.json,228165,04731454758c0c7a267bc2188ca4186455eb1844bee68a281e803a2340f04cb3,27,720,N
2026-09-29T11:55:08Z,K-water,MyWater(water.or.kr) 댐/보 기간별자료,https://www.water.or.kr/kor/realtime/sumun/ajaxProc.do,DATA4,1,M1,2021-07-26,2021-08-01,01_raw/KWater/mywater_period/M1/group1/DATA4/2021-07-26_2021-08-01.json,440827,90d119ef613d66d1e61200c2e705d74ebd0abf6bcfcfc7ab76f0074005e80161,27,1008,N
2026-09-29T11:55:10Z,K-water,MyWater(water.or.kr) 댐/보 기간별자료,https://www.water.or.kr/kor/realtime/sumun/ajaxProc.do,DATA3,1,H1,2026-03-06,2026-04-04,01_raw/KWater/mywater_period/H1/group1/DATA3/2026-03-06_2026-04-04.json,230126,ca9a813645c91572f89bb9e6745de89c83b134af70c3ad4ba8f4dd8d2a1f17c8,27,720,N
2026-09-29T11:55:12Z,K-water,MyWater(water.or.kr) 댐/보 기간별자료,https://www.water.or.kr/kor/realtime/sumun/ajaxProc.do,DATA4,1,M1,2021-08-02,2021-08-08,01_raw/KWater/mywater_period/M1/group1/DATA4/2021-08-02_2021-08-08.json,447453,1b01d04539ca328378cbec32da30b30b68a51de10b2080c0fe2453b03776697e,27,1008,N
2026-09-29T11:55:14Z,K-water,MyWater(water.or.kr) 댐/보 기간별자료,https://www.water.or.kr/kor/realtime/sumun/ajaxProc.do,DATA3,1,H1,2026-04-05,2026-05-04,01_raw/KWater/mywater_period/H1/group1/DATA3/2026-04-05_2026-05-04.json,232434,ac70b6e12d37dc5e47aa1e1815e4683671d13363e9fed7e7f042904b62c126f2,27,720,N
2026-09-29T11:55:16Z,K-water,MyWater(water.or.kr) 댐/보 기간별자료,https://www.water.or.kr/kor/realtime/sumun/ajaxProc.do,DATA4,1,M1,2021-08-09,2021-08-15,01_raw/KWater/mywater_period/M1/group1/DATA4/2021-08-09_2021-08-15.json,446007,e7c12f700f213445051e84a24791f28b09032da4b854bbff4b73fb31f7c5c940,27,1008,N
2026-09-29T11:55:17Z,K-water,MyWater(water.or.kr) 댐/보 기간별자료,https://www.water.or.kr/kor/realtime/sumun/ajaxProc.do,DATA3,1,H1,2026-05-05,2026-06-03,01_raw/KWater/mywater_period/H1/group1/DATA3/2026-05-05_2026-06-03.json,229556,def247bef6944dd8c5ccd929e7cead594140ad5b173acb43ddeff658bfdb9a4e,27,720,N
2026-09-29T11:55:21Z,K-water,MyWater(water.or.kr) 댐/보 기간별자료,https://www.water.or.kr/kor/realtime/sumun/ajaxProc.do,DATA3,1,H1,2026-06-04,2026-07-03,01_raw/KWater/mywater_period/H1/group1/DATA3/2026-06-04_2026-07-03.json,230712,ffe7298b4810b46558cf1b078ca10a9edc65af78759afaba8919c71a9f058942,27,720,N
2026-09-29T11:55:20Z,K-water,MyWater(water.or.kr) 댐/보 기간별자료,https://www.water.or.kr/kor/realtime/sumun/ajaxProc.do,DATA4,1,M1,2021-08-16,2021-08-22,01_raw/KWater/mywater_period/M1/group1/DATA4/2021-08-16_2021-08-22.json,447537,4acab6804c1cbfb568c37d389104f5c0b57e53dc980a6e4f55a9c86344dc34fd,27,1008,N
2026-09-29T11:55:24Z,K-water,MyWater(water.or.kr) 댐/보 기간별자료,https://www.water.or.kr/kor/realtime/sumun/ajaxProc.do,DATA3,1,H1,2026-07-04,2026-08-02,01_raw/KWater/mywater_period/H1/group1/DATA3/2026-07-04_2026-08-02.json,232207,1980a849c036798033b76a8be4ad6d161a05dcd138e9054e77d6830d8ff74154,27,720,N
2026-09-29T11:55:25Z,K-water,MyWater(water.or.kr) 댐/보 기간별자료,https://www.water.or.kr/kor/realtime/sumun/ajaxProc.do,DATA4,1,M1,2021-08-23,2021-08-29,01_raw/KWater/mywater_period/M1/group1/DATA4/2021-08-23_2021-08-29.json,466681,acb755e51da8be828817525e177fb44ada34504ef38a3c459cf4d657a8459cba,27,1008,N
2026-09-29T11:55:28Z,K-water,MyWater(water.or.kr) 댐/보 기간별자료,https://www.water.or.kr/kor/realtime/sumun/ajaxProc.do,DATA3,1,H1,2026-08-03,2026-09-01,01_raw/KWater/mywater_period/H1/group1/DATA3/2026-08-03_2026-09-01.json,233557,1fec01abffa85f099be7a509956bc5e77ed32257e2ce425b9665e9dd7b2a9533,27,720,N
2026-09-29T11:55:29Z,K-water,MyWater(water.or.kr) 댐/보 기간별자료,https://www.water.or.kr/kor/realtime/sumun/ajaxProc.do,DATA4,1,M1,2021-08-30,2021-09-05,01_raw/KWater/mywater_period/M1/group1/DATA4/2021-08-30_2021-09-05.json,461265,5dea88fae421a26e99046bd841e2e6a20ae2d8f1093d50982c5dce869dc748b7,27,1008,N
2026-09-29T11:55:31Z,K-water,MyWater(water.or.kr) 댐/보 기간별자료,https://www.water.or.kr/kor/realtime/sumun/ajaxProc.do,DATA3,1,H1,2026-09-02,2026-09-28,01_raw/KWater/mywater_period/H1/group1/DATA3/2026-09-02_2026-09-28.json,206075,d9c1b4803659fce7b4aa56ffd21760aaf2fe3a99cf6830f66e098a335a350785,27,648,N
2026-09-29T11:55:33Z,K-water,MyWater(water.or.kr) 댐/보 기간별자료,https://www.water.or.kr/kor/realtime/sumun/ajaxProc.do,DATA4,1,M1,2021-09-06,2021-09-12,01_raw/KWater/mywater_period/M1/group1/DATA4/2021-09-06_2021-09-12.json,450309,e0034167c35b67782cfcca96e5898de9a8948d4aa014be66c105bb2f6d98094e,27,1008,N
2026-09-29T11:55:35Z,K-water,MyWater(water.or.kr) 댐/보 기간별자료,https://www.water.or.kr/kor/realtime/sumun/ajaxProc.do,DATA4,1,H1,2021-01-01,2021-01-30,01_raw/KWater/mywater_period/H1/group1/DATA4/2021-01-01_2021-01-30.json,306914,005f079d62f20b5a1d4b2e4aa2a0a1fc0a51836261f62691451bb268124b6d70,27,720,N
2026-09-29T11:55:37Z,K-water,MyWater(water.or.kr) 댐/보 기간별자료,https://www.water.or.kr/kor/realtime/sumun/ajaxProc.do,DATA4,1,M1,2021-09-13,2021-09-19,01_raw/KWater/mywater_period/M1/group1/DATA4/2021-09-13_2021-09-19.json,443965,c9b14f75c2bff4310d276f96bc0f4a731623b6f06bd973a4e3a886bddabab7bc,27,1008,N
2026-09-29T11:55:39Z,K-water,MyWater(water.or.kr) 댐/보 기간별자료,https://www.water.or.kr/kor/realtime/sumun/ajaxProc.do,DATA4,1,H1,2021-01-31,2021-03-01,01_raw/KWater/mywater_period/H1/group1/DATA4/2021-01-31_2021-03-01.json,309282,c0f8c87bf495b352eba04e92126d663b12f1848f8b12994ed312e4140a82cb79,27,720,N
2026-09-29T11:55:41Z,K-water,MyWater(water.or.kr) 댐/보 기간별자료,https://www.water.or.kr/kor/realtime/sumun/ajaxProc.do,DATA4,1,M1,2021-09-20,2021-09-26,01_raw/KWater/mywater_period/M1/group1/DATA4/2021-09-20_2021-09-26.json,445103,c74fb52f58fdd87275e2c4c9ef291327253f08928f199ea06729eb95bd5b4352,27,1008,N
2026-09-29T11:55:43Z,K-water,MyWater(water.or.kr) 댐/보 기간별자료,https://www.water.or.kr/kor/realtime/sumun/ajaxProc.do,DATA4,1,H1,2021-03-02,2021-03-31,01_raw/KWater/mywater_period/H1/group1/DATA4/2021-03-02_2021-03-31.json,315483,356c3a8ac04e4974daae0bd09bdf85f730038cb5dab4c1121330dade3929e2ab,27,720,N
2026-09-29T11:55:45Z,K-water,MyWater(water.or.kr) 댐/보 기간별자료,https://www.water.or.kr/kor/realtime/sumun/ajaxProc.do,DATA4,1,M1,2021-09-27,2021-09-30,01_raw/KWater/mywater_period/M1/group1/DATA4/2021-09-27_2021-09-30.json,258095,61694e36c5683ec01ee5d597730a88d9b2018419cbb7ce2a23231097c518abfc,27,576,N
2026-09-29T11:55:47Z,K-water,MyWater(water.or.kr) 댐/보 기간별자료,https://www.water.or.kr/kor/realtime/sumun/ajaxProc.do,DATA4,1,H1,2021-04-01,2021-04-30,01_raw/KWater/mywater_period/H1/group1/DATA4/2021-04-01_2021-04-30.json,315734,7e0da8bd7edb7003b0d1601e11f2c3b939b4393694436267623553ed968c73d7,27,720,N
2026-09-29T11:55:48Z,K-water,MyWater(water.or.kr) 댐/보 기간별자료,https://www.water.or.kr/kor/realtime/sumun/ajaxProc.do,DATA5,1,M1,2021-06-21,2021-06-27,01_raw/KWater/mywater_period/M1/group1/DATA5/2021-06-21_2021-06-27.json,436133,51b7f9784fa67f2446fb2fc76ab625ccda33f4f422a994ee63710af8982133c2,27,1008,N
2026-09-29T11:55:51Z,K-water,MyWater(water.or.kr) 댐/보 기간별자료,https://www.water.or.kr/kor/realtime/sumun/ajaxProc.do,DATA4,1,H1,2021-05-01,2021-05-30,01_raw/KWater/mywater_period/H1/group1/DATA4/2021-05-01_2021-05-30.json,315542,1456bb121eb1f6e42811e47d3613ad0bcd7941944b19607dff4e5888e2b3dbf5,27,720,N
2026-09-29T11:55:52Z,K-water,MyWater(water.or.kr) 댐/보 기간별자료,https://www.water.or.kr/kor/realtime/sumun/ajaxProc.do,DATA5,1,M1,2021-06-28,2021-07-04,01_raw/KWater/mywater_period/M1/group1/DATA5/2021-06-28_2021-07-04.json,436901,8fb88cd201f90432e623a58d468a2849fa47a47f51bdea58795be2cf8f66dfb6,27,1008,N
2026-09-29T11:55:55Z,K-water,MyWater(water.or.kr) 댐/보 기간별자료,https://www.water.or.kr/kor/realtime/sumun/ajaxProc.do,DATA4,1,H1,2021-05-31,2021-06-29,01_raw/KWater/mywater_period/H1/group1/DATA4/2021-05-31_2021-06-29.json,314788,60bacdc0fee560430ec8f418033307788c94a70e2d4be43aaf07b917de379f97,27,720,N
2026-09-29T11:55:59Z,K-water,MyWater(water.or.kr) 댐/보 기간별자료,https://www.water.or.kr/kor/realtime/sumun/ajaxProc.do,DATA4,1,H1,2021-06-30,2021-07-29,01_raw/KWater/mywater_period/H1/group1/DATA4/2021-06-30_2021-07-29.json,323246,471f8e16ca9de33e97ab5cf5526ad414afcfc19229284514ecc2d7614456d488,27,720,N
2026-09-29T11:55:56Z,K-water,MyWater(water.or.kr) 댐/보 기간별자료,https://www.water.or.kr/kor/realtime/sumun/ajaxProc.do,DATA5,1,M1,2021-07-05,2021-07-11,01_raw/KWater/mywater_period/M1/group1/DATA5/2021-07-05_2021-07-11.json,465606,fea3e93859eac03cc2c54cf3c94e1b3a4f52a9e2b7000406170c449c23f94515,27,1008,N
2026-09-29T11:56:03Z,K-water,MyWater(water.or.kr) 댐/보 기간별자료,https://www.water.or.kr/kor/realtime/sumun/ajaxProc.do,DATA5,1,M1,2021-07-12,2021-07-18,01_raw/KWater/mywater_period/M1/group1/DATA5/2021-07-12_2021-07-18.json,443698,885aa7976141597b5017856b22055107d8675445507da7561d449af6fb9f23db,27,1008,N
2026-09-29T11:56:03Z,K-water,MyWater(water.or.kr) 댐/보 기간별자료,https://www.water.or.kr/kor/realtime/sumun/ajaxProc.do,DATA4,1,H1,2021-07-30,2021-08-28,01_raw/KWater/mywater_period/H1/group1/DATA4/2021-07-30_2021-08-28.json,322348,0fb89562b6989838ae0ea8b931f90657447d3daa613ec0ab718a08b0b364af8d,27,720,N
2026-09-29T11:56:07Z,K-water,MyWater(water.or.kr) 댐/보 기간별자료,https://www.water.or.kr/kor/realtime/sumun/ajaxProc.do,DATA5,1,M1,2021-07-19,2021-07-25,01_raw/KWater/mywater_period/M1/group1/DATA5/2021-07-19_2021-07-25.json,434802,bcaab4d6dfdc9801528501c4f50b930dbf416b81a01d44c49a527284c3688230,27,1008,N
2026-09-29T11:56:07Z,K-water,MyWater(water.or.kr) 댐/보 기간별자료,https://www.water.or.kr/kor/realtime/sumun/ajaxProc.do,DATA4,1,H1,2021-08-29,2021-09-27,01_raw/KWater/mywater_period/H1/group1/DATA4/2021-08-29_2021-09-27.json,324879,37144d3624ddb9ade6cdbaaaada0fe2d0c1266d94106fb4f300d86eef048687b,27,720,N
2026-09-29T11:56:11Z,K-water,MyWater(water.or.kr) 댐/보 기간별자료,https://www.water.or.kr/kor/realtime/sumun/ajaxProc.do,DATA4,1,H1,2021-09-28,2021-10-27,01_raw/KWater/mywater_period/H1/group1/DATA4/2021-09-28_2021-10-27.json,316477,fe1be05c2f219dea4a9e991b479d8d7db00ee4585b5b241f8b9c7097acd616cd,27,720,N
2026-09-29T11:56:11Z,K-water,MyWater(water.or.kr) 댐/보 기간별자료,https://www.water.or.kr/kor/realtime/sumun/ajaxProc.do,DATA5,1,M1,2021-07-26,2021-08-01,01_raw/KWater/mywater_period/M1/group1/DATA5/2021-07-26_2021-08-01.json,432059,e766cc31a003791f801fb1f4c8569a89734df5e6f52e3f9a7e509f4d702e8a65,27,1008,N
2026-09-29T11:56:15Z,K-water,MyWater(water.or.kr) 댐/보 기간별자료,https://www.water.or.kr/kor/realtime/sumun/ajaxProc.do,DATA4,1,H1,2021-10-28,2021-11-26,01_raw/KWater/mywater_period/H1/group1/DATA4/2021-10-28_2021-11-26.json,311580,fd6cf2d559a6a594716d70fce0fe66c340e9c760a749939b860b4dcd5feca483,27,720,N
2026-09-29T11:56:17Z,K-water,MyWater(water.or.kr) 댐/보 기간별자료,https://www.water.or.kr/kor/realtime/sumun/ajaxProc.do,DATA5,1,M1,2021-08-02,2021-08-08,01_raw/KWater/mywater_period/M1/group1/DATA5/2021-08-02_2021-08-08.json,438780,2566eba2a2053f53a01888f4763e8593d31786fbdb02db525ff5aa2a25f460d6,27,1008,N
2026-09-29T11:56:18Z,K-water,MyWater(water.or.kr) 댐/보 기간별자료,https://www.water.or.kr/kor/realtime/sumun/ajaxProc.do,DATA4,1,H1,2021-11-27,2021-12-26,01_raw/KWater/mywater_period/H1/group1/DATA4/2021-11-27_2021-12-26.json,310140,7203d5f4822247ae016cc11cd53559bb07fac272b9a0d6dbe5f63bf4837fba05,27,720,N
2026-09-29T11:56:21Z,K-water,MyWater(water.or.kr) 댐/보 기간별자료,https://www.water.or.kr/kor/realtime/sumun/ajaxProc.do,DATA5,1,M1,2021-08-09,2021-08-15,01_raw/KWater/mywater_period/M1/group1/DATA5/2021-08-09_2021-08-15.json,436812,4f0282858052d8fdbdb5f95e678702fc80ebfd0b4f8ce11ff92e990c2ba4b5d3,27,1008,N
2026-09-29T11:56:22Z,K-water,MyWater(water.or.kr) 댐/보 기간별자료,https://www.water.or.kr/kor/realtime/sumun/ajaxProc.do,DATA4,1,H1,2021-12-27,2022-01-25,01_raw/KWater/mywater_period/H1/group1/DATA4/2021-12-27_2022-01-25.json,307779,f2d78dcddc0195d56ee89f7d3e71caac6026541c332279062f6c1ca282719aa2,27,720,N
2026-09-29T11:56:25Z,K-water,MyWater(water.or.kr) 댐/보 기간별자료,https://www.water.or.kr/kor/realtime/sumun/ajaxProc.do,DATA5,1,M1,2021-08-16,2021-08-22,01_raw/KWater/mywater_period/M1/group1/DATA5/2021-08-16_2021-08-22.json,439740,4f3167524ddefc2caf4058a7f4ebe492448e661a62478fc10a7edbb6e08d2fa9,27,1008,N
2026-09-29T11:56:26Z,K-water,MyWater(water.or.kr) 댐/보 기간별자료,https://www.water.or.kr/kor/realtime/sumun/ajaxProc.do,DATA4,1,H1,2022-01-26,2022-02-24,01_raw/KWater/mywater_period/H1/group1/DATA4/2022-01-26_2022-02-24.json,307405,03f65604108d9a0269090980b85abe2c9d1f3d91e1d0f4ba18f440bf57b106a1,27,720,N
2026-09-29T11:56:29Z,K-water,MyWater(water.or.kr) 댐/보 기간별자료,https://www.water.or.kr/kor/realtime/sumun/ajaxProc.do,DATA5,1,M1,2021-08-23,2021-08-29,01_raw/KWater/mywater_period/M1/group1/DATA5/2021-08-23_2021-08-29.json,458524,b700b0304d016fc2d0b6f545fe83ca4a700006bb08dcde28203b33f4c4d1cde2,27,1008,N
2026-09-29T11:56:30Z,K-water,MyWater(water.or.kr) 댐/보 기간별자료,https://www.water.or.kr/kor/realtime/sumun/ajaxProc.do,DATA4,1,H1,2022-02-25,2022-03-26,01_raw/KWater/mywater_period/H1/group1/DATA4/2022-02-25_2022-03-26.json,310859,8ff8787de0443b9dc9d447a7918982ba7b04a8d29e92d7b988677c4aad0fcc7d,27,720,N
2026-09-29T11:56:33Z,K-water,MyWater(water.or.kr) 댐/보 기간별자료,https://www.water.or.kr/kor/realtime/sumun/ajaxProc.do,DATA5,1,M1,2021-08-30,2021-09-05,01_raw/KWater/mywater_period/M1/group1/DATA5/2021-08-30_2021-09-05.json,452686,0b40d251996c70c7a8c1bc796c0ad9c149f1d7e520fc35cc410b02efe1b1ff22,27,1008,N
2026-09-29T11:56:33Z,K-water,MyWater(water.or.kr) 댐/보 기간별자료,https://www.water.or.kr/kor/realtime/sumun/ajaxProc.do,DATA4,1,H1,2022-03-27,2022-04-25,01_raw/KWater/mywater_period/H1/group1/DATA4/2022-03-27_2022-04-25.json,312588,518d05268a5b8ae8b8a6c18666fc3ef4b9a3b6b37b5a44052782287a8ec0d423,27,720,N
2026-09-29T11:56:37Z,K-water,MyWater(water.or.kr) 댐/보 기간별자료,https://www.water.or.kr/kor/realtime/sumun/ajaxProc.do,DATA5,1,M1,2021-09-06,2021-09-12,01_raw/KWater/mywater_period/M1/group1/DATA5/2021-09-06_2021-09-12.json,443842,f30fceabcd10d07a591e60fd25504d75d6583f02973142be566c6c23aad754d1,27,1008,N
2026-09-29T11:56:38Z,K-water,MyWater(water.or.kr) 댐/보 기간별자료,https://www.water.or.kr/kor/realtime/sumun/ajaxProc.do,DATA4,1,H1,2022-04-26,2022-05-25,01_raw/KWater/mywater_period/H1/group1/DATA4/2022-04-26_2022-05-25.json,308437,153e4ed1eaa7f144b45d07bd0c5a2ae0395b6e60e8f4b3ae77c91c3bfb79d03c,27,720,N
2026-09-29T11:56:41Z,K-water,MyWater(water.or.kr) 댐/보 기간별자료,https://www.water.or.kr/kor/realtime/sumun/ajaxProc.do,DATA5,1,M1,2021-09-13,2021-09-19,01_raw/KWater/mywater_period/M1/group1/DATA5/2021-09-13_2021-09-19.json,436533,6e3c7af4e56f66bf649fe366d82ccb217f313d0cde4164646be66e08d1c7d394,27,1008,N
2026-09-29T11:56:42Z,K-water,MyWater(water.or.kr) 댐/보 기간별자료,https://www.water.or.kr/kor/realtime/sumun/ajaxProc.do,DATA4,1,H1,2022-05-26,2022-06-24,01_raw/KWater/mywater_period/H1/group1/DATA4/2022-05-26_2022-06-24.json,306430,671c080d65fb597ac1e1b72ce6a9dd728f4b7b55b4e7fa17617e06cd01821eda,27,720,N
2026-09-29T11:56:45Z,K-water,MyWater(water.or.kr) 댐/보 기간별자료,https://www.water.or.kr/kor/realtime/sumun/ajaxProc.do,DATA4,1,H1,2022-06-25,2022-07-24,01_raw/KWater/mywater_period/H1/group1/DATA4/2022-06-25_2022-07-24.json,316323,284cbfb739df5eaa50a1e5d6d4a9b8c240547abbea2fd51d05d1c1a5eeaadb44,27,720,N
2026-09-29T11:56:45Z,K-water,MyWater(water.or.kr) 댐/보 기간별자료,https://www.water.or.kr/kor/realtime/sumun/ajaxProc.do,DATA5,1,M1,2021-09-20,2021-09-26,01_raw/KWater/mywater_period/M1/group1/DATA5/2021-09-20_2021-09-26.json,438857,209f1ac2d4648a1816b849fcc8fa84505b44e7707ffabda92bb06268ee4d177d,27,1008,N
2026-09-29T11:56:49Z,K-water,MyWater(water.or.kr) 댐/보 기간별자료,https://www.water.or.kr/kor/realtime/sumun/ajaxProc.do,DATA5,1,M1,2021-09-27,2021-09-30,01_raw/KWater/mywater_period/M1/group1/DATA5/2021-09-27_2021-09-30.json,254372,775bb022b8bfae9cb275cc29e5d6f8ba4f025f96aea282ec8634882b5f9c4d5d,27,576,N
2026-09-29T11:56:49Z,K-water,MyWater(water.or.kr) 댐/보 기간별자료,https://www.water.or.kr/kor/realtime/sumun/ajaxProc.do,DATA4,1,H1,2022-07-25,2022-08-23,01_raw/KWater/mywater_period/H1/group1/DATA4/2022-07-25_2022-08-23.json,322554,98c620d3162a928fe88b9d257fb6e6f631984de221195a29373a55741c33955c,27,720,N
2026-09-29T11:56:52Z,K-water,MyWater(water.or.kr) 댐/보 기간별자료,https://www.water.or.kr/kor/realtime/sumun/ajaxProc.do,DATA6,1,M1,2021-06-21,2021-06-27,01_raw/KWater/mywater_period/M1/group1/DATA6/2021-06-21_2021-06-27.json,457130,5ec5f4d0b8c40d0b5e3fbd0fd1066a043e3ffdf870d7c7e38cb005150f4b9ef0,27,1008,N
2026-09-29T11:56:53Z,K-water,MyWater(water.or.kr) 댐/보 기간별자료,https://www.water.or.kr/kor/realtime/sumun/ajaxProc.do,DATA4,1,H1,2022-08-24,2022-09-22,01_raw/KWater/mywater_period/H1/group1/DATA4/2022-08-24_2022-09-22.json,322139,d006026dfa36239f3c781f2bc64917867a9fe0e56f892a1991d2106a767490c8,27,720,N
2026-09-29T11:56:56Z,K-water,MyWater(water.or.kr) 댐/보 기간별자료,https://www.water.or.kr/kor/realtime/sumun/ajaxProc.do,DATA6,1,M1,2021-06-28,2021-07-04,01_raw/KWater/mywater_period/M1/group1/DATA6/2021-06-28_2021-07-04.json,456678,b5b54d32df87ccbd7361e9388100bdcc8b0c05d300c594f17dbb60de942bad97,27,1008,N
2026-09-29T11:56:57Z,K-water,MyWater(water.or.kr) 댐/보 기간별자료,https://www.water.or.kr/kor/realtime/sumun/ajaxProc.do,DATA4,1,H1,2022-09-23,2022-10-22,01_raw/KWater/mywater_period/H1/group1/DATA4/2022-09-23_2022-10-22.json,311310,d4416b523a672d475fd7075b4b92e1594887fa8941ce1c7b0058b79c54b7984d,27,720,N
2026-09-29T11:57:00Z,K-water,MyWater(water.or.kr) 댐/보 기간별자료,https://www.water.or.kr/kor/realtime/sumun/ajaxProc.do,DATA4,1,H1,2022-10-23,2022-11-21,01_raw/KWater/mywater_period/H1/group1/DATA4/2022-10-23_2022-11-21.json,307379,9c73dc451b47cd8395a2d1e9176d14aa921eb8bbe853a3d618843541fbeeb7e8,27,720,N
2026-09-29T11:57:00Z,K-water,MyWater(water.or.kr) 댐/보 기간별자료,https://www.water.or.kr/kor/realtime/sumun/ajaxProc.do,DATA6,1,M1,2021-07-05,2021-07-11,01_raw/KWater/mywater_period/M1/group1/DATA6/2021-07-05_2021-07-11.json,459320,4fb8a83b12e84a05c737a2325750eb030e980c62456832f40f1e508126b88371,27,1008,N
2026-09-29T11:57:04Z,K-water,MyWater(water.or.kr) 댐/보 기간별자료,https://www.water.or.kr/kor/realtime/sumun/ajaxProc.do,DATA4,1,H1,2022-11-22,2022-12-21,01_raw/KWater/mywater_period/H1/group1/DATA4/2022-11-22_2022-12-21.json,307439,19f0ee1126f0dd39302bce65196dc39455386d5d4824612a327fba4cb7010e9b,27,720,N
2026-09-29T11:57:04Z,K-water,MyWater(water.or.kr) 댐/보 기간별자료,https://www.water.or.kr/kor/realtime/sumun/ajaxProc.do,DATA6,1,M1,2021-07-12,2021-07-18,01_raw/KWater/mywater_period/M1/group1/DATA6/2021-07-12_2021-07-18.json,458764,f37feb068ba8aac1d82df1975473ea1dcbc3fd29373af0b1238647fd51d047c9,27,1008,N
2026-09-29T11:57:07Z,K-water,MyWater(water.or.kr) 댐/보 기간별자료,https://www.water.or.kr/kor/realtime/sumun/ajaxProc.do,DATA4,1,H1,2022-12-22,2023-01-20,01_raw/KWater/mywater_period/H1/group1/DATA4/2022-12-22_2023-01-20.json,307239,ef9a4392e69100115b7bd19f6ae455360b380fb966202c33ad02235d851aebd8,27,720,N
2026-09-29T11:57:08Z,K-water,MyWater(water.or.kr) 댐/보 기간별자료,https://www.water.or.kr/kor/realtime/sumun/ajaxProc.do,DATA6,1,M1,2021-07-19,2021-07-25,01_raw/KWater/mywater_period/M1/group1/DATA6/2021-07-19_2021-07-25.json,455372,880df8cbd6e8d02a053663826470594f099941d996248cff58d1ff54a1062291,27,1008,N
2026-09-29T11:57:11Z,K-water,MyWater(water.or.kr) 댐/보 기간별자료,https://www.water.or.kr/kor/realtime/sumun/ajaxProc.do,DATA4,1,H1,2023-01-21,2023-02-19,01_raw/KWater/mywater_period/H1/group1/DATA4/2023-01-21_2023-02-19.json,304824,f625599a76af8090b08513adbea55f05e2489abada35cb8a65eba2539a0533c3,27,720,N
2026-09-29T11:57:12Z,K-water,MyWater(water.or.kr) 댐/보 기간별자료,https://www.water.or.kr/kor/realtime/sumun/ajaxProc.do,DATA6,1,M1,2021-07-26,2021-08-01,01_raw/KWater/mywater_period/M1/group1/DATA6/2021-07-26_2021-08-01.json,455273,3ccfecee9f2323bbabbfed20062dde21a1c616cda071490aca0b39b0752d57d6,27,1008,N
2026-09-29T11:57:14Z,K-water,MyWater(water.or.kr) 댐/보 기간별자료,https://www.water.or.kr/kor/realtime/sumun/ajaxProc.do,DATA4,1,H1,2023-02-20,2023-03-21,01_raw/KWater/mywater_period/H1/group1/DATA4/2023-02-20_2023-03-21.json,305442,c73523cebcd566aa053908ed06a3fc6ac61466b789dfaf80aeb65466aa79b925,27,720,N
2026-09-29T11:57:16Z,K-water,MyWater(water.or.kr) 댐/보 기간별자료,https://www.water.or.kr/kor/realtime/sumun/ajaxProc.do,DATA6,1,M1,2021-08-02,2021-08-08,01_raw/KWater/mywater_period/M1/group1/DATA6/2021-08-02_2021-08-08.json,456978,19ee38bb23f3eb3bc2878cc41f547304866bba7f92c9832ab741e75825e20f9e,27,1008,N
2026-09-29T11:57:18Z,K-water,MyWater(water.or.kr) 댐/보 기간별자료,https://www.water.or.kr/kor/realtime/sumun/ajaxProc.do,DATA4,1,H1,2023-03-22,2023-04-20,01_raw/KWater/mywater_period/H1/group1/DATA4/2023-03-22_2023-04-20.json,309148,b1c1717edf2c7c01c19d816c7cb8e44bbe17f308a5899ac90ff0db56a6835232,27,720,N
2026-09-29T11:57:20Z,K-water,MyWater(water.or.kr) 댐/보 기간별자료,https://www.water.or.kr/kor/realtime/sumun/ajaxProc.do,DATA6,1,M1,2021-08-09,2021-08-15,01_raw/KWater/mywater_period/M1/group1/DATA6/2021-08-09_2021-08-15.json,456367,cff44ca0be6df5ad837d4ca64bdcd3e06ccb21337c03ae70690bb587d32a6f50,27,1008,N
2026-09-29T11:57:22Z,K-water,MyWater(water.or.kr) 댐/보 기간별자료,https://www.water.or.kr/kor/realtime/sumun/ajaxProc.do,DATA4,1,H1,2023-04-21,2023-05-20,01_raw/KWater/mywater_period/H1/group1/DATA4/2023-04-21_2023-05-20.json,312681,68f98507a6a8f1994d73e1776a1eed901167be143d4a06a4c6bc9a1ff09612fd,27,720,N
2026-09-29T11:57:24Z,K-water,MyWater(water.or.kr) 댐/보 기간별자료,https://www.water.or.kr/kor/realtime/sumun/ajaxProc.do,DATA6,1,M1,2021-08-16,2021-08-22,01_raw/KWater/mywater_period/M1/group1/DATA6/2021-08-16_2021-08-22.json,454996,f40ee08cc701c34fea606c777cd345cf4972279fefb2b9553a4eaaea40e1a93d,27,1008,N
2026-09-29T11:57:25Z,K-water,MyWater(water.or.kr) 댐/보 기간별자료,https://www.water.or.kr/kor/realtime/sumun/ajaxProc.do,DATA4,1,H1,2023-05-21,2023-06-19,01_raw/KWater/mywater_period/H1/group1/DATA4/2023-05-21_2023-06-19.json,310733,d98f0ddf74ec7fe760e6d11618bcbf2783f381ffda40890937b479fa4339c8f0,27,720,N
2026-09-29T11:57:29Z,K-water,MyWater(water.or.kr) 댐/보 기간별자료,https://www.water.or.kr/kor/realtime/sumun/ajaxProc.do,DATA6,1,M1,2021-08-23,2021-08-29,01_raw/KWater/mywater_period/M1/group1/DATA6/2021-08-23_2021-08-29.json,458147,1a5a4247324238dd661ab5cdc7c0edfd5c7e0c21970426505cd15b56d1668870,27,1008,N
2026-09-29T11:57:29Z,K-water,MyWater(water.or.kr) 댐/보 기간별자료,https://www.water.or.kr/kor/realtime/sumun/ajaxProc.do,DATA4,1,H1,2023-06-20,2023-07-19,01_raw/KWater/mywater_period/H1/group1/DATA4/2023-06-20_2023-07-19.json,334901,40da828bef37fa768ea8f2afaadafad9ee52b1b66c73228ff4ff4ce953cd2091,27,720,N
2026-09-29T11:57:33Z,K-water,MyWater(water.or.kr) 댐/보 기간별자료,https://www.water.or.kr/kor/realtime/sumun/ajaxProc.do,DATA6,1,M1,2021-08-30,2021-09-05,01_raw/KWater/mywater_period/M1/group1/DATA6/2021-08-30_2021-09-05.json,456488,e10078313652a1b14ed1ecb9bc07bbb34e9f2cfc90bf2565f34a1dadfbc61740,27,1008,N
2026-09-29T11:57:33Z,K-water,MyWater(water.or.kr) 댐/보 기간별자료,https://www.water.or.kr/kor/realtime/sumun/ajaxProc.do,DATA4,1,H1,2023-07-20,2023-08-18,01_raw/KWater/mywater_period/H1/group1/DATA4/2023-07-20_2023-08-18.json,328287,508061d7996c4cd1729cccaf823fafc01816a78b07a74724ffcc82c8aa186f59,27,720,N
2026-09-29T11:57:37Z,K-water,MyWater(water.or.kr) 댐/보 기간별자료,https://www.water.or.kr/kor/realtime/sumun/ajaxProc.do,DATA4,1,H1,2023-08-19,2023-09-17,01_raw/KWater/mywater_period/H1/group1/DATA4/2023-08-19_2023-09-17.json,326656,1090055d0200efc32ae05ff31d85ef3253aa7a7a76d99ede2e03ce9e81a97f04,27,720,N
2026-09-29T11:57:37Z,K-water,MyWater(water.or.kr) 댐/보 기간별자료,https://www.water.or.kr/kor/realtime/sumun/ajaxProc.do,DATA6,1,M1,2021-09-06,2021-09-12,01_raw/KWater/mywater_period/M1/group1/DATA6/2021-09-06_2021-09-12.json,452727,75ae40dec8e97c22f03d84dfbf27505edf578269fd9ea6997d5a9ffec6d99386,27,1008,N
2026-09-29T11:57:40Z,K-water,MyWater(water.or.kr) 댐/보 기간별자료,https://www.water.or.kr/kor/realtime/sumun/ajaxProc.do,DATA4,1,H1,2023-09-18,2023-10-17,01_raw/KWater/mywater_period/H1/group1/DATA4/2023-09-18_2023-10-17.json,324241,233153af3cb7ab73117c08cd6ba405f0c3ce17363218a88332517a8c6983272f,27,720,N
2026-09-29T11:57:41Z,K-water,MyWater(water.or.kr) 댐/보 기간별자료,https://www.water.or.kr/kor/realtime/sumun/ajaxProc.do,DATA6,1,M1,2021-09-13,2021-09-19,01_raw/KWater/mywater_period/M1/group1/DATA6/2021-09-13_2021-09-19.json,456422,761a2b882f78f82d3685330a70923e6e2e61263f44f059435299ae535a075679,27,1008,N
2026-09-29T11:57:44Z,K-water,MyWater(water.or.kr) 댐/보 기간별자료,https://www.water.or.kr/kor/realtime/sumun/ajaxProc.do,DATA4,1,H1,2023-10-18,2023-11-16,01_raw/KWater/mywater_period/H1/group1/DATA4/2023-10-18_2023-11-16.json,311098,f3709aa915d81f97e041cdb3796e45099de918a6930d0a6399b7370533fb3d98,27,720,N
2026-09-29T11:57:45Z,K-water,MyWater(water.or.kr) 댐/보 기간별자료,https://www.water.or.kr/kor/realtime/sumun/ajaxProc.do,DATA6,1,M1,2021-09-20,2021-09-26,01_raw/KWater/mywater_period/M1/group1/DATA6/2021-09-20_2021-09-26.json,452819,6fa2d5137a294a293f22a7714f9dd96e145df87fb55bcad3a90a9d66eaf4bfe0,27,1008,N
2026-09-29T11:57:48Z,K-water,MyWater(water.or.kr) 댐/보 기간별자료,https://www.water.or.kr/kor/realtime/sumun/ajaxProc.do,DATA4,1,H1,2023-11-17,2023-12-16,01_raw/KWater/mywater_period/H1/group1/DATA4/2023-11-17_2023-12-16.json,312892,d98bde84ac1227916a4bc4dcb499f0edd6fdf37aca207c72fae0ecf03c77ef95,27,720,N
2026-09-29T11:57:49Z,K-water,MyWater(water.or.kr) 댐/보 기간별자료,https://www.water.or.kr/kor/realtime/sumun/ajaxProc.do,DATA6,1,M1,2021-09-27,2021-09-30,01_raw/KWater/mywater_period/M1/group1/DATA6/2021-09-27_2021-09-30.json,261328,3d265e5b07f8958564001bc1620be64e54d1006a06a42486622f0e38b88863d1,27,576,N
2026-09-29T11:57:51Z,K-water,MyWater(water.or.kr) 댐/보 기간별자료,https://www.water.or.kr/kor/realtime/sumun/ajaxProc.do,DATA4,1,H1,2023-12-17,2024-01-15,01_raw/KWater/mywater_period/H1/group1/DATA4/2023-12-17_2024-01-15.json,315212,2d989be30c1764e8b7e561a5bf67bfea6b4a9a73da347fa5efb0239374142627,27,720,N
2026-09-29T11:57:55Z,K-water,MyWater(water.or.kr) 댐/보 기간별자료,https://www.water.or.kr/kor/realtime/sumun/ajaxProc.do,DATA4,1,H1,2024-01-16,2024-02-14,01_raw/KWater/mywater_period/H1/group1/DATA4/2024-01-16_2024-02-14.json,315313,eb028d5b6f84c713e0bfb6c22759d77184a42f748881131f14cdb8e72a81e9ce,27,720,N
2026-09-29T11:57:52Z,K-water,MyWater(water.or.kr) 댐/보 기간별자료,https://www.water.or.kr/kor/realtime/sumun/ajaxProc.do,DATA1,1,M1,2022-06-21,2022-06-27,01_raw/KWater/mywater_period/M1/group1/DATA1/2022-06-21_2022-06-27.json,489153,8a9eaad906ae1e5c8a7d02ea311fc63ac6191b037bfb4c0d1742400b604b7508,27,1008,N
2026-09-29T11:57:59Z,K-water,MyWater(water.or.kr) 댐/보 기간별자료,https://www.water.or.kr/kor/realtime/sumun/ajaxProc.do,DATA4,1,H1,2024-02-15,2024-03-15,01_raw/KWater/mywater_period/H1/group1/DATA4/2024-02-15_2024-03-15.json,322903,eb8e03e72581054ffba4c2508d5019bab321f9062c643ed887eb956407fe8fac,27,720,N
2026-09-29T11:57:59Z,K-water,MyWater(water.or.kr) 댐/보 기간별자료,https://www.water.or.kr/kor/realtime/sumun/ajaxProc.do,DATA1,1,M1,2022-06-28,2022-07-04,01_raw/KWater/mywater_period/M1/group1/DATA1/2022-06-28_2022-07-04.json,490109,2c9e20cc9823e4ac6d73bbc055a26de22b0b1f1d5eecbd956b16580fc3a637dd,27,1008,N
2026-09-29T11:58:03Z,K-water,MyWater(water.or.kr) 댐/보 기간별자료,https://www.water.or.kr/kor/realtime/sumun/ajaxProc.do,DATA4,1,H1,2024-03-16,2024-04-14,01_raw/KWater/mywater_period/H1/group1/DATA4/2024-03-16_2024-04-14.json,322889,e2a2318d723955f11e30dd92b8e4ee0fceb81a1213b1b2a627613b2562b97be2,27,720,N
2026-09-29T11:58:06Z,K-water,MyWater(water.or.kr) 댐/보 기간별자료,https://www.water.or.kr/kor/realtime/sumun/ajaxProc.do,DATA4,1,H1,2024-04-15,2024-05-14,01_raw/KWater/mywater_period/H1/group1/DATA4/2024-04-15_2024-05-14.json,321053,829fda84a68b7b4159784b2f37fbea3118b92d69f96fc303f25bbd09938e4e34,27,720,N
2026-09-29T11:58:05Z,K-water,MyWater(water.or.kr) 댐/보 기간별자료,https://www.water.or.kr/kor/realtime/sumun/ajaxProc.do,DATA1,1,M1,2022-07-05,2022-07-11,01_raw/KWater/mywater_period/M1/group1/DATA1/2022-07-05_2022-07-11.json,489565,49529bf61c0bdaa7e911a48dfe8af0e698480fe406ada4e735db389681563363,27,1008,N
2026-09-29T11:58:10Z,K-water,MyWater(water.or.kr) 댐/보 기간별자료,https://www.water.or.kr/kor/realtime/sumun/ajaxProc.do,DATA4,1,H1,2024-05-15,2024-06-13,01_raw/KWater/mywater_period/H1/group1/DATA4/2024-05-15_2024-06-13.json,316838,be8591b5dc33a81a404a98c70f77e430273ee614dddaa6b6e0fb9b2fc62e4c1e,27,720,N
2026-09-29T11:58:11Z,K-water,MyWater(water.or.kr) 댐/보 기간별자료,https://www.water.or.kr/kor/realtime/sumun/ajaxProc.do,DATA1,1,M1,2022-07-12,2022-07-18,01_raw/KWater/mywater_period/M1/group1/DATA1/2022-07-12_2022-07-18.json,489690,3ac198d45326e20b71ef597132a75b89e7ea28824bb21b7b28eb0532fc5f27cf,27,1008,N
2026-09-29T11:58:15Z,K-water,MyWater(water.or.kr) 댐/보 기간별자료,https://www.water.or.kr/kor/realtime/sumun/ajaxProc.do,DATA4,1,H1,2024-06-14,2024-07-13,01_raw/KWater/mywater_period/H1/group1/DATA4/2024-06-14_2024-07-13.json,324581,415bbfd415ae107c262061b782d83711e29ebe124164e73ae4b3bf49f0de8f19,27,720,N
2026-09-29T11:58:19Z,K-water,MyWater(water.or.kr) 댐/보 기간별자료,https://www.water.or.kr/kor/realtime/sumun/ajaxProc.do,DATA4,1,H1,2024-07-14,2024-08-12,01_raw/KWater/mywater_period/H1/group1/DATA4/2024-07-14_2024-08-12.json,325066,daf51ab38c75ab2699d5edc1b438db4d53ac72f846478521020271356cf8d456,27,720,N
2026-09-29T11:58:18Z,K-water,MyWater(water.or.kr) 댐/보 기간별자료,https://www.water.or.kr/kor/realtime/sumun/ajaxProc.do,DATA1,1,M1,2022-07-19,2022-07-25,01_raw/KWater/mywater_period/M1/group1/DATA1/2022-07-19_2022-07-25.json,489908,7923ca08895caefa4f290ad860c8ae8f41b38ad80dd91d6fc49e716380d9f609,27,1008,N
2026-09-29T11:58:23Z,K-water,MyWater(water.or.kr) 댐/보 기간별자료,https://www.water.or.kr/kor/realtime/sumun/ajaxProc.do,DATA4,1,H1,2024-08-13,2024-09-11,01_raw/KWater/mywater_period/H1/group1/DATA4/2024-08-13_2024-09-11.json,312293,8354e008e2ad051cbe31b2c727595a83336ed3423c9579f29b9686a8abff3418,27,720,N
2026-09-29T11:58:27Z,K-water,MyWater(water.or.kr) 댐/보 기간별자료,https://www.water.or.kr/kor/realtime/sumun/ajaxProc.do,DATA4,1,H1,2024-09-12,2024-10-11,01_raw/KWater/mywater_period/H1/group1/DATA4/2024-09-12_2024-10-11.json,320027,0c6ed9d5b04329e4f671bdcdb09b3ac8836f534f4e295cf48308e46ab69d6b2e,27,720,N
2026-09-29T11:58:24Z,K-water,MyWater(water.or.kr) 댐/보 기간별자료,https://www.water.or.kr/kor/realtime/sumun/ajaxProc.do,DATA1,1,M1,2022-07-26,2022-08-01,01_raw/KWater/mywater_period/M1/group1/DATA1/2022-07-26_2022-08-01.json,489402,9474c9fe0ce47604697d21a768d501f73bd07d25f01bbfc95eaa148505a56370,27,1008,N
2026-09-29T11:58:30Z,K-water,MyWater(water.or.kr) 댐/보 기간별자료,https://www.water.or.kr/kor/realtime/sumun/ajaxProc.do,DATA4,1,H1,2024-10-12,2024-11-10,01_raw/KWater/mywater_period/H1/group1/DATA4/2024-10-12_2024-11-10.json,316940,33730267daa4ecd47c1589a9a39c2d51fc0e944e72f2092d488d1220595189be,27,720,N
2026-09-29T11:58:34Z,K-water,MyWater(water.or.kr) 댐/보 기간별자료,https://www.water.or.kr/kor/realtime/sumun/ajaxProc.do,DATA4,1,H1,2024-11-11,2024-12-10,01_raw/KWater/mywater_period/H1/group1/DATA4/2024-11-11_2024-12-10.json,311617,c99528107ecf7401761741b02c4e9f08ca527ac400ce6596ae5e572109e3d5cd,27,720,N
2026-09-29T11:58:32Z,K-water,MyWater(water.or.kr) 댐/보 기간별자료,https://www.water.or.kr/kor/realtime/sumun/ajaxProc.do,DATA1,1,M1,2022-08-02,2022-08-08,01_raw/KWater/mywater_period/M1/group1/DATA1/2022-08-02_2022-08-08.json,490096,88bd8c374b55801e9d9514d229448039b2f2056440dd3263de88befdd3487160,27,1008,N
2026-09-29T11:58:38Z,K-water,MyWater(water.or.kr) 댐/보 기간별자료,https://www.water.or.kr/kor/realtime/sumun/ajaxProc.do,DATA4,1,H1,2024-12-11,2025-01-09,01_raw/KWater/mywater_period/H1/group1/DATA4/2024-12-11_2025-01-09.json,307396,c209062fcaff583c618e64adfd15ebc1c63b7a43392d98cd2fd263dbe731a211,27,720,N
2026-09-29T11:58:41Z,K-water,MyWater(water.or.kr) 댐/보 기간별자료,https://www.water.or.kr/kor/realtime/sumun/ajaxProc.do,DATA4,1,H1,2025-01-10,2025-02-08,01_raw/KWater/mywater_period/H1/group1/DATA4/2025-01-10_2025-02-08.json,308288,81a2213da8ba83ece444608efc26326175bfc1f81914c1f99085850ee6604c3d,27,720,N
2026-09-29T11:58:39Z,K-water,MyWater(water.or.kr) 댐/보 기간별자료,https://www.water.or.kr/kor/realtime/sumun/ajaxProc.do,DATA1,1,M1,2022-08-09,2022-08-15,01_raw/KWater/mywater_period/M1/group1/DATA1/2022-08-09_2022-08-15.json,489498,3b597fea47ee89d8eab8671b14e8a78e32225650f699868a7d3f0f54f33ea1f5,27,1008,N
2026-09-29T11:58:45Z,K-water,MyWater(water.or.kr) 댐/보 기간별자료,https://www.water.or.kr/kor/realtime/sumun/ajaxProc.do,DATA4,1,H1,2025-02-09,2025-03-10,01_raw/KWater/mywater_period/H1/group1/DATA4/2025-02-09_2025-03-10.json,310351,167ff9fefc5d780db6a0f649b831d87baf728a9dc4b57195138832e14924fa65,27,720,N
2026-09-29T11:58:48Z,K-water,MyWater(water.or.kr) 댐/보 기간별자료,https://www.water.or.kr/kor/realtime/sumun/ajaxProc.do,DATA4,1,H1,2025-03-11,2025-04-09,01_raw/KWater/mywater_period/H1/group1/DATA4/2025-03-11_2025-04-09.json,311088,127cd738db2ceae3d4c5146813b3a65cda7bc6d5ff73dc0761a7c80a02fddd93,27,720,N
2026-09-29T11:58:46Z,K-water,MyWater(water.or.kr) 댐/보 기간별자료,https://www.water.or.kr/kor/realtime/sumun/ajaxProc.do,DATA1,1,M1,2022-08-16,2022-08-22,01_raw/KWater/mywater_period/M1/group1/DATA1/2022-08-16_2022-08-22.json,489568,c3b9171ca5f8ebe6759d4a11ff0247e44824ebf6c6393b8a98e89f1a0d89cb19,27,1008,N
2026-09-29T11:58:52Z,K-water,MyWater(water.or.kr) 댐/보 기간별자료,https://www.water.or.kr/kor/realtime/sumun/ajaxProc.do,DATA4,1,H1,2025-04-10,2025-05-09,01_raw/KWater/mywater_period/H1/group1/DATA4/2025-04-10_2025-05-09.json,315823,37e725b199cadb0a47eacced1f6559b9b9fef1c01b2b81e9f74802298bbf0ee9,27,720,N
2026-09-29T11:58:53Z,K-water,MyWater(water.or.kr) 댐/보 기간별자료,https://www.water.or.kr/kor/realtime/sumun/ajaxProc.do,DATA1,1,M1,2022-08-23,2022-08-29,01_raw/KWater/mywater_period/M1/group1/DATA1/2022-08-23_2022-08-29.json,489317,fdc8d4efc22ed9468ce90fd4f06193e5fe5c5be71d6190b360ae69d21a5eee2e,27,1008,N
2026-09-29T11:58:56Z,K-water,MyWater(water.or.kr) 댐/보 기간별자료,https://www.water.or.kr/kor/realtime/sumun/ajaxProc.do,DATA4,1,H1,2025-05-10,2025-06-08,01_raw/KWater/mywater_period/H1/group1/DATA4/2025-05-10_2025-06-08.json,316510,b7688982f382326f08fe0124010006d8a49ad1f40b0bccfb6bb8c5ca21f27948,27,720,N
2026-09-29T11:59:00Z,K-water,MyWater(water.or.kr) 댐/보 기간별자료,https://www.water.or.kr/kor/realtime/sumun/ajaxProc.do,DATA4,1,H1,2025-06-09,2025-07-08,01_raw/KWater/mywater_period/H1/group1/DATA4/2025-06-09_2025-07-08.json,319733,2cad85a370fcf72a8bb50b03b8a0a572b6d0fcad67edbcecf6986739ceaaa4f6,27,720,N
2026-09-29T11:58:59Z,K-water,MyWater(water.or.kr) 댐/보 기간별자료,https://www.water.or.kr/kor/realtime/sumun/ajaxProc.do,DATA1,1,M1,2022-08-30,2022-09-05,01_raw/KWater/mywater_period/M1/group1/DATA1/2022-08-30_2022-09-05.json,489355,106f8c2e71417216dd4133261aa5b1d394d15e54dccce5d794a05e54742b3c61,27,1008,N
2026-09-29T11:59:04Z,K-water,MyWater(water.or.kr) 댐/보 기간별자료,https://www.water.or.kr/kor/realtime/sumun/ajaxProc.do,DATA4,1,H1,2025-07-09,2025-08-07,01_raw/KWater/mywater_period/H1/group1/DATA4/2025-07-09_2025-08-07.json,321255,a26c4ba3bd1c27489f813e93e558da783e9de139cf5a97eef30ddf46925c2d73,27,720,N
2026-09-29T11:59:07Z,K-water,MyWater(water.or.kr) 댐/보 기간별자료,https://www.water.or.kr/kor/realtime/sumun/ajaxProc.do,DATA4,1,H1,2025-08-08,2025-09-06,01_raw/KWater/mywater_period/H1/group1/DATA4/2025-08-08_2025-09-06.json,316028,3144cf0fc656b3985ea8c0ea5f5ea64c86014bebde9003490dc02ad1573ae6db,27,720,N
2026-09-29T11:59:06Z,K-water,MyWater(water.or.kr) 댐/보 기간별자료,https://www.water.or.kr/kor/realtime/sumun/ajaxProc.do,DATA1,1,M1,2022-09-06,2022-09-12,01_raw/KWater/mywater_period/M1/group1/DATA1/2022-09-06_2022-09-12.json,489875,bd0cc44cf0b40b847b0c4681b786d1b924bec1b45d307e65c861b67f9f8e2cc5,27,1008,N
2026-09-29T11:59:11Z,K-water,MyWater(water.or.kr) 댐/보 기간별자료,https://www.water.or.kr/kor/realtime/sumun/ajaxProc.do,DATA4,1,H1,2025-09-07,2025-10-06,01_raw/KWater/mywater_period/H1/group1/DATA4/2025-09-07_2025-10-06.json,324121,626d84805373bd49f9a7683bc2aed399335fea717d1b146f6faee72cdb663e5e,27,720,N
2026-09-29T11:59:15Z,K-water,MyWater(water.or.kr) 댐/보 기간별자료,https://www.water.or.kr/kor/realtime/sumun/ajaxProc.do,DATA4,1,H1,2025-10-07,2025-11-05,01_raw/KWater/mywater_period/H1/group1/DATA4/2025-10-07_2025-11-05.json,324180,ef6b2fea12f9ce8d02a9a8bc9d10e5087fddf148b8d4cf8bf1d6dbad7439c8bf,27,720,N
2026-09-29T11:59:14Z,K-water,MyWater(water.or.kr) 댐/보 기간별자료,https://www.water.or.kr/kor/realtime/sumun/ajaxProc.do,DATA1,1,M1,2022-09-13,2022-09-19,01_raw/KWater/mywater_period/M1/group1/DATA1/2022-09-13_2022-09-19.json,489051,4cbcb1000e315a079501a339007397228f5ee19f6f51abb79236d860bf6d4830,27,1008,N
2026-09-29T11:59:19Z,K-water,MyWater(water.or.kr) 댐/보 기간별자료,https://www.water.or.kr/kor/realtime/sumun/ajaxProc.do,DATA4,1,H1,2025-11-06,2025-12-05,01_raw/KWater/mywater_period/H1/group1/DATA4/2025-11-06_2025-12-05.json,307859,6ea6af9b9c5c57dfea7ec22cc01d87caf678fd36bf93f8d58861988f9dccef68,27,720,N
2026-09-29T11:59:22Z,K-water,MyWater(water.or.kr) 댐/보 기간별자료,https://www.water.or.kr/kor/realtime/sumun/ajaxProc.do,DATA4,1,H1,2025-12-06,2026-01-04,01_raw/KWater/mywater_period/H1/group1/DATA4/2025-12-06_2026-01-04.json,304645,3f7b6e7c7dead2000ecc0451b6fade3f368df6d0cbd8077d376473e9f780056b,27,720,N
2026-09-29T11:59:26Z,K-water,MyWater(water.or.kr) 댐/보 기간별자료,https://www.water.or.kr/kor/realtime/sumun/ajaxProc.do,DATA4,1,H1,2026-01-05,2026-02-03,01_raw/KWater/mywater_period/H1/group1/DATA4/2026-01-05_2026-02-03.json,302534,830dbee195a3f2cc7be22eae8b887577dcaaa8176bff5368cb80653de91b48eb,27,720,N
2026-09-29T11:59:22Z,K-water,MyWater(water.or.kr) 댐/보 기간별자료,https://www.water.or.kr/kor/realtime/sumun/ajaxProc.do,DATA1,1,M1,2022-09-20,2022-09-26,01_raw/KWater/mywater_period/M1/group1/DATA1/2022-09-20_2022-09-26.json,489537,03f9bcf981fe337bafc51997f9a989c2d848f8bdb69fb6638e59d96f5b6d4aaa,27,1008,N
2026-09-29T11:59:30Z,K-water,MyWater(water.or.kr) 댐/보 기간별자료,https://www.water.or.kr/kor/realtime/sumun/ajaxProc.do,DATA4,1,H1,2026-02-04,2026-03-05,01_raw/KWater/mywater_period/H1/group1/DATA4/2026-02-04_2026-03-05.json,305584,83c5306cc67b6430970fba365eae98d41a1c0f8dc4643aacd73f4005d9f3c70b,27,720,N
2026-09-29T11:59:30Z,K-water,MyWater(water.or.kr) 댐/보 기간별자료,https://www.water.or.kr/kor/realtime/sumun/ajaxProc.do,DATA1,1,M1,2022-09-27,2022-09-30,01_raw/KWater/mywater_period/M1/group1/DATA1/2022-09-27_2022-09-30.json,284078,fdea0af95c89c3470d21483d328ab5e7a2a4ca82353be8183cb6bdf160d3f0f8,27,576,N
2026-09-29T11:59:34Z,K-water,MyWater(water.or.kr) 댐/보 기간별자료,https://www.water.or.kr/kor/realtime/sumun/ajaxProc.do,DATA4,1,H1,2026-03-06,2026-04-04,01_raw/KWater/mywater_period/H1/group1/DATA4/2026-03-06_2026-04-04.json,309293,a47479ec379745f2dd9204bdf3df7d2ef3cd7a631875bdc7721c7e4cf325f62e,27,720,N
2026-09-29T11:59:36Z,K-water,MyWater(water.or.kr) 댐/보 기간별자료,https://www.water.or.kr/kor/realtime/sumun/ajaxProc.do,DATA2,1,M1,2022-06-21,2022-06-27,01_raw/KWater/mywater_period/M1/group1/DATA2/2022-06-21_2022-06-27.json,477215,1dc913cb427be3644d358075bc9d22496d9579dfeef8318cfa04425e26c8f854,27,1008,N
2026-09-29T11:59:37Z,K-water,MyWater(water.or.kr) 댐/보 기간별자료,https://www.water.or.kr/kor/realtime/sumun/ajaxProc.do,DATA4,1,H1,2026-04-05,2026-05-04,01_raw/KWater/mywater_period/H1/group1/DATA4/2026-04-05_2026-05-04.json,317184,0a30a0a2b773ea5aa2e0f77fce3fa58fc1755fc8f1e44bca1e9b7628608dc491,27,720,N
2026-09-29T11:59:41Z,K-water,MyWater(water.or.kr) 댐/보 기간별자료,https://www.water.or.kr/kor/realtime/sumun/ajaxProc.do,DATA4,1,H1,2026-05-05,2026-06-03,01_raw/KWater/mywater_period/H1/group1/DATA4/2026-05-05_2026-06-03.json,312896,9212b06e53733e2f521ce771ca9650ee5e656869caabb36b3a8a3f295625cd2c,27,720,N
2026-09-29T11:59:40Z,K-water,MyWater(water.or.kr) 댐/보 기간별자료,https://www.water.or.kr/kor/realtime/sumun/ajaxProc.do,DATA2,1,M1,2022-06-28,2022-07-04,01_raw/KWater/mywater_period/M1/group1/DATA2/2022-06-28_2022-07-04.json,476903,df576971ca5fbf7b887d1a11446df9161d66a9ecca3dfc5bc4dad8840d471c2d,27,1008,N
2026-09-29T11:59:45Z,K-water,MyWater(water.or.kr) 댐/보 기간별자료,https://www.water.or.kr/kor/realtime/sumun/ajaxProc.do,DATA2,1,M1,2022-07-05,2022-07-11,01_raw/KWater/mywater_period/M1/group1/DATA2/2022-07-05_2022-07-11.json,478146,1d6f8e89cb21b2e38ceebeeab378337871b0a5e4d6e217868c14a63a3dabf158,27,1008,N
2026-09-29T11:59:45Z,K-water,MyWater(water.or.kr) 댐/보 기간별자료,https://www.water.or.kr/kor/realtime/sumun/ajaxProc.do,DATA4,1,H1,2026-06-04,2026-07-03,01_raw/KWater/mywater_period/H1/group1/DATA4/2026-06-04_2026-07-03.json,311090,b0bf4f47447e17f11e5595c506a085abb34c15bd26dd60d6d79d8cb2debc868f,27,720,N
2026-09-29T11:59:50Z,K-water,MyWater(water.or.kr) 댐/보 기간별자료,https://www.water.or.kr/kor/realtime/sumun/ajaxProc.do,DATA4,1,H1,2026-07-04,2026-08-02,01_raw/KWater/mywater_period/H1/group1/DATA4/2026-07-04_2026-08-02.json,318699,82b34716e9d43d831bc1c3512b89823bbf3b090d5bf9a57c764894d7301aaac8,27,720,N
2026-09-29T11:59:50Z,K-water,MyWater(water.or.kr) 댐/보 기간별자료,https://www.water.or.kr/kor/realtime/sumun/ajaxProc.do,DATA2,1,M1,2022-07-12,2022-07-18,01_raw/KWater/mywater_period/M1/group1/DATA2/2022-07-12_2022-07-18.json,478350,dbafda81977804005e195547eb2cfd655f60e5f373d7b22d39576c12303264db,27,1008,N
2026-09-29T11:59:53Z,K-water,MyWater(water.or.kr) 댐/보 기간별자료,https://www.water.or.kr/kor/realtime/sumun/ajaxProc.do,DATA4,1,H1,2026-08-03,2026-09-01,01_raw/KWater/mywater_period/H1/group1/DATA4/2026-08-03_2026-09-01.json,313033,291280f77369b94c03fd5d72d82d5fe95d385eb9b887ba36208332a30e64ed23,27,720,N
2026-09-29T11:59:54Z,K-water,MyWater(water.or.kr) 댐/보 기간별자료,https://www.water.or.kr/kor/realtime/sumun/ajaxProc.do,DATA2,1,M1,2022-07-19,2022-07-25,01_raw/KWater/mywater_period/M1/group1/DATA2/2022-07-19_2022-07-25.json,477661,95b0cc6faf2e8204185d56e84a92a83969bcf67da115e9948a3318e7b8f9190e,27,1008,N
2026-09-29T11:59:57Z,K-water,MyWater(water.or.kr) 댐/보 기간별자료,https://www.water.or.kr/kor/realtime/sumun/ajaxProc.do,DATA4,1,H1,2026-09-02,2026-09-28,01_raw/KWater/mywater_period/H1/group1/DATA4/2026-09-02_2026-09-28.json,280992,fcb2d19ad25571dafc9eea9b2676fb3650b2b3f8776efceff1acc1667c11263e,27,648,N
2026-09-29T12:00:05Z,K-water,MyWater(water.or.kr) 댐/보 기간별자료,https://www.water.or.kr/kor/realtime/sumun/ajaxProc.do,DATA5,1,H1,2021-01-01,2021-01-30,01_raw/KWater/mywater_period/H1/group1/DATA5/2021-01-01_2021-01-30.json,302844,306265f2d0b655530d5c3a6972409c7a863698657913a8c471de3eb877cdfabe,27,720,N
2026-09-29T12:00:10Z,K-water,MyWater(water.or.kr) 댐/보 기간별자료,https://www.water.or.kr/kor/realtime/sumun/ajaxProc.do,DATA5,1,H1,2021-01-31,2021-03-01,01_raw/KWater/mywater_period/H1/group1/DATA5/2021-01-31_2021-03-01.json,304898,780a4549fc616ab88480e5b3c06f5faf0a7e369bffd71df6f1a94749021a86e0,27,720,N
2026-09-29T11:59:59Z,K-water,MyWater(water.or.kr) 댐/보 기간별자료,https://www.water.or.kr/kor/realtime/sumun/ajaxProc.do,DATA2,1,M1,2022-07-26,2022-08-01,01_raw/KWater/mywater_period/M1/group1/DATA2/2022-07-26_2022-08-01.json,479337,8b95e0f6e405cce575b0a0cb6051c851b580e34bf98d4f21817bf3ab9de204de,27,1008,N
2026-09-29T12:00:14Z,K-water,MyWater(water.or.kr) 댐/보 기간별자료,https://www.water.or.kr/kor/realtime/sumun/ajaxProc.do,DATA5,1,H1,2021-03-02,2021-03-31,01_raw/KWater/mywater_period/H1/group1/DATA5/2021-03-02_2021-03-31.json,310994,24dc29d428f4315313f23bead89015cd27cc920f066e32532398a5f08190c4b3,27,720,N
2026-09-29T12:00:18Z,K-water,MyWater(water.or.kr) 댐/보 기간별자료,https://www.water.or.kr/kor/realtime/sumun/ajaxProc.do,DATA2,1,M1,2022-08-02,2022-08-08,01_raw/KWater/mywater_period/M1/group1/DATA2/2022-08-02_2022-08-08.json,479465,0cc3c6b67228d62b841a050a40429f783e9bf556abf383ab7a6b8b32229c29ec,27,1008,N
2026-09-29T12:00:23Z,K-water,MyWater(water.or.kr) 댐/보 기간별자료,https://www.water.or.kr/kor/realtime/sumun/ajaxProc.do,DATA5,1,H1,2021-04-01,2021-04-30,01_raw/KWater/mywater_period/H1/group1/DATA5/2021-04-01_2021-04-30.json,311457,4b7db8893488fc2a3048708eca1f9de3afa1aed23a0c3d01d39aa44df58098c3,27,720,N
2026-09-29T12:00:23Z,K-water,MyWater(water.or.kr) 댐/보 기간별자료,https://www.water.or.kr/kor/realtime/sumun/ajaxProc.do,DATA2,1,M1,2022-08-09,2022-08-15,01_raw/KWater/mywater_period/M1/group1/DATA2/2022-08-09_2022-08-15.json,478407,a34ce6310fe854f9b2bbc04c9a75469f307dc8a22f3051ff247f1d4dd8cd6bed,27,1008,N
2026-09-29T12:00:27Z,K-water,MyWater(water.or.kr) 댐/보 기간별자료,https://www.water.or.kr/kor/realtime/sumun/ajaxProc.do,DATA5,1,H1,2021-05-01,2021-05-30,01_raw/KWater/mywater_period/H1/group1/DATA5/2021-05-01_2021-05-30.json,311029,e298db0a6709d3aa2f753c2cc93c06cda2ac2ce2fa5f90a69db096bf30bd8d8b,27,720,N
2026-09-29T12:00:31Z,K-water,MyWater(water.or.kr) 댐/보 기간별자료,https://www.water.or.kr/kor/realtime/sumun/ajaxProc.do,DATA5,1,H1,2021-05-31,2021-06-29,01_raw/KWater/mywater_period/H1/group1/DATA5/2021-05-31_2021-06-29.json,309422,62e1ae19f5f3300db5a2cc6716878ed70b8bd89286afa0e1da4735caf67b842c,27,720,N
2026-09-29T12:00:30Z,K-water,MyWater(water.or.kr) 댐/보 기간별자료,https://www.water.or.kr/kor/realtime/sumun/ajaxProc.do,DATA2,1,M1,2022-08-16,2022-08-22,01_raw/KWater/mywater_period/M1/group1/DATA2/2022-08-16_2022-08-22.json,479747,e6a1e555499da08dada11fbcd510249b649228053c86ce71de643b88ed1623ee,27,1008,N
2026-09-29T12:00:35Z,K-water,MyWater(water.or.kr) 댐/보 기간별자료,https://www.water.or.kr/kor/realtime/sumun/ajaxProc.do,DATA5,1,H1,2021-06-30,2021-07-29,01_raw/KWater/mywater_period/H1/group1/DATA5/2021-06-30_2021-07-29.json,317462,8e3bdb94272b195d5f36aef01be0ec2478ca0845b8f43dac5083d5445d471c22,27,720,N
2026-09-29T12:00:39Z,K-water,MyWater(water.or.kr) 댐/보 기간별자료,https://www.water.or.kr/kor/realtime/sumun/ajaxProc.do,DATA5,1,H1,2021-07-30,2021-08-28,01_raw/KWater/mywater_period/H1/group1/DATA5/2021-07-30_2021-08-28.json,316186,328b8ff6131791dc6fe6ac8ac3bacbcde4d5a6d5b0ed8881f3144000f681a2d2,27,720,N
2026-09-29T12:00:38Z,K-water,MyWater(water.or.kr) 댐/보 기간별자료,https://www.water.or.kr/kor/realtime/sumun/ajaxProc.do,DATA2,1,M1,2022-08-23,2022-08-29,01_raw/KWater/mywater_period/M1/group1/DATA2/2022-08-23_2022-08-29.json,480138,5a0cdc24fdbdf05af2a4e9b9eadc917e0d3a71cf035e0aa0dc9d79f7b8066802,27,1008,N
2026-09-29T12:00:42Z,K-water,MyWater(water.or.kr) 댐/보 기간별자료,https://www.water.or.kr/kor/realtime/sumun/ajaxProc.do,DATA5,1,H1,2021-08-29,2021-09-27,01_raw/KWater/mywater_period/H1/group1/DATA5/2021-08-29_2021-09-27.json,319859,3a4c65c22c7e2241822daf81a90b5e895b2aa6bcad54eb43e7e9c7f016c48b3e,27,720,N
2026-09-29T12:00:46Z,K-water,MyWater(water.or.kr) 댐/보 기간별자료,https://www.water.or.kr/kor/realtime/sumun/ajaxProc.do,DATA5,1,H1,2021-09-28,2021-10-27,01_raw/KWater/mywater_period/H1/group1/DATA5/2021-09-28_2021-10-27.json,312050,7a32880c2c20b49b58ad35eb1e9bdf5b2fdb4f8f10fa39741bd9a437269f6471,27,720,N
2026-09-29T12:00:45Z,K-water,MyWater(water.or.kr) 댐/보 기간별자료,https://www.water.or.kr/kor/realtime/sumun/ajaxProc.do,DATA2,1,M1,2022-08-30,2022-09-05,01_raw/KWater/mywater_period/M1/group1/DATA2/2022-08-30_2022-09-05.json,479746,e06dd25b2965067c5b11becf0d7b8eb10547f31cd8419fb5758de30faef867f8,27,1008,N
2026-09-29T12:00:50Z,K-water,MyWater(water.or.kr) 댐/보 기간별자료,https://www.water.or.kr/kor/realtime/sumun/ajaxProc.do,DATA5,1,H1,2021-10-28,2021-11-26,01_raw/KWater/mywater_period/H1/group1/DATA5/2021-10-28_2021-11-26.json,306753,3e9352e2042c305c721cd97821a7f8d82ab4585ca4e7b093c5f6de4b9e659d5e,27,720,N
2026-09-29T12:00:51Z,K-water,MyWater(water.or.kr) 댐/보 기간별자료,https://www.water.or.kr/kor/realtime/sumun/ajaxProc.do,DATA2,1,M1,2022-09-06,2022-09-12,01_raw/KWater/mywater_period/M1/group1/DATA2/2022-09-06_2022-09-12.json,479850,67910fb7f183d3b60a8b2d06e63987ba30e7ff13c7b99d347dd8a80c7d3d6796,27,1008,N
2026-09-29T12:00:55Z,K-water,MyWater(water.or.kr) 댐/보 기간별자료,https://www.water.or.kr/kor/realtime/sumun/ajaxProc.do,DATA5,1,H1,2021-11-27,2021-12-26,01_raw/KWater/mywater_period/H1/group1/DATA5/2021-11-27_2021-12-26.json,305529,5115f1904f49875a62599315eacd4bb585bc8de95c4d11c512068952672e4b2b,27,720,N
2026-09-29T12:00:58Z,K-water,MyWater(water.or.kr) 댐/보 기간별자료,https://www.water.or.kr/kor/realtime/sumun/ajaxProc.do,DATA5,1,H1,2021-12-27,2022-01-25,01_raw/KWater/mywater_period/H1/group1/DATA5/2021-12-27_2022-01-25.json,302755,c8424d6defdaf9405a452c36302c3bf68f79fbaacf33f840954e04dfc28df631,27,720,N
2026-09-29T12:00:57Z,K-water,MyWater(water.or.kr) 댐/보 기간별자료,https://www.water.or.kr/kor/realtime/sumun/ajaxProc.do,DATA2,1,M1,2022-09-13,2022-09-19,01_raw/KWater/mywater_period/M1/group1/DATA2/2022-09-13_2022-09-19.json,480553,2c4306902e3e28de77a80d9f17f000b65f3474c4f95d934b14d58f24887bec10,27,1008,N
2026-09-29T12:01:02Z,K-water,MyWater(water.or.kr) 댐/보 기간별자료,https://www.water.or.kr/kor/realtime/sumun/ajaxProc.do,DATA5,1,H1,2022-01-26,2022-02-24,01_raw/KWater/mywater_period/H1/group1/DATA5/2022-01-26_2022-02-24.json,302774,b9311483fb9f9f479dba6e43edb3db580055883455603a51f176e09c5d163c0f,27,720,N
2026-09-29T12:01:03Z,K-water,MyWater(water.or.kr) 댐/보 기간별자료,https://www.water.or.kr/kor/realtime/sumun/ajaxProc.do,DATA2,1,M1,2022-09-20,2022-09-26,01_raw/KWater/mywater_period/M1/group1/DATA2/2022-09-20_2022-09-26.json,480269,d2eadb8a86fdd547b02fec7dd9c7079d8b8ed559898552f9ad2a71460ce1d0d4,27,1008,N
2026-09-29T12:01:06Z,K-water,MyWater(water.or.kr) 댐/보 기간별자료,https://www.water.or.kr/kor/realtime/sumun/ajaxProc.do,DATA5,1,H1,2022-02-25,2022-03-26,01_raw/KWater/mywater_period/H1/group1/DATA5/2022-02-25_2022-03-26.json,306826,ebef03504b686f04a223f1966dcdbe6ba09c17ee085fba14b239ce20fcfbf9bb,27,720,N
2026-09-29T12:01:10Z,K-water,MyWater(water.or.kr) 댐/보 기간별자료,https://www.water.or.kr/kor/realtime/sumun/ajaxProc.do,DATA2,1,M1,2022-09-27,2022-09-30,01_raw/KWater/mywater_period/M1/group1/DATA2/2022-09-27_2022-09-30.json,278648,37ca2138dd796d2babdc08d87bca850624543b3e6817626b6290764af21fd46e,27,576,N
2026-09-29T12:01:10Z,K-water,MyWater(water.or.kr) 댐/보 기간별자료,https://www.water.or.kr/kor/realtime/sumun/ajaxProc.do,DATA5,1,H1,2022-03-27,2022-04-25,01_raw/KWater/mywater_period/H1/group1/DATA5/2022-03-27_2022-04-25.json,308880,5649948dac3dede0978c1dff4c7e7bb10412dc256ae828fefa30e02b735f22d8,27,720,N
2026-09-29T12:01:14Z,K-water,MyWater(water.or.kr) 댐/보 기간별자료,https://www.water.or.kr/kor/realtime/sumun/ajaxProc.do,DATA5,1,H1,2022-04-26,2022-05-25,01_raw/KWater/mywater_period/H1/group1/DATA5/2022-04-26_2022-05-25.json,303473,30a43b64fcc642a514838240707769fcb79610182f38ea782245e89a1455264a,27,720,N
2026-09-29T12:01:14Z,K-water,MyWater(water.or.kr) 댐/보 기간별자료,https://www.water.or.kr/kor/realtime/sumun/ajaxProc.do,DATA3,1,M1,2022-06-21,2022-06-27,01_raw/KWater/mywater_period/M1/group1/DATA3/2022-06-21_2022-06-27.json,367334,0cd17dbfed2c58441f6f2a4d29f0665f67ecd406cb832cf5ab7659bf66bf2c50,27,1008,N
2026-09-29T12:01:18Z,K-water,MyWater(water.or.kr) 댐/보 기간별자료,https://www.water.or.kr/kor/realtime/sumun/ajaxProc.do,DATA5,1,H1,2022-05-26,2022-06-24,01_raw/KWater/mywater_period/H1/group1/DATA5/2022-05-26_2022-06-24.json,301071,f3a6b9d94c3cfa064e8d7fa3d6e518edb1cae1ee0c2498d815aecaf236e22d55,27,720,N
2026-09-29T12:01:20Z,K-water,MyWater(water.or.kr) 댐/보 기간별자료,https://www.water.or.kr/kor/realtime/sumun/ajaxProc.do,DATA3,1,M1,2022-06-28,2022-07-04,01_raw/KWater/mywater_period/M1/group1/DATA3/2022-06-28_2022-07-04.json,367398,0dda5536e8c3ccbab288e91f44ec9f926bce2243e88eb09962db423e49186331,27,1008,N
2026-09-29T12:01:22Z,K-water,MyWater(water.or.kr) 댐/보 기간별자료,https://www.water.or.kr/kor/realtime/sumun/ajaxProc.do,DATA5,1,H1,2022-06-25,2022-07-24,01_raw/KWater/mywater_period/H1/group1/DATA5/2022-06-25_2022-07-24.json,312499,71ebaee114d1bb502ecced771a6f3f5c26d3a75da00f7ef20b4ccd1c1b854b5e,27,720,N
2026-09-29T12:01:26Z,K-water,MyWater(water.or.kr) 댐/보 기간별자료,https://www.water.or.kr/kor/realtime/sumun/ajaxProc.do,DATA5,1,H1,2022-07-25,2022-08-23,01_raw/KWater/mywater_period/H1/group1/DATA5/2022-07-25_2022-08-23.json,319554,dd63b933517380a9161976811396f7c9deb2577ec1c461edacafff4e17214d6a,27,720,N
2026-09-29T12:01:25Z,K-water,MyWater(water.or.kr) 댐/보 기간별자료,https://www.water.or.kr/kor/realtime/sumun/ajaxProc.do,DATA3,1,M1,2022-07-05,2022-07-11,01_raw/KWater/mywater_period/M1/group1/DATA3/2022-07-05_2022-07-11.json,366295,cbf7b0d0c4c87bfae81d8238bdc32754cdea90f69fac1685d3ddd2078e897daf,27,1008,N
2026-09-29T12:01:30Z,K-water,MyWater(water.or.kr) 댐/보 기간별자료,https://www.water.or.kr/kor/realtime/sumun/ajaxProc.do,DATA5,1,H1,2022-08-24,2022-09-22,01_raw/KWater/mywater_period/H1/group1/DATA5/2022-08-24_2022-09-22.json,317020,bb318cb4f227b0c3adeb48a6b3d9633d6553de33fba3dc850e9e7d75171c985b,27,720,N
2026-09-29T12:01:30Z,K-water,MyWater(water.or.kr) 댐/보 기간별자료,https://www.water.or.kr/kor/realtime/sumun/ajaxProc.do,DATA3,1,M1,2022-07-12,2022-07-18,01_raw/KWater/mywater_period/M1/group1/DATA3/2022-07-12_2022-07-18.json,368387,7fa0dbb8721d7266b9fc17e3586830bb554204ead2a8d7a0509a059d2fc85605,27,1008,N
2026-09-29T12:01:34Z,K-water,MyWater(water.or.kr) 댐/보 기간별자료,https://www.water.or.kr/kor/realtime/sumun/ajaxProc.do,DATA5,1,H1,2022-09-23,2022-10-22,01_raw/KWater/mywater_period/H1/group1/DATA5/2022-09-23_2022-10-22.json,307194,7133d6f8d9e410ec7b08a83076bb137f77313697bfec1526e9943029d36ff077,27,720,N
2026-09-29T12:01:35Z,K-water,MyWater(water.or.kr) 댐/보 기간별자료,https://www.water.or.kr/kor/realtime/sumun/ajaxProc.do,DATA3,1,M1,2022-07-19,2022-07-25,01_raw/KWater/mywater_period/M1/group1/DATA3/2022-07-19_2022-07-25.json,368076,f2d480cd973ca6ae1d5f9bcda97caf962eb1367b1552ae8dcf67c952a1d9722c,27,1008,N
2026-09-29T12:01:38Z,K-water,MyWater(water.or.kr) 댐/보 기간별자료,https://www.water.or.kr/kor/realtime/sumun/ajaxProc.do,DATA5,1,H1,2022-10-23,2022-11-21,01_raw/KWater/mywater_period/H1/group1/DATA5/2022-10-23_2022-11-21.json,304238,4d7911ee83a9f5a6ea8a8529ca3a164ffe195e3fcdae6e6d882cadef78ac47f1,27,720,N
2026-09-29T12:01:40Z,K-water,MyWater(water.or.kr) 댐/보 기간별자료,https://www.water.or.kr/kor/realtime/sumun/ajaxProc.do,DATA3,1,M1,2022-07-26,2022-08-01,01_raw/KWater/mywater_period/M1/group1/DATA3/2022-07-26_2022-08-01.json,367058,62dc3a62a1580d4ad1ea91f60fdab4aa625bdf8b3dd0ee851e9723ce4686ba8b,27,1008,N
2026-09-29T12:01:42Z,K-water,MyWater(water.or.kr) 댐/보 기간별자료,https://www.water.or.kr/kor/realtime/sumun/ajaxProc.do,DATA5,1,H1,2022-11-22,2022-12-21,01_raw/KWater/mywater_period/H1/group1/DATA5/2022-11-22_2022-12-21.json,303817,9a672c4e59499ff9954b10b452066ed00541795768ae21fd7772e29f33077046,27,720,N
2026-09-29T12:01:45Z,K-water,MyWater(water.or.kr) 댐/보 기간별자료,https://www.water.or.kr/kor/realtime/sumun/ajaxProc.do,DATA3,1,M1,2022-08-02,2022-08-08,01_raw/KWater/mywater_period/M1/group1/DATA3/2022-08-02_2022-08-08.json,367324,3e8de2391dbc8a5dc0520838f85c54da795d6a3a32055b86e2c2e0467ab8d8b1,27,1008,N
2026-09-29T12:01:46Z,K-water,MyWater(water.or.kr) 댐/보 기간별자료,https://www.water.or.kr/kor/realtime/sumun/ajaxProc.do,DATA5,1,H1,2022-12-22,2023-01-20,01_raw/KWater/mywater_period/H1/group1/DATA5/2022-12-22_2023-01-20.json,303768,d1c5849fa5d0090534b81754cd8d67d52c3ba0adfd83d47e05c1b500a4be9406,27,720,N
2026-09-29T12:01:50Z,K-water,MyWater(water.or.kr) 댐/보 기간별자료,https://www.water.or.kr/kor/realtime/sumun/ajaxProc.do,DATA3,1,M1,2022-08-09,2022-08-15,01_raw/KWater/mywater_period/M1/group1/DATA3/2022-08-09_2022-08-15.json,372028,7351e84ccd9023ef5e8337f099b2ae43329216bdf74252fb13e35ccca6ed2e65,27,1008,N
2026-09-29T12:01:50Z,K-water,MyWater(water.or.kr) 댐/보 기간별자료,https://www.water.or.kr/kor/realtime/sumun/ajaxProc.do,DATA5,1,H1,2023-01-21,2023-02-19,01_raw/KWater/mywater_period/H1/group1/DATA5/2023-01-21_2023-02-19.json,301222,b34492318713060fea61278613fb9edf3dddb70677b9567a0cbfdc9f0899816c,27,720,N
2026-09-29T12:01:54Z,K-water,MyWater(water.or.kr) 댐/보 기간별자료,https://www.water.or.kr/kor/realtime/sumun/ajaxProc.do,DATA3,1,M1,2022-08-16,2022-08-22,01_raw/KWater/mywater_period/M1/group1/DATA3/2022-08-16_2022-08-22.json,366934,8383c41baab95cd0a5d4d4883c1698f455195debdcc7ca912fea82c1c73c12e6,27,1008,N
2026-09-29T12:01:54Z,K-water,MyWater(water.or.kr) 댐/보 기간별자료,https://www.water.or.kr/kor/realtime/sumun/ajaxProc.do,DATA5,1,H1,2023-02-20,2023-03-21,01_raw/KWater/mywater_period/H1/group1/DATA5/2023-02-20_2023-03-21.json,300689,ea3b1202387e76bd26048c4cc9eeba643a2207ca28bbe809293e3b29bc2bd6eb,27,720,N
2026-09-29T12:01:58Z,K-water,MyWater(water.or.kr) 댐/보 기간별자료,https://www.water.or.kr/kor/realtime/sumun/ajaxProc.do,DATA5,1,H1,2023-03-22,2023-04-20,01_raw/KWater/mywater_period/H1/group1/DATA5/2023-03-22_2023-04-20.json,305450,82ec389960d0ad16292eb8f1b716bd76f3ec5f95cffcb296f45d2f172c7dc217,27,720,N
2026-09-29T12:01:58Z,K-water,MyWater(water.or.kr) 댐/보 기간별자료,https://www.water.or.kr/kor/realtime/sumun/ajaxProc.do,DATA3,1,M1,2022-08-23,2022-08-29,01_raw/KWater/mywater_period/M1/group1/DATA3/2022-08-23_2022-08-29.json,364779,3c3b0a666295b59ef2b420a3fecca3c9e9647a6a060007e12f990fa7f8f4056a,27,1008,N
2026-09-29T12:02:02Z,K-water,MyWater(water.or.kr) 댐/보 기간별자료,https://www.water.or.kr/kor/realtime/sumun/ajaxProc.do,DATA5,1,H1,2023-04-21,2023-05-20,01_raw/KWater/mywater_period/H1/group1/DATA5/2023-04-21_2023-05-20.json,309126,6d2ec76974e98b8d22e2b29c42cb9b6518e42a690cafd7b5860b29c9997dbae2,27,720,N
2026-09-29T12:02:02Z,K-water,MyWater(water.or.kr) 댐/보 기간별자료,https://www.water.or.kr/kor/realtime/sumun/ajaxProc.do,DATA3,1,M1,2022-08-30,2022-09-05,01_raw/KWater/mywater_period/M1/group1/DATA3/2022-08-30_2022-09-05.json,371750,5f957679bbb5b0c0a4583976a2f8e7d001f32d57387ffffed1bf35aebfc4b799,27,1008,N
2026-09-29T12:02:06Z,K-water,MyWater(water.or.kr) 댐/보 기간별자료,https://www.water.or.kr/kor/realtime/sumun/ajaxProc.do,DATA5,1,H1,2023-05-21,2023-06-19,01_raw/KWater/mywater_period/H1/group1/DATA5/2023-05-21_2023-06-19.json,306098,0a75f16d404cbff02e43df30f850134f0109e02364e61bb8563c601c0bffaaef,27,720,N
2026-09-29T12:02:07Z,K-water,MyWater(water.or.kr) 댐/보 기간별자료,https://www.water.or.kr/kor/realtime/sumun/ajaxProc.do,DATA3,1,M1,2022-09-06,2022-09-12,01_raw/KWater/mywater_period/M1/group1/DATA3/2022-09-06_2022-09-12.json,364654,b21f2f6df7759f7c18837feff00d4bab6f28df20f9d3b6702e145d60dcaf5707,27,1008,N
2026-09-29T12:02:10Z,K-water,MyWater(water.or.kr) 댐/보 기간별자료,https://www.water.or.kr/kor/realtime/sumun/ajaxProc.do,DATA5,1,H1,2023-06-20,2023-07-19,01_raw/KWater/mywater_period/H1/group1/DATA5/2023-06-20_2023-07-19.json,330446,bc70364982b0ce9356a06fc74877e0c17a1f3557895a73be43492851183ea69b,27,720,N
2026-09-29T12:02:11Z,K-water,MyWater(water.or.kr) 댐/보 기간별자료,https://www.water.or.kr/kor/realtime/sumun/ajaxProc.do,DATA3,1,M1,2022-09-13,2022-09-19,01_raw/KWater/mywater_period/M1/group1/DATA3/2022-09-13_2022-09-19.json,363478,042e26203197c2c73a4ebb2f85b4bbb70bc7833159c158e23b15f852e0d64d03,27,1008,N
2026-09-29T12:02:14Z,K-water,MyWater(water.or.kr) 댐/보 기간별자료,https://www.water.or.kr/kor/realtime/sumun/ajaxProc.do,DATA5,1,H1,2023-07-20,2023-08-18,01_raw/KWater/mywater_period/H1/group1/DATA5/2023-07-20_2023-08-18.json,322953,183e59f34ba94e98970fa6bf0841b339ee6d451d3c8dbbd0c398d7749c254eb4,27,720,N
2026-09-29T12:02:16Z,K-water,MyWater(water.or.kr) 댐/보 기간별자료,https://www.water.or.kr/kor/realtime/sumun/ajaxProc.do,DATA3,1,M1,2022-09-20,2022-09-26,01_raw/KWater/mywater_period/M1/group1/DATA3/2022-09-20_2022-09-26.json,361965,238e76ed72c450fb2fe6dad9f510819b4a503ef8636a57ede376f4e32f75ea22,27,1008,N
2026-09-29T12:02:18Z,K-water,MyWater(water.or.kr) 댐/보 기간별자료,https://www.water.or.kr/kor/realtime/sumun/ajaxProc.do,DATA5,1,H1,2023-08-19,2023-09-17,01_raw/KWater/mywater_period/H1/group1/DATA5/2023-08-19_2023-09-17.json,321213,445f8951b7e691f8d6f80ba83a566e88be06366aa0bd995e6b9516e8278759dd,27,720,N
2026-09-29T12:02:20Z,K-water,MyWater(water.or.kr) 댐/보 기간별자료,https://www.water.or.kr/kor/realtime/sumun/ajaxProc.do,DATA3,1,M1,2022-09-27,2022-09-30,01_raw/KWater/mywater_period/M1/group1/DATA3/2022-09-27_2022-09-30.json,210735,e5f7dd33c39894f95d30810f9cc32b513515c78b042f00c8d681363bc811de9e,27,576,N
2026-09-29T12:02:22Z,K-water,MyWater(water.or.kr) 댐/보 기간별자료,https://www.water.or.kr/kor/realtime/sumun/ajaxProc.do,DATA5,1,H1,2023-09-18,2023-10-17,01_raw/KWater/mywater_period/H1/group1/DATA5/2023-09-18_2023-10-17.json,319563,3150baad4f1f5f870b3e309b892bafed2765bfbfcc90f69df50c98e5f89c68f6,27,720,N
2026-09-29T12:02:24Z,K-water,MyWater(water.or.kr) 댐/보 기간별자료,https://www.water.or.kr/kor/realtime/sumun/ajaxProc.do,DATA4,1,M1,2022-06-21,2022-06-27,01_raw/KWater/mywater_period/M1/group1/DATA4/2022-06-21_2022-06-27.json,437036,c76f776127b5ca1b5c9784fb6f1ad57735a9a6e0601a13e358b2404e10d57426,27,1008,N
2026-09-29T12:02:26Z,K-water,MyWater(water.or.kr) 댐/보 기간별자료,https://www.water.or.kr/kor/realtime/sumun/ajaxProc.do,DATA5,1,H1,2023-10-18,2023-11-16,01_raw/KWater/mywater_period/H1/group1/DATA5/2023-10-18_2023-11-16.json,306888,eb99e53f13181321234eebaad7481604675c3738add8c3dae3004cd1711a0366,27,720,N
2026-09-29T12:02:28Z,K-water,MyWater(water.or.kr) 댐/보 기간별자료,https://www.water.or.kr/kor/realtime/sumun/ajaxProc.do,DATA4,1,M1,2022-06-28,2022-07-04,01_raw/KWater/mywater_period/M1/group1/DATA4/2022-06-28_2022-07-04.json,439666,e062ed191313c1fb0eef1ea3a5e9205b16ae9b71a3d57c6add5b1596de876b6c,27,1008,N
2026-09-29T12:02:30Z,K-water,MyWater(water.or.kr) 댐/보 기간별자료,https://www.water.or.kr/kor/realtime/sumun/ajaxProc.do,DATA5,1,H1,2023-11-17,2023-12-16,01_raw/KWater/mywater_period/H1/group1/DATA5/2023-11-17_2023-12-16.json,308983,28b0f01beabe659c76abfe7d65fc778e16b4590f326e4ab1c6a5162467fb5326,27,720,N
2026-09-29T12:02:33Z,K-water,MyWater(water.or.kr) 댐/보 기간별자료,https://www.water.or.kr/kor/realtime/sumun/ajaxProc.do,DATA4,1,M1,2022-07-05,2022-07-11,01_raw/KWater/mywater_period/M1/group1/DATA4/2022-07-05_2022-07-11.json,434175,d9103ad985d986b22da4c4ae513324338a12b7ca742c09356ce713302ce3ac2e,27,1008,N
2026-09-29T12:02:35Z,K-water,MyWater(water.or.kr) 댐/보 기간별자료,https://www.water.or.kr/kor/realtime/sumun/ajaxProc.do,DATA5,1,H1,2023-12-17,2024-01-15,01_raw/KWater/mywater_period/H1/group1/DATA5/2023-12-17_2024-01-15.json,311234,b96201e9bd70f290aeed0f792a256865c97c2ee90274910eaf7a02c049bf653f,27,720,N
2026-09-29T12:02:37Z,K-water,MyWater(water.or.kr) 댐/보 기간별자료,https://www.water.or.kr/kor/realtime/sumun/ajaxProc.do,DATA4,1,M1,2022-07-12,2022-07-18,01_raw/KWater/mywater_period/M1/group1/DATA4/2022-07-12_2022-07-18.json,440139,263f655127a7038c3c39cfb295fa26dda95f91dcd924b0ace5f5d29dfa9e810a,27,1008,N
2026-09-29T12:02:40Z,K-water,MyWater(water.or.kr) 댐/보 기간별자료,https://www.water.or.kr/kor/realtime/sumun/ajaxProc.do,DATA5,1,H1,2024-01-16,2024-02-14,01_raw/KWater/mywater_period/H1/group1/DATA5/2024-01-16_2024-02-14.json,310208,9b5525656bd6c18a35eb88259ef159d50136a8a484650d36caf136c62c116577,27,720,N
2026-09-29T12:02:42Z,K-water,MyWater(water.or.kr) 댐/보 기간별자료,https://www.water.or.kr/kor/realtime/sumun/ajaxProc.do,DATA4,1,M1,2022-07-19,2022-07-25,01_raw/KWater/mywater_period/M1/group1/DATA4/2022-07-19_2022-07-25.json,445137,c33db5cd9aa280ae54e4feafb79d9c9f7635d72ffce9d527226143808a0e4028,27,1008,N
2026-09-29T12:02:44Z,K-water,MyWater(water.or.kr) 댐/보 기간별자료,https://www.water.or.kr/kor/realtime/sumun/ajaxProc.do,DATA5,1,H1,2024-02-15,2024-03-15,01_raw/KWater/mywater_period/H1/group1/DATA5/2024-02-15_2024-03-15.json,318108,179f9cd537425144a6a0036abb97a8a18d802aef25b02043196683082e2a0249,27,720,N
2026-09-29T12:02:46Z,K-water,MyWater(water.or.kr) 댐/보 기간별자료,https://www.water.or.kr/kor/realtime/sumun/ajaxProc.do,DATA4,1,M1,2022-07-26,2022-08-01,01_raw/KWater/mywater_period/M1/group1/DATA4/2022-07-26_2022-08-01.json,437122,044040a1184882e2dc9c1538ef6235c7b7ded702459859692dc753671fbdc6df,27,1008,N
2026-09-29T12:02:48Z,K-water,MyWater(water.or.kr) 댐/보 기간별자료,https://www.water.or.kr/kor/realtime/sumun/ajaxProc.do,DATA5,1,H1,2024-03-16,2024-04-14,01_raw/KWater/mywater_period/H1/group1/DATA5/2024-03-16_2024-04-14.json,316780,ee4c13c72dc0761595e052f36294e23c754f541752d633e53ac4f074a3fa498a,27,720,N
2026-09-29T12:02:50Z,K-water,MyWater(water.or.kr) 댐/보 기간별자료,https://www.water.or.kr/kor/realtime/sumun/ajaxProc.do,DATA4,1,M1,2022-08-02,2022-08-08,01_raw/KWater/mywater_period/M1/group1/DATA4/2022-08-02_2022-08-08.json,444392,109ea795ed9d934a0e5e4ea35f3f2473b5b4d25fbfa19b629171b7afb1a98f91,27,1008,N
2026-09-29T12:02:51Z,K-water,MyWater(water.or.kr) 댐/보 기간별자료,https://www.water.or.kr/kor/realtime/sumun/ajaxProc.do,DATA5,1,H1,2024-04-15,2024-05-14,01_raw/KWater/mywater_period/H1/group1/DATA5/2024-04-15_2024-05-14.json,314386,0f5ae096a9cc7c19a6ed74e56a8c94a55cde5ab4b61ee94fa6c20c4893d00355,27,720,N
2026-09-29T12:02:55Z,K-water,MyWater(water.or.kr) 댐/보 기간별자료,https://www.water.or.kr/kor/realtime/sumun/ajaxProc.do,DATA4,1,M1,2022-08-09,2022-08-15,01_raw/KWater/mywater_period/M1/group1/DATA4/2022-08-09_2022-08-15.json,452221,c514ef8a61a5101477eb8e79b0137aa35a0f88cd2d318dfad0b95f3cf988dbff,27,1008,N
2026-09-29T12:02:55Z,K-water,MyWater(water.or.kr) 댐/보 기간별자료,https://www.water.or.kr/kor/realtime/sumun/ajaxProc.do,DATA5,1,H1,2024-05-15,2024-06-13,01_raw/KWater/mywater_period/H1/group1/DATA5/2024-05-15_2024-06-13.json,307877,39a5a46557f5011e235b54af6fc9599071ec166d77bd445407833049b6f2247a,27,720,N
2026-09-29T12:02:59Z,K-water,MyWater(water.or.kr) 댐/보 기간별자료,https://www.water.or.kr/kor/realtime/sumun/ajaxProc.do,DATA5,1,H1,2024-06-14,2024-07-13,01_raw/KWater/mywater_period/H1/group1/DATA5/2024-06-14_2024-07-13.json,317039,17fba3868a1925474fa02af941398a534ca760298c09bb32695a090412654460,27,720,N
2026-09-29T12:02:59Z,K-water,MyWater(water.or.kr) 댐/보 기간별자료,https://www.water.or.kr/kor/realtime/sumun/ajaxProc.do,DATA4,1,M1,2022-08-16,2022-08-22,01_raw/KWater/mywater_period/M1/group1/DATA4/2022-08-16_2022-08-22.json,454988,a94414454306bb655ea43a082481d9df78578a86863e0f13bfc5cc152fa012d5,27,1008,N
2026-09-29T12:03:03Z,K-water,MyWater(water.or.kr) 댐/보 기간별자료,https://www.water.or.kr/kor/realtime/sumun/ajaxProc.do,DATA5,1,H1,2024-07-14,2024-08-12,01_raw/KWater/mywater_period/H1/group1/DATA5/2024-07-14_2024-08-12.json,319248,7e0025655cc8c034c7a1144fcd0ad5593aa7b33cfd5ac565014b69e8baebc201,27,720,N
2026-09-29T12:03:04Z,K-water,MyWater(water.or.kr) 댐/보 기간별자료,https://www.water.or.kr/kor/realtime/sumun/ajaxProc.do,DATA4,1,M1,2022-08-23,2022-08-29,01_raw/KWater/mywater_period/M1/group1/DATA4/2022-08-23_2022-08-29.json,441195,2e90ef09a005608f7e7a51c603a9453555c9822b8c14140d09c9e17f4f25216e,27,1008,N
2026-09-29T12:03:07Z,K-water,MyWater(water.or.kr) 댐/보 기간별자료,https://www.water.or.kr/kor/realtime/sumun/ajaxProc.do,DATA5,1,H1,2024-08-13,2024-09-11,01_raw/KWater/mywater_period/H1/group1/DATA5/2024-08-13_2024-09-11.json,306728,999dfc9810a783bacf28bbd7f73b7e866069edc14f9a416426938e5b8f291a6a,27,720,N
2026-09-29T12:03:09Z,K-water,MyWater(water.or.kr) 댐/보 기간별자료,https://www.water.or.kr/kor/realtime/sumun/ajaxProc.do,DATA4,1,M1,2022-08-30,2022-09-05,01_raw/KWater/mywater_period/M1/group1/DATA4/2022-08-30_2022-09-05.json,451904,03894c73fb1b95d5f257e9604579220b0f1a832f325a584ef7e996e1bff2518d,27,1008,N
2026-09-29T12:03:11Z,K-water,MyWater(water.or.kr) 댐/보 기간별자료,https://www.water.or.kr/kor/realtime/sumun/ajaxProc.do,DATA5,1,H1,2024-09-12,2024-10-11,01_raw/KWater/mywater_period/H1/group1/DATA5/2024-09-12_2024-10-11.json,313780,8f925b5f50d83e38883ccaa4799843a82e1918c94fd8955252df617917bcc0c6,27,720,N
2026-09-29T12:03:14Z,K-water,MyWater(water.or.kr) 댐/보 기간별자료,https://www.water.or.kr/kor/realtime/sumun/ajaxProc.do,DATA4,1,M1,2022-09-06,2022-09-12,01_raw/KWater/mywater_period/M1/group1/DATA4/2022-09-06_2022-09-12.json,459284,eaf76939805558d3cc8f08c22a5384b4ce372edfe92ba52ab832e07e7b872a39,27,1008,N
2026-09-29T12:03:15Z,K-water,MyWater(water.or.kr) 댐/보 기간별자료,https://www.water.or.kr/kor/realtime/sumun/ajaxProc.do,DATA5,1,H1,2024-10-12,2024-11-10,01_raw/KWater/mywater_period/H1/group1/DATA5/2024-10-12_2024-11-10.json,311629,f095665d4246188179c289954f9191aee9a54967e986e0504902bb6787aff3b6,27,720,N
2026-09-29T12:03:18Z,K-water,MyWater(water.or.kr) 댐/보 기간별자료,https://www.water.or.kr/kor/realtime/sumun/ajaxProc.do,DATA4,1,M1,2022-09-13,2022-09-19,01_raw/KWater/mywater_period/M1/group1/DATA4/2022-09-13_2022-09-19.json,437890,1a01e317a0a2d40e25155c46ddc213b7d22436d7e57c68da3bec4c0e8edcf7e4,27,1008,N
2026-09-29T12:03:19Z,K-water,MyWater(water.or.kr) 댐/보 기간별자료,https://www.water.or.kr/kor/realtime/sumun/ajaxProc.do,DATA5,1,H1,2024-11-11,2024-12-10,01_raw/KWater/mywater_period/H1/group1/DATA5/2024-11-11_2024-12-10.json,306694,b9902bae3792ca20bee843ef5f2a502e0b58db15fef0235a07f1e2fc4733c62b,27,720,N
2026-09-29T12:03:22Z,K-water,MyWater(water.or.kr) 댐/보 기간별자료,https://www.water.or.kr/kor/realtime/sumun/ajaxProc.do,DATA4,1,M1,2022-09-20,2022-09-26,01_raw/KWater/mywater_period/M1/group1/DATA4/2022-09-20_2022-09-26.json,433470,56b181338dcd95783e8cfa34bdf210094271946aa7e6dfc567c99b78f5e417d0,27,1008,N
2026-09-29T12:03:24Z,K-water,MyWater(water.or.kr) 댐/보 기간별자료,https://www.water.or.kr/kor/realtime/sumun/ajaxProc.do,DATA5,1,H1,2024-12-11,2025-01-09,01_raw/KWater/mywater_period/H1/group1/DATA5/2024-12-11_2025-01-09.json,302096,d09f1b041cd8c5fd35d28a3f5341fb1be42b0330a5cc4069283f8c158bf67a25,27,720,N
2026-09-29T12:03:27Z,K-water,MyWater(water.or.kr) 댐/보 기간별자료,https://www.water.or.kr/kor/realtime/sumun/ajaxProc.do,DATA4,1,M1,2022-09-27,2022-09-30,01_raw/KWater/mywater_period/M1/group1/DATA4/2022-09-27_2022-09-30.json,250528,e5ff0b1c34d8203ea39b6606206d96fa2afaa80dbe3c6904a6a1daed723afd0f,27,576,N
2026-09-29T12:03:28Z,K-water,MyWater(water.or.kr) 댐/보 기간별자료,https://www.water.or.kr/kor/realtime/sumun/ajaxProc.do,DATA5,1,H1,2025-01-10,2025-02-08,01_raw/KWater/mywater_period/H1/group1/DATA5/2025-01-10_2025-02-08.json,302370,9b0ef3961ccc4c3a2fc8ec9b4822398c3e52f6d61c1f3f183e0bc99883e20ad4,27,720,N
2026-09-29T12:03:31Z,K-water,MyWater(water.or.kr) 댐/보 기간별자료,https://www.water.or.kr/kor/realtime/sumun/ajaxProc.do,DATA5,1,M1,2022-06-21,2022-06-27,01_raw/KWater/mywater_period/M1/group1/DATA5/2022-06-21_2022-06-27.json,430456,9dbd7f9676397a6c54e7079eef11cc21ed298dbb046e8807ac051bf194a070bb,27,1008,N
2026-09-29T12:03:32Z,K-water,MyWater(water.or.kr) 댐/보 기간별자료,https://www.water.or.kr/kor/realtime/sumun/ajaxProc.do,DATA5,1,H1,2025-02-09,2025-03-10,01_raw/KWater/mywater_period/H1/group1/DATA5/2025-02-09_2025-03-10.json,304701,b8f711c1e11e07a30643cd828750a00e569aa59c8d90e0206fc912ab77685b1f,27,720,N
2026-09-29T12:03:36Z,K-water,MyWater(water.or.kr) 댐/보 기간별자료,https://www.water.or.kr/kor/realtime/sumun/ajaxProc.do,DATA5,1,H1,2025-03-11,2025-04-09,01_raw/KWater/mywater_period/H1/group1/DATA5/2025-03-11_2025-04-09.json,305540,92469507f63f267fbda85229938e052a9b74a5fe2c96b6ad5c37eac6a0faba0f,27,720,N
2026-09-29T12:03:36Z,K-water,MyWater(water.or.kr) 댐/보 기간별자료,https://www.water.or.kr/kor/realtime/sumun/ajaxProc.do,DATA5,1,M1,2022-06-28,2022-07-04,01_raw/KWater/mywater_period/M1/group1/DATA5/2022-06-28_2022-07-04.json,434304,676838893384cb4eaee1767e208c4b04262d4701d3ab27fd88c7b41cb89b7e4c,27,1008,N
2026-09-29T12:03:41Z,K-water,MyWater(water.or.kr) 댐/보 기간별자료,https://www.water.or.kr/kor/realtime/sumun/ajaxProc.do,DATA5,1,H1,2025-04-10,2025-05-09,01_raw/KWater/mywater_period/H1/group1/DATA5/2025-04-10_2025-05-09.json,310008,082812f391004dac02d2c48c4432b259d6a0fa3acd4c0d1b2e76ceebb477a226,27,720,N
2026-09-29T12:03:41Z,K-water,MyWater(water.or.kr) 댐/보 기간별자료,https://www.water.or.kr/kor/realtime/sumun/ajaxProc.do,DATA5,1,M1,2022-07-05,2022-07-11,01_raw/KWater/mywater_period/M1/group1/DATA5/2022-07-05_2022-07-11.json,428743,8965d6a5e92c2bd47c301626c8c26e8fea82515aa0df75fc7f5e825aeb5cf6dd,27,1008,N
2026-09-29T12:03:45Z,K-water,MyWater(water.or.kr) 댐/보 기간별자료,https://www.water.or.kr/kor/realtime/sumun/ajaxProc.do,DATA5,1,H1,2025-05-10,2025-06-08,01_raw/KWater/mywater_period/H1/group1/DATA5/2025-05-10_2025-06-08.json,307890,fd89f9673cdeb21d6815e6a10c9c2cfbaf0dcce2baf09ea8c7c18fe5862a360a,27,720,N
2026-09-29T12:03:46Z,K-water,MyWater(water.or.kr) 댐/보 기간별자료,https://www.water.or.kr/kor/realtime/sumun/ajaxProc.do,DATA5,1,M1,2022-07-12,2022-07-18,01_raw/KWater/mywater_period/M1/group1/DATA5/2022-07-12_2022-07-18.json,435346,5896f0b0cdd6d1f4348b46f336dcf9206b9328c86b107aa7d8d83f0b44caeff5,27,1008,N
2026-09-29T12:03:49Z,K-water,MyWater(water.or.kr) 댐/보 기간별자료,https://www.water.or.kr/kor/realtime/sumun/ajaxProc.do,DATA5,1,H1,2025-06-09,2025-07-08,01_raw/KWater/mywater_period/H1/group1/DATA5/2025-06-09_2025-07-08.json,311783,8d1b0c7383594ad45f7c3553e42a2260bc01c6a77612026042aa2975d9a79ad8,27,720,N
2026-09-29T12:03:50Z,K-water,MyWater(water.or.kr) 댐/보 기간별자료,https://www.water.or.kr/kor/realtime/sumun/ajaxProc.do,DATA5,1,M1,2022-07-19,2022-07-25,01_raw/KWater/mywater_period/M1/group1/DATA5/2022-07-19_2022-07-25.json,441232,b9cb76b2c7fdc034e3e0b69dd02b70b10a8157d7f2c6ffd0f2fc9a6e2328eafb,27,1008,N
2026-09-29T12:03:53Z,K-water,MyWater(water.or.kr) 댐/보 기간별자료,https://www.water.or.kr/kor/realtime/sumun/ajaxProc.do,DATA5,1,H1,2025-07-09,2025-08-07,01_raw/KWater/mywater_period/H1/group1/DATA5/2025-07-09_2025-08-07.json,315189,c500eca92a48182f8a99c713882bb3871dc1cd20bd728b815855fed0bfd05a7e,27,720,N
2026-09-29T12:03:55Z,K-water,MyWater(water.or.kr) 댐/보 기간별자료,https://www.water.or.kr/kor/realtime/sumun/ajaxProc.do,DATA5,1,M1,2022-07-26,2022-08-01,01_raw/KWater/mywater_period/M1/group1/DATA5/2022-07-26_2022-08-01.json,432342,1a560d769b56374848e7d10ec83d8ab5596f85dc5755544c1043c7b171b62cc9,27,1008,N
2026-09-29T12:03:58Z,K-water,MyWater(water.or.kr) 댐/보 기간별자료,https://www.water.or.kr/kor/realtime/sumun/ajaxProc.do,DATA5,1,H1,2025-08-08,2025-09-06,01_raw/KWater/mywater_period/H1/group1/DATA5/2025-08-08_2025-09-06.json,309578,40d6c377979ff5a6fe1d37e861e7fd173a8dde2160cca3ab9f016688dc1d482d,27,720,N
2026-09-29T12:03:59Z,K-water,MyWater(water.or.kr) 댐/보 기간별자료,https://www.water.or.kr/kor/realtime/sumun/ajaxProc.do,DATA5,1,M1,2022-08-02,2022-08-08,01_raw/KWater/mywater_period/M1/group1/DATA5/2022-08-02_2022-08-08.json,439798,e4faffc63b1f489db5d708df20e698f9aaf8fd67169b253b97192bffd8511b9f,27,1008,N
2026-09-29T12:04:02Z,K-water,MyWater(water.or.kr) 댐/보 기간별자료,https://www.water.or.kr/kor/realtime/sumun/ajaxProc.do,DATA5,1,H1,2025-09-07,2025-10-06,01_raw/KWater/mywater_period/H1/group1/DATA5/2025-09-07_2025-10-06.json,319294,6e996934339b282bce24646b3d33e09fb4fc43e5f2a17cef1183e1c8a3f248cd,27,720,N
2026-09-29T12:04:03Z,K-water,MyWater(water.or.kr) 댐/보 기간별자료,https://www.water.or.kr/kor/realtime/sumun/ajaxProc.do,DATA5,1,M1,2022-08-09,2022-08-15,01_raw/KWater/mywater_period/M1/group1/DATA5/2022-08-09_2022-08-15.json,449139,ce426cc12eb57f117a83635acd1538ee047f99736605c02039d0c2f1646c87f9,27,1008,N
2026-09-29T12:04:06Z,K-water,MyWater(water.or.kr) 댐/보 기간별자료,https://www.water.or.kr/kor/realtime/sumun/ajaxProc.do,DATA5,1,H1,2025-10-07,2025-11-05,01_raw/KWater/mywater_period/H1/group1/DATA5/2025-10-07_2025-11-05.json,317682,3199e5a0d56e694d704080fd8ec64efde25ca086043961573755352351e62984,27,720,N
2026-09-29T12:04:08Z,K-water,MyWater(water.or.kr) 댐/보 기간별자료,https://www.water.or.kr/kor/realtime/sumun/ajaxProc.do,DATA5,1,M1,2022-08-16,2022-08-22,01_raw/KWater/mywater_period/M1/group1/DATA5/2022-08-16_2022-08-22.json,451514,34988ec7da33b75c48f1c177c325d4a916d38758c500bc67a2860a43cfb23e37,27,1008,N
2026-09-29T12:04:10Z,K-water,MyWater(water.or.kr) 댐/보 기간별자료,https://www.water.or.kr/kor/realtime/sumun/ajaxProc.do,DATA5,1,H1,2025-11-06,2025-12-05,01_raw/KWater/mywater_period/H1/group1/DATA5/2025-11-06_2025-12-05.json,302149,2dbd27db2a26c20d39628e350547063c2bf68fb6b4fc7f102ca82be9c1ca27e2,27,720,N
2026-09-29T12:04:13Z,K-water,MyWater(water.or.kr) 댐/보 기간별자료,https://www.water.or.kr/kor/realtime/sumun/ajaxProc.do,DATA5,1,M1,2022-08-23,2022-08-29,01_raw/KWater/mywater_period/M1/group1/DATA5/2022-08-23_2022-08-29.json,434255,a1ccc81a204131480190e39b16ea2b8caee13f75ae28f61d62d01e184fa53a4b,27,1008,N
2026-09-29T12:04:14Z,K-water,MyWater(water.or.kr) 댐/보 기간별자료,https://www.water.or.kr/kor/realtime/sumun/ajaxProc.do,DATA5,1,H1,2025-12-06,2026-01-04,01_raw/KWater/mywater_period/H1/group1/DATA5/2025-12-06_2026-01-04.json,299434,7888d7f7044ab05eea7b07db2fda9a10af730c6ee6801dd6bad214641198f02e,27,720,N
2026-09-29T12:04:18Z,K-water,MyWater(water.or.kr) 댐/보 기간별자료,https://www.water.or.kr/kor/realtime/sumun/ajaxProc.do,DATA5,1,H1,2026-01-05,2026-02-03,01_raw/KWater/mywater_period/H1/group1/DATA5/2026-01-05_2026-02-03.json,297136,143b4bcececde564032b8885387ac29fec057c9f54cd6b53cc2ec301d5627d3a,27,720,N
2026-09-29T12:04:17Z,K-water,MyWater(water.or.kr) 댐/보 기간별자료,https://www.water.or.kr/kor/realtime/sumun/ajaxProc.do,DATA5,1,M1,2022-08-30,2022-09-05,01_raw/KWater/mywater_period/M1/group1/DATA5/2022-08-30_2022-09-05.json,443261,365513adba19b591a3c330b4143f416a06b2c495dfc48c759fa6d805c63eecc7,27,1008,N
2026-09-29T12:04:22Z,K-water,MyWater(water.or.kr) 댐/보 기간별자료,https://www.water.or.kr/kor/realtime/sumun/ajaxProc.do,DATA5,1,H1,2026-02-04,2026-03-05,01_raw/KWater/mywater_period/H1/group1/DATA5/2026-02-04_2026-03-05.json,299496,36898da5d5898655842f65bd951e2ab6bd6fece8cc89aea9defd766c7579d409,27,720,N
2026-09-29T12:04:23Z,K-water,MyWater(water.or.kr) 댐/보 기간별자료,https://www.water.or.kr/kor/realtime/sumun/ajaxProc.do,DATA5,1,M1,2022-09-06,2022-09-12,01_raw/KWater/mywater_period/M1/group1/DATA5/2022-09-06_2022-09-12.json,452224,496f874ded26dcfd3f4712fc27b5833f864dd7426b3c8a3fd6f8753f6856fd8a,27,1008,N
2026-09-29T12:04:27Z,K-water,MyWater(water.or.kr) 댐/보 기간별자료,https://www.water.or.kr/kor/realtime/sumun/ajaxProc.do,DATA5,1,H1,2026-03-06,2026-04-04,01_raw/KWater/mywater_period/H1/group1/DATA5/2026-03-06_2026-04-04.json,303866,b9067774bf6bc77fd68c91d8381b8bd4cc49509bf5754718c7a9882c040807ad,27,720,N
2026-09-29T12:04:27Z,K-water,MyWater(water.or.kr) 댐/보 기간별자료,https://www.water.or.kr/kor/realtime/sumun/ajaxProc.do,DATA5,1,M1,2022-09-13,2022-09-19,01_raw/KWater/mywater_period/M1/group1/DATA5/2022-09-13_2022-09-19.json,431796,9233858223eae8fd375af7cad818f8f52af4753af8c991a467d52d6f4430b6ec,27,1008,N
2026-09-29T12:04:31Z,K-water,MyWater(water.or.kr) 댐/보 기간별자료,https://www.water.or.kr/kor/realtime/sumun/ajaxProc.do,DATA5,1,H1,2026-04-05,2026-05-04,01_raw/KWater/mywater_period/H1/group1/DATA5/2026-04-05_2026-05-04.json,310699,6fac4198849a66e5bd1e2e18cadf5869b9c8eadba21134b939cfbb2ddf662d01,27,720,N
2026-09-29T12:04:32Z,K-water,MyWater(water.or.kr) 댐/보 기간별자료,https://www.water.or.kr/kor/realtime/sumun/ajaxProc.do,DATA5,1,M1,2022-09-20,2022-09-26,01_raw/KWater/mywater_period/M1/group1/DATA5/2022-09-20_2022-09-26.json,426995,59e2ff1278e9fb2c6d8fe0b1a7ffaa47ce2eac3e558c908cd296499858571516,27,1008,N
2026-09-29T12:04:36Z,K-water,MyWater(water.or.kr) 댐/보 기간별자료,https://www.water.or.kr/kor/realtime/sumun/ajaxProc.do,DATA5,1,H1,2026-05-05,2026-06-03,01_raw/KWater/mywater_period/H1/group1/DATA5/2026-05-05_2026-06-03.json,305486,5c15fa0f68137e67ad22954f292b63bc42c28b1f598d218729141c06b861aa87,27,720,N
2026-09-29T12:04:37Z,K-water,MyWater(water.or.kr) 댐/보 기간별자료,https://www.water.or.kr/kor/realtime/sumun/ajaxProc.do,DATA5,1,M1,2022-09-27,2022-09-30,01_raw/KWater/mywater_period/M1/group1/DATA5/2022-09-27_2022-09-30.json,247058,98ef3bb965d52402356e610e923cd7600f0de9e23760e36d672711bb2ca40408,27,576,N
2026-09-29T12:04:40Z,K-water,MyWater(water.or.kr) 댐/보 기간별자료,https://www.water.or.kr/kor/realtime/sumun/ajaxProc.do,DATA5,1,H1,2026-06-04,2026-07-03,01_raw/KWater/mywater_period/H1/group1/DATA5/2026-06-04_2026-07-03.json,303553,98a36ba95a2d7dfd3e60b31ac68335547dab2ccd1f27113df304051c9064d476,27,720,N
2026-09-29T12:04:40Z,K-water,MyWater(water.or.kr) 댐/보 기간별자료,https://www.water.or.kr/kor/realtime/sumun/ajaxProc.do,DATA6,1,M1,2022-06-21,2022-06-27,01_raw/KWater/mywater_period/M1/group1/DATA6/2022-06-21_2022-06-27.json,447265,a6cfdc435740ed040604e03fe94b9fc7cb2a6487062812f7b26e0bd9d2948789,27,1008,N
2026-09-29T12:04:44Z,K-water,MyWater(water.or.kr) 댐/보 기간별자료,https://www.water.or.kr/kor/realtime/sumun/ajaxProc.do,DATA5,1,H1,2026-07-04,2026-08-02,01_raw/KWater/mywater_period/H1/group1/DATA5/2026-07-04_2026-08-02.json,313255,f4c37abf8bf4c3296fd29e361d6dfd3ebf0893a36df3b664028e4d0d0cae0d0a,27,720,N
2026-09-29T12:04:45Z,K-water,MyWater(water.or.kr) 댐/보 기간별자료,https://www.water.or.kr/kor/realtime/sumun/ajaxProc.do,DATA6,1,M1,2022-06-28,2022-07-04,01_raw/KWater/mywater_period/M1/group1/DATA6/2022-06-28_2022-07-04.json,448463,2ec14412c96724163797afcb0acf572a47d405f0f162318f41fd587aeb09fc71,27,1008,N
2026-09-29T12:04:48Z,K-water,MyWater(water.or.kr) 댐/보 기간별자료,https://www.water.or.kr/kor/realtime/sumun/ajaxProc.do,DATA5,1,H1,2026-08-03,2026-09-01,01_raw/KWater/mywater_period/H1/group1/DATA5/2026-08-03_2026-09-01.json,307891,82360bfb8dac409e9beac67452d0880821bfe2edc5ccd941b6fe1cef203b864c,27,720,N
2026-09-29T12:04:50Z,K-water,MyWater(water.or.kr) 댐/보 기간별자료,https://www.water.or.kr/kor/realtime/sumun/ajaxProc.do,DATA6,1,M1,2022-07-05,2022-07-11,01_raw/KWater/mywater_period/M1/group1/DATA6/2022-07-05_2022-07-11.json,447928,0902af1f96f0a7a85f914d998d5043ceba001de2939d9e8ce2021671b1fc19fa,27,1008,N
2026-09-29T12:04:53Z,K-water,MyWater(water.or.kr) 댐/보 기간별자료,https://www.water.or.kr/kor/realtime/sumun/ajaxProc.do,DATA5,1,H1,2026-09-02,2026-09-28,01_raw/KWater/mywater_period/H1/group1/DATA5/2026-09-02_2026-09-28.json,275749,ad6bad3a7aba7dc70844806718777b8e022453d822b730d7345ddff41f82e0d3,27,648,N
2026-09-29T12:04:54Z,K-water,MyWater(water.or.kr) 댐/보 기간별자료,https://www.water.or.kr/kor/realtime/sumun/ajaxProc.do,DATA6,1,M1,2022-07-12,2022-07-18,01_raw/KWater/mywater_period/M1/group1/DATA6/2022-07-12_2022-07-18.json,446111,c25b58fa303801e8cfe7ae15bdfed44e8da6a2d884e699d36e53b36a51f84de4,27,1008,N
2026-09-29T12:04:57Z,K-water,MyWater(water.or.kr) 댐/보 기간별자료,https://www.water.or.kr/kor/realtime/sumun/ajaxProc.do,DATA6,1,H1,2021-01-01,2021-01-30,01_raw/KWater/mywater_period/H1/group1/DATA6/2021-01-01_2021-01-30.json,319733,e9e842e58970848859c323351a1d256da559c391f6ce24a94a4891728f4f6c12,27,720,N
2026-09-29T12:04:59Z,K-water,MyWater(water.or.kr) 댐/보 기간별자료,https://www.water.or.kr/kor/realtime/sumun/ajaxProc.do,DATA6,1,M1,2022-07-19,2022-07-25,01_raw/KWater/mywater_period/M1/group1/DATA6/2022-07-19_2022-07-25.json,444084,e12e256c42bb4ed6766e7750e47372076574cd7232ffcbd1476b1e09246a5568,27,1008,N
2026-09-29T12:05:01Z,K-water,MyWater(water.or.kr) 댐/보 기간별자료,https://www.water.or.kr/kor/realtime/sumun/ajaxProc.do,DATA6,1,H1,2021-01-31,2021-03-01,01_raw/KWater/mywater_period/H1/group1/DATA6/2021-01-31_2021-03-01.json,321285,9ee6b61108dc16b7d80f17750f9a081b96f1751e25b6089c34ea0cacc97bcc17,27,720,N
2026-09-29T12:05:03Z,K-water,MyWater(water.or.kr) 댐/보 기간별자료,https://www.water.or.kr/kor/realtime/sumun/ajaxProc.do,DATA6,1,M1,2022-07-26,2022-08-01,01_raw/KWater/mywater_period/M1/group1/DATA6/2022-07-26_2022-08-01.json,444310,6f0fa691ad083dbde22097c18d056f75926535d3fddf60b5ff34302b10483953,27,1008,N
2026-09-29T12:05:06Z,K-water,MyWater(water.or.kr) 댐/보 기간별자료,https://www.water.or.kr/kor/realtime/sumun/ajaxProc.do,DATA6,1,H1,2021-03-02,2021-03-31,01_raw/KWater/mywater_period/H1/group1/DATA6/2021-03-02_2021-03-31.json,320719,a48bc4601b0b4c74a59308028b04dc363e84891e7e8a1f87d3bbeb7625b04499,27,720,N
2026-09-29T12:05:08Z,K-water,MyWater(water.or.kr) 댐/보 기간별자료,https://www.water.or.kr/kor/realtime/sumun/ajaxProc.do,DATA6,1,M1,2022-08-02,2022-08-08,01_raw/KWater/mywater_period/M1/group1/DATA6/2022-08-02_2022-08-08.json,447292,f9a595f1092b6acb69015d59a75f8531e5ca19665bc10ee5aaa1bd6a887be8c2,27,1008,N
2026-09-29T12:05:10Z,K-water,MyWater(water.or.kr) 댐/보 기간별자료,https://www.water.or.kr/kor/realtime/sumun/ajaxProc.do,DATA6,1,H1,2021-04-01,2021-04-30,01_raw/KWater/mywater_period/H1/group1/DATA6/2021-04-01_2021-04-30.json,322606,f797c77c5b13122fada40aa7869491b25bc303217e0d4eb5bba955f487ccecf7,27,720,N
2026-09-29T12:05:14Z,K-water,MyWater(water.or.kr) 댐/보 기간별자료,https://www.water.or.kr/kor/realtime/sumun/ajaxProc.do,DATA6,1,M1,2022-08-09,2022-08-15,01_raw/KWater/mywater_period/M1/group1/DATA6/2022-08-09_2022-08-15.json,452693,b46102b6840691896fe8a56e1489cd1e507e404974774b0275186ee821361962,27,1008,N
2026-09-29T12:05:14Z,K-water,MyWater(water.or.kr) 댐/보 기간별자료,https://www.water.or.kr/kor/realtime/sumun/ajaxProc.do,DATA6,1,H1,2021-05-01,2021-05-30,01_raw/KWater/mywater_period/H1/group1/DATA6/2021-05-01_2021-05-30.json,325840,d23c73df9166fb0c91c47740249179290bc873729e831be96526957f7ee5c0bc,27,720,N
2026-09-29T12:05:19Z,K-water,MyWater(water.or.kr) 댐/보 기간별자료,https://www.water.or.kr/kor/realtime/sumun/ajaxProc.do,DATA6,1,H1,2021-05-31,2021-06-29,01_raw/KWater/mywater_period/H1/group1/DATA6/2021-05-31_2021-06-29.json,328876,ac1a4bf846421f30532c1b8c841d210e020e8fffa50f6bcbcdd2dbdbfbc9ba23,27,720,N
2026-09-29T12:05:18Z,K-water,MyWater(water.or.kr) 댐/보 기간별자료,https://www.water.or.kr/kor/realtime/sumun/ajaxProc.do,DATA6,1,M1,2022-08-16,2022-08-22,01_raw/KWater/mywater_period/M1/group1/DATA6/2022-08-16_2022-08-22.json,450003,6d3753abc0d553b0c386d2e6738c2c36d14aa0b0e274b9ab236e7ef2f5f4a3ac,27,1008,N
2026-09-29T12:05:23Z,K-water,MyWater(water.or.kr) 댐/보 기간별자료,https://www.water.or.kr/kor/realtime/sumun/ajaxProc.do,DATA6,1,H1,2021-06-30,2021-07-29,01_raw/KWater/mywater_period/H1/group1/DATA6/2021-06-30_2021-07-29.json,328762,5dcfa0b0d923c82440b0c0c1597311ff799d920338c631abbcc624ef776f03e9,27,720,N
2026-09-29T12:05:23Z,K-water,MyWater(water.or.kr) 댐/보 기간별자료,https://www.water.or.kr/kor/realtime/sumun/ajaxProc.do,DATA6,1,M1,2022-08-23,2022-08-29,01_raw/KWater/mywater_period/M1/group1/DATA6/2022-08-23_2022-08-29.json,448991,12309e0e0e173efb05fa0a078af5ecbeaf0bd23c3c511dc9d5ac3ab96e5cab34,27,1008,N
2026-09-29T12:05:27Z,K-water,MyWater(water.or.kr) 댐/보 기간별자료,https://www.water.or.kr/kor/realtime/sumun/ajaxProc.do,DATA6,1,H1,2021-07-30,2021-08-28,01_raw/KWater/mywater_period/H1/group1/DATA6/2021-07-30_2021-08-28.json,328206,2983ca820efd928df83dbdbbe8e94d88967e7f17856efe123f4cfa2ec8f2fa11,27,720,N
2026-09-29T12:05:27Z,K-water,MyWater(water.or.kr) 댐/보 기간별자료,https://www.water.or.kr/kor/realtime/sumun/ajaxProc.do,DATA6,1,M1,2022-08-30,2022-09-05,01_raw/KWater/mywater_period/M1/group1/DATA6/2022-08-30_2022-09-05.json,454172,cbf703d0dbca16400b8d70d7e79c17b110e02306aa6b4bc69fc772112905029b,27,1008,N
2026-09-29T12:05:31Z,K-water,MyWater(water.or.kr) 댐/보 기간별자료,https://www.water.or.kr/kor/realtime/sumun/ajaxProc.do,DATA6,1,H1,2021-08-29,2021-09-27,01_raw/KWater/mywater_period/H1/group1/DATA6/2021-08-29_2021-09-27.json,327105,d9ea31810730a22e5f72d3429d147d3418b3acd7f88953c9a2b337a0177093c0,27,720,N
2026-09-29T12:05:32Z,K-water,MyWater(water.or.kr) 댐/보 기간별자료,https://www.water.or.kr/kor/realtime/sumun/ajaxProc.do,DATA6,1,M1,2022-09-06,2022-09-12,01_raw/KWater/mywater_period/M1/group1/DATA6/2022-09-06_2022-09-12.json,451989,c4cb058bf0241c628796288673a6022cb6ba520b2ca1fff59b958198a51fb473,27,1008,N
2026-09-29T12:05:35Z,K-water,MyWater(water.or.kr) 댐/보 기간별자료,https://www.water.or.kr/kor/realtime/sumun/ajaxProc.do,DATA6,1,H1,2021-09-28,2021-10-27,01_raw/KWater/mywater_period/H1/group1/DATA6/2021-09-28_2021-10-27.json,322366,7204a8000e1ea36efcc837af1182befe7616d848fe02e512ab1ed1a7dbf787b6,27,720,N
2026-09-29T12:05:37Z,K-water,MyWater(water.or.kr) 댐/보 기간별자료,https://www.water.or.kr/kor/realtime/sumun/ajaxProc.do,DATA6,1,M1,2022-09-13,2022-09-19,01_raw/KWater/mywater_period/M1/group1/DATA6/2022-09-13_2022-09-19.json,451434,6734cc631684f188000866e56d0a2ba322a112709a835b2df2a52c72d812cb99,27,1008,N
2026-09-29T12:05:39Z,K-water,MyWater(water.or.kr) 댐/보 기간별자료,https://www.water.or.kr/kor/realtime/sumun/ajaxProc.do,DATA6,1,H1,2021-10-28,2021-11-26,01_raw/KWater/mywater_period/H1/group1/DATA6/2021-10-28_2021-11-26.json,321614,dfcc640dacef2ae1186771275887e02b8036ef8ca58b8deed6cb746f6209291f,27,720,N
2026-09-29T12:05:41Z,K-water,MyWater(water.or.kr) 댐/보 기간별자료,https://www.water.or.kr/kor/realtime/sumun/ajaxProc.do,DATA6,1,M1,2022-09-20,2022-09-26,01_raw/KWater/mywater_period/M1/group1/DATA6/2022-09-20_2022-09-26.json,445515,a12d3ccd61df7c68695174fa8332442421ca0b10bcac6b6c57f5bb5603dbe031,27,1008,N
2026-09-29T12:05:43Z,K-water,MyWater(water.or.kr) 댐/보 기간별자료,https://www.water.or.kr/kor/realtime/sumun/ajaxProc.do,DATA6,1,H1,2021-11-27,2021-12-26,01_raw/KWater/mywater_period/H1/group1/DATA6/2021-11-27_2021-12-26.json,321411,00e05bf785369c2c2fb8a4273790735e433b9fae06f45aefffee5bb7de53d555,27,720,N
2026-09-29T12:05:46Z,K-water,MyWater(water.or.kr) 댐/보 기간별자료,https://www.water.or.kr/kor/realtime/sumun/ajaxProc.do,DATA6,1,M1,2022-09-27,2022-09-30,01_raw/KWater/mywater_period/M1/group1/DATA6/2022-09-27_2022-09-30.json,258560,098289804750365197e05deff209c24f6cd38bfce727f25da33b2ce94e4d162b,27,576,N
2026-09-29T12:05:47Z,K-water,MyWater(water.or.kr) 댐/보 기간별자료,https://www.water.or.kr/kor/realtime/sumun/ajaxProc.do,DATA6,1,H1,2021-12-27,2022-01-25,01_raw/KWater/mywater_period/H1/group1/DATA6/2021-12-27_2022-01-25.json,320422,1ccceb5b4f5a053798a13000e7aa3258a7a7d850a059530b7798d7ef229861fa,27,720,N
2026-09-29T12:05:51Z,K-water,MyWater(water.or.kr) 댐/보 기간별자료,https://www.water.or.kr/kor/realtime/sumun/ajaxProc.do,DATA6,1,H1,2022-01-26,2022-02-24,01_raw/KWater/mywater_period/H1/group1/DATA6/2022-01-26_2022-02-24.json,319520,6f9a5b3db8967d0d4b6ecb6830959d4db0fe019fb011e15f16034763ca7c920d,27,720,N
2026-09-29T12:05:49Z,K-water,MyWater(water.or.kr) 댐/보 기간별자료,https://www.water.or.kr/kor/realtime/sumun/ajaxProc.do,DATA1,1,M1,2023-06-21,2023-06-27,01_raw/KWater/mywater_period/M1/group1/DATA1/2023-06-21_2023-06-27.json,489883,c541d1fef437b635fa01259f72abaa085d42791ff3766d49d9a253180138dbd8,27,1008,N
2026-09-29T12:05:55Z,K-water,MyWater(water.or.kr) 댐/보 기간별자료,https://www.water.or.kr/kor/realtime/sumun/ajaxProc.do,DATA6,1,H1,2022-02-25,2022-03-26,01_raw/KWater/mywater_period/H1/group1/DATA6/2022-02-25_2022-03-26.json,319863,f3950fa932d8a49c03cecf1e979038a50c017c64ad48a42e2f107c3c9bd5c389,27,720,N
2026-09-29T12:05:56Z,K-water,MyWater(water.or.kr) 댐/보 기간별자료,https://www.water.or.kr/kor/realtime/sumun/ajaxProc.do,DATA1,1,M1,2023-06-28,2023-07-04,01_raw/KWater/mywater_period/M1/group1/DATA1/2023-06-28_2023-07-04.json,489224,457253cc26044f31b9828f61d57624b6121cd628aea81175f99596a339d216d1,27,1008,N
2026-09-29T12:05:59Z,K-water,MyWater(water.or.kr) 댐/보 기간별자료,https://www.water.or.kr/kor/realtime/sumun/ajaxProc.do,DATA6,1,H1,2022-03-27,2022-04-25,01_raw/KWater/mywater_period/H1/group1/DATA6/2022-03-27_2022-04-25.json,320156,45fa61cee004f8dd6b9925050b8fbd7cf395a120186ee5494b502f4e0be95944,27,720,N
2026-09-29T12:06:02Z,K-water,MyWater(water.or.kr) 댐/보 기간별자료,https://www.water.or.kr/kor/realtime/sumun/ajaxProc.do,DATA6,1,H1,2022-04-26,2022-05-25,01_raw/KWater/mywater_period/H1/group1/DATA6/2022-04-26_2022-05-25.json,322759,0da9ad1af60c3eaac0ccb8cde950b38a82910c63ce5ab2a5fdbb6ef7ad5d4f65,27,720,N
2026-09-29T12:06:02Z,K-water,MyWater(water.or.kr) 댐/보 기간별자료,https://www.water.or.kr/kor/realtime/sumun/ajaxProc.do,DATA1,1,M1,2023-07-05,2023-07-11,01_raw/KWater/mywater_period/M1/group1/DATA1/2023-07-05_2023-07-11.json,490160,d8cee94db68b5d808673d3ceee3e5cc6abc479557d3718ae272cde8481632d86,27,1008,N
2026-09-29T12:06:07Z,K-water,MyWater(water.or.kr) 댐/보 기간별자료,https://www.water.or.kr/kor/realtime/sumun/ajaxProc.do,DATA6,1,H1,2022-05-26,2022-06-24,01_raw/KWater/mywater_period/H1/group1/DATA6/2022-05-26_2022-06-24.json,322948,7bc1dd5eb557d7eaffa0f58544aa1a8318d06ae42d32f35cb22f7f0d9f33af36,27,720,N
2026-09-29T12:06:11Z,K-water,MyWater(water.or.kr) 댐/보 기간별자료,https://www.water.or.kr/kor/realtime/sumun/ajaxProc.do,DATA6,1,H1,2022-06-25,2022-07-24,01_raw/KWater/mywater_period/H1/group1/DATA6/2022-06-25_2022-07-24.json,321632,eb8a031887ce2a68a86ef0186684dc409aebed3891e93f5c1cd29453dbdf2978,27,720,N
2026-09-29T12:06:10Z,K-water,MyWater(water.or.kr) 댐/보 기간별자료,https://www.water.or.kr/kor/realtime/sumun/ajaxProc.do,DATA1,1,M1,2023-07-12,2023-07-18,01_raw/KWater/mywater_period/M1/group1/DATA1/2023-07-12_2023-07-18.json,490801,69f14defd49f961b1ec068cedec26b5b5c9119b59de2760663a484e5fd288599,27,1008,N
2026-09-29T12:06:15Z,K-water,MyWater(water.or.kr) 댐/보 기간별자료,https://www.water.or.kr/kor/realtime/sumun/ajaxProc.do,DATA6,1,H1,2022-07-25,2022-08-23,01_raw/KWater/mywater_period/H1/group1/DATA6/2022-07-25_2022-08-23.json,322564,682cf026068920cd31abaa37ec964fb46ee91fd34d81f6d1265d77afe4f982c3,27,720,N
2026-09-29T12:06:19Z,K-water,MyWater(water.or.kr) 댐/보 기간별자료,https://www.water.or.kr/kor/realtime/sumun/ajaxProc.do,DATA6,1,H1,2022-08-24,2022-09-22,01_raw/KWater/mywater_period/H1/group1/DATA6/2022-08-24_2022-09-22.json,324449,8de7e5018c185d8abe9e11be50c189208179ea565efd41f8b6a65078567f3475,27,720,N
2026-09-29T12:06:18Z,K-water,MyWater(water.or.kr) 댐/보 기간별자료,https://www.water.or.kr/kor/realtime/sumun/ajaxProc.do,DATA1,1,M1,2023-07-19,2023-07-25,01_raw/KWater/mywater_period/M1/group1/DATA1/2023-07-19_2023-07-25.json,490339,c29f164bc4e5839fcfacda68618358986ab14dcdfd3b163aa0ebb14ced0cd7ed,27,1008,N
2026-09-29T12:06:23Z,K-water,MyWater(water.or.kr) 댐/보 기간별자료,https://www.water.or.kr/kor/realtime/sumun/ajaxProc.do,DATA6,1,H1,2022-09-23,2022-10-22,01_raw/KWater/mywater_period/H1/group1/DATA6/2022-09-23_2022-10-22.json,318881,85306f7997ed9e7c2213e440c119ac8d2e5fa6114b7af7f9fc91a2f42198b9ca,27,720,N
2026-09-29T12:06:27Z,K-water,MyWater(water.or.kr) 댐/보 기간별자료,https://www.water.or.kr/kor/realtime/sumun/ajaxProc.do,DATA6,1,H1,2022-10-23,2022-11-21,01_raw/KWater/mywater_period/H1/group1/DATA6/2022-10-23_2022-11-21.json,318383,b8bec1b61e4016de0e76c7e9180e7536595e634756e1e301aae5f926974aae52,27,720,N
2026-09-29T12:06:25Z,K-water,MyWater(water.or.kr) 댐/보 기간별자료,https://www.water.or.kr/kor/realtime/sumun/ajaxProc.do,DATA1,1,M1,2023-07-26,2023-08-01,01_raw/KWater/mywater_period/M1/group1/DATA1/2023-07-26_2023-08-01.json,490337,faac67c2a51ff9078ff356e5cc86b0b64cc52e29c19a0344760f940d5b25205f,27,1008,N
2026-09-29T12:06:31Z,K-water,MyWater(water.or.kr) 댐/보 기간별자료,https://www.water.or.kr/kor/realtime/sumun/ajaxProc.do,DATA6,1,H1,2022-11-22,2022-12-21,01_raw/KWater/mywater_period/H1/group1/DATA6/2022-11-22_2022-12-21.json,317667,08fd10b2e383be052152c62cc2083f4b90c2371e5443d577f80f8167794b9f11,27,720,N
2026-09-29T12:06:34Z,K-water,MyWater(water.or.kr) 댐/보 기간별자료,https://www.water.or.kr/kor/realtime/sumun/ajaxProc.do,DATA6,1,H1,2022-12-22,2023-01-20,01_raw/KWater/mywater_period/H1/group1/DATA6/2022-12-22_2023-01-20.json,315571,ddd2323d3ea1a38ec2abf71ebac3acf70fe160694382bc6224f0d1777005e5ce,27,720,N
2026-09-29T12:06:33Z,K-water,MyWater(water.or.kr) 댐/보 기간별자료,https://www.water.or.kr/kor/realtime/sumun/ajaxProc.do,DATA1,1,M1,2023-08-02,2023-08-08,01_raw/KWater/mywater_period/M1/group1/DATA1/2023-08-02_2023-08-08.json,490728,08e7bcda4888f9c7a1173a5c341b2dc762b2ea3021477dee6188b71be0384e6d,27,1008,N
2026-09-29T12:06:38Z,K-water,MyWater(water.or.kr) 댐/보 기간별자료,https://www.water.or.kr/kor/realtime/sumun/ajaxProc.do,DATA6,1,H1,2023-01-21,2023-02-19,01_raw/KWater/mywater_period/H1/group1/DATA6/2023-01-21_2023-02-19.json,314728,0e2d66b9c72b0ff8955d0444b005384f1a1a5f3fa216b29f45c0ef7984963516,27,720,N
2026-09-29T12:06:40Z,K-water,MyWater(water.or.kr) 댐/보 기간별자료,https://www.water.or.kr/kor/realtime/sumun/ajaxProc.do,DATA1,1,M1,2023-08-09,2023-08-15,01_raw/KWater/mywater_period/M1/group1/DATA1/2023-08-09_2023-08-15.json,491223,e24a94db3415737f5fb4d3c65b2c32600c367a2dd45c313eac466db189858dcd,27,1008,N
2026-09-29T12:06:42Z,K-water,MyWater(water.or.kr) 댐/보 기간별자료,https://www.water.or.kr/kor/realtime/sumun/ajaxProc.do,DATA6,1,H1,2023-02-20,2023-03-21,01_raw/KWater/mywater_period/H1/group1/DATA6/2023-02-20_2023-03-21.json,315213,70fe7e7606f478a4633d7d6306d1d23befa5ef9e75a2dfdcc9a59310c91cb7f4,27,720,N
2026-09-29T12:06:47Z,K-water,MyWater(water.or.kr) 댐/보 기간별자료,https://www.water.or.kr/kor/realtime/sumun/ajaxProc.do,DATA6,1,H1,2023-03-22,2023-04-20,01_raw/KWater/mywater_period/H1/group1/DATA6/2023-03-22_2023-04-20.json,313237,9ff4c55c4b5d348b716591f78fff3210a4ca6a77a7b2f13bd3033573d3e16b62,27,720,N
2026-09-29T12:06:47Z,K-water,MyWater(water.or.kr) 댐/보 기간별자료,https://www.water.or.kr/kor/realtime/sumun/ajaxProc.do,DATA1,1,M1,2023-08-16,2023-08-22,01_raw/KWater/mywater_period/M1/group1/DATA1/2023-08-16_2023-08-22.json,491899,6c5386537ef6e0b9d37994c10e60d6fbb7f308cbc0b4190d8fe522fdcaf198df,27,1008,N
2026-09-29T12:06:51Z,K-water,MyWater(water.or.kr) 댐/보 기간별자료,https://www.water.or.kr/kor/realtime/sumun/ajaxProc.do,DATA6,1,H1,2023-04-21,2023-05-20,01_raw/KWater/mywater_period/H1/group1/DATA6/2023-04-21_2023-05-20.json,316704,5289f7aad9b92ae7826036dda06b90193b273f4a2ee14cf5784d4f41589526f3,27,720,N
2026-09-29T12:06:53Z,K-water,MyWater(water.or.kr) 댐/보 기간별자료,https://www.water.or.kr/kor/realtime/sumun/ajaxProc.do,DATA1,1,M1,2023-08-23,2023-08-29,01_raw/KWater/mywater_period/M1/group1/DATA1/2023-08-23_2023-08-29.json,491628,4add7ec1cd14867d747bf16e79cd1ff1dd1ccb2acc3cb080a7123d7b4e53e723,27,1008,N
2026-09-29T12:06:55Z,K-water,MyWater(water.or.kr) 댐/보 기간별자료,https://www.water.or.kr/kor/realtime/sumun/ajaxProc.do,DATA6,1,H1,2023-05-21,2023-06-19,01_raw/KWater/mywater_period/H1/group1/DATA6/2023-05-21_2023-06-19.json,318416,33d81109c1abe485e2354c0deb18560d1a76a0b913c69fdff0899a9301529fe0,27,720,N
2026-09-29T12:07:00Z,K-water,MyWater(water.or.kr) 댐/보 기간별자료,https://www.water.or.kr/kor/realtime/sumun/ajaxProc.do,DATA6,1,H1,2023-06-20,2023-07-19,01_raw/KWater/mywater_period/H1/group1/DATA6/2023-06-20_2023-07-19.json,330629,92998e0cc0aab54f1c53054dcaae51385b7886f2c33ff123a651e14c9858702c,27,720,N
2026-09-29T12:06:59Z,K-water,MyWater(water.or.kr) 댐/보 기간별자료,https://www.water.or.kr/kor/realtime/sumun/ajaxProc.do,DATA1,1,M1,2023-08-30,2023-09-05,01_raw/KWater/mywater_period/M1/group1/DATA1/2023-08-30_2023-09-05.json,491647,f31c8c4c34a9026278e55af4557bbd1c8ce7dc362bef7f0e46278ea7be10b86c,27,1008,N
2026-09-29T12:07:04Z,K-water,MyWater(water.or.kr) 댐/보 기간별자료,https://www.water.or.kr/kor/realtime/sumun/ajaxProc.do,DATA6,1,H1,2023-07-20,2023-08-18,01_raw/KWater/mywater_period/H1/group1/DATA6/2023-07-20_2023-08-18.json,329680,6be310c838487e49b4bc190e59aa0a1340767eaa50a3c4a4bf22884f7d80fffb,27,720,N
2026-09-29T12:07:08Z,K-water,MyWater(water.or.kr) 댐/보 기간별자료,https://www.water.or.kr/kor/realtime/sumun/ajaxProc.do,DATA6,1,H1,2023-08-19,2023-09-17,01_raw/KWater/mywater_period/H1/group1/DATA6/2023-08-19_2023-09-17.json,325850,17564a11968d327a9a698c7b7f6b06dc1455b3fac0f6f545f8d6aa9cd09a183a,27,720,N
2026-09-29T12:07:06Z,K-water,MyWater(water.or.kr) 댐/보 기간별자료,https://www.water.or.kr/kor/realtime/sumun/ajaxProc.do,DATA1,1,M1,2023-09-06,2023-09-12,01_raw/KWater/mywater_period/M1/group1/DATA1/2023-09-06_2023-09-12.json,491431,3c3d8ecdaa73058ff4c25668cf7978c60d6d83ee03fab8bf76a77a31bc091a02,27,1008,N
2026-09-29T12:07:12Z,K-water,MyWater(water.or.kr) 댐/보 기간별자료,https://www.water.or.kr/kor/realtime/sumun/ajaxProc.do,DATA6,1,H1,2023-09-18,2023-10-17,01_raw/KWater/mywater_period/H1/group1/DATA6/2023-09-18_2023-10-17.json,325896,e53199019c253c3325737da92f1f18c5b0ad664a70ff783660fe7a9b58a15fb1,27,720,N
2026-09-29T12:07:16Z,K-water,MyWater(water.or.kr) 댐/보 기간별자료,https://www.water.or.kr/kor/realtime/sumun/ajaxProc.do,DATA6,1,H1,2023-10-18,2023-11-16,01_raw/KWater/mywater_period/H1/group1/DATA6/2023-10-18_2023-11-16.json,319926,9b286c088be3ef74e93e89ee9410a6efb12baf7ac239527347df1a0e86f06b9b,27,720,N
2026-09-29T12:07:13Z,K-water,MyWater(water.or.kr) 댐/보 기간별자료,https://www.water.or.kr/kor/realtime/sumun/ajaxProc.do,DATA1,1,M1,2023-09-13,2023-09-19,01_raw/KWater/mywater_period/M1/group1/DATA1/2023-09-13_2023-09-19.json,491681,60e1dcd614b8770efcdc0381a72d456b6abbf2834436c6152be6113756271360,27,1008,N
2026-09-29T12:07:20Z,K-water,MyWater(water.or.kr) 댐/보 기간별자료,https://www.water.or.kr/kor/realtime/sumun/ajaxProc.do,DATA6,1,H1,2023-11-17,2023-12-16,01_raw/KWater/mywater_period/H1/group1/DATA6/2023-11-17_2023-12-16.json,321812,bff5bf9ac55daeb0cf67e446bc810039899130155b349287ba0ce8c34da14408,27,720,N
2026-09-29T12:07:24Z,K-water,MyWater(water.or.kr) 댐/보 기간별자료,https://www.water.or.kr/kor/realtime/sumun/ajaxProc.do,DATA6,1,H1,2023-12-17,2024-01-15,01_raw/KWater/mywater_period/H1/group1/DATA6/2023-12-17_2024-01-15.json,322018,e17a73103c752c4ddc922378e348b423430696e9ce04b7e290892eef2f815954,27,720,N
2026-09-29T12:07:20Z,K-water,MyWater(water.or.kr) 댐/보 기간별자료,https://www.water.or.kr/kor/realtime/sumun/ajaxProc.do,DATA1,1,M1,2023-09-20,2023-09-26,01_raw/KWater/mywater_period/M1/group1/DATA1/2023-09-20_2023-09-26.json,491573,90c86d35d64c6fa9ed8add7d923aebaf5751d42db7a22293bb70165fff37fb24,27,1008,N
2026-09-29T12:07:28Z,K-water,MyWater(water.or.kr) 댐/보 기간별자료,https://www.water.or.kr/kor/realtime/sumun/ajaxProc.do,DATA6,1,H1,2024-01-16,2024-02-14,01_raw/KWater/mywater_period/H1/group1/DATA6/2024-01-16_2024-02-14.json,320993,b5aad821dba30b703703746af1d9cee12a2bd61e18e9c45dc39c9dbf7c8edced,27,720,N
2026-09-29T12:07:28Z,K-water,MyWater(water.or.kr) 댐/보 기간별자료,https://www.water.or.kr/kor/realtime/sumun/ajaxProc.do,DATA1,1,M1,2023-09-27,2023-09-30,01_raw/KWater/mywater_period/M1/group1/DATA1/2023-09-27_2023-09-30.json,284862,e032801d4c30c8242605010e2e8807727dd28e4e6aac3a07feeacff1b8849591,27,576,N
2026-09-29T12:07:32Z,K-water,MyWater(water.or.kr) 댐/보 기간별자료,https://www.water.or.kr/kor/realtime/sumun/ajaxProc.do,DATA6,1,H1,2024-02-15,2024-03-15,01_raw/KWater/mywater_period/H1/group1/DATA6/2024-02-15_2024-03-15.json,324521,4774c18955a88011f982e65a3abec87a28064a09f4ee1d8f75632aab861e5ea5,27,720,N
2026-09-29T12:07:34Z,K-water,MyWater(water.or.kr) 댐/보 기간별자료,https://www.water.or.kr/kor/realtime/sumun/ajaxProc.do,DATA2,1,M1,2023-06-21,2023-06-27,01_raw/KWater/mywater_period/M1/group1/DATA2/2023-06-21_2023-06-27.json,478320,bb9ca5e8391ca7f09a6c330f4da5d7bdf92f197e20ef189cc5badb0bec4b1682,27,1008,N
2026-09-29T12:07:36Z,K-water,MyWater(water.or.kr) 댐/보 기간별자료,https://www.water.or.kr/kor/realtime/sumun/ajaxProc.do,DATA6,1,H1,2024-03-16,2024-04-14,01_raw/KWater/mywater_period/H1/group1/DATA6/2024-03-16_2024-04-14.json,328083,a64cf7224dd25bfaeef8609f7dbf6bc7e0c963a972e9926d5eddcb4d75466087,27,720,N
2026-09-29T12:07:39Z,K-water,MyWater(water.or.kr) 댐/보 기간별자료,https://www.water.or.kr/kor/realtime/sumun/ajaxProc.do,DATA2,1,M1,2023-06-28,2023-07-04,01_raw/KWater/mywater_period/M1/group1/DATA2/2023-06-28_2023-07-04.json,479528,2b870d86c6fa49703d8c72af8be62f8a233626c8610b170bc69811e1d66e57ed,27,1008,N
2026-09-29T12:07:40Z,K-water,MyWater(water.or.kr) 댐/보 기간별자료,https://www.water.or.kr/kor/realtime/sumun/ajaxProc.do,DATA6,1,H1,2024-04-15,2024-05-14,01_raw/KWater/mywater_period/H1/group1/DATA6/2024-04-15_2024-05-14.json,332839,b3ef3e5cdb858a01a2ebc21605c30d624582ae1913dd7290b093382a788705bc,27,720,N
2026-09-29T12:07:43Z,K-water,MyWater(water.or.kr) 댐/보 기간별자료,https://www.water.or.kr/kor/realtime/sumun/ajaxProc.do,DATA2,1,M1,2023-07-05,2023-07-11,01_raw/KWater/mywater_period/M1/group1/DATA2/2023-07-05_2023-07-11.json,479713,3b1d4be0831f319cc187cb8f061f71756597a80c513469bcd9a3ace2b4ef68d2,27,1008,N
2026-09-29T12:07:44Z,K-water,MyWater(water.or.kr) 댐/보 기간별자료,https://www.water.or.kr/kor/realtime/sumun/ajaxProc.do,DATA6,1,H1,2024-05-15,2024-06-13,01_raw/KWater/mywater_period/H1/group1/DATA6/2024-05-15_2024-06-13.json,334132,f3719b11b0c4235e1cec7aed1556eabaab054bab65aaf5d487091589f0947a19,27,720,N
2026-09-29T12:07:48Z,K-water,MyWater(water.or.kr) 댐/보 기간별자료,https://www.water.or.kr/kor/realtime/sumun/ajaxProc.do,DATA6,1,H1,2024-06-14,2024-07-13,01_raw/KWater/mywater_period/H1/group1/DATA6/2024-06-14_2024-07-13.json,330295,7a7d5eed9ca80d8e12bb9548ba1cabfdb62752ed5194accb3e600fdc90dd084b,27,720,N
2026-09-29T12:07:48Z,K-water,MyWater(water.or.kr) 댐/보 기간별자료,https://www.water.or.kr/kor/realtime/sumun/ajaxProc.do,DATA2,1,M1,2023-07-12,2023-07-18,01_raw/KWater/mywater_period/M1/group1/DATA2/2023-07-12_2023-07-18.json,481309,cb0863b929ef91adc82d7a4cf2bf2c219d9797eadeba2dd2747dc7532e961d6d,27,1008,N
2026-09-29T12:07:52Z,K-water,MyWater(water.or.kr) 댐/보 기간별자료,https://www.water.or.kr/kor/realtime/sumun/ajaxProc.do,DATA6,1,H1,2024-07-14,2024-08-12,01_raw/KWater/mywater_period/H1/group1/DATA6/2024-07-14_2024-08-12.json,329435,dd257470bd8c0586adb51a8fbd2485a522faa1816a6668488365ad8f237e6a0f,27,720,N
2026-09-29T12:07:52Z,K-water,MyWater(water.or.kr) 댐/보 기간별자료,https://www.water.or.kr/kor/realtime/sumun/ajaxProc.do,DATA2,1,M1,2023-07-19,2023-07-25,01_raw/KWater/mywater_period/M1/group1/DATA2/2023-07-19_2023-07-25.json,482187,0a9e7ea3f872da8ca67a645da014a1f163615723eebbb1b9e5ed61fa3a5b3017,27,1008,N
2026-09-29T12:07:56Z,K-water,MyWater(water.or.kr) 댐/보 기간별자료,https://www.water.or.kr/kor/realtime/sumun/ajaxProc.do,DATA6,1,H1,2024-08-13,2024-09-11,01_raw/KWater/mywater_period/H1/group1/DATA6/2024-08-13_2024-09-11.json,324374,dc80d564b6f2cb90097c4f866d8dee4c640a52f96b9a3cd36d2c16b8ee6f5008,27,720,N
2026-09-29T12:07:57Z,K-water,MyWater(water.or.kr) 댐/보 기간별자료,https://www.water.or.kr/kor/realtime/sumun/ajaxProc.do,DATA2,1,M1,2023-07-26,2023-08-01,01_raw/KWater/mywater_period/M1/group1/DATA2/2023-07-26_2023-08-01.json,482015,6fe3e3181441fc4a7c673ebc1e03067855e5f0d94d439dd450e26fac6ba69ecf,27,1008,N
2026-09-29T12:08:00Z,K-water,MyWater(water.or.kr) 댐/보 기간별자료,https://www.water.or.kr/kor/realtime/sumun/ajaxProc.do,DATA6,1,H1,2024-09-12,2024-10-11,01_raw/KWater/mywater_period/H1/group1/DATA6/2024-09-12_2024-10-11.json,323039,502247c87f331c5e396e7d96f06d41a4bbcb6787afe703ac9fa23214d473b34a,27,720,N
2026-09-29T12:08:02Z,K-water,MyWater(water.or.kr) 댐/보 기간별자료,https://www.water.or.kr/kor/realtime/sumun/ajaxProc.do,DATA2,1,M1,2023-08-02,2023-08-08,01_raw/KWater/mywater_period/M1/group1/DATA2/2023-08-02_2023-08-08.json,482842,573350f7ad672ab992472cd36a03aee045b79bc400d6a6d1fd49c581b1db4635,27,1008,N
2026-09-29T12:08:03Z,K-water,MyWater(water.or.kr) 댐/보 기간별자료,https://www.water.or.kr/kor/realtime/sumun/ajaxProc.do,DATA6,1,H1,2024-10-12,2024-11-10,01_raw/KWater/mywater_period/H1/group1/DATA6/2024-10-12_2024-11-10.json,321177,04af6fbb59f02506aa7cc3a3221a5e2b75d6f73f908baa89828f2904fc782eb4,27,720,N
2026-09-29T12:08:06Z,K-water,MyWater(water.or.kr) 댐/보 기간별자료,https://www.water.or.kr/kor/realtime/sumun/ajaxProc.do,DATA2,1,M1,2023-08-09,2023-08-15,01_raw/KWater/mywater_period/M1/group1/DATA2/2023-08-09_2023-08-15.json,482745,0709bdbb57e5aa4de60aeb98ce465ea67a82f6874b4c1baaae9833d65b45d38d,27,1008,N
2026-09-29T12:08:07Z,K-water,MyWater(water.or.kr) 댐/보 기간별자료,https://www.water.or.kr/kor/realtime/sumun/ajaxProc.do,DATA6,1,H1,2024-11-11,2024-12-10,01_raw/KWater/mywater_period/H1/group1/DATA6/2024-11-11_2024-12-10.json,320963,c134c33bad29661b3fdc242d9835490993927b091b867e8e9cdbc77b142e86e9,27,720,N
2026-09-29T12:08:11Z,K-water,MyWater(water.or.kr) 댐/보 기간별자료,https://www.water.or.kr/kor/realtime/sumun/ajaxProc.do,DATA6,1,H1,2024-12-11,2025-01-09,01_raw/KWater/mywater_period/H1/group1/DATA6/2024-12-11_2025-01-09.json,320946,fe8b88365e1940adaa78791451af5823f8ec971898f0f7600365538d0f1d1060,27,720,N
2026-09-29T12:08:11Z,K-water,MyWater(water.or.kr) 댐/보 기간별자료,https://www.water.or.kr/kor/realtime/sumun/ajaxProc.do,DATA2,1,M1,2023-08-16,2023-08-22,01_raw/KWater/mywater_period/M1/group1/DATA2/2023-08-16_2023-08-22.json,482654,cace8546277bd799076dd9aa2cc5ec217d431d6a0b51b562e87ab03411cf4198,27,1008,N
2026-09-29T12:08:15Z,K-water,MyWater(water.or.kr) 댐/보 기간별자료,https://www.water.or.kr/kor/realtime/sumun/ajaxProc.do,DATA6,1,H1,2025-01-10,2025-02-08,01_raw/KWater/mywater_period/H1/group1/DATA6/2025-01-10_2025-02-08.json,320877,86fa74825bc7f87d16e1848f7b25bcb2ab14fe6a6b6f656666f7a8ba446790a9,27,720,N
2026-09-29T12:08:15Z,K-water,MyWater(water.or.kr) 댐/보 기간별자료,https://www.water.or.kr/kor/realtime/sumun/ajaxProc.do,DATA2,1,M1,2023-08-23,2023-08-29,01_raw/KWater/mywater_period/M1/group1/DATA2/2023-08-23_2023-08-29.json,483606,67de03b9c4bb60d5904dfe0437ce4a7e51596f66623eec69d9852040fcbc22ad,27,1008,N
2026-09-29T12:08:19Z,K-water,MyWater(water.or.kr) 댐/보 기간별자료,https://www.water.or.kr/kor/realtime/sumun/ajaxProc.do,DATA6,1,H1,2025-02-09,2025-03-10,01_raw/KWater/mywater_period/H1/group1/DATA6/2025-02-09_2025-03-10.json,320066,ab23899fc5320ee95f3355cc4405c265d573daeaa0b59cd45b1bd5ec03bbc125,27,720,N
2026-09-29T12:08:20Z,K-water,MyWater(water.or.kr) 댐/보 기간별자료,https://www.water.or.kr/kor/realtime/sumun/ajaxProc.do,DATA2,1,M1,2023-08-30,2023-09-05,01_raw/KWater/mywater_period/M1/group1/DATA2/2023-08-30_2023-09-05.json,484419,d481e52279f5c9c339f2bb16c6629488b297509c8a32b78ab34556e2a9667405,27,1008,N
2026-09-29T12:08:23Z,K-water,MyWater(water.or.kr) 댐/보 기간별자료,https://www.water.or.kr/kor/realtime/sumun/ajaxProc.do,DATA6,1,H1,2025-03-11,2025-04-09,01_raw/KWater/mywater_period/H1/group1/DATA6/2025-03-11_2025-04-09.json,320295,5568f234f8bf645ba5b6cd9ce889bbfa33e12b9bcc1d12f0b577d2a8878e3e8d,27,720,N
2026-09-29T12:08:25Z,K-water,MyWater(water.or.kr) 댐/보 기간별자료,https://www.water.or.kr/kor/realtime/sumun/ajaxProc.do,DATA2,1,M1,2023-09-06,2023-09-12,01_raw/KWater/mywater_period/M1/group1/DATA2/2023-09-06_2023-09-12.json,485767,708259710fc38cb304d11e32d5bc3e4c81877ed2436fc24512d227b860c13a7c,27,1008,N
2026-09-29T12:08:27Z,K-water,MyWater(water.or.kr) 댐/보 기간별자료,https://www.water.or.kr/kor/realtime/sumun/ajaxProc.do,DATA6,1,H1,2025-04-10,2025-05-09,01_raw/KWater/mywater_period/H1/group1/DATA6/2025-04-10_2025-05-09.json,322566,ee859ddf9f7d43f7cc6165f8299d806744f2b2bf1362b8ba1b525aaf89fe5bd0,27,720,N
2026-09-29T12:08:29Z,K-water,MyWater(water.or.kr) 댐/보 기간별자료,https://www.water.or.kr/kor/realtime/sumun/ajaxProc.do,DATA2,1,M1,2023-09-13,2023-09-19,01_raw/KWater/mywater_period/M1/group1/DATA2/2023-09-13_2023-09-19.json,485005,866de979ec846ce3a49887baf3a55a7e7652480d311f2d004f14de81e2f9b1fa,27,1008,N
2026-09-29T12:08:31Z,K-water,MyWater(water.or.kr) 댐/보 기간별자료,https://www.water.or.kr/kor/realtime/sumun/ajaxProc.do,DATA6,1,H1,2025-05-10,2025-06-08,01_raw/KWater/mywater_period/H1/group1/DATA6/2025-05-10_2025-06-08.json,328544,144f44a3ed91e16fd392af8a06726831c3a9a3a4224363f0ad571b28c44f10f7,27,720,N
2026-09-29T12:08:34Z,K-water,MyWater(water.or.kr) 댐/보 기간별자료,https://www.water.or.kr/kor/realtime/sumun/ajaxProc.do,DATA2,1,M1,2023-09-20,2023-09-26,01_raw/KWater/mywater_period/M1/group1/DATA2/2023-09-20_2023-09-26.json,486091,049b68ae359336cf6a9464b73520d5d3ed95c3ad77abcac12a21e2f8b0db8b1d,27,1008,N
2026-09-29T12:08:35Z,K-water,MyWater(water.or.kr) 댐/보 기간별자료,https://www.water.or.kr/kor/realtime/sumun/ajaxProc.do,DATA6,1,H1,2025-06-09,2025-07-08,01_raw/KWater/mywater_period/H1/group1/DATA6/2025-06-09_2025-07-08.json,327296,a06c020671a28bc4c1434dd002f9095a202c30cbda64a7521e1ac57b485800cc,27,720,N
2026-09-29T12:08:38Z,K-water,MyWater(water.or.kr) 댐/보 기간별자료,https://www.water.or.kr/kor/realtime/sumun/ajaxProc.do,DATA2,1,M1,2023-09-27,2023-09-30,01_raw/KWater/mywater_period/M1/group1/DATA2/2023-09-27_2023-09-30.json,281190,38fdcaf6ffb13a390e030bae0a6f34ce635a24e3cb37f1e91a9008da4d6dd237,27,576,N
2026-09-29T12:08:39Z,K-water,MyWater(water.or.kr) 댐/보 기간별자료,https://www.water.or.kr/kor/realtime/sumun/ajaxProc.do,DATA6,1,H1,2025-07-09,2025-08-07,01_raw/KWater/mywater_period/H1/group1/DATA6/2025-07-09_2025-08-07.json,324973,089f52d6e3853af3301a68b98bf22a82e803e0b9756ba52d669ad2828fcb65f1,27,720,N
2026-09-29T12:08:42Z,K-water,MyWater(water.or.kr) 댐/보 기간별자료,https://www.water.or.kr/kor/realtime/sumun/ajaxProc.do,DATA3,1,M1,2023-06-21,2023-06-27,01_raw/KWater/mywater_period/M1/group1/DATA3/2023-06-21_2023-06-27.json,370383,dc6586adbb3b296c208fe0eead727d4cf8d29458ebe1dc9cada004b99a9e902e,27,1008,N
2026-09-29T12:08:43Z,K-water,MyWater(water.or.kr) 댐/보 기간별자료,https://www.water.or.kr/kor/realtime/sumun/ajaxProc.do,DATA6,1,H1,2025-08-08,2025-09-06,01_raw/KWater/mywater_period/H1/group1/DATA6/2025-08-08_2025-09-06.json,325224,482d9a86f8e4b9fc05a46800927875b28bddd8028ac6724f0499808701a6ec83,27,720,N
2026-09-29T12:08:46Z,K-water,MyWater(water.or.kr) 댐/보 기간별자료,https://www.water.or.kr/kor/realtime/sumun/ajaxProc.do,DATA3,1,M1,2023-06-28,2023-07-04,01_raw/KWater/mywater_period/M1/group1/DATA3/2023-06-28_2023-07-04.json,370529,bf19807b8d9ca287fe65ee3a3c7b6f663dcdb14160f0add1feb43edc838754a8,27,1008,N
2026-09-29T12:08:47Z,K-water,MyWater(water.or.kr) 댐/보 기간별자료,https://www.water.or.kr/kor/realtime/sumun/ajaxProc.do,DATA6,1,H1,2025-09-07,2025-10-06,01_raw/KWater/mywater_period/H1/group1/DATA6/2025-09-07_2025-10-06.json,323132,a60761d5bf3d8483575abafd6e50c388947d0a9793db0fbdc03ae0cbb292540b,27,720,N
2026-09-29T12:08:49Z,K-water,MyWater(water.or.kr) 댐/보 기간별자료,https://www.water.or.kr/kor/realtime/sumun/ajaxProc.do,DATA3,1,M1,2023-07-05,2023-07-11,01_raw/KWater/mywater_period/M1/group1/DATA3/2023-07-05_2023-07-11.json,369269,890a44f50b64edb91797f383246000322e6b380fb0e43a57fbeda4be5aafaab2,27,1008,N
2026-09-29T12:08:51Z,K-water,MyWater(water.or.kr) 댐/보 기간별자료,https://www.water.or.kr/kor/realtime/sumun/ajaxProc.do,DATA6,1,H1,2025-10-07,2025-11-05,01_raw/KWater/mywater_period/H1/group1/DATA6/2025-10-07_2025-11-05.json,325710,7c886bf0ae4f9c2f679f3741608d8769d265890466668a4cda2787333c3ef504,27,720,N
2026-09-29T12:08:54Z,K-water,MyWater(water.or.kr) 댐/보 기간별자료,https://www.water.or.kr/kor/realtime/sumun/ajaxProc.do,DATA3,1,M1,2023-07-12,2023-07-18,01_raw/KWater/mywater_period/M1/group1/DATA3/2023-07-12_2023-07-18.json,382057,a2a1fed631ef85e533a86ee444fe39bef091d03f72f6117d3726dae88d499077,27,1008,N
2026-09-29T12:08:55Z,K-water,MyWater(water.or.kr) 댐/보 기간별자료,https://www.water.or.kr/kor/realtime/sumun/ajaxProc.do,DATA6,1,H1,2025-11-06,2025-12-05,01_raw/KWater/mywater_period/H1/group1/DATA6/2025-11-06_2025-12-05.json,322265,a92cf8c069976eb027adc7966e364c00dbe5ac3a1baad24694375e5283feb2f3,27,720,N
2026-09-29T12:08:58Z,K-water,MyWater(water.or.kr) 댐/보 기간별자료,https://www.water.or.kr/kor/realtime/sumun/ajaxProc.do,DATA3,1,M1,2023-07-19,2023-07-25,01_raw/KWater/mywater_period/M1/group1/DATA3/2023-07-19_2023-07-25.json,368196,58d1f73e325f4fea86c116ae082b18f29b04bc612cb664866ae673b6e22db7ba,27,1008,N
2026-09-29T12:09:00Z,K-water,MyWater(water.or.kr) 댐/보 기간별자료,https://www.water.or.kr/kor/realtime/sumun/ajaxProc.do,DATA6,1,H1,2025-12-06,2026-01-04,01_raw/KWater/mywater_period/H1/group1/DATA6/2025-12-06_2026-01-04.json,319851,da9e7de1a2e1668bacc119fe9d576287cdf64fc74e57831ec43def9e46055fa0,27,720,N
2026-09-29T12:09:02Z,K-water,MyWater(water.or.kr) 댐/보 기간별자료,https://www.water.or.kr/kor/realtime/sumun/ajaxProc.do,DATA3,1,M1,2023-07-26,2023-08-01,01_raw/KWater/mywater_period/M1/group1/DATA3/2023-07-26_2023-08-01.json,364545,4bd0e5564d4fbc9456afb591685e216165b296259b5d6f481ecc1727f74c7d34,27,1008,N
2026-09-29T12:09:04Z,K-water,MyWater(water.or.kr) 댐/보 기간별자료,https://www.water.or.kr/kor/realtime/sumun/ajaxProc.do,DATA6,1,H1,2026-01-05,2026-02-03,01_raw/KWater/mywater_period/H1/group1/DATA6/2026-01-05_2026-02-03.json,320025,893e4b49614972be1703c498767d99bfe1a024ff032c33f45ce53da1dbdbef3b,27,720,N
2026-09-29T12:09:06Z,K-water,MyWater(water.or.kr) 댐/보 기간별자료,https://www.water.or.kr/kor/realtime/sumun/ajaxProc.do,DATA3,1,M1,2023-08-02,2023-08-08,01_raw/KWater/mywater_period/M1/group1/DATA3/2023-08-02_2023-08-08.json,363196,e1d2be6d2e6320a548ec3c62501422065880372a95f640379bfe753d7bf526f4,27,1008,N
2026-09-29T12:09:07Z,K-water,MyWater(water.or.kr) 댐/보 기간별자료,https://www.water.or.kr/kor/realtime/sumun/ajaxProc.do,DATA6,1,H1,2026-02-04,2026-03-05,01_raw/KWater/mywater_period/H1/group1/DATA6/2026-02-04_2026-03-05.json,319958,148e06dc36ee6eea76fbda171eed426e3be0953acd6d2703ddfb15a95ace4019,27,720,N
2026-09-29T12:09:11Z,K-water,MyWater(water.or.kr) 댐/보 기간별자료,https://www.water.or.kr/kor/realtime/sumun/ajaxProc.do,DATA6,1,H1,2026-03-06,2026-04-04,01_raw/KWater/mywater_period/H1/group1/DATA6/2026-03-06_2026-04-04.json,320755,b518a2057b2c2dcdef1cc0ccf49e4770f2093955004815b866df49e676cf15a4,27,720,N
2026-09-29T12:09:11Z,K-water,MyWater(water.or.kr) 댐/보 기간별자료,https://www.water.or.kr/kor/realtime/sumun/ajaxProc.do,DATA3,1,M1,2023-08-09,2023-08-15,01_raw/KWater/mywater_period/M1/group1/DATA3/2023-08-09_2023-08-15.json,371228,1e83b4f376c355f78456e4ef0c0a49843e1a01a919559f5c3e83844f571b92a6,27,1008,N
2026-09-29T12:09:15Z,K-water,MyWater(water.or.kr) 댐/보 기간별자료,https://www.water.or.kr/kor/realtime/sumun/ajaxProc.do,DATA6,1,H1,2026-04-05,2026-05-04,01_raw/KWater/mywater_period/H1/group1/DATA6/2026-04-05_2026-05-04.json,323731,557eb4512b77327a92183c5602484f4d8f777de1d107cc35f70432509843f168,27,720,N
2026-09-29T12:09:15Z,K-water,MyWater(water.or.kr) 댐/보 기간별자료,https://www.water.or.kr/kor/realtime/sumun/ajaxProc.do,DATA3,1,M1,2023-08-16,2023-08-22,01_raw/KWater/mywater_period/M1/group1/DATA3/2023-08-16_2023-08-22.json,364895,bf15285abf8c178844c488adbcc6a48f0c7182b8755803cd7d174aa82cddce53,27,1008,N
2026-09-29T12:09:19Z,K-water,MyWater(water.or.kr) 댐/보 기간별자료,https://www.water.or.kr/kor/realtime/sumun/ajaxProc.do,DATA6,1,H1,2026-05-05,2026-06-03,01_raw/KWater/mywater_period/H1/group1/DATA6/2026-05-05_2026-06-03.json,326270,fb82ab054fc5fba61319bd1ade3ce1623587af0eeb47c0e9258b50a23acea5c5,27,720,N
2026-09-29T12:09:20Z,K-water,MyWater(water.or.kr) 댐/보 기간별자료,https://www.water.or.kr/kor/realtime/sumun/ajaxProc.do,DATA3,1,M1,2023-08-23,2023-08-29,01_raw/KWater/mywater_period/M1/group1/DATA3/2023-08-23_2023-08-29.json,370007,be3c0b9897285ba76c5c3ff53a1c4e4444cbe7bf7ae298d1a8078440734a47de,27,1008,N
2026-09-29T12:09:23Z,K-water,MyWater(water.or.kr) 댐/보 기간별자료,https://www.water.or.kr/kor/realtime/sumun/ajaxProc.do,DATA6,1,H1,2026-06-04,2026-07-03,01_raw/KWater/mywater_period/H1/group1/DATA6/2026-06-04_2026-07-03.json,326530,90e19e1cea4f814470654eee545eee64b1b63c36d08a413e800ab3b447c0e8db,27,720,N
2026-09-29T12:09:24Z,K-water,MyWater(water.or.kr) 댐/보 기간별자료,https://www.water.or.kr/kor/realtime/sumun/ajaxProc.do,DATA3,1,M1,2023-08-30,2023-09-05,01_raw/KWater/mywater_period/M1/group1/DATA3/2023-08-30_2023-09-05.json,368699,6919282a16be6e49989d177800024dc2db720cb6ed3cf7f6ec521427f5418dc9,27,1008,N
2026-09-29T12:09:27Z,K-water,MyWater(water.or.kr) 댐/보 기간별자료,https://www.water.or.kr/kor/realtime/sumun/ajaxProc.do,DATA6,1,H1,2026-07-04,2026-08-02,01_raw/KWater/mywater_period/H1/group1/DATA6/2026-07-04_2026-08-02.json,323496,017f5bc9cc1240b322c863c95fc1d1c3fd1c9003123f610d58b28cc1423f8f65,27,720,N
2026-09-29T12:09:28Z,K-water,MyWater(water.or.kr) 댐/보 기간별자료,https://www.water.or.kr/kor/realtime/sumun/ajaxProc.do,DATA3,1,M1,2023-09-06,2023-09-12,01_raw/KWater/mywater_period/M1/group1/DATA3/2023-09-06_2023-09-12.json,362175,b847c5cf37c510bcb28c8b5b29daa195061d8608152bac4d491eceef2df2acb3,27,1008,N
2026-09-29T12:09:31Z,K-water,MyWater(water.or.kr) 댐/보 기간별자료,https://www.water.or.kr/kor/realtime/sumun/ajaxProc.do,DATA6,1,H1,2026-08-03,2026-09-01,01_raw/KWater/mywater_period/H1/group1/DATA6/2026-08-03_2026-09-01.json,321776,61972d1f98db996a54c312e30875a01736cc87deebeb825e3cefae107f1795a9,27,720,N
2026-09-29T12:09:33Z,K-water,MyWater(water.or.kr) 댐/보 기간별자료,https://www.water.or.kr/kor/realtime/sumun/ajaxProc.do,DATA3,1,M1,2023-09-13,2023-09-19,01_raw/KWater/mywater_period/M1/group1/DATA3/2023-09-13_2023-09-19.json,372289,b23f416fba749d0f7fd9441e7ea2f80516ac9fc6fcb0b33dd6195513a90d9e96,27,1008,N
2026-09-29T12:09:35Z,K-water,MyWater(water.or.kr) 댐/보 기간별자료,https://www.water.or.kr/kor/realtime/sumun/ajaxProc.do,DATA6,1,H1,2026-09-02,2026-09-28,01_raw/KWater/mywater_period/H1/group1/DATA6/2026-09-02_2026-09-28.json,288690,ba5ab7be34c4a42c5d1e60dee33423417e7444d16f0138d32ff96f3d2e9c4adc,27,648,N
2026-09-29T12:09:37Z,K-water,MyWater(water.or.kr) 댐/보 기간별자료,https://www.water.or.kr/kor/realtime/sumun/ajaxProc.do,DATA3,1,M1,2023-09-20,2023-09-26,01_raw/KWater/mywater_period/M1/group1/DATA3/2023-09-20_2023-09-26.json,369628,475893110a458959a38195c16d9bcc6607b4bf2b0647e7adb0aba08f3e051232,27,1008,N
2026-09-29T12:09:39Z,K-water,MyWater(water.or.kr) 댐/보 기간별자료,https://www.water.or.kr/kor/realtime/sumun/ajaxProc.do,DATA1,2,H1,2021-01-01,2021-01-30,01_raw/KWater/mywater_period/H1/group2/DATA1/2021-01-01_2021-01-30.json,191220,b8d3747a805a8046d488a27d1ffb8dd20a158b43d886f2d6ea5ed502c87abd24,14,720,N
2026-09-29T12:09:41Z,K-water,MyWater(water.or.kr) 댐/보 기간별자료,https://www.water.or.kr/kor/realtime/sumun/ajaxProc.do,DATA3,1,M1,2023-09-27,2023-09-30,01_raw/KWater/mywater_period/M1/group1/DATA3/2023-09-27_2023-09-30.json,212933,b76f1ac1b87aa17b110794a69c7b38920c3052484e891e5aceab7c49924c879e,27,576,N
2026-09-29T12:09:43Z,K-water,MyWater(water.or.kr) 댐/보 기간별자료,https://www.water.or.kr/kor/realtime/sumun/ajaxProc.do,DATA1,2,H1,2021-01-31,2021-03-01,01_raw/KWater/mywater_period/H1/group2/DATA1/2021-01-31_2021-03-01.json,191201,2e055099584ddb6efdff485aea57eff8a32047b342928420735aa1e199b7c4cb,14,720,N
2026-09-29T12:09:46Z,K-water,MyWater(water.or.kr) 댐/보 기간별자료,https://www.water.or.kr/kor/realtime/sumun/ajaxProc.do,DATA1,2,H1,2021-03-02,2021-03-31,01_raw/KWater/mywater_period/H1/group2/DATA1/2021-03-02_2021-03-31.json,191391,c01a8f3df57860f84106a4bacafaa1e14efe981ff57474ebcbeb8b917f258a80,14,720,N
2026-09-29T12:09:45Z,K-water,MyWater(water.or.kr) 댐/보 기간별자료,https://www.water.or.kr/kor/realtime/sumun/ajaxProc.do,DATA4,1,M1,2023-06-21,2023-06-27,01_raw/KWater/mywater_period/M1/group1/DATA4/2023-06-21_2023-06-27.json,437637,36bafe9556508f0bc52610d773d0ef79ebae5ea601c465efc266cfaf4174781f,27,1008,N
2026-09-29T12:09:49Z,K-water,MyWater(water.or.kr) 댐/보 기간별자료,https://www.water.or.kr/kor/realtime/sumun/ajaxProc.do,DATA1,2,H1,2021-04-01,2021-04-30,01_raw/KWater/mywater_period/H1/group2/DATA1/2021-04-01_2021-04-30.json,191350,6df76975ac15042ef3c7fa67f1d2573335fd367a7f483e54198b15f02f712807,14,720,N
2026-09-29T12:09:50Z,K-water,MyWater(water.or.kr) 댐/보 기간별자료,https://www.water.or.kr/kor/realtime/sumun/ajaxProc.do,DATA4,1,M1,2023-06-28,2023-07-04,01_raw/KWater/mywater_period/M1/group1/DATA4/2023-06-28_2023-07-04.json,465857,ea2a52e948cb43ba46a84e5c7d850cbd2264a8fd14c8e2a1153eaabb776504db,27,1008,N
2026-09-29T12:09:53Z,K-water,MyWater(water.or.kr) 댐/보 기간별자료,https://www.water.or.kr/kor/realtime/sumun/ajaxProc.do,DATA1,2,H1,2021-05-01,2021-05-30,01_raw/KWater/mywater_period/H1/group2/DATA1/2021-05-01_2021-05-30.json,190914,fc40e94e38f2c357d74781c07b3ee675e2427a838e5ba15dfcb5a6ddf3f242dc,14,720,N
2026-09-29T12:09:54Z,K-water,MyWater(water.or.kr) 댐/보 기간별자료,https://www.water.or.kr/kor/realtime/sumun/ajaxProc.do,DATA4,1,M1,2023-07-05,2023-07-11,01_raw/KWater/mywater_period/M1/group1/DATA4/2023-07-05_2023-07-11.json,469218,72bb5e3000af3236654e6e8d1e62af2e9885902f8bdbfc54742bc4fde64b8cd3,27,1008,N
2026-09-29T12:09:56Z,K-water,MyWater(water.or.kr) 댐/보 기간별자료,https://www.water.or.kr/kor/realtime/sumun/ajaxProc.do,DATA1,2,H1,2021-05-31,2021-06-29,01_raw/KWater/mywater_period/H1/group2/DATA1/2021-05-31_2021-06-29.json,190964,543dbbbaa50aef5c1edc6b1f2870cdee2fc7ca351c42b7130bbc238d57f6dd5f,14,720,N
2026-09-29T12:10:00Z,K-water,MyWater(water.or.kr) 댐/보 기간별자료,https://www.water.or.kr/kor/realtime/sumun/ajaxProc.do,DATA1,2,H1,2021-06-30,2021-07-29,01_raw/KWater/mywater_period/H1/group2/DATA1/2021-06-30_2021-07-29.json,191042,bcfe5e86d82b78dfdc05b2cb3fc6425e019bd1a8d41a9b2edb0731f24df64ead,14,720,N
2026-09-29T12:09:58Z,K-water,MyWater(water.or.kr) 댐/보 기간별자료,https://www.water.or.kr/kor/realtime/sumun/ajaxProc.do,DATA4,1,M1,2023-07-12,2023-07-18,01_raw/KWater/mywater_period/M1/group1/DATA4/2023-07-12_2023-07-18.json,488830,798d2596e710358118ddbeb410c02da773d4dcaf84f4704f273b1a53a67f96cd,27,1008,N
2026-09-29T12:10:03Z,K-water,MyWater(water.or.kr) 댐/보 기간별자료,https://www.water.or.kr/kor/realtime/sumun/ajaxProc.do,DATA1,2,H1,2021-07-30,2021-08-28,01_raw/KWater/mywater_period/H1/group2/DATA1/2021-07-30_2021-08-28.json,191087,b275943763c40a1f606b985ed788afe8a94c0c8bd9cd055967d7a1366ec68c78,14,720,N
2026-09-29T12:10:03Z,K-water,MyWater(water.or.kr) 댐/보 기간별자료,https://www.water.or.kr/kor/realtime/sumun/ajaxProc.do,DATA4,1,M1,2023-07-19,2023-07-25,01_raw/KWater/mywater_period/M1/group1/DATA4/2023-07-19_2023-07-25.json,473889,afb9524dce104d8b187170c49db2b5e815d62138636a19698eb59e8a62815535,27,1008,N
2026-09-29T12:10:06Z,K-water,MyWater(water.or.kr) 댐/보 기간별자료,https://www.water.or.kr/kor/realtime/sumun/ajaxProc.do,DATA1,2,H1,2021-08-29,2021-09-27,01_raw/KWater/mywater_period/H1/group2/DATA1/2021-08-29_2021-09-27.json,191185,552a64a0f61149e03214149f6f81640d728b68da5023933e5f63f18065ada766,14,720,N
2026-09-29T12:10:08Z,K-water,MyWater(water.or.kr) 댐/보 기간별자료,https://www.water.or.kr/kor/realtime/sumun/ajaxProc.do,DATA4,1,M1,2023-07-26,2023-08-01,01_raw/KWater/mywater_period/M1/group1/DATA4/2023-07-26_2023-08-01.json,450812,358d62081248dd351ba2a030a0561614f1adfd36eadebb69c7a9c8f399cc1733,27,1008,N
2026-09-29T12:10:11Z,K-water,MyWater(water.or.kr) 댐/보 기간별자료,https://www.water.or.kr/kor/realtime/sumun/ajaxProc.do,DATA1,2,H1,2021-09-28,2021-10-27,01_raw/KWater/mywater_period/H1/group2/DATA1/2021-09-28_2021-10-27.json,191939,38300366db052147b1646c7691ff5807ab308756380fc41c1102082b66e8ae4e,14,720,N
2026-09-29T12:10:14Z,K-water,MyWater(water.or.kr) 댐/보 기간별자료,https://www.water.or.kr/kor/realtime/sumun/ajaxProc.do,DATA1,2,H1,2021-10-28,2021-11-26,01_raw/KWater/mywater_period/H1/group2/DATA1/2021-10-28_2021-11-26.json,191694,3b06f04b2cdbbf65cdee40a2340062bcb8e882a45fa89281f5f344e90298a419,14,720,N
2026-09-29T12:10:13Z,K-water,MyWater(water.or.kr) 댐/보 기간별자료,https://www.water.or.kr/kor/realtime/sumun/ajaxProc.do,DATA4,1,M1,2023-08-02,2023-08-08,01_raw/KWater/mywater_period/M1/group1/DATA4/2023-08-02_2023-08-08.json,440832,eb401c2998e8d64ef18dae01dc202763ad1b0049728eaf2b05172e16d0859059,27,1008,N
2026-09-29T12:10:17Z,K-water,MyWater(water.or.kr) 댐/보 기간별자료,https://www.water.or.kr/kor/realtime/sumun/ajaxProc.do,DATA1,2,H1,2021-11-27,2021-12-26,01_raw/KWater/mywater_period/H1/group2/DATA1/2021-11-27_2021-12-26.json,191982,3e3d3f5c36dcefb6fc280808ba4700e4f94b900e5c5692c04560354d6066650b,14,720,N
2026-09-29T12:10:18Z,K-water,MyWater(water.or.kr) 댐/보 기간별자료,https://www.water.or.kr/kor/realtime/sumun/ajaxProc.do,DATA4,1,M1,2023-08-09,2023-08-15,01_raw/KWater/mywater_period/M1/group1/DATA4/2023-08-09_2023-08-15.json,463026,9d5704814b2353475c2d194f39e8f30361fc1b275337a89ec0b8e66e45168d9d,27,1008,N
2026-09-29T12:10:21Z,K-water,MyWater(water.or.kr) 댐/보 기간별자료,https://www.water.or.kr/kor/realtime/sumun/ajaxProc.do,DATA1,2,H1,2021-12-27,2022-01-25,01_raw/KWater/mywater_period/H1/group2/DATA1/2021-12-27_2022-01-25.json,191940,5d0564f1ed6dff72c6b0f8ec7f12add1b302b6bd554788a6a546b5a44815e20d,14,720,N
2026-09-29T12:10:22Z,K-water,MyWater(water.or.kr) 댐/보 기간별자료,https://www.water.or.kr/kor/realtime/sumun/ajaxProc.do,DATA4,1,M1,2023-08-16,2023-08-22,01_raw/KWater/mywater_period/M1/group1/DATA4/2023-08-16_2023-08-22.json,446253,cadd5630afea109d39925b4b258b4ad896f9c41c6ee4bd785199ebb5dd6a25ac,27,1008,N
2026-09-29T12:10:24Z,K-water,MyWater(water.or.kr) 댐/보 기간별자료,https://www.water.or.kr/kor/realtime/sumun/ajaxProc.do,DATA1,2,H1,2022-01-26,2022-02-24,01_raw/KWater/mywater_period/H1/group2/DATA1/2022-01-26_2022-02-24.json,191770,5c03806c1ff73216c4dc59b59838e8d4366cc1c31c63f89a37f9d54cefcf3b50,14,720,N
2026-09-29T12:10:27Z,K-water,MyWater(water.or.kr) 댐/보 기간별자료,https://www.water.or.kr/kor/realtime/sumun/ajaxProc.do,DATA1,2,H1,2022-02-25,2022-03-26,01_raw/KWater/mywater_period/H1/group2/DATA1/2022-02-25_2022-03-26.json,191362,dfa0f00a2e4f1ef13477cee08d39153d9212c5dfb90bfbf4e4f01a858fbfe9b0,14,720,N
2026-09-29T12:10:27Z,K-water,MyWater(water.or.kr) 댐/보 기간별자료,https://www.water.or.kr/kor/realtime/sumun/ajaxProc.do,DATA4,1,M1,2023-08-23,2023-08-29,01_raw/KWater/mywater_period/M1/group1/DATA4/2023-08-23_2023-08-29.json,453671,b6b1aa3ebfb2238af794bffaf67cd7a34a60d6f85795a85b51b29893ac67fbc4,27,1008,N
2026-09-29T12:10:30Z,K-water,MyWater(water.or.kr) 댐/보 기간별자료,https://www.water.or.kr/kor/realtime/sumun/ajaxProc.do,DATA1,2,H1,2022-03-27,2022-04-25,01_raw/KWater/mywater_period/H1/group2/DATA1/2022-03-27_2022-04-25.json,191383,03f8447597354add88aa9f48585e47d413e6d2468671381f3292c106cc15cdea,14,720,N
2026-09-29T12:10:31Z,K-water,MyWater(water.or.kr) 댐/보 기간별자료,https://www.water.or.kr/kor/realtime/sumun/ajaxProc.do,DATA4,1,M1,2023-08-30,2023-09-05,01_raw/KWater/mywater_period/M1/group1/DATA4/2023-08-30_2023-09-05.json,462452,ebb1b8aff5d83c2177724c2f9272a6bbf3d455431a3e4f9f7e5b6a1f139d2d8f,27,1008,N
2026-09-29T12:10:34Z,K-water,MyWater(water.or.kr) 댐/보 기간별자료,https://www.water.or.kr/kor/realtime/sumun/ajaxProc.do,DATA1,2,H1,2022-04-26,2022-05-25,01_raw/KWater/mywater_period/H1/group2/DATA1/2022-04-26_2022-05-25.json,191128,ef4214ed2dc4b766f316b968331c5ac966734692ee6648adfbd6159624ec76e4,14,720,N
2026-09-29T12:10:37Z,K-water,MyWater(water.or.kr) 댐/보 기간별자료,https://www.water.or.kr/kor/realtime/sumun/ajaxProc.do,DATA1,2,H1,2022-05-26,2022-06-24,01_raw/KWater/mywater_period/H1/group2/DATA1/2022-05-26_2022-06-24.json,191356,5fc4d59f8342c920835b4cb717c76e9c409b2acd6e761118d8d8ef9e390a2352,14,720,N
2026-09-29T12:10:36Z,K-water,MyWater(water.or.kr) 댐/보 기간별자료,https://www.water.or.kr/kor/realtime/sumun/ajaxProc.do,DATA4,1,M1,2023-09-06,2023-09-12,01_raw/KWater/mywater_period/M1/group1/DATA4/2023-09-06_2023-09-12.json,441356,fc0ef1a68e410fafc2fd28f840a9c25c664d8718732332b56d1acd9c2682b0a6,27,1008,N
2026-09-29T12:10:40Z,K-water,MyWater(water.or.kr) 댐/보 기간별자료,https://www.water.or.kr/kor/realtime/sumun/ajaxProc.do,DATA1,2,H1,2022-06-25,2022-07-24,01_raw/KWater/mywater_period/H1/group2/DATA1/2022-06-25_2022-07-24.json,191339,e0965d5bf6eeb5fdf81ae18f7aa9e397a30c8b68266a5210622f3ad5f82b0172,14,720,N
2026-09-29T12:10:40Z,K-water,MyWater(water.or.kr) 댐/보 기간별자료,https://www.water.or.kr/kor/realtime/sumun/ajaxProc.do,DATA4,1,M1,2023-09-13,2023-09-19,01_raw/KWater/mywater_period/M1/group1/DATA4/2023-09-13_2023-09-19.json,456175,026d0e1d250322db4a7199aebee9a203cb824e6223d33e4cdba865f3e80e5a1b,27,1008,N
2026-09-29T12:10:43Z,K-water,MyWater(water.or.kr) 댐/보 기간별자료,https://www.water.or.kr/kor/realtime/sumun/ajaxProc.do,DATA1,2,H1,2022-07-25,2022-08-23,01_raw/KWater/mywater_period/H1/group2/DATA1/2022-07-25_2022-08-23.json,191598,8317468fec13d975ae0a72d6d6a53ee1571761ce63482c6f12a17ea98fa11e85,14,720,N
2026-09-29T12:10:47Z,K-water,MyWater(water.or.kr) 댐/보 기간별자료,https://www.water.or.kr/kor/realtime/sumun/ajaxProc.do,DATA1,2,H1,2022-08-24,2022-09-22,01_raw/KWater/mywater_period/H1/group2/DATA1/2022-08-24_2022-09-22.json,191954,e84384338bb6d6284f679ef6a6b220bd33f6d056400fc5ddfe34c442d12446c8,14,720,N
2026-09-29T12:10:46Z,K-water,MyWater(water.or.kr) 댐/보 기간별자료,https://www.water.or.kr/kor/realtime/sumun/ajaxProc.do,DATA4,1,M1,2023-09-20,2023-09-26,01_raw/KWater/mywater_period/M1/group1/DATA4/2023-09-20_2023-09-26.json,466085,35565441a351ff1196e7d3cedf12ac6e86995c4537e9716db30868a6e7397262,27,1008,N
2026-09-29T12:10:50Z,K-water,MyWater(water.or.kr) 댐/보 기간별자료,https://www.water.or.kr/kor/realtime/sumun/ajaxProc.do,DATA1,2,H1,2022-09-23,2022-10-22,01_raw/KWater/mywater_period/H1/group2/DATA1/2022-09-23_2022-10-22.json,191726,36f4d5d3589ed90f1fd7e7df3e8e7c1b3cd011a304c48d05f6297399150a3eed,14,720,N
2026-09-29T12:10:51Z,K-water,MyWater(water.or.kr) 댐/보 기간별자료,https://www.water.or.kr/kor/realtime/sumun/ajaxProc.do,DATA4,1,M1,2023-09-27,2023-09-30,01_raw/KWater/mywater_period/M1/group1/DATA4/2023-09-27_2023-09-30.json,264641,d33b663a8708cca088a239348780c9d097b22dae84578ed78b402697ef5ca2a6,27,576,N
2026-09-29T12:10:54Z,K-water,MyWater(water.or.kr) 댐/보 기간별자료,https://www.water.or.kr/kor/realtime/sumun/ajaxProc.do,DATA1,2,H1,2022-10-23,2022-11-21,01_raw/KWater/mywater_period/H1/group2/DATA1/2022-10-23_2022-11-21.json,192092,da8adcf51e751c148ef73e665bfa36ac8942a3a8588047e44431853f55215c08,14,720,N
2026-09-29T12:10:57Z,K-water,MyWater(water.or.kr) 댐/보 기간별자료,https://www.water.or.kr/kor/realtime/sumun/ajaxProc.do,DATA1,2,H1,2022-11-22,2022-12-21,01_raw/KWater/mywater_period/H1/group2/DATA1/2022-11-22_2022-12-21.json,192090,32690cd3a18a42f80cc102d12d44eedff165d1de0c7251e3adec5f1d1100d883,14,720,N
2026-09-29T12:10:56Z,K-water,MyWater(water.or.kr) 댐/보 기간별자료,https://www.water.or.kr/kor/realtime/sumun/ajaxProc.do,DATA5,1,M1,2023-06-21,2023-06-27,01_raw/KWater/mywater_period/M1/group1/DATA5/2023-06-21_2023-06-27.json,430504,be778092a02118f5805f5db6e4a0c2e999d822d11d9db6df20da64630572755a,27,1008,N
2026-09-29T12:11:00Z,K-water,MyWater(water.or.kr) 댐/보 기간별자료,https://www.water.or.kr/kor/realtime/sumun/ajaxProc.do,DATA1,2,H1,2022-12-22,2023-01-20,01_raw/KWater/mywater_period/H1/group2/DATA1/2022-12-22_2023-01-20.json,191981,544164f7d25c16768ed6d939f6f18e2e296f25ad1fec9e9d9f28fb69d0ef8241,14,720,N
2026-09-29T12:11:00Z,K-water,MyWater(water.or.kr) 댐/보 기간별자료,https://www.water.or.kr/kor/realtime/sumun/ajaxProc.do,DATA5,1,M1,2023-06-28,2023-07-04,01_raw/KWater/mywater_period/M1/group1/DATA5/2023-06-28_2023-07-04.json,461924,da78a23c8744d4f43d0125f345637cc1b49e024157c6d1aa2c1d1910b39cd5f7,27,1008,N
2026-09-29T12:11:03Z,K-water,MyWater(water.or.kr) 댐/보 기간별자료,https://www.water.or.kr/kor/realtime/sumun/ajaxProc.do,DATA1,2,H1,2023-01-21,2023-02-19,01_raw/KWater/mywater_period/H1/group2/DATA1/2023-01-21_2023-02-19.json,192071,1dbc583bbe9e3258538bb0fd4f5dbd8aaf2199af88ddd351d7d06276538c18db,14,720,N
2026-09-29T12:11:05Z,K-water,MyWater(water.or.kr) 댐/보 기간별자료,https://www.water.or.kr/kor/realtime/sumun/ajaxProc.do,DATA5,1,M1,2023-07-05,2023-07-11,01_raw/KWater/mywater_period/M1/group1/DATA5/2023-07-05_2023-07-11.json,464006,633ef8540f54c4c6bb74b0ed5650befd6510bdd9df94cb4c8fccfedca5583f54,27,1008,N
2026-09-29T12:11:07Z,K-water,MyWater(water.or.kr) 댐/보 기간별자료,https://www.water.or.kr/kor/realtime/sumun/ajaxProc.do,DATA1,2,H1,2023-02-20,2023-03-21,01_raw/KWater/mywater_period/H1/group2/DATA1/2023-02-20_2023-03-21.json,191990,8a176be9ca15cd621fd4441c5ace8c748bbde0c4e6da31e6d247795fe59afc5c,14,720,N
2026-09-29T12:11:10Z,K-water,MyWater(water.or.kr) 댐/보 기간별자료,https://www.water.or.kr/kor/realtime/sumun/ajaxProc.do,DATA1,2,H1,2023-03-22,2023-04-20,01_raw/KWater/mywater_period/H1/group2/DATA1/2023-03-22_2023-04-20.json,192089,1a33ed01f317e77f38ed317fb975802a6dc95cb34d78f37296a30fab006fe111,14,720,N
2026-09-29T12:11:10Z,K-water,MyWater(water.or.kr) 댐/보 기간별자료,https://www.water.or.kr/kor/realtime/sumun/ajaxProc.do,DATA5,1,M1,2023-07-12,2023-07-18,01_raw/KWater/mywater_period/M1/group1/DATA5/2023-07-12_2023-07-18.json,480887,22fbdbb0ed4f20963c4316bd2027b9d0e47872210304be26309ca67d3d9b839a,27,1008,N
2026-09-29T12:11:13Z,K-water,MyWater(water.or.kr) 댐/보 기간별자료,https://www.water.or.kr/kor/realtime/sumun/ajaxProc.do,DATA1,2,H1,2023-04-21,2023-05-20,01_raw/KWater/mywater_period/H1/group2/DATA1/2023-04-21_2023-05-20.json,191943,83b5f9b9624e2e628c3fee2ddfe1434d8ac73c2f8a2809f1e9be517825b1879d,14,720,N
2026-09-29T12:11:17Z,K-water,MyWater(water.or.kr) 댐/보 기간별자료,https://www.water.or.kr/kor/realtime/sumun/ajaxProc.do,DATA1,2,H1,2023-05-21,2023-06-19,01_raw/KWater/mywater_period/H1/group2/DATA1/2023-05-21_2023-06-19.json,192086,1d16ee88d1201c1e9c8503efe464838aa08dcb74b17e2665d5b8c2fa54a5aeb1,14,720,N
2026-09-29T12:11:16Z,K-water,MyWater(water.or.kr) 댐/보 기간별자료,https://www.water.or.kr/kor/realtime/sumun/ajaxProc.do,DATA5,1,M1,2023-07-19,2023-07-25,01_raw/KWater/mywater_period/M1/group1/DATA5/2023-07-19_2023-07-25.json,464208,b05818fd27fc3bb407ed93a7ec76241ac821aef2c872d55b3788283a52c696d2,27,1008,N
2026-09-29T12:11:20Z,K-water,MyWater(water.or.kr) 댐/보 기간별자료,https://www.water.or.kr/kor/realtime/sumun/ajaxProc.do,DATA1,2,H1,2023-06-20,2023-07-19,01_raw/KWater/mywater_period/H1/group2/DATA1/2023-06-20_2023-07-19.json,191987,a5bbd6b213f69b1da8c731e45c6a3c246663ea2d35e26832056c8d4c673d2f91,14,720,N
2026-09-29T12:11:21Z,K-water,MyWater(water.or.kr) 댐/보 기간별자료,https://www.water.or.kr/kor/realtime/sumun/ajaxProc.do,DATA5,1,M1,2023-07-26,2023-08-01,01_raw/KWater/mywater_period/M1/group1/DATA5/2023-07-26_2023-08-01.json,443142,dce53ac0b3ef0fad40dbadd6940f46ce277ae525c522f86b524cd5987c6d81e0,27,1008,N
2026-09-29T12:11:23Z,K-water,MyWater(water.or.kr) 댐/보 기간별자료,https://www.water.or.kr/kor/realtime/sumun/ajaxProc.do,DATA1,2,H1,2023-07-20,2023-08-18,01_raw/KWater/mywater_period/H1/group2/DATA1/2023-07-20_2023-08-18.json,191731,22939e02b2bb9d160bed30c2bc8976f8baa8a67c3096dd8c384b5ffc61802963,14,720,N
2026-09-29T12:11:25Z,K-water,MyWater(water.or.kr) 댐/보 기간별자료,https://www.water.or.kr/kor/realtime/sumun/ajaxProc.do,DATA5,1,M1,2023-08-02,2023-08-08,01_raw/KWater/mywater_period/M1/group1/DATA5/2023-08-02_2023-08-08.json,433405,a9b5d61e56ac92408be55150946a2c6bc6ec73a419d47c443d05c0a06dbd788e,27,1008,N
2026-09-29T12:11:27Z,K-water,MyWater(water.or.kr) 댐/보 기간별자료,https://www.water.or.kr/kor/realtime/sumun/ajaxProc.do,DATA1,2,H1,2023-08-19,2023-09-17,01_raw/KWater/mywater_period/H1/group2/DATA1/2023-08-19_2023-09-17.json,191179,c28a84daeb7411b7ef3b946afef7980b94dc3d0c950d4420f29c03b2896e350a,14,720,N
2026-09-29T12:11:30Z,K-water,MyWater(water.or.kr) 댐/보 기간별자료,https://www.water.or.kr/kor/realtime/sumun/ajaxProc.do,DATA1,2,H1,2023-09-18,2023-10-17,01_raw/KWater/mywater_period/H1/group2/DATA1/2023-09-18_2023-10-17.json,191706,2d8e6f41dbf0d9980556b669d364f99915527a808e26451385b6be6634e134ca,14,720,N
2026-09-29T12:11:30Z,K-water,MyWater(water.or.kr) 댐/보 기간별자료,https://www.water.or.kr/kor/realtime/sumun/ajaxProc.do,DATA5,1,M1,2023-08-09,2023-08-15,01_raw/KWater/mywater_period/M1/group1/DATA5/2023-08-09_2023-08-15.json,457656,638f0176a38d113f797b1503e6f745eb6d7bea782c3d89728da75f7367e99d1d,27,1008,N
2026-09-29T12:11:33Z,K-water,MyWater(water.or.kr) 댐/보 기간별자료,https://www.water.or.kr/kor/realtime/sumun/ajaxProc.do,DATA1,2,H1,2023-10-18,2023-11-16,01_raw/KWater/mywater_period/H1/group2/DATA1/2023-10-18_2023-11-16.json,191976,04374d1e317ca06d688499f5e614693588958bea8851fd426645f1c8257aa379,14,720,N
2026-09-29T12:11:35Z,K-water,MyWater(water.or.kr) 댐/보 기간별자료,https://www.water.or.kr/kor/realtime/sumun/ajaxProc.do,DATA5,1,M1,2023-08-16,2023-08-22,01_raw/KWater/mywater_period/M1/group1/DATA5/2023-08-16_2023-08-22.json,439593,3f92e5762ac114a8182117c721aa4af88d1ce4dfafefe3ae213542af8db6c780,27,1008,N
2026-09-29T12:11:37Z,K-water,MyWater(water.or.kr) 댐/보 기간별자료,https://www.water.or.kr/kor/realtime/sumun/ajaxProc.do,DATA1,2,H1,2023-11-17,2023-12-16,01_raw/KWater/mywater_period/H1/group2/DATA1/2023-11-17_2023-12-16.json,192007,36b68dc17559da7c674fa5cf2a60f4c5538b826dedcb1b4de78c969bd6f01e1f,14,720,N
2026-09-29T12:11:39Z,K-water,MyWater(water.or.kr) 댐/보 기간별자료,https://www.water.or.kr/kor/realtime/sumun/ajaxProc.do,DATA5,1,M1,2023-08-23,2023-08-29,01_raw/KWater/mywater_period/M1/group1/DATA5/2023-08-23_2023-08-29.json,446014,5e1c477ba41867a198338876cbf3f2a13bebcfaa2bc7dbf272d13fbd46e9dfbc,27,1008,N
2026-09-29T12:11:40Z,K-water,MyWater(water.or.kr) 댐/보 기간별자료,https://www.water.or.kr/kor/realtime/sumun/ajaxProc.do,DATA1,2,H1,2023-12-17,2024-01-15,01_raw/KWater/mywater_period/H1/group2/DATA1/2023-12-17_2024-01-15.json,191844,5aadbf3eac8143acd78ae72178b9491a08c79acaf58e4b5057d600ae130e0ae2,14,720,N
2026-09-29T12:11:44Z,K-water,MyWater(water.or.kr) 댐/보 기간별자료,https://www.water.or.kr/kor/realtime/sumun/ajaxProc.do,DATA1,2,H1,2024-01-16,2024-02-14,01_raw/KWater/mywater_period/H1/group2/DATA1/2024-01-16_2024-02-14.json,191844,f6855a693b4c589dc8654daad2ab4429de019312a8e366adb873495595d0ae92,14,720,N
2026-09-29T12:11:44Z,K-water,MyWater(water.or.kr) 댐/보 기간별자료,https://www.water.or.kr/kor/realtime/sumun/ajaxProc.do,DATA5,1,M1,2023-08-30,2023-09-05,01_raw/KWater/mywater_period/M1/group1/DATA5/2023-08-30_2023-09-05.json,454689,5d34fa426f86ae0eee4a8d48fb645c951343143724bf2e459d8f2f57db49d1d8,27,1008,N
2026-09-29T12:11:47Z,K-water,MyWater(water.or.kr) 댐/보 기간별자료,https://www.water.or.kr/kor/realtime/sumun/ajaxProc.do,DATA1,2,H1,2024-02-15,2024-03-15,01_raw/KWater/mywater_period/H1/group2/DATA1/2024-02-15_2024-03-15.json,191989,4036e1504efb5fdcd320fec30406065a2c55a9fbfad67c34c12ea66b685e304f,14,720,N
2026-09-29T12:11:48Z,K-water,MyWater(water.or.kr) 댐/보 기간별자료,https://www.water.or.kr/kor/realtime/sumun/ajaxProc.do,DATA5,1,M1,2023-09-06,2023-09-12,01_raw/KWater/mywater_period/M1/group1/DATA5/2023-09-06_2023-09-12.json,433731,0774489405d8b5c130e598a34f458e149d43eb8b9d9d2f33c80e8b9cc567376c,27,1008,N
2026-09-29T12:11:51Z,K-water,MyWater(water.or.kr) 댐/보 기간별자료,https://www.water.or.kr/kor/realtime/sumun/ajaxProc.do,DATA1,2,H1,2024-03-16,2024-04-14,01_raw/KWater/mywater_period/H1/group2/DATA1/2024-03-16_2024-04-14.json,191807,86b2c7ae29579655f89309c3fdf9055912d860b36dff4cee123f0a79f070bd8c,14,720,N
2026-09-29T12:11:53Z,K-water,MyWater(water.or.kr) 댐/보 기간별자료,https://www.water.or.kr/kor/realtime/sumun/ajaxProc.do,DATA5,1,M1,2023-09-13,2023-09-19,01_raw/KWater/mywater_period/M1/group1/DATA5/2023-09-13_2023-09-19.json,449264,8d9ace97f98715a9f7f4b85f85ff4338b9ded93d7236346722445be67907ab4d,27,1008,N
2026-09-29T12:11:55Z,K-water,MyWater(water.or.kr) 댐/보 기간별자료,https://www.water.or.kr/kor/realtime/sumun/ajaxProc.do,DATA1,2,H1,2024-04-15,2024-05-14,01_raw/KWater/mywater_period/H1/group2/DATA1/2024-04-15_2024-05-14.json,190792,420cf50e09622eb16d97e1b75669f019c2adadcc70f1ba31f959a68ed29dcccf,14,720,N
2026-09-29T12:11:58Z,K-water,MyWater(water.or.kr) 댐/보 기간별자료,https://www.water.or.kr/kor/realtime/sumun/ajaxProc.do,DATA1,2,H1,2024-05-15,2024-06-13,01_raw/KWater/mywater_period/H1/group2/DATA1/2024-05-15_2024-06-13.json,192023,75bac6591692a28cb820fa9de056af8a857357333885a44659c63b1572c50bce,14,720,N
2026-09-29T12:11:58Z,K-water,MyWater(water.or.kr) 댐/보 기간별자료,https://www.water.or.kr/kor/realtime/sumun/ajaxProc.do,DATA5,1,M1,2023-09-20,2023-09-26,01_raw/KWater/mywater_period/M1/group1/DATA5/2023-09-20_2023-09-26.json,460071,3eca4cf5345e36b649972c0d1187706e850213b3c5fc9946cab4e6a18772447b,27,1008,N
2026-09-29T12:12:02Z,K-water,MyWater(water.or.kr) 댐/보 기간별자료,https://www.water.or.kr/kor/realtime/sumun/ajaxProc.do,DATA1,2,H1,2024-06-14,2024-07-13,01_raw/KWater/mywater_period/H1/group2/DATA1/2024-06-14_2024-07-13.json,191862,d3f9779149e19337d255f8a33d7aa8df8a7bb268d135596a8a16e7107f50a9d7,14,720,N
2026-09-29T12:12:03Z,K-water,MyWater(water.or.kr) 댐/보 기간별자료,https://www.water.or.kr/kor/realtime/sumun/ajaxProc.do,DATA5,1,M1,2023-09-27,2023-09-30,01_raw/KWater/mywater_period/M1/group1/DATA5/2023-09-27_2023-09-30.json,261669,2f9a99ca4baf480ab8f8b76bc0a19468253edf5aebda4d68c92483dc423733cd,27,576,N
2026-09-29T12:12:06Z,K-water,MyWater(water.or.kr) 댐/보 기간별자료,https://www.water.or.kr/kor/realtime/sumun/ajaxProc.do,DATA1,2,H1,2024-07-14,2024-08-12,01_raw/KWater/mywater_period/H1/group2/DATA1/2024-07-14_2024-08-12.json,191358,344f03ccf3edf473693f8d11ada3c9ae0e5027653a3c0275ef7cde597579cf1c,14,720,N
2026-09-29T12:12:08Z,K-water,MyWater(water.or.kr) 댐/보 기간별자료,https://www.water.or.kr/kor/realtime/sumun/ajaxProc.do,DATA6,1,M1,2023-06-21,2023-06-27,01_raw/KWater/mywater_period/M1/group1/DATA6/2023-06-21_2023-06-27.json,444109,91e13a1bc6d0ad2c442e21f05d5463385b69df39f2b118b7b4ee907af8231acd,27,1008,N
2026-09-29T12:12:10Z,K-water,MyWater(water.or.kr) 댐/보 기간별자료,https://www.water.or.kr/kor/realtime/sumun/ajaxProc.do,DATA1,2,H1,2024-08-13,2024-09-11,01_raw/KWater/mywater_period/H1/group2/DATA1/2024-08-13_2024-09-11.json,191943,84f200dcebe5537347ab3541cba5b6935f24fdf285d330ed7269d37e6847843c,14,720,N
2026-09-29T12:12:13Z,K-water,MyWater(water.or.kr) 댐/보 기간별자료,https://www.water.or.kr/kor/realtime/sumun/ajaxProc.do,DATA1,2,H1,2024-09-12,2024-10-11,01_raw/KWater/mywater_period/H1/group2/DATA1/2024-09-12_2024-10-11.json,191883,6deb56991165923280f96851225258618f59743e41726d17e4780a1045987aa2,14,720,N
2026-09-29T12:12:12Z,K-water,MyWater(water.or.kr) 댐/보 기간별자료,https://www.water.or.kr/kor/realtime/sumun/ajaxProc.do,DATA6,1,M1,2023-06-28,2023-07-04,01_raw/KWater/mywater_period/M1/group1/DATA6/2023-06-28_2023-07-04.json,453175,98f9b1e82fcd83067ed0bcf20b27401e55ef4454541b3fe4303d7970523b484a,27,1008,N
2026-09-29T12:12:17Z,K-water,MyWater(water.or.kr) 댐/보 기간별자료,https://www.water.or.kr/kor/realtime/sumun/ajaxProc.do,DATA1,2,H1,2024-10-12,2024-11-10,01_raw/KWater/mywater_period/H1/group2/DATA1/2024-10-12_2024-11-10.json,190371,9163cd70bc0f420e11d853e9070323ededed4bcedf99f912540ff18e66dcc9e5,14,720,N
2026-09-29T12:12:18Z,K-water,MyWater(water.or.kr) 댐/보 기간별자료,https://www.water.or.kr/kor/realtime/sumun/ajaxProc.do,DATA6,1,M1,2023-07-05,2023-07-11,01_raw/KWater/mywater_period/M1/group1/DATA6/2023-07-05_2023-07-11.json,458774,269ba0fc34378df30e64535a60c77d511687e0cda94adacdf30ed59bd772e051,27,1008,N
2026-09-29T12:12:20Z,K-water,MyWater(water.or.kr) 댐/보 기간별자료,https://www.water.or.kr/kor/realtime/sumun/ajaxProc.do,DATA1,2,H1,2024-11-11,2024-12-10,01_raw/KWater/mywater_period/H1/group2/DATA1/2024-11-11_2024-12-10.json,191924,9014e4300e0e7226bcf8b3862949bedf5d9bf70bddf7083bd043b26843b25005,14,720,N
2026-09-29T12:12:24Z,K-water,MyWater(water.or.kr) 댐/보 기간별자료,https://www.water.or.kr/kor/realtime/sumun/ajaxProc.do,DATA1,2,H1,2024-12-11,2025-01-09,01_raw/KWater/mywater_period/H1/group2/DATA1/2024-12-11_2025-01-09.json,191906,290bb648a18236fd69632da2082b56daa15295ef9144ede05d96fb598ac46ef6,14,720,N
2026-09-29T12:12:23Z,K-water,MyWater(water.or.kr) 댐/보 기간별자료,https://www.water.or.kr/kor/realtime/sumun/ajaxProc.do,DATA6,1,M1,2023-07-12,2023-07-18,01_raw/KWater/mywater_period/M1/group1/DATA6/2023-07-12_2023-07-18.json,482515,048f87fa7ab78d48b14117384b0746ec8c62568fc4bb37aaa0af1e3e6ab5f9f4,27,1008,N
2026-09-29T12:12:28Z,K-water,MyWater(water.or.kr) 댐/보 기간별자료,https://www.water.or.kr/kor/realtime/sumun/ajaxProc.do,DATA1,2,H1,2025-01-10,2025-02-08,01_raw/KWater/mywater_period/H1/group2/DATA1/2025-01-10_2025-02-08.json,192024,e0c51fd754862b3668ee00934df0f5caf74fcd4ba7719395ea5218bef976f590,14,720,N
2026-09-29T12:12:28Z,K-water,MyWater(water.or.kr) 댐/보 기간별자료,https://www.water.or.kr/kor/realtime/sumun/ajaxProc.do,DATA6,1,M1,2023-07-19,2023-07-25,01_raw/KWater/mywater_period/M1/group1/DATA6/2023-07-19_2023-07-25.json,476490,d2b40d4d3fe2d9e073842a514edeae96303d3dca5578e45a03f6f334f881d920,27,1008,N
2026-09-29T12:12:32Z,K-water,MyWater(water.or.kr) 댐/보 기간별자료,https://www.water.or.kr/kor/realtime/sumun/ajaxProc.do,DATA1,2,H1,2025-02-09,2025-03-10,01_raw/KWater/mywater_period/H1/group2/DATA1/2025-02-09_2025-03-10.json,191802,b333a70eadb7df6d719a5402a40c50b3c7f4084d494650f9d4540d8aff131325,14,720,N
2026-09-29T12:12:32Z,K-water,MyWater(water.or.kr) 댐/보 기간별자료,https://www.water.or.kr/kor/realtime/sumun/ajaxProc.do,DATA6,1,M1,2023-07-26,2023-08-01,01_raw/KWater/mywater_period/M1/group1/DATA6/2023-07-26_2023-08-01.json,451776,e4f99079539831a8dc43aac81c2690f344410d2a6071012896516e2df005f9f8,27,1008,N
2026-09-29T12:12:35Z,K-water,MyWater(water.or.kr) 댐/보 기간별자료,https://www.water.or.kr/kor/realtime/sumun/ajaxProc.do,DATA1,2,H1,2025-03-11,2025-04-09,01_raw/KWater/mywater_period/H1/group2/DATA1/2025-03-11_2025-04-09.json,191672,a2b3bec66c003f6130a7ffcd81c7ab1923a9dcf542c5c61b9b619266416cabd6,14,720,N
2026-09-29T12:12:37Z,K-water,MyWater(water.or.kr) 댐/보 기간별자료,https://www.water.or.kr/kor/realtime/sumun/ajaxProc.do,DATA6,1,M1,2023-08-02,2023-08-08,01_raw/KWater/mywater_period/M1/group1/DATA6/2023-08-02_2023-08-08.json,451407,703a7314498e6eb45a7487ed760a63afc69b2e40cc5ec6de607a0a376ac8c5ef,27,1008,N
2026-09-29T12:12:39Z,K-water,MyWater(water.or.kr) 댐/보 기간별자료,https://www.water.or.kr/kor/realtime/sumun/ajaxProc.do,DATA1,2,H1,2025-04-10,2025-05-09,01_raw/KWater/mywater_period/H1/group2/DATA1/2025-04-10_2025-05-09.json,191757,f6f58e003026f560c6e472f2bbb0f376e3224f48f8a313ae1faf0e15a312d2e6,14,720,N
2026-09-29T12:12:41Z,K-water,MyWater(water.or.kr) 댐/보 기간별자료,https://www.water.or.kr/kor/realtime/sumun/ajaxProc.do,DATA6,1,M1,2023-08-09,2023-08-15,01_raw/KWater/mywater_period/M1/group1/DATA6/2023-08-09_2023-08-15.json,458477,74f9571c130ac027062b6f5b1892414ec87f9333cdb97787eca2b1190d44e3b9,27,1008,N
2026-09-29T12:12:43Z,K-water,MyWater(water.or.kr) 댐/보 기간별자료,https://www.water.or.kr/kor/realtime/sumun/ajaxProc.do,DATA1,2,H1,2025-05-10,2025-06-08,01_raw/KWater/mywater_period/H1/group2/DATA1/2025-05-10_2025-06-08.json,192028,67c2754c6e71c5d3dcaa9b4ccde33d5903870f0dfd9b0b3ba3f8450ca02b6800,14,720,N
2026-09-29T12:12:46Z,K-water,MyWater(water.or.kr) 댐/보 기간별자료,https://www.water.or.kr/kor/realtime/sumun/ajaxProc.do,DATA1,2,H1,2025-06-09,2025-07-08,01_raw/KWater/mywater_period/H1/group2/DATA1/2025-06-09_2025-07-08.json,191912,7677a4c38598ff800e91dfb0f07d83a4c89b7548d2900737a371e6e521fcc16d,14,720,N
2026-09-29T12:12:45Z,K-water,MyWater(water.or.kr) 댐/보 기간별자료,https://www.water.or.kr/kor/realtime/sumun/ajaxProc.do,DATA6,1,M1,2023-08-16,2023-08-22,01_raw/KWater/mywater_period/M1/group1/DATA6/2023-08-16_2023-08-22.json,451138,bfeb74743502a3e35bfe4ee766da019e3d22ce391f9b31cd49161b57d8172342,27,1008,N
2026-09-29T12:12:50Z,K-water,MyWater(water.or.kr) 댐/보 기간별자료,https://www.water.or.kr/kor/realtime/sumun/ajaxProc.do,DATA1,2,H1,2025-07-09,2025-08-07,01_raw/KWater/mywater_period/H1/group2/DATA1/2025-07-09_2025-08-07.json,191961,73c02f717ec3b8c40d90929593f13d9a36540b1532017b6ca13fd75427b152c6,14,720,N
2026-09-29T12:12:50Z,K-water,MyWater(water.or.kr) 댐/보 기간별자료,https://www.water.or.kr/kor/realtime/sumun/ajaxProc.do,DATA6,1,M1,2023-08-23,2023-08-29,01_raw/KWater/mywater_period/M1/group1/DATA6/2023-08-23_2023-08-29.json,453675,d7e9863269a2e081a27eea54287639acd3232a6d79f1eb814ece0f76ff06fba0,27,1008,N
2026-09-29T12:12:53Z,K-water,MyWater(water.or.kr) 댐/보 기간별자료,https://www.water.or.kr/kor/realtime/sumun/ajaxProc.do,DATA1,2,H1,2025-08-08,2025-09-06,01_raw/KWater/mywater_period/H1/group2/DATA1/2025-08-08_2025-09-06.json,191902,4cf5e20b54e68a77d688c198d6b36018b9ba8870ba1fd4209409d2be5b4ce71f,14,720,N
2026-09-29T12:12:54Z,K-water,MyWater(water.or.kr) 댐/보 기간별자료,https://www.water.or.kr/kor/realtime/sumun/ajaxProc.do,DATA6,1,M1,2023-08-30,2023-09-05,01_raw/KWater/mywater_period/M1/group1/DATA6/2023-08-30_2023-09-05.json,456952,85ae77aba2282b9fae9c6c5a17d7883d133d8687ba2ae1edf43b8276bafae7b0,27,1008,N
2026-09-29T12:12:57Z,K-water,MyWater(water.or.kr) 댐/보 기간별자료,https://www.water.or.kr/kor/realtime/sumun/ajaxProc.do,DATA1,2,H1,2025-09-07,2025-10-06,01_raw/KWater/mywater_period/H1/group2/DATA1/2025-09-07_2025-10-06.json,192087,1ba8a9b4192669373bbfadc9df0b7781664022a1ed0f847f34e3cf091628382f,14,720,N
2026-09-29T12:12:59Z,K-water,MyWater(water.or.kr) 댐/보 기간별자료,https://www.water.or.kr/kor/realtime/sumun/ajaxProc.do,DATA6,1,M1,2023-09-06,2023-09-12,01_raw/KWater/mywater_period/M1/group1/DATA6/2023-09-06_2023-09-12.json,448870,5da4d2180f76e298396f8ba771dcb9651c7b68b6379cc45c96d50c4ab0da638b,27,1008,N
2026-09-29T12:13:00Z,K-water,MyWater(water.or.kr) 댐/보 기간별자료,https://www.water.or.kr/kor/realtime/sumun/ajaxProc.do,DATA1,2,H1,2025-10-07,2025-11-05,01_raw/KWater/mywater_period/H1/group2/DATA1/2025-10-07_2025-11-05.json,192055,b589a02d508eacdce0db8b302100ea3f4afe2b2dabf95ddb24b38e5ec42ebb58,14,720,N
2026-09-29T12:13:04Z,K-water,MyWater(water.or.kr) 댐/보 기간별자료,https://www.water.or.kr/kor/realtime/sumun/ajaxProc.do,DATA1,2,H1,2025-11-06,2025-12-05,01_raw/KWater/mywater_period/H1/group2/DATA1/2025-11-06_2025-12-05.json,192015,85052ef2ef9b7c867310a3887f8ae23b6fce99b2821ef277cb78d828c8ff50d2,14,720,N
2026-09-29T12:13:03Z,K-water,MyWater(water.or.kr) 댐/보 기간별자료,https://www.water.or.kr/kor/realtime/sumun/ajaxProc.do,DATA6,1,M1,2023-09-13,2023-09-19,01_raw/KWater/mywater_period/M1/group1/DATA6/2023-09-13_2023-09-19.json,452667,11b42032a37166194e7b84af08dcfe9d26f0930587a6d389c2fbed32c97c908a,27,1008,N
2026-09-29T12:13:07Z,K-water,MyWater(water.or.kr) 댐/보 기간별자료,https://www.water.or.kr/kor/realtime/sumun/ajaxProc.do,DATA1,2,H1,2025-12-06,2026-01-04,01_raw/KWater/mywater_period/H1/group2/DATA1/2025-12-06_2026-01-04.json,191968,f9b09df9565dacc299c4a834fcd54826ce37ba766eebb18429a2aa093bf0f027,14,720,N
2026-09-29T12:13:08Z,K-water,MyWater(water.or.kr) 댐/보 기간별자료,https://www.water.or.kr/kor/realtime/sumun/ajaxProc.do,DATA6,1,M1,2023-09-20,2023-09-26,01_raw/KWater/mywater_period/M1/group1/DATA6/2023-09-20_2023-09-26.json,461428,445a7c47c9b57e351623482e9d6ad359875a0a6347c762a24648289e836e3ade,27,1008,N
2026-09-29T12:13:11Z,K-water,MyWater(water.or.kr) 댐/보 기간별자료,https://www.water.or.kr/kor/realtime/sumun/ajaxProc.do,DATA1,2,H1,2026-01-05,2026-02-03,01_raw/KWater/mywater_period/H1/group2/DATA1/2026-01-05_2026-02-03.json,191879,847b3f27a39527eccb96a74154817417a4d7b6c992fc51d7a002371031abd578,14,720,N
2026-09-29T12:13:13Z,K-water,MyWater(water.or.kr) 댐/보 기간별자료,https://www.water.or.kr/kor/realtime/sumun/ajaxProc.do,DATA6,1,M1,2023-09-27,2023-09-30,01_raw/KWater/mywater_period/M1/group1/DATA6/2023-09-27_2023-09-30.json,263348,da66d7ddea5f2751e4609ce4cf100d627ac1ae189d30d97a4a472d5a87f79c6e,27,576,N
2026-09-29T12:13:14Z,K-water,MyWater(water.or.kr) 댐/보 기간별자료,https://www.water.or.kr/kor/realtime/sumun/ajaxProc.do,DATA1,2,H1,2026-02-04,2026-03-05,01_raw/KWater/mywater_period/H1/group2/DATA1/2026-02-04_2026-03-05.json,192053,9bd0e92d91ed879d03e4d6b2e4acef273b3d535e7b34357a8dac7c84b6bc0c2d,14,720,N
2026-09-29T12:13:18Z,K-water,MyWater(water.or.kr) 댐/보 기간별자료,https://www.water.or.kr/kor/realtime/sumun/ajaxProc.do,DATA1,2,H1,2026-03-06,2026-04-04,01_raw/KWater/mywater_period/H1/group2/DATA1/2026-03-06_2026-04-04.json,192141,fd35252c3fcc4599225136e2525bf241ec9b3cf994b1872bb79a2440e4655de5,14,720,N
2026-09-29T12:13:17Z,K-water,MyWater(water.or.kr) 댐/보 기간별자료,https://www.water.or.kr/kor/realtime/sumun/ajaxProc.do,DATA1,1,M1,2024-06-21,2024-06-27,01_raw/KWater/mywater_period/M1/group1/DATA1/2024-06-21_2024-06-27.json,489980,1da12c8f2b9408cdc7c66d16e1fe07c804b0a24975983a78c00fc5f60c95e066,27,1008,N
2026-09-29T12:13:21Z,K-water,MyWater(water.or.kr) 댐/보 기간별자료,https://www.water.or.kr/kor/realtime/sumun/ajaxProc.do,DATA1,2,H1,2026-04-05,2026-05-04,01_raw/KWater/mywater_period/H1/group2/DATA1/2026-04-05_2026-05-04.json,192021,1fccb2f931a93da6b71a045fe394322b439f1f8073a04a0d562bd47b203525f7,14,720,N
2026-09-29T12:13:25Z,K-water,MyWater(water.or.kr) 댐/보 기간별자료,https://www.water.or.kr/kor/realtime/sumun/ajaxProc.do,DATA1,2,H1,2026-05-05,2026-06-03,01_raw/KWater/mywater_period/H1/group2/DATA1/2026-05-05_2026-06-03.json,192039,9497b449224e7a9737be8789a804729e983593dbcb4e9bf189c1434d384d4312,14,720,N
2026-09-29T12:13:24Z,K-water,MyWater(water.or.kr) 댐/보 기간별자료,https://www.water.or.kr/kor/realtime/sumun/ajaxProc.do,DATA1,1,M1,2024-06-28,2024-07-04,01_raw/KWater/mywater_period/M1/group1/DATA1/2024-06-28_2024-07-04.json,489935,ce5fe3ac0e7ddd1ffc732683f8ae4a519f5414fc88925c40136a90311144c6f3,27,1008,N
2026-09-29T12:13:29Z,K-water,MyWater(water.or.kr) 댐/보 기간별자료,https://www.water.or.kr/kor/realtime/sumun/ajaxProc.do,DATA1,2,H1,2026-06-04,2026-07-03,01_raw/KWater/mywater_period/H1/group2/DATA1/2026-06-04_2026-07-03.json,192055,e5fca39d0da97767149e42e81c8e740d0cd3e3460d0155a5d0895db0077018b4,14,720,N
2026-09-29T12:13:32Z,K-water,MyWater(water.or.kr) 댐/보 기간별자료,https://www.water.or.kr/kor/realtime/sumun/ajaxProc.do,DATA1,2,H1,2026-07-04,2026-08-02,01_raw/KWater/mywater_period/H1/group2/DATA1/2026-07-04_2026-08-02.json,191511,de8b5a9ac265d38d3c3f2ae06a23ca3b2d6d19d9b21542dc881ac81a342455a7,14,720,N
2026-09-29T12:13:31Z,K-water,MyWater(water.or.kr) 댐/보 기간별자료,https://www.water.or.kr/kor/realtime/sumun/ajaxProc.do,DATA1,1,M1,2024-07-05,2024-07-11,01_raw/KWater/mywater_period/M1/group1/DATA1/2024-07-05_2024-07-11.json,490747,478165e557f316de61ea036c869880bb0405d739773c39ec110d902f5c7725f3,27,1008,N
2026-09-29T12:13:36Z,K-water,MyWater(water.or.kr) 댐/보 기간별자료,https://www.water.or.kr/kor/realtime/sumun/ajaxProc.do,DATA1,2,H1,2026-08-03,2026-09-01,01_raw/KWater/mywater_period/H1/group2/DATA1/2026-08-03_2026-09-01.json,191255,b543810abcbfe347014915dadcc5da36b5000e2d9ef3b8593ca84bb835cdc177,14,720,N
2026-09-29T12:13:39Z,K-water,MyWater(water.or.kr) 댐/보 기간별자료,https://www.water.or.kr/kor/realtime/sumun/ajaxProc.do,DATA1,2,H1,2026-09-02,2026-09-28,01_raw/KWater/mywater_period/H1/group2/DATA1/2026-09-02_2026-09-28.json,173324,3fad0f970f3e75798c6f6784bca83bb51b06a42e1b651f662a6970eb1574ff73,14,648,N
2026-09-29T12:13:38Z,K-water,MyWater(water.or.kr) 댐/보 기간별자료,https://www.water.or.kr/kor/realtime/sumun/ajaxProc.do,DATA1,1,M1,2024-07-12,2024-07-18,01_raw/KWater/mywater_period/M1/group1/DATA1/2024-07-12_2024-07-18.json,491255,67559ce0d729d9ebde2e80266e117463a404eb203004aa0baa5b5f0cfcbb8b1c,27,1008,N
2026-09-29T12:13:43Z,K-water,MyWater(water.or.kr) 댐/보 기간별자료,https://www.water.or.kr/kor/realtime/sumun/ajaxProc.do,DATA2,2,H1,2021-01-01,2021-01-30,01_raw/KWater/mywater_period/H1/group2/DATA2/2021-01-01_2021-01-30.json,180593,c273547882bd9c0f7f522d5ea93a8e567ae1c761f6d0ea9482335493b497c52a,14,720,N
2026-09-29T12:13:47Z,K-water,MyWater(water.or.kr) 댐/보 기간별자료,https://www.water.or.kr/kor/realtime/sumun/ajaxProc.do,DATA2,2,H1,2021-01-31,2021-03-01,01_raw/KWater/mywater_period/H1/group2/DATA2/2021-01-31_2021-03-01.json,179917,7b0e096f2ae89a83e4442fda87729cbccca6ac3c87f96afa970a8e57fe20c341,14,720,N
2026-09-29T12:13:45Z,K-water,MyWater(water.or.kr) 댐/보 기간별자료,https://www.water.or.kr/kor/realtime/sumun/ajaxProc.do,DATA1,1,M1,2024-07-19,2024-07-25,01_raw/KWater/mywater_period/M1/group1/DATA1/2024-07-19_2024-07-25.json,490224,87934571b730a1c905eb1b7dbe4b7a16b6a187a1825569711ba55ba3379fdbff,27,1008,N
2026-09-29T12:13:50Z,K-water,MyWater(water.or.kr) 댐/보 기간별자료,https://www.water.or.kr/kor/realtime/sumun/ajaxProc.do,DATA2,2,H1,2021-03-02,2021-03-31,01_raw/KWater/mywater_period/H1/group2/DATA2/2021-03-02_2021-03-31.json,179697,14ca808df82c148814023e97088db39f0cc42135c3479c18f866b007e52e7dd9,14,720,N
2026-09-29T12:13:53Z,K-water,MyWater(water.or.kr) 댐/보 기간별자료,https://www.water.or.kr/kor/realtime/sumun/ajaxProc.do,DATA2,2,H1,2021-04-01,2021-04-30,01_raw/KWater/mywater_period/H1/group2/DATA2/2021-04-01_2021-04-30.json,179804,c61308cc919cc7f539adeb41a9580bbc24fee8c5ae7e7699a3577a42edcd1718,14,720,N
2026-09-29T12:13:57Z,K-water,MyWater(water.or.kr) 댐/보 기간별자료,https://www.water.or.kr/kor/realtime/sumun/ajaxProc.do,DATA2,2,H1,2021-05-01,2021-05-30,01_raw/KWater/mywater_period/H1/group2/DATA2/2021-05-01_2021-05-30.json,179851,4bc1b5522b4801569ea6d30b78bf7994f5f196d7ac6e774b4524b94b42efe87e,14,720,N
2026-09-29T12:13:53Z,K-water,MyWater(water.or.kr) 댐/보 기간별자료,https://www.water.or.kr/kor/realtime/sumun/ajaxProc.do,DATA1,1,M1,2024-07-26,2024-08-01,01_raw/KWater/mywater_period/M1/group1/DATA1/2024-07-26_2024-08-01.json,490864,1497080a8a95f761de66433407e8508c9119832f46ffed433e34fdf36a70d94e,27,1008,N
2026-09-29T12:14:00Z,K-water,MyWater(water.or.kr) 댐/보 기간별자료,https://www.water.or.kr/kor/realtime/sumun/ajaxProc.do,DATA2,2,H1,2021-05-31,2021-06-29,01_raw/KWater/mywater_period/H1/group2/DATA2/2021-05-31_2021-06-29.json,179709,9f5c89df1af5ed8f19cc2ae6a7a0f1cb78f409d45113227db7f8d924a93a2450,14,720,N
2026-09-29T12:14:04Z,K-water,MyWater(water.or.kr) 댐/보 기간별자료,https://www.water.or.kr/kor/realtime/sumun/ajaxProc.do,DATA2,2,H1,2021-06-30,2021-07-29,01_raw/KWater/mywater_period/H1/group2/DATA2/2021-06-30_2021-07-29.json,180054,7627e440285dd47a221dfb21f521554c333d3f6e102a482656ee577e6f9bb5d7,14,720,N
2026-09-29T12:14:00Z,K-water,MyWater(water.or.kr) 댐/보 기간별자료,https://www.water.or.kr/kor/realtime/sumun/ajaxProc.do,DATA1,1,M1,2024-08-02,2024-08-08,01_raw/KWater/mywater_period/M1/group1/DATA1/2024-08-02_2024-08-08.json,491029,3d4535232fa09b0a990632e3b51e9884e658cb9d71cabfaa00f3157dd0186087,27,1008,N
2026-09-29T12:14:07Z,K-water,MyWater(water.or.kr) 댐/보 기간별자료,https://www.water.or.kr/kor/realtime/sumun/ajaxProc.do,DATA2,2,H1,2021-07-30,2021-08-28,01_raw/KWater/mywater_period/H1/group2/DATA2/2021-07-30_2021-08-28.json,180160,6442576b138a60b0b681d436dc8fbbc73ff58ab2efb030cebc6320876b0a0eae,14,720,N
2026-09-29T12:14:07Z,K-water,MyWater(water.or.kr) 댐/보 기간별자료,https://www.water.or.kr/kor/realtime/sumun/ajaxProc.do,DATA1,1,M1,2024-08-09,2024-08-15,01_raw/KWater/mywater_period/M1/group1/DATA1/2024-08-09_2024-08-15.json,490437,9400a418743a68b6c4d7338bd12e8123485f42de2508712f60248a907e22e1b0,27,1008,N
2026-09-29T12:14:11Z,K-water,MyWater(water.or.kr) 댐/보 기간별자료,https://www.water.or.kr/kor/realtime/sumun/ajaxProc.do,DATA2,2,H1,2021-08-29,2021-09-27,01_raw/KWater/mywater_period/H1/group2/DATA2/2021-08-29_2021-09-27.json,181899,03e8e9baef5526b983ce26d83147a38cd6ad5a583eb4933fef1cca000ff8ba97,14,720,N
2026-09-29T12:14:15Z,K-water,MyWater(water.or.kr) 댐/보 기간별자료,https://www.water.or.kr/kor/realtime/sumun/ajaxProc.do,DATA2,2,H1,2021-09-28,2021-10-27,01_raw/KWater/mywater_period/H1/group2/DATA2/2021-09-28_2021-10-27.json,181136,522c9b676655b9d9b61ae9f740748d6b3b5ddc4719cb9aee4668b4550e5688b4,14,720,N
2026-09-29T12:14:14Z,K-water,MyWater(water.or.kr) 댐/보 기간별자료,https://www.water.or.kr/kor/realtime/sumun/ajaxProc.do,DATA1,1,M1,2024-08-16,2024-08-22,01_raw/KWater/mywater_period/M1/group1/DATA1/2024-08-16_2024-08-22.json,490878,56bd617ca514ad59059db1538b72bb98cd19f60a23b53d55c5c01ce7904b0076,27,1008,N
2026-09-29T12:14:18Z,K-water,MyWater(water.or.kr) 댐/보 기간별자료,https://www.water.or.kr/kor/realtime/sumun/ajaxProc.do,DATA2,2,H1,2021-10-28,2021-11-26,01_raw/KWater/mywater_period/H1/group2/DATA2/2021-10-28_2021-11-26.json,180839,7bc9b67fc3279ef2cd74d60a30a511e232990df73b7c6b7cab439aa5e05793a1,14,720,N
2026-09-29T12:14:22Z,K-water,MyWater(water.or.kr) 댐/보 기간별자료,https://www.water.or.kr/kor/realtime/sumun/ajaxProc.do,DATA2,2,H1,2021-11-27,2021-12-26,01_raw/KWater/mywater_period/H1/group2/DATA2/2021-11-27_2021-12-26.json,180589,b0f64d4481461c380b9e3b2f000fa7fcea29eb130a94fea2802927093d905d0d,14,720,N
2026-09-29T12:14:22Z,K-water,MyWater(water.or.kr) 댐/보 기간별자료,https://www.water.or.kr/kor/realtime/sumun/ajaxProc.do,DATA1,1,M1,2024-08-23,2024-08-29,01_raw/KWater/mywater_period/M1/group1/DATA1/2024-08-23_2024-08-29.json,490500,e095afa9b4c1023d95dbade866e879fdd2ac32f83d20f6ee9a1eceaffbe098c2,27,1008,N
2026-09-29T12:14:26Z,K-water,MyWater(water.or.kr) 댐/보 기간별자료,https://www.water.or.kr/kor/realtime/sumun/ajaxProc.do,DATA2,2,H1,2021-12-27,2022-01-25,01_raw/KWater/mywater_period/H1/group2/DATA2/2021-12-27_2022-01-25.json,179955,8c6335feccaece7c70928672c7bfcc38d0a9127d870a79aa88719922189b0347,14,720,N
2026-09-29T12:14:30Z,K-water,MyWater(water.or.kr) 댐/보 기간별자료,https://www.water.or.kr/kor/realtime/sumun/ajaxProc.do,DATA2,2,H1,2022-01-26,2022-02-24,01_raw/KWater/mywater_period/H1/group2/DATA2/2022-01-26_2022-02-24.json,179887,da19c83d3ca87cecd565fd65056dc6eedd95c68bc1bebbe56aae7ed897ce2ac1,14,720,N
2026-09-29T12:14:29Z,K-water,MyWater(water.or.kr) 댐/보 기간별자료,https://www.water.or.kr/kor/realtime/sumun/ajaxProc.do,DATA1,1,M1,2024-08-30,2024-09-05,01_raw/KWater/mywater_period/M1/group1/DATA1/2024-08-30_2024-09-05.json,491113,31bd3090c4da7ad2d28f3405a04825ab0db32f77dfb56fce67227dfdbb87b9b7,27,1008,N
2026-09-29T12:14:33Z,K-water,MyWater(water.or.kr) 댐/보 기간별자료,https://www.water.or.kr/kor/realtime/sumun/ajaxProc.do,DATA2,2,H1,2022-02-25,2022-03-26,01_raw/KWater/mywater_period/H1/group2/DATA2/2022-02-25_2022-03-26.json,179823,4f009e3bb3b1d025bf3afae41c8fe0c0c67b122480a93ba6f82b5d7587383e47,14,720,N
2026-09-29T12:14:37Z,K-water,MyWater(water.or.kr) 댐/보 기간별자료,https://www.water.or.kr/kor/realtime/sumun/ajaxProc.do,DATA2,2,H1,2022-03-27,2022-04-25,01_raw/KWater/mywater_period/H1/group2/DATA2/2022-03-27_2022-04-25.json,179623,95db3f30404b430405ce3ef6ce1c3396bbe403d868df080ecbe7c01332f7cd97,14,720,N
2026-09-29T12:14:35Z,K-water,MyWater(water.or.kr) 댐/보 기간별자료,https://www.water.or.kr/kor/realtime/sumun/ajaxProc.do,DATA1,1,M1,2024-09-06,2024-09-12,01_raw/KWater/mywater_period/M1/group1/DATA1/2024-09-06_2024-09-12.json,491929,af49ddcabf9f7bedf7be2736ac1106ddc51d38620166863825df72bfb95f5180,27,1008,N
2026-09-29T12:14:40Z,K-water,MyWater(water.or.kr) 댐/보 기간별자료,https://www.water.or.kr/kor/realtime/sumun/ajaxProc.do,DATA2,2,H1,2022-04-26,2022-05-25,01_raw/KWater/mywater_period/H1/group2/DATA2/2022-04-26_2022-05-25.json,179722,9a2d67a0d1a8cfb0132a43e50abf51fe313b576068f2510255e72253c9997407,14,720,N
2026-09-29T12:14:44Z,K-water,MyWater(water.or.kr) 댐/보 기간별자료,https://www.water.or.kr/kor/realtime/sumun/ajaxProc.do,DATA2,2,H1,2022-05-26,2022-06-24,01_raw/KWater/mywater_period/H1/group2/DATA2/2022-05-26_2022-06-24.json,179727,956acfa30539c6f2d49d240a023a9121e767948e234541197301ed8299545f1d,14,720,N
2026-09-29T12:14:42Z,K-water,MyWater(water.or.kr) 댐/보 기간별자료,https://www.water.or.kr/kor/realtime/sumun/ajaxProc.do,DATA1,1,M1,2024-09-13,2024-09-19,01_raw/KWater/mywater_period/M1/group1/DATA1/2024-09-13_2024-09-19.json,491817,f048f316c29fbac4bfee6aa070f6f68afbafe41b0f53404ffb7bb3dab1565242,27,1008,N
2026-09-29T12:14:47Z,K-water,MyWater(water.or.kr) 댐/보 기간별자료,https://www.water.or.kr/kor/realtime/sumun/ajaxProc.do,DATA2,2,H1,2022-06-25,2022-07-24,01_raw/KWater/mywater_period/H1/group2/DATA2/2022-06-25_2022-07-24.json,179432,126fc817ea6f9ea1725e71126767dd272d97c4315efee524da56ed150310993a,14,720,N
2026-09-29T12:14:51Z,K-water,MyWater(water.or.kr) 댐/보 기간별자료,https://www.water.or.kr/kor/realtime/sumun/ajaxProc.do,DATA2,2,H1,2022-07-25,2022-08-23,01_raw/KWater/mywater_period/H1/group2/DATA2/2022-07-25_2022-08-23.json,179359,0076e16242a29d1958c2d992eeeeeb7356fc7883e739ac744faa1d8838483842,14,720,N
2026-09-29T12:14:50Z,K-water,MyWater(water.or.kr) 댐/보 기간별자료,https://www.water.or.kr/kor/realtime/sumun/ajaxProc.do,DATA1,1,M1,2024-09-20,2024-09-26,01_raw/KWater/mywater_period/M1/group1/DATA1/2024-09-20_2024-09-26.json,491702,92528059a76619b8fbc49ca7b6f957e2e8f5dd1f2ef7fe3ae704f129a1ecce39,27,1008,N
2026-09-29T12:14:54Z,K-water,MyWater(water.or.kr) 댐/보 기간별자료,https://www.water.or.kr/kor/realtime/sumun/ajaxProc.do,DATA2,2,H1,2022-08-24,2022-09-22,01_raw/KWater/mywater_period/H1/group2/DATA2/2022-08-24_2022-09-22.json,180846,9f4a05a576a7084462dba507121d38bfbc1172021f0f9f1aaceaff7782a26db1,14,720,N
2026-09-29T12:14:58Z,K-water,MyWater(water.or.kr) 댐/보 기간별자료,https://www.water.or.kr/kor/realtime/sumun/ajaxProc.do,DATA2,2,H1,2022-09-23,2022-10-22,01_raw/KWater/mywater_period/H1/group2/DATA2/2022-09-23_2022-10-22.json,181783,1df841f8a4c701f8d87226abf3de6845a3b067aff2bc5c5b7dd0559893f0f987,14,720,N
2026-09-29T12:14:57Z,K-water,MyWater(water.or.kr) 댐/보 기간별자료,https://www.water.or.kr/kor/realtime/sumun/ajaxProc.do,DATA1,1,M1,2024-09-27,2024-09-30,01_raw/KWater/mywater_period/M1/group1/DATA1/2024-09-27_2024-09-30.json,285111,2d02af89bc0a60d3ef17e18292c03ef5d735f3e37ea9ae04d15f629c437a52f3,27,576,N
2026-09-29T12:15:02Z,K-water,MyWater(water.or.kr) 댐/보 기간별자료,https://www.water.or.kr/kor/realtime/sumun/ajaxProc.do,DATA2,2,H1,2022-10-23,2022-11-21,01_raw/KWater/mywater_period/H1/group2/DATA2/2022-10-23_2022-11-21.json,181308,ce58a0990ab40bc329893858c2ea2ee6482ffef63d8758fe09082f4c0178cd17,14,720,N
2026-09-29T12:15:02Z,K-water,MyWater(water.or.kr) 댐/보 기간별자료,https://www.water.or.kr/kor/realtime/sumun/ajaxProc.do,DATA2,1,M1,2024-06-21,2024-06-27,01_raw/KWater/mywater_period/M1/group1/DATA2/2024-06-21_2024-06-27.json,479362,e79ada710e086b6484e39a0be521e414fe6cdc22c84989aa0f1496c6d5c2b8dd,27,1008,N
2026-09-29T12:15:05Z,K-water,MyWater(water.or.kr) 댐/보 기간별자료,https://www.water.or.kr/kor/realtime/sumun/ajaxProc.do,DATA2,2,H1,2022-11-22,2022-12-21,01_raw/KWater/mywater_period/H1/group2/DATA2/2022-11-22_2022-12-21.json,180668,99012785545951a00b6ec02f67258f48001109441072a3d74500e70eeab126e2,14,720,N
2026-09-29T12:15:08Z,K-water,MyWater(water.or.kr) 댐/보 기간별자료,https://www.water.or.kr/kor/realtime/sumun/ajaxProc.do,DATA2,2,H1,2022-12-22,2023-01-20,01_raw/KWater/mywater_period/H1/group2/DATA2/2022-12-22_2023-01-20.json,179889,07a74794f4fd7bcdabf7f177c8fc5e9efa65b58f6e296a12a9918dfbda193090,14,720,N
2026-09-29T12:15:08Z,K-water,MyWater(water.or.kr) 댐/보 기간별자료,https://www.water.or.kr/kor/realtime/sumun/ajaxProc.do,DATA2,1,M1,2024-06-28,2024-07-04,01_raw/KWater/mywater_period/M1/group1/DATA2/2024-06-28_2024-07-04.json,480036,d0c2e9fab957ee9c156a7f5e802ed36aa75160fdd66034c12ff5c376b825c5a6,27,1008,N
2026-09-29T12:15:12Z,K-water,MyWater(water.or.kr) 댐/보 기간별자료,https://www.water.or.kr/kor/realtime/sumun/ajaxProc.do,DATA2,2,H1,2023-01-21,2023-02-19,01_raw/KWater/mywater_period/H1/group2/DATA2/2023-01-21_2023-02-19.json,179299,21db1eeb72fe1a8a589c3b192ad165ad9e9c98eff1ca9a09438025afa2b95ec9,14,720,N
2026-09-29T12:15:13Z,K-water,MyWater(water.or.kr) 댐/보 기간별자료,https://www.water.or.kr/kor/realtime/sumun/ajaxProc.do,DATA2,1,M1,2024-07-05,2024-07-11,01_raw/KWater/mywater_period/M1/group1/DATA2/2024-07-05_2024-07-11.json,480430,ed169b16eae20ec05b404907197cef2f24739e959f88eb457aeaf803f6358361,27,1008,N
2026-09-29T12:15:16Z,K-water,MyWater(water.or.kr) 댐/보 기간별자료,https://www.water.or.kr/kor/realtime/sumun/ajaxProc.do,DATA2,2,H1,2023-02-20,2023-03-21,01_raw/KWater/mywater_period/H1/group2/DATA2/2023-02-20_2023-03-21.json,179391,7143ce33c0d4b6dc88c2980ed5902fdfdf74ad5e9907bc4c4153c4ba85a35d92,14,720,N
2026-09-29T12:15:19Z,K-water,MyWater(water.or.kr) 댐/보 기간별자료,https://www.water.or.kr/kor/realtime/sumun/ajaxProc.do,DATA2,2,H1,2023-03-22,2023-04-20,01_raw/KWater/mywater_period/H1/group2/DATA2/2023-03-22_2023-04-20.json,179123,3027f2b0f8e3826ca4b10beab5ab276b4dc5c581e265d0a8fd3b99cf99fc9fe5,14,720,N
2026-09-29T12:15:18Z,K-water,MyWater(water.or.kr) 댐/보 기간별자료,https://www.water.or.kr/kor/realtime/sumun/ajaxProc.do,DATA2,1,M1,2024-07-12,2024-07-18,01_raw/KWater/mywater_period/M1/group1/DATA2/2024-07-12_2024-07-18.json,481216,445689337fcb08934ff8154a6a02c039dc0c833a58be1c00cf379ee78390192a,27,1008,N
2026-09-29T12:15:23Z,K-water,MyWater(water.or.kr) 댐/보 기간별자료,https://www.water.or.kr/kor/realtime/sumun/ajaxProc.do,DATA2,2,H1,2023-04-21,2023-05-20,01_raw/KWater/mywater_period/H1/group2/DATA2/2023-04-21_2023-05-20.json,179477,3f8b49f386e39ee99b206240811057086de53bc6fa4188c75dfd5a7339d428fc,14,720,N
2026-09-29T12:15:24Z,K-water,MyWater(water.or.kr) 댐/보 기간별자료,https://www.water.or.kr/kor/realtime/sumun/ajaxProc.do,DATA2,1,M1,2024-07-19,2024-07-25,01_raw/KWater/mywater_period/M1/group1/DATA2/2024-07-19_2024-07-25.json,482156,e9ec6cde6d3727867bf0f8a4e6a2028c599cd2992d4fb49965c9f3b32b2f3b38,27,1008,N
2026-09-29T12:15:26Z,K-water,MyWater(water.or.kr) 댐/보 기간별자료,https://www.water.or.kr/kor/realtime/sumun/ajaxProc.do,DATA2,2,H1,2023-05-21,2023-06-19,01_raw/KWater/mywater_period/H1/group2/DATA2/2023-05-21_2023-06-19.json,179685,9c696cb7befb13dc3ebfbe8d621865296e95ccfabad9ecc535989141d52c5575,14,720,N
2026-09-29T12:15:30Z,K-water,MyWater(water.or.kr) 댐/보 기간별자료,https://www.water.or.kr/kor/realtime/sumun/ajaxProc.do,DATA2,2,H1,2023-06-20,2023-07-19,01_raw/KWater/mywater_period/H1/group2/DATA2/2023-06-20_2023-07-19.json,180104,b3b66b9c27f5abb1edff57652e545d66c9a635510d0328593d971008722c07c4,14,720,N
2026-09-29T12:15:29Z,K-water,MyWater(water.or.kr) 댐/보 기간별자료,https://www.water.or.kr/kor/realtime/sumun/ajaxProc.do,DATA2,1,M1,2024-07-26,2024-08-01,01_raw/KWater/mywater_period/M1/group1/DATA2/2024-07-26_2024-08-01.json,481910,64febd80ccfabdaa0d7b9c68d63769ee8df7b508d051bb3ae7818b5962b1f26f,27,1008,N
2026-09-29T12:15:34Z,K-water,MyWater(water.or.kr) 댐/보 기간별자료,https://www.water.or.kr/kor/realtime/sumun/ajaxProc.do,DATA2,2,H1,2023-07-20,2023-08-18,01_raw/KWater/mywater_period/H1/group2/DATA2/2023-07-20_2023-08-18.json,181765,a1500f02168917a5b5086b334296a27caa05a18703b272bb7c8564e684519b2b,14,720,N
2026-09-29T12:15:34Z,K-water,MyWater(water.or.kr) 댐/보 기간별자료,https://www.water.or.kr/kor/realtime/sumun/ajaxProc.do,DATA2,1,M1,2024-08-02,2024-08-08,01_raw/KWater/mywater_period/M1/group1/DATA2/2024-08-02_2024-08-08.json,481482,ec6b5246102bad3483b3e619cfbc58cb59118ca3a381cd18aaea2a3defc2740b,27,1008,N
2026-09-29T12:15:37Z,K-water,MyWater(water.or.kr) 댐/보 기간별자료,https://www.water.or.kr/kor/realtime/sumun/ajaxProc.do,DATA2,2,H1,2023-08-19,2023-09-17,01_raw/KWater/mywater_period/H1/group2/DATA2/2023-08-19_2023-09-17.json,181706,cb68d7df3aacf71b977d30d0d2e33bbc375bd0f15e5a6a5b8c0f4aefc0c3928e,14,720,N
2026-09-29T12:15:40Z,K-water,MyWater(water.or.kr) 댐/보 기간별자료,https://www.water.or.kr/kor/realtime/sumun/ajaxProc.do,DATA2,2,H1,2023-09-18,2023-10-17,01_raw/KWater/mywater_period/H1/group2/DATA2/2023-09-18_2023-10-17.json,182034,e146190db27748ae196f4430acdcd4db52d761cc9c5241401efcf80ed4f6a702,14,720,N
2026-09-29T12:15:39Z,K-water,MyWater(water.or.kr) 댐/보 기간별자료,https://www.water.or.kr/kor/realtime/sumun/ajaxProc.do,DATA2,1,M1,2024-08-09,2024-08-15,01_raw/KWater/mywater_period/M1/group1/DATA2/2024-08-09_2024-08-15.json,481449,062facd061dec1630869eaea74e0a242732043aa151090b478903b23c568aaa5,27,1008,N
2026-09-29T12:15:44Z,K-water,MyWater(water.or.kr) 댐/보 기간별자료,https://www.water.or.kr/kor/realtime/sumun/ajaxProc.do,DATA2,2,H1,2023-10-18,2023-11-16,01_raw/KWater/mywater_period/H1/group2/DATA2/2023-10-18_2023-11-16.json,181520,39619d043d066895068ab91aed99c154cef68569083f28b3ccb042c7da9ec686,14,720,N
2026-09-29T12:15:45Z,K-water,MyWater(water.or.kr) 댐/보 기간별자료,https://www.water.or.kr/kor/realtime/sumun/ajaxProc.do,DATA2,1,M1,2024-08-16,2024-08-22,01_raw/KWater/mywater_period/M1/group1/DATA2/2024-08-16_2024-08-22.json,482183,5df225e5fef8f9a9416aeab50de191f97a5aac34f3dc57d7e40460e440ac648f,27,1008,N
2026-09-29T12:15:47Z,K-water,MyWater(water.or.kr) 댐/보 기간별자료,https://www.water.or.kr/kor/realtime/sumun/ajaxProc.do,DATA2,2,H1,2023-11-17,2023-12-16,01_raw/KWater/mywater_period/H1/group2/DATA2/2023-11-17_2023-12-16.json,180508,a1a4220acf5a4b23a90fab6263858c3f77c0fff2dada75b5aae1c9e7d294020e,14,720,N
2026-09-29T12:15:51Z,K-water,MyWater(water.or.kr) 댐/보 기간별자료,https://www.water.or.kr/kor/realtime/sumun/ajaxProc.do,DATA2,2,H1,2023-12-17,2024-01-15,01_raw/KWater/mywater_period/H1/group2/DATA2/2023-12-17_2024-01-15.json,181571,b3fba76796d800f3228dc4bd4df184685812af2b03c76b0c213957a325f992c5,14,720,N
2026-09-29T12:15:50Z,K-water,MyWater(water.or.kr) 댐/보 기간별자료,https://www.water.or.kr/kor/realtime/sumun/ajaxProc.do,DATA2,1,M1,2024-08-23,2024-08-29,01_raw/KWater/mywater_period/M1/group1/DATA2/2024-08-23_2024-08-29.json,482647,c229edc350c86703efc3d77c176facc5dc294ca0c26a0c63a8b1744dd23399a9,27,1008,N
2026-09-29T12:15:55Z,K-water,MyWater(water.or.kr) 댐/보 기간별자료,https://www.water.or.kr/kor/realtime/sumun/ajaxProc.do,DATA2,2,H1,2024-01-16,2024-02-14,01_raw/KWater/mywater_period/H1/group2/DATA2/2024-01-16_2024-02-14.json,180188,9022a245a4aea09d970cd9c6b23e88651f807aca76da15bac9f5f14b112e628c,14,720,N
2026-09-29T12:15:55Z,K-water,MyWater(water.or.kr) 댐/보 기간별자료,https://www.water.or.kr/kor/realtime/sumun/ajaxProc.do,DATA2,1,M1,2024-08-30,2024-09-05,01_raw/KWater/mywater_period/M1/group1/DATA2/2024-08-30_2024-09-05.json,482468,dcf47118e6517c526a9a599f11d66494478a902ea98aceed23bb1ce5037ba833,27,1008,N
2026-09-29T12:15:59Z,K-water,MyWater(water.or.kr) 댐/보 기간별자료,https://www.water.or.kr/kor/realtime/sumun/ajaxProc.do,DATA2,2,H1,2024-02-15,2024-03-15,01_raw/KWater/mywater_period/H1/group2/DATA2/2024-02-15_2024-03-15.json,181262,0972db128415cd876831a199413425bab37353eceff58918088a1b63df28348d,14,720,N
2026-09-29T12:16:00Z,K-water,MyWater(water.or.kr) 댐/보 기간별자료,https://www.water.or.kr/kor/realtime/sumun/ajaxProc.do,DATA2,1,M1,2024-09-06,2024-09-12,01_raw/KWater/mywater_period/M1/group1/DATA2/2024-09-06_2024-09-12.json,482831,8ed34f4f3e9d27e2651f38fb644971aebd77f892e902b8912245db90350ccb2c,27,1008,N
2026-09-29T12:16:03Z,K-water,MyWater(water.or.kr) 댐/보 기간별자료,https://www.water.or.kr/kor/realtime/sumun/ajaxProc.do,DATA2,2,H1,2024-03-16,2024-04-14,01_raw/KWater/mywater_period/H1/group2/DATA2/2024-03-16_2024-04-14.json,181291,11d125bdb259e828442f241cd3076ac0935b75dfcd90d5fec51fc1c6819b32e0,14,720,N
2026-09-29T12:16:06Z,K-water,MyWater(water.or.kr) 댐/보 기간별자료,https://www.water.or.kr/kor/realtime/sumun/ajaxProc.do,DATA2,2,H1,2024-04-15,2024-05-14,01_raw/KWater/mywater_period/H1/group2/DATA2/2024-04-15_2024-05-14.json,181169,b71104346ed428fe604242b53411147e2606da8b4c0c469dc623aec189e014db,14,720,N
2026-09-29T12:16:05Z,K-water,MyWater(water.or.kr) 댐/보 기간별자료,https://www.water.or.kr/kor/realtime/sumun/ajaxProc.do,DATA2,1,M1,2024-09-13,2024-09-19,01_raw/KWater/mywater_period/M1/group1/DATA2/2024-09-13_2024-09-19.json,482789,39d5c494c8c19eba4f063bbec54c4c2cf3791a646cad6cd31757dbdcd253fba5,27,1008,N
2026-09-29T12:16:10Z,K-water,MyWater(water.or.kr) 댐/보 기간별자료,https://www.water.or.kr/kor/realtime/sumun/ajaxProc.do,DATA2,2,H1,2024-05-15,2024-06-13,01_raw/KWater/mywater_period/H1/group2/DATA2/2024-05-15_2024-06-13.json,180931,4faec3f5a907aed81d65e53274c90e8aa3571e5207d3c09b7caaf1c4885c548b,14,720,N
2026-09-29T12:16:10Z,K-water,MyWater(water.or.kr) 댐/보 기간별자료,https://www.water.or.kr/kor/realtime/sumun/ajaxProc.do,DATA2,1,M1,2024-09-20,2024-09-26,01_raw/KWater/mywater_period/M1/group1/DATA2/2024-09-20_2024-09-26.json,482971,9545db8eaa6ff5fe22adbef0da025fd47c302def631aa1f284c75436a501c0e7,27,1008,N
2026-09-29T12:16:15Z,K-water,MyWater(water.or.kr) 댐/보 기간별자료,https://www.water.or.kr/kor/realtime/sumun/ajaxProc.do,DATA2,1,M1,2024-09-27,2024-09-30,01_raw/KWater/mywater_period/M1/group1/DATA2/2024-09-27_2024-09-30.json,280518,7b2d60882f395fc7af352f23575b7ad73df5765a792d8b5418831027e18b9faa,27,576,N
2026-09-29T12:16:14Z,K-water,MyWater(water.or.kr) 댐/보 기간별자료,https://www.water.or.kr/kor/realtime/sumun/ajaxProc.do,DATA2,2,H1,2024-06-14,2024-07-13,01_raw/KWater/mywater_period/H1/group2/DATA2/2024-06-14_2024-07-13.json,179964,3563d3c3aa77582099ee2d170b23bc150e701b66107d542777816fd65c4a2e0e,14,720,N
2026-09-29T12:16:18Z,K-water,MyWater(water.or.kr) 댐/보 기간별자료,https://www.water.or.kr/kor/realtime/sumun/ajaxProc.do,DATA2,2,H1,2024-07-14,2024-08-12,01_raw/KWater/mywater_period/H1/group2/DATA2/2024-07-14_2024-08-12.json,180150,c96511b9cd3aa87e036f8e412f7db2b64cad5d694797f01f18ce4acd9099969b,14,720,N
2026-09-29T12:16:18Z,K-water,MyWater(water.or.kr) 댐/보 기간별자료,https://www.water.or.kr/kor/realtime/sumun/ajaxProc.do,DATA3,1,M1,2024-06-21,2024-06-27,01_raw/KWater/mywater_period/M1/group1/DATA3/2024-06-21_2024-06-27.json,366316,baa06fdd9d9337b4a552df4ec5fb375ed9535e33823becbf39055bbcd4f454c3,27,1008,N
2026-09-29T12:16:22Z,K-water,MyWater(water.or.kr) 댐/보 기간별자료,https://www.water.or.kr/kor/realtime/sumun/ajaxProc.do,DATA2,2,H1,2024-08-13,2024-09-11,01_raw/KWater/mywater_period/H1/group2/DATA2/2024-08-13_2024-09-11.json,179534,d523095a030e55df3152d493bb784b419259336210f252ca44d0852f09eadf90,14,720,N
2026-09-29T12:16:22Z,K-water,MyWater(water.or.kr) 댐/보 기간별자료,https://www.water.or.kr/kor/realtime/sumun/ajaxProc.do,DATA3,1,M1,2024-06-28,2024-07-04,01_raw/KWater/mywater_period/M1/group1/DATA3/2024-06-28_2024-07-04.json,370710,67269bcbf6cbf89948203dc2ba0aaa1a36523ed497f111fb144c2ad95ca04318,27,1008,N
2026-09-29T12:16:26Z,K-water,MyWater(water.or.kr) 댐/보 기간별자료,https://www.water.or.kr/kor/realtime/sumun/ajaxProc.do,DATA2,2,H1,2024-09-12,2024-10-11,01_raw/KWater/mywater_period/H1/group2/DATA2/2024-09-12_2024-10-11.json,180115,8955d3298e41e3cce881f278649be633bd0e4b9e95bc1754b803f4e594df89f4,14,720,N
2026-09-29T12:16:26Z,K-water,MyWater(water.or.kr) 댐/보 기간별자료,https://www.water.or.kr/kor/realtime/sumun/ajaxProc.do,DATA3,1,M1,2024-07-05,2024-07-11,01_raw/KWater/mywater_period/M1/group1/DATA3/2024-07-05_2024-07-11.json,373993,602b2fffe63ecd44a9cc01ab91ab460f335a760cb6fcfd98f290b95a87021a97,27,1008,N
2026-09-29T12:16:30Z,K-water,MyWater(water.or.kr) 댐/보 기간별자료,https://www.water.or.kr/kor/realtime/sumun/ajaxProc.do,DATA2,2,H1,2024-10-12,2024-11-10,01_raw/KWater/mywater_period/H1/group2/DATA2/2024-10-12_2024-11-10.json,180692,625779c074f1e2d966a3026ea652f41a90263517a90672a5519e4779efef495c,14,720,N
2026-09-29T12:16:31Z,K-water,MyWater(water.or.kr) 댐/보 기간별자료,https://www.water.or.kr/kor/realtime/sumun/ajaxProc.do,DATA3,1,M1,2024-07-12,2024-07-18,01_raw/KWater/mywater_period/M1/group1/DATA3/2024-07-12_2024-07-18.json,368649,8a974a57f76fedeb11c00cdf071cfb35bbf8dcc26f595c82e6475ca41ccc0abb,27,1008,N
2026-09-29T12:16:34Z,K-water,MyWater(water.or.kr) 댐/보 기간별자료,https://www.water.or.kr/kor/realtime/sumun/ajaxProc.do,DATA2,2,H1,2024-11-11,2024-12-10,01_raw/KWater/mywater_period/H1/group2/DATA2/2024-11-11_2024-12-10.json,180120,6bf129fc589b9fdbc52cd1d9bb1485e0e602ab8fc2c3cfbbcddb13b71628d1d3,14,720,N
2026-09-29T12:16:35Z,K-water,MyWater(water.or.kr) 댐/보 기간별자료,https://www.water.or.kr/kor/realtime/sumun/ajaxProc.do,DATA3,1,M1,2024-07-19,2024-07-25,01_raw/KWater/mywater_period/M1/group1/DATA3/2024-07-19_2024-07-25.json,368249,41dd537e2082284550ed7a69ab5472de953453678a4a6ed78e69dba64103f99c,27,1008,N
2026-09-29T12:16:38Z,K-water,MyWater(water.or.kr) 댐/보 기간별자료,https://www.water.or.kr/kor/realtime/sumun/ajaxProc.do,DATA2,2,H1,2024-12-11,2025-01-09,01_raw/KWater/mywater_period/H1/group2/DATA2/2024-12-11_2025-01-09.json,179877,8f85d5e0e8e366fac540ab682a09d5df9bcfbe7d2c9dcd709042699d3dfbd97b,14,720,N
2026-09-29T12:16:39Z,K-water,MyWater(water.or.kr) 댐/보 기간별자료,https://www.water.or.kr/kor/realtime/sumun/ajaxProc.do,DATA3,1,M1,2024-07-26,2024-08-01,01_raw/KWater/mywater_period/M1/group1/DATA3/2024-07-26_2024-08-01.json,364828,22edb3e01939cc7370d2cd1ae7d526adb455646ca59e475c72a145c6b4590a12,27,1008,N
2026-09-29T12:16:42Z,K-water,MyWater(water.or.kr) 댐/보 기간별자료,https://www.water.or.kr/kor/realtime/sumun/ajaxProc.do,DATA2,2,H1,2025-01-10,2025-02-08,01_raw/KWater/mywater_period/H1/group2/DATA2/2025-01-10_2025-02-08.json,179862,6a31009a1650980e43cd599b159c805942ec507de16b277e8225a325f40a3986,14,720,N
2026-09-29T12:16:43Z,K-water,MyWater(water.or.kr) 댐/보 기간별자료,https://www.water.or.kr/kor/realtime/sumun/ajaxProc.do,DATA3,1,M1,2024-08-02,2024-08-08,01_raw/KWater/mywater_period/M1/group1/DATA3/2024-08-02_2024-08-08.json,364688,2ae7219415ecc9cec696987218e35407e8165e977aa9417a87fa6d4d1989ba7f,27,1008,N
2026-09-29T12:16:46Z,K-water,MyWater(water.or.kr) 댐/보 기간별자료,https://www.water.or.kr/kor/realtime/sumun/ajaxProc.do,DATA2,2,H1,2025-02-09,2025-03-10,01_raw/KWater/mywater_period/H1/group2/DATA2/2025-02-09_2025-03-10.json,179102,a1ef37deb5b465691875ea688c28074149323ddf26b35ab8e7fb45b164a4757b,14,720,N
2026-09-29T12:16:47Z,K-water,MyWater(water.or.kr) 댐/보 기간별자료,https://www.water.or.kr/kor/realtime/sumun/ajaxProc.do,DATA3,1,M1,2024-08-09,2024-08-15,01_raw/KWater/mywater_period/M1/group1/DATA3/2024-08-09_2024-08-15.json,363069,1f9572f5d4adbcf5290db5f9d056f0f396746498988fdcb2d29d834179588a8a,27,1008,N
2026-09-29T12:16:50Z,K-water,MyWater(water.or.kr) 댐/보 기간별자료,https://www.water.or.kr/kor/realtime/sumun/ajaxProc.do,DATA2,2,H1,2025-03-11,2025-04-09,01_raw/KWater/mywater_period/H1/group2/DATA2/2025-03-11_2025-04-09.json,179757,f3d2b52a4afa87fe352c23a7f1ed2de9f5e065178fe28b12a9bb291f38bb68f4,14,720,N
2026-09-29T12:16:51Z,K-water,MyWater(water.or.kr) 댐/보 기간별자료,https://www.water.or.kr/kor/realtime/sumun/ajaxProc.do,DATA3,1,M1,2024-08-16,2024-08-22,01_raw/KWater/mywater_period/M1/group1/DATA3/2024-08-16_2024-08-22.json,367274,372314459af53e0c1be4e88c3132578a0bbca07b59aba950c425a00f6997df08,27,1008,N
2026-09-29T12:16:54Z,K-water,MyWater(water.or.kr) 댐/보 기간별자료,https://www.water.or.kr/kor/realtime/sumun/ajaxProc.do,DATA2,2,H1,2025-04-10,2025-05-09,01_raw/KWater/mywater_period/H1/group2/DATA2/2025-04-10_2025-05-09.json,180041,ef9a72fa117a4103e2d16467c3a7f9376daed4b07fb718afb969be60622be9a3,14,720,N
2026-09-29T12:16:56Z,K-water,MyWater(water.or.kr) 댐/보 기간별자료,https://www.water.or.kr/kor/realtime/sumun/ajaxProc.do,DATA3,1,M1,2024-08-23,2024-08-29,01_raw/KWater/mywater_period/M1/group1/DATA3/2024-08-23_2024-08-29.json,365130,86feabf2d1fd9c3ed482d65e24aa5bb43b8f41122c5ce24430d1688d8dd1a812,27,1008,N
2026-09-29T12:16:58Z,K-water,MyWater(water.or.kr) 댐/보 기간별자료,https://www.water.or.kr/kor/realtime/sumun/ajaxProc.do,DATA2,2,H1,2025-05-10,2025-06-08,01_raw/KWater/mywater_period/H1/group2/DATA2/2025-05-10_2025-06-08.json,179222,6c6916dbdf2db4721d3971828293c7a7c2044139c77d457f4ff3d4ac52ffd48e,14,720,N
2026-09-29T12:17:00Z,K-water,MyWater(water.or.kr) 댐/보 기간별자료,https://www.water.or.kr/kor/realtime/sumun/ajaxProc.do,DATA3,1,M1,2024-08-30,2024-09-05,01_raw/KWater/mywater_period/M1/group1/DATA3/2024-08-30_2024-09-05.json,362845,3f46eaacf77586caa53e0f310e149c350967c2f8786227883aef4fa4f22154eb,27,1008,N
2026-09-29T12:17:02Z,K-water,MyWater(water.or.kr) 댐/보 기간별자료,https://www.water.or.kr/kor/realtime/sumun/ajaxProc.do,DATA2,2,H1,2025-06-09,2025-07-08,01_raw/KWater/mywater_period/H1/group2/DATA2/2025-06-09_2025-07-08.json,179697,81d4c94c41eb32c4618465c85a55575326ae20cb8e3cc7e0ba88f118db4ad6d6,14,720,N
2026-09-29T12:17:04Z,K-water,MyWater(water.or.kr) 댐/보 기간별자료,https://www.water.or.kr/kor/realtime/sumun/ajaxProc.do,DATA3,1,M1,2024-09-06,2024-09-12,01_raw/KWater/mywater_period/M1/group1/DATA3/2024-09-06_2024-09-12.json,367263,23eb6fd9bd15d0350b3e6ef1c71a5ae4f58f3af12725a28cc94db14c01aeb479,27,1008,N
2026-09-29T12:17:06Z,K-water,MyWater(water.or.kr) 댐/보 기간별자료,https://www.water.or.kr/kor/realtime/sumun/ajaxProc.do,DATA2,2,H1,2025-07-09,2025-08-07,01_raw/KWater/mywater_period/H1/group2/DATA2/2025-07-09_2025-08-07.json,180836,6d16aa9355482bdf7e3348a5fd9aa47b789a817b53ea8f504fcf44bc50c109be,14,720,N
2026-09-29T12:17:08Z,K-water,MyWater(water.or.kr) 댐/보 기간별자료,https://www.water.or.kr/kor/realtime/sumun/ajaxProc.do,DATA3,1,M1,2024-09-13,2024-09-19,01_raw/KWater/mywater_period/M1/group1/DATA3/2024-09-13_2024-09-19.json,365488,7a48327ac5324876c2e70873a2e98d5dc076d7874719ad03e528120c32224079,27,1008,N
2026-09-29T12:17:10Z,K-water,MyWater(water.or.kr) 댐/보 기간별자료,https://www.water.or.kr/kor/realtime/sumun/ajaxProc.do,DATA2,2,H1,2025-08-08,2025-09-06,01_raw/KWater/mywater_period/H1/group2/DATA2/2025-08-08_2025-09-06.json,180847,36d5ef27da8dab6809d529762764a9c4dd697c9e86ef5ee6784538eb4449196b,14,720,N
2026-09-29T12:17:12Z,K-water,MyWater(water.or.kr) 댐/보 기간별자료,https://www.water.or.kr/kor/realtime/sumun/ajaxProc.do,DATA3,1,M1,2024-09-20,2024-09-26,01_raw/KWater/mywater_period/M1/group1/DATA3/2024-09-20_2024-09-26.json,371533,1bad9701a6c70456bf2a8c3ae98597825088192e0a387add3146f09a11c66bde,27,1008,N
2026-09-29T12:17:14Z,K-water,MyWater(water.or.kr) 댐/보 기간별자료,https://www.water.or.kr/kor/realtime/sumun/ajaxProc.do,DATA2,2,H1,2025-09-07,2025-10-06,01_raw/KWater/mywater_period/H1/group2/DATA2/2025-09-07_2025-10-06.json,179592,fb100950b920ca47a4ec46d9c07774e50f1581dd07464f6ad97dcfdac99d17bd,14,720,N
2026-09-29T12:17:17Z,K-water,MyWater(water.or.kr) 댐/보 기간별자료,https://www.water.or.kr/kor/realtime/sumun/ajaxProc.do,DATA2,2,H1,2025-10-07,2025-11-05,01_raw/KWater/mywater_period/H1/group2/DATA2/2025-10-07_2025-11-05.json,179529,db5a0dd088fea728637750aa35376b6349a9ce8f451c4416579a33ebd07b08c2,14,720,N
2026-09-29T12:17:17Z,K-water,MyWater(water.or.kr) 댐/보 기간별자료,https://www.water.or.kr/kor/realtime/sumun/ajaxProc.do,DATA3,1,M1,2024-09-27,2024-09-30,01_raw/KWater/mywater_period/M1/group1/DATA3/2024-09-27_2024-09-30.json,211568,5589d50ee2e382fd0a2eb661ae3d0bd34d7af59e7f3a4892c8c145cc43b4dde8,27,576,N
2026-09-29T12:17:21Z,K-water,MyWater(water.or.kr) 댐/보 기간별자료,https://www.water.or.kr/kor/realtime/sumun/ajaxProc.do,DATA2,2,H1,2025-11-06,2025-12-05,01_raw/KWater/mywater_period/H1/group2/DATA2/2025-11-06_2025-12-05.json,179692,8d09850e87fd00f512565566e76d9870b12373c9c1570a1495b069c45f58d588,14,720,N
2026-09-29T12:17:21Z,K-water,MyWater(water.or.kr) 댐/보 기간별자료,https://www.water.or.kr/kor/realtime/sumun/ajaxProc.do,DATA4,1,M1,2024-06-21,2024-06-27,01_raw/KWater/mywater_period/M1/group1/DATA4/2024-06-21_2024-06-27.json,437108,504297f11f6ebec83cfeec89285eece958afb3cf1ce85e2a8bf1c898a1864f6f,27,1008,N
2026-09-29T12:17:25Z,K-water,MyWater(water.or.kr) 댐/보 기간별자료,https://www.water.or.kr/kor/realtime/sumun/ajaxProc.do,DATA2,2,H1,2025-12-06,2026-01-04,01_raw/KWater/mywater_period/H1/group2/DATA2/2025-12-06_2026-01-04.json,179655,97577dfd39a8c7477981b0ec8506cf402fa703baceaff7be8ce984ffba29009a,14,720,N
2026-09-29T12:17:25Z,K-water,MyWater(water.or.kr) 댐/보 기간별자료,https://www.water.or.kr/kor/realtime/sumun/ajaxProc.do,DATA4,1,M1,2024-06-28,2024-07-04,01_raw/KWater/mywater_period/M1/group1/DATA4/2024-06-28_2024-07-04.json,453874,2efec266f2b7832f82367ff2263d19830bb4890bdb4b80837195b1ebf33fd3e3,27,1008,N
2026-09-29T12:17:28Z,K-water,MyWater(water.or.kr) 댐/보 기간별자료,https://www.water.or.kr/kor/realtime/sumun/ajaxProc.do,DATA2,2,H1,2026-01-05,2026-02-03,01_raw/KWater/mywater_period/H1/group2/DATA2/2026-01-05_2026-02-03.json,179545,7da86c91185dfcd55d686547365ec032166b37da64ea54c50b157c337e6541f4,14,720,N
2026-09-29T12:17:30Z,K-water,MyWater(water.or.kr) 댐/보 기간별자료,https://www.water.or.kr/kor/realtime/sumun/ajaxProc.do,DATA4,1,M1,2024-07-05,2024-07-11,01_raw/KWater/mywater_period/M1/group1/DATA4/2024-07-05_2024-07-11.json,467098,ac7028b4629155cc6dfb4c2f95f7b0717a0b340399157e942b3a3b68e6246bde,27,1008,N
2026-09-29T12:17:32Z,K-water,MyWater(water.or.kr) 댐/보 기간별자료,https://www.water.or.kr/kor/realtime/sumun/ajaxProc.do,DATA2,2,H1,2026-02-04,2026-03-05,01_raw/KWater/mywater_period/H1/group2/DATA2/2026-02-04_2026-03-05.json,178948,ae64080571e518f88f26f4aeb46c47f678f8fa27ce76a926fbc2090c80df162e,14,720,N
2026-09-29T12:17:34Z,K-water,MyWater(water.or.kr) 댐/보 기간별자료,https://www.water.or.kr/kor/realtime/sumun/ajaxProc.do,DATA4,1,M1,2024-07-12,2024-07-18,01_raw/KWater/mywater_period/M1/group1/DATA4/2024-07-12_2024-07-18.json,464838,2a74562d8aad966387301a9b13c732c16267df7e7e9b845f0db600ad5d9e5852,27,1008,N
2026-09-29T12:17:36Z,K-water,MyWater(water.or.kr) 댐/보 기간별자료,https://www.water.or.kr/kor/realtime/sumun/ajaxProc.do,DATA2,2,H1,2026-03-06,2026-04-04,01_raw/KWater/mywater_period/H1/group2/DATA2/2026-03-06_2026-04-04.json,179018,0317df08a03a25c2c1a80ee61f2ee8a7e0e6fcc4a58eeccdb14a796c3c085321,14,720,N
2026-09-29T12:17:39Z,K-water,MyWater(water.or.kr) 댐/보 기간별자료,https://www.water.or.kr/kor/realtime/sumun/ajaxProc.do,DATA2,2,H1,2026-04-05,2026-05-04,01_raw/KWater/mywater_period/H1/group2/DATA2/2026-04-05_2026-05-04.json,178837,209ca103b860abae9decc579f30b030fd5fc85b1de70f1fa52cbe46c2f33b5de,14,720,N
2026-09-29T12:17:39Z,K-water,MyWater(water.or.kr) 댐/보 기간별자료,https://www.water.or.kr/kor/realtime/sumun/ajaxProc.do,DATA4,1,M1,2024-07-19,2024-07-25,01_raw/KWater/mywater_period/M1/group1/DATA4/2024-07-19_2024-07-25.json,464802,c73a23fc0312a4bf04107c59e088692d38140bf73a419a476d5e3862420e1998,27,1008,N
2026-09-29T12:17:43Z,K-water,MyWater(water.or.kr) 댐/보 기간별자료,https://www.water.or.kr/kor/realtime/sumun/ajaxProc.do,DATA2,2,H1,2026-05-05,2026-06-03,01_raw/KWater/mywater_period/H1/group2/DATA2/2026-05-05_2026-06-03.json,179644,b9c41db70163c42a7336312e33d113941679e29a74a469a7eb15367a75b0db0a,14,720,N
2026-09-29T12:17:44Z,K-water,MyWater(water.or.kr) 댐/보 기간별자료,https://www.water.or.kr/kor/realtime/sumun/ajaxProc.do,DATA4,1,M1,2024-07-26,2024-08-01,01_raw/KWater/mywater_period/M1/group1/DATA4/2024-07-26_2024-08-01.json,449705,000c399d209e6b0e0f08eda145dde9535c72e8302f9278f2e4309ba02bac10e1,27,1008,N
2026-09-29T12:17:46Z,K-water,MyWater(water.or.kr) 댐/보 기간별자료,https://www.water.or.kr/kor/realtime/sumun/ajaxProc.do,DATA2,2,H1,2026-06-04,2026-07-03,01_raw/KWater/mywater_period/H1/group2/DATA2/2026-06-04_2026-07-03.json,179819,27dd1b9db87d6de80cf9e8bcc514590ab655255a2c13101e154a297004ec1ee7,14,720,N
2026-09-29T12:17:49Z,K-water,MyWater(water.or.kr) 댐/보 기간별자료,https://www.water.or.kr/kor/realtime/sumun/ajaxProc.do,DATA2,2,H1,2026-07-04,2026-08-02,01_raw/KWater/mywater_period/H1/group2/DATA2/2026-07-04_2026-08-02.json,179830,1ecb4a7da5c5daed86745d562606f18b13d586179c14cd4c77de93bf4418c5c7,14,720,N
2026-09-29T12:17:48Z,K-water,MyWater(water.or.kr) 댐/보 기간별자료,https://www.water.or.kr/kor/realtime/sumun/ajaxProc.do,DATA4,1,M1,2024-08-02,2024-08-08,01_raw/KWater/mywater_period/M1/group1/DATA4/2024-08-02_2024-08-08.json,439635,20ca3d2d8b99d446d9a132b1d5b901d459157d205b510f2cd2ab137957e4c331,27,1008,N
2026-09-29T12:17:52Z,K-water,MyWater(water.or.kr) 댐/보 기간별자료,https://www.water.or.kr/kor/realtime/sumun/ajaxProc.do,DATA2,2,H1,2026-08-03,2026-09-01,01_raw/KWater/mywater_period/H1/group2/DATA2/2026-08-03_2026-09-01.json,179720,19ce16e3377a031cc73fc53495cf86314908a5f198d080cf51c9c76ad427dce3,14,720,N
2026-09-29T12:17:52Z,K-water,MyWater(water.or.kr) 댐/보 기간별자료,https://www.water.or.kr/kor/realtime/sumun/ajaxProc.do,DATA4,1,M1,2024-08-09,2024-08-15,01_raw/KWater/mywater_period/M1/group1/DATA4/2024-08-09_2024-08-15.json,433463,95883cb0041bffd85886fc7648c6a563aee3766649be5b73d95c6319c832669b,27,1008,N
2026-09-29T12:17:56Z,K-water,MyWater(water.or.kr) 댐/보 기간별자료,https://www.water.or.kr/kor/realtime/sumun/ajaxProc.do,DATA2,2,H1,2026-09-02,2026-09-28,01_raw/KWater/mywater_period/H1/group2/DATA2/2026-09-02_2026-09-28.json,162154,df72f7bbc1ae6c2e0b9c6a8806fe063d080203cfc422a93051b478adcb7e335a,14,648,N
2026-09-29T12:17:57Z,K-water,MyWater(water.or.kr) 댐/보 기간별자료,https://www.water.or.kr/kor/realtime/sumun/ajaxProc.do,DATA4,1,M1,2024-08-16,2024-08-22,01_raw/KWater/mywater_period/M1/group1/DATA4/2024-08-16_2024-08-22.json,436305,8882d8ba932eaecdd405de16c02423f06e50009e76a7aa3fd6c4e39dc41c3d37,27,1008,N
2026-09-29T12:17:58Z,K-water,MyWater(water.or.kr) 댐/보 기간별자료,https://www.water.or.kr/kor/realtime/sumun/ajaxProc.do,DATA3,2,H1,2021-01-01,2021-01-30,01_raw/KWater/mywater_period/H1/group2/DATA3/2021-01-01_2021-01-30.json,144204,79572d7c799b90efae58b95f18b4a7f9d5fd9cd4e932fe4666c2547299737002,14,720,N
2026-09-29T12:18:02Z,K-water,MyWater(water.or.kr) 댐/보 기간별자료,https://www.water.or.kr/kor/realtime/sumun/ajaxProc.do,DATA3,2,H1,2021-01-31,2021-03-01,01_raw/KWater/mywater_period/H1/group2/DATA3/2021-01-31_2021-03-01.json,144439,4a236b7587547f8ba69780f36c9398bcb16ff13f0af9a1dc2028cdd5e7b1a126,14,720,N
2026-09-29T12:18:01Z,K-water,MyWater(water.or.kr) 댐/보 기간별자료,https://www.water.or.kr/kor/realtime/sumun/ajaxProc.do,DATA4,1,M1,2024-08-23,2024-08-29,01_raw/KWater/mywater_period/M1/group1/DATA4/2024-08-23_2024-08-29.json,436111,652006fa13e698f4ed63e9f22b073c2f544623816dbe6c868096446497d13bd9,27,1008,N
2026-09-29T12:18:05Z,K-water,MyWater(water.or.kr) 댐/보 기간별자료,https://www.water.or.kr/kor/realtime/sumun/ajaxProc.do,DATA3,2,H1,2021-03-02,2021-03-31,01_raw/KWater/mywater_period/H1/group2/DATA3/2021-03-02_2021-03-31.json,144753,fbf4f60193e90a39adfdb800711cf9973dfafe86338d9a756857e69d57fc0eb7,14,720,N
2026-09-29T12:18:06Z,K-water,MyWater(water.or.kr) 댐/보 기간별자료,https://www.water.or.kr/kor/realtime/sumun/ajaxProc.do,DATA4,1,M1,2024-08-30,2024-09-05,01_raw/KWater/mywater_period/M1/group1/DATA4/2024-08-30_2024-09-05.json,431839,76584d7787bde000e1ea07cdeaa1ff0b6ceb302064fd7c8da39792aacfcabcd6,27,1008,N
2026-09-29T12:18:07Z,K-water,MyWater(water.or.kr) 댐/보 기간별자료,https://www.water.or.kr/kor/realtime/sumun/ajaxProc.do,DATA3,2,H1,2021-04-01,2021-04-30,01_raw/KWater/mywater_period/H1/group2/DATA3/2021-04-01_2021-04-30.json,144499,989ebcf655e295b8b95d83f3352b27d327838719219433cec178d625e0297cb2,14,720,N
2026-09-29T12:18:11Z,K-water,MyWater(water.or.kr) 댐/보 기간별자료,https://www.water.or.kr/kor/realtime/sumun/ajaxProc.do,DATA3,2,H1,2021-05-01,2021-05-30,01_raw/KWater/mywater_period/H1/group2/DATA3/2021-05-01_2021-05-30.json,145466,df65e1c4a6a88122d5bbc9ebe938beb9b9eccb21741c11a6cfc383aeff48f73c,14,720,N
2026-09-29T12:18:10Z,K-water,MyWater(water.or.kr) 댐/보 기간별자료,https://www.water.or.kr/kor/realtime/sumun/ajaxProc.do,DATA4,1,M1,2024-09-06,2024-09-12,01_raw/KWater/mywater_period/M1/group1/DATA4/2024-09-06_2024-09-12.json,434297,9607ff76295f6b704e3c89daa2c53dc7c3ec2d7ad48c850306631aba90a0bc5a,27,1008,N
2026-09-29T12:18:14Z,K-water,MyWater(water.or.kr) 댐/보 기간별자료,https://www.water.or.kr/kor/realtime/sumun/ajaxProc.do,DATA3,2,H1,2021-05-31,2021-06-29,01_raw/KWater/mywater_period/H1/group2/DATA3/2021-05-31_2021-06-29.json,144943,a943ff7e019e78f5e67d4be109b79a6ed528238e942cf0b2fc5e17604bbd75fd,14,720,N
2026-09-29T12:18:14Z,K-water,MyWater(water.or.kr) 댐/보 기간별자료,https://www.water.or.kr/kor/realtime/sumun/ajaxProc.do,DATA4,1,M1,2024-09-13,2024-09-19,01_raw/KWater/mywater_period/M1/group1/DATA4/2024-09-13_2024-09-19.json,435295,58959912117fda14915527551024943f57d188aa78c55031cfbb2a7e725c8fec,27,1008,N
2026-09-29T12:18:16Z,K-water,MyWater(water.or.kr) 댐/보 기간별자료,https://www.water.or.kr/kor/realtime/sumun/ajaxProc.do,DATA3,2,H1,2021-06-30,2021-07-29,01_raw/KWater/mywater_period/H1/group2/DATA3/2021-06-30_2021-07-29.json,145737,034535d5899bfa4ba53ef27a7898343a19c3bb4e78c629bd7d28818c8fafcb73,14,720,N
2026-09-29T12:18:20Z,K-water,MyWater(water.or.kr) 댐/보 기간별자료,https://www.water.or.kr/kor/realtime/sumun/ajaxProc.do,DATA3,2,H1,2021-07-30,2021-08-28,01_raw/KWater/mywater_period/H1/group2/DATA3/2021-07-30_2021-08-28.json,147060,6b0dbf70595be119bae287d5e4814c5b2f2cbef8353d47787721887289d86fb7,14,720,N
2026-09-29T12:18:19Z,K-water,MyWater(water.or.kr) 댐/보 기간별자료,https://www.water.or.kr/kor/realtime/sumun/ajaxProc.do,DATA4,1,M1,2024-09-20,2024-09-26,01_raw/KWater/mywater_period/M1/group1/DATA4/2024-09-20_2024-09-26.json,461915,6521f9d9c3ebf1f697385a4aa374437b3d0e0ce1ca996b8a98f88f9fe4841484,27,1008,N
2026-09-29T12:18:23Z,K-water,MyWater(water.or.kr) 댐/보 기간별자료,https://www.water.or.kr/kor/realtime/sumun/ajaxProc.do,DATA3,2,H1,2021-08-29,2021-09-27,01_raw/KWater/mywater_period/H1/group2/DATA3/2021-08-29_2021-09-27.json,145502,4904616dc064e79b432014e983f81eb96f26a9acf4a5a6f2c6f65866daa53794,14,720,N
2026-09-29T12:18:23Z,K-water,MyWater(water.or.kr) 댐/보 기간별자료,https://www.water.or.kr/kor/realtime/sumun/ajaxProc.do,DATA4,1,M1,2024-09-27,2024-09-30,01_raw/KWater/mywater_period/M1/group1/DATA4/2024-09-27_2024-09-30.json,258097,b0c20d7fcd187bb45925860347599c275780fb829cc79b4e5ee67900378d82d2,27,576,N
2026-09-29T12:18:26Z,K-water,MyWater(water.or.kr) 댐/보 기간별자료,https://www.water.or.kr/kor/realtime/sumun/ajaxProc.do,DATA3,2,H1,2021-09-28,2021-10-27,01_raw/KWater/mywater_period/H1/group2/DATA3/2021-09-28_2021-10-27.json,145278,134cd21046600e4e80b748f06c60613a1b00f58ef23a207ff4bd3cf10b65b1c4,14,720,N
2026-09-29T12:18:27Z,K-water,MyWater(water.or.kr) 댐/보 기간별자료,https://www.water.or.kr/kor/realtime/sumun/ajaxProc.do,DATA5,1,M1,2024-06-21,2024-06-27,01_raw/KWater/mywater_period/M1/group1/DATA5/2024-06-21_2024-06-27.json,425723,e83cf00d882f87712cad81e3bfd4d7184d6e3bd6160c13f11eccdaba88060d34,27,1008,N
2026-09-29T12:18:29Z,K-water,MyWater(water.or.kr) 댐/보 기간별자료,https://www.water.or.kr/kor/realtime/sumun/ajaxProc.do,DATA3,2,H1,2021-10-28,2021-11-26,01_raw/KWater/mywater_period/H1/group2/DATA3/2021-10-28_2021-11-26.json,144005,3606328f82a09959bae56007d7c895f6b21dfb61d81799fd662afab3c214fd9b,14,720,N
2026-09-29T12:18:32Z,K-water,MyWater(water.or.kr) 댐/보 기간별자료,https://www.water.or.kr/kor/realtime/sumun/ajaxProc.do,DATA3,2,H1,2021-11-27,2021-12-26,01_raw/KWater/mywater_period/H1/group2/DATA3/2021-11-27_2021-12-26.json,143987,80d90d63dc372167366ae38247ff898ee2712f3653a3b2019a88677b136a02c1,14,720,N
2026-09-29T12:18:31Z,K-water,MyWater(water.or.kr) 댐/보 기간별자료,https://www.water.or.kr/kor/realtime/sumun/ajaxProc.do,DATA5,1,M1,2024-06-28,2024-07-04,01_raw/KWater/mywater_period/M1/group1/DATA5/2024-06-28_2024-07-04.json,446505,32ad715b38e7c9a30e5ba8de51d8e08e476e7bc1983c07727c38b8daac31d154,27,1008,N
2026-09-29T12:18:35Z,K-water,MyWater(water.or.kr) 댐/보 기간별자료,https://www.water.or.kr/kor/realtime/sumun/ajaxProc.do,DATA3,2,H1,2021-12-27,2022-01-25,01_raw/KWater/mywater_period/H1/group2/DATA3/2021-12-27_2022-01-25.json,143529,064dda1a2358d4221c6c868dc63e183c4f9f89eeafb4dbf18a3a2cd8682e16cd,14,720,N
2026-09-29T12:18:35Z,K-water,MyWater(water.or.kr) 댐/보 기간별자료,https://www.water.or.kr/kor/realtime/sumun/ajaxProc.do,DATA5,1,M1,2024-07-05,2024-07-11,01_raw/KWater/mywater_period/M1/group1/DATA5/2024-07-05_2024-07-11.json,458196,1e7b302d31d69f099b5f09005398a1d7e2720f93fc750766f4ab2dfdb1095646,27,1008,N
2026-09-29T12:18:38Z,K-water,MyWater(water.or.kr) 댐/보 기간별자료,https://www.water.or.kr/kor/realtime/sumun/ajaxProc.do,DATA3,2,H1,2022-01-26,2022-02-24,01_raw/KWater/mywater_period/H1/group2/DATA3/2022-01-26_2022-02-24.json,143626,9224faf36b0890c475b26f85f8a82f357d031bdc422574422a33a3aa9d5a9df2,14,720,N
2026-09-29T12:18:41Z,K-water,MyWater(water.or.kr) 댐/보 기간별자료,https://www.water.or.kr/kor/realtime/sumun/ajaxProc.do,DATA3,2,H1,2022-02-25,2022-03-26,01_raw/KWater/mywater_period/H1/group2/DATA3/2022-02-25_2022-03-26.json,144734,6bd23ae0c9f727fe1dfd60e5d213f413b83a72e10063343985a96b4ae9922461,14,720,N
2026-09-29T12:18:40Z,K-water,MyWater(water.or.kr) 댐/보 기간별자료,https://www.water.or.kr/kor/realtime/sumun/ajaxProc.do,DATA5,1,M1,2024-07-12,2024-07-18,01_raw/KWater/mywater_period/M1/group1/DATA5/2024-07-12_2024-07-18.json,456593,ba6a4f4a7ebde9c6eeea67eaca758ac7368a6c43bb637b6176834e47f0870ae7,27,1008,N
2026-09-29T12:18:44Z,K-water,MyWater(water.or.kr) 댐/보 기간별자료,https://www.water.or.kr/kor/realtime/sumun/ajaxProc.do,DATA3,2,H1,2022-03-27,2022-04-25,01_raw/KWater/mywater_period/H1/group2/DATA3/2022-03-27_2022-04-25.json,143874,f5d4ac6c9013f1cb886e2d6d62a9e0b9dd1148ab7bdaa8837de59aa1e72dfe01,14,720,N
2026-09-29T12:18:44Z,K-water,MyWater(water.or.kr) 댐/보 기간별자료,https://www.water.or.kr/kor/realtime/sumun/ajaxProc.do,DATA5,1,M1,2024-07-19,2024-07-25,01_raw/KWater/mywater_period/M1/group1/DATA5/2024-07-19_2024-07-25.json,456962,5407e76e3ce64288577bb5471a390abe2c9c01ba4ae47851325f8cacd88f4d17,27,1008,N
2026-09-29T12:18:47Z,K-water,MyWater(water.or.kr) 댐/보 기간별자료,https://www.water.or.kr/kor/realtime/sumun/ajaxProc.do,DATA3,2,H1,2022-04-26,2022-05-25,01_raw/KWater/mywater_period/H1/group2/DATA3/2022-04-26_2022-05-25.json,144166,c1c67826ee542284070532fff48e6864169ca5384c73806424d8a9812041a57f,14,720,N
2026-09-29T12:18:50Z,K-water,MyWater(water.or.kr) 댐/보 기간별자료,https://www.water.or.kr/kor/realtime/sumun/ajaxProc.do,DATA3,2,H1,2022-05-26,2022-06-24,01_raw/KWater/mywater_period/H1/group2/DATA3/2022-05-26_2022-06-24.json,144939,b7af612b87914b16d4c63bb9542b4d01a29f61e584d3f3cb94a630920d7b9bba,14,720,N
2026-09-29T12:18:49Z,K-water,MyWater(water.or.kr) 댐/보 기간별자료,https://www.water.or.kr/kor/realtime/sumun/ajaxProc.do,DATA5,1,M1,2024-07-26,2024-08-01,01_raw/KWater/mywater_period/M1/group1/DATA5/2024-07-26_2024-08-01.json,440626,dcf236211566844766a601ef9b0b9b28d928098a5a23f825713fff6c9956e103,27,1008,N
2026-09-29T12:18:53Z,K-water,MyWater(water.or.kr) 댐/보 기간별자료,https://www.water.or.kr/kor/realtime/sumun/ajaxProc.do,DATA3,2,H1,2022-06-25,2022-07-24,01_raw/KWater/mywater_period/H1/group2/DATA3/2022-06-25_2022-07-24.json,145715,8090232c85c3273c8a0db6a4a444e62b30f23e96ccfd8328c7e906d6c3ac0c94,14,720,N
2026-09-29T12:18:54Z,K-water,MyWater(water.or.kr) 댐/보 기간별자료,https://www.water.or.kr/kor/realtime/sumun/ajaxProc.do,DATA5,1,M1,2024-08-02,2024-08-08,01_raw/KWater/mywater_period/M1/group1/DATA5/2024-08-02_2024-08-08.json,431354,7aee26a8a9125ddde920788aeadddd90a4b2deb21e44dbbdc44a090a623cfbc4,27,1008,N
2026-09-29T12:18:56Z,K-water,MyWater(water.or.kr) 댐/보 기간별자료,https://www.water.or.kr/kor/realtime/sumun/ajaxProc.do,DATA3,2,H1,2022-07-25,2022-08-23,01_raw/KWater/mywater_period/H1/group2/DATA3/2022-07-25_2022-08-23.json,145547,b728835f0ceca139bb2b1dafe03c18effadcff68af2c3817bcca73dd6e7d8b92,14,720,N
2026-09-29T12:18:58Z,K-water,MyWater(water.or.kr) 댐/보 기간별자료,https://www.water.or.kr/kor/realtime/sumun/ajaxProc.do,DATA5,1,M1,2024-08-09,2024-08-15,01_raw/KWater/mywater_period/M1/group1/DATA5/2024-08-09_2024-08-15.json,426268,3d4d209aa6a066b4c6bc8657f2ffd56f4ad634da38cec53678015dc15ea8669c,27,1008,N
2026-09-29T12:19:00Z,K-water,MyWater(water.or.kr) 댐/보 기간별자료,https://www.water.or.kr/kor/realtime/sumun/ajaxProc.do,DATA3,2,H1,2022-08-24,2022-09-22,01_raw/KWater/mywater_period/H1/group2/DATA3/2022-08-24_2022-09-22.json,145767,d3a3c903e6ad4350e965af2617ca6f6a8bcf488e93710a9e662c81ed22db7a52,14,720,N
2026-09-29T12:19:03Z,K-water,MyWater(water.or.kr) 댐/보 기간별자료,https://www.water.or.kr/kor/realtime/sumun/ajaxProc.do,DATA3,2,H1,2022-09-23,2022-10-22,01_raw/KWater/mywater_period/H1/group2/DATA3/2022-09-23_2022-10-22.json,144207,23354a4571d261e866ed6bd8f1dcc5324c7e48e11e449ed6a227fd1d8202eea4,14,720,N
2026-09-29T12:19:02Z,K-water,MyWater(water.or.kr) 댐/보 기간별자료,https://www.water.or.kr/kor/realtime/sumun/ajaxProc.do,DATA5,1,M1,2024-08-16,2024-08-22,01_raw/KWater/mywater_period/M1/group1/DATA5/2024-08-16_2024-08-22.json,427981,56b6696dad000e4fb704874999b240c48532417700e3876db74e6ba3b07c02b9,27,1008,N
2026-09-29T12:19:06Z,K-water,MyWater(water.or.kr) 댐/보 기간별자료,https://www.water.or.kr/kor/realtime/sumun/ajaxProc.do,DATA3,2,H1,2022-10-23,2022-11-21,01_raw/KWater/mywater_period/H1/group2/DATA3/2022-10-23_2022-11-21.json,143919,8fbf240355d09b25754efbbd2b75c5ae37d1e302b162b8c4cbcd318c7079a642,14,720,N
2026-09-29T12:19:07Z,K-water,MyWater(water.or.kr) 댐/보 기간별자료,https://www.water.or.kr/kor/realtime/sumun/ajaxProc.do,DATA5,1,M1,2024-08-23,2024-08-29,01_raw/KWater/mywater_period/M1/group1/DATA5/2024-08-23_2024-08-29.json,428674,53d3fa95540df383f4c45318b0ea3a97f32590d7aeeea28ac2dfc2573099fdb4,27,1008,N
2026-09-29T12:19:09Z,K-water,MyWater(water.or.kr) 댐/보 기간별자료,https://www.water.or.kr/kor/realtime/sumun/ajaxProc.do,DATA3,2,H1,2022-11-22,2022-12-21,01_raw/KWater/mywater_period/H1/group2/DATA3/2022-11-22_2022-12-21.json,144488,d5b2fb0ebe808417ca557ac89a542321a1dea0b087ae478a2a87150f885d7217,14,720,N
2026-09-29T12:19:11Z,K-water,MyWater(water.or.kr) 댐/보 기간별자료,https://www.water.or.kr/kor/realtime/sumun/ajaxProc.do,DATA5,1,M1,2024-08-30,2024-09-05,01_raw/KWater/mywater_period/M1/group1/DATA5/2024-08-30_2024-09-05.json,425238,f0f2b4b58648dc6902d8c743dea903a9e16d6e7ff562d4685485bf3e06e33f31,27,1008,N
2026-09-29T12:19:13Z,K-water,MyWater(water.or.kr) 댐/보 기간별자료,https://www.water.or.kr/kor/realtime/sumun/ajaxProc.do,DATA3,2,H1,2022-12-22,2023-01-20,01_raw/KWater/mywater_period/H1/group2/DATA3/2022-12-22_2023-01-20.json,144235,0e21388fdcaf85450d3a307a1dcac2142be3c4c7b56b17757aba0d755aefef3c,14,720,N
2026-09-29T12:19:16Z,K-water,MyWater(water.or.kr) 댐/보 기간별자료,https://www.water.or.kr/kor/realtime/sumun/ajaxProc.do,DATA3,2,H1,2023-01-21,2023-02-19,01_raw/KWater/mywater_period/H1/group2/DATA3/2023-01-21_2023-02-19.json,144105,d937fd1abceeb13662a7b11d78a1e28eec29e342176613c01e0993468c253a8d,14,720,N
2026-09-29T12:19:15Z,K-water,MyWater(water.or.kr) 댐/보 기간별자료,https://www.water.or.kr/kor/realtime/sumun/ajaxProc.do,DATA5,1,M1,2024-09-06,2024-09-12,01_raw/KWater/mywater_period/M1/group1/DATA5/2024-09-06_2024-09-12.json,427903,e2ef98dacb502f6d6f43458fb0514221c9c50c9217f989b6380197a66571c93a,27,1008,N
2026-09-29T12:19:19Z,K-water,MyWater(water.or.kr) 댐/보 기간별자료,https://www.water.or.kr/kor/realtime/sumun/ajaxProc.do,DATA3,2,H1,2023-02-20,2023-03-21,01_raw/KWater/mywater_period/H1/group2/DATA3/2023-02-20_2023-03-21.json,143736,2ba5fe40fc85b898941a85f72d07b135e6b55c8a6aa7486d1e8e66092aff73aa,14,720,N
2026-09-29T12:19:20Z,K-water,MyWater(water.or.kr) 댐/보 기간별자료,https://www.water.or.kr/kor/realtime/sumun/ajaxProc.do,DATA5,1,M1,2024-09-13,2024-09-19,01_raw/KWater/mywater_period/M1/group1/DATA5/2024-09-13_2024-09-19.json,428982,d93c8b4734b257c9fe1eae3f68d27281cc0c7ac6491598a4de03e89b8a404d8f,27,1008,N
2026-09-29T12:19:22Z,K-water,MyWater(water.or.kr) 댐/보 기간별자료,https://www.water.or.kr/kor/realtime/sumun/ajaxProc.do,DATA3,2,H1,2023-03-22,2023-04-20,01_raw/KWater/mywater_period/H1/group2/DATA3/2023-03-22_2023-04-20.json,144776,f803c19edf3a4735970b27775a2c1a96c04ffe83c80026e7eb22080b39819e63,14,720,N
2026-09-29T12:19:25Z,K-water,MyWater(water.or.kr) 댐/보 기간별자료,https://www.water.or.kr/kor/realtime/sumun/ajaxProc.do,DATA3,2,H1,2023-04-21,2023-05-20,01_raw/KWater/mywater_period/H1/group2/DATA3/2023-04-21_2023-05-20.json,145297,ea5112422680a52ba6e8f7d0d4e016c58b3f65bc80fef76671aed836984ec140,14,720,N
2026-09-29T12:19:24Z,K-water,MyWater(water.or.kr) 댐/보 기간별자료,https://www.water.or.kr/kor/realtime/sumun/ajaxProc.do,DATA5,1,M1,2024-09-20,2024-09-26,01_raw/KWater/mywater_period/M1/group1/DATA5/2024-09-20_2024-09-26.json,456144,768df6040dff5427abe56e7226db1198bce83d0160e5e7089453b7354543beae,27,1008,N
2026-09-29T12:19:28Z,K-water,MyWater(water.or.kr) 댐/보 기간별자료,https://www.water.or.kr/kor/realtime/sumun/ajaxProc.do,DATA3,2,H1,2023-05-21,2023-06-19,01_raw/KWater/mywater_period/H1/group2/DATA3/2023-05-21_2023-06-19.json,144851,30e72517a96f73e906c8aa509148b5f73a6963d19e44dea402415031990f642b,14,720,N
2026-09-29T12:19:29Z,K-water,MyWater(water.or.kr) 댐/보 기간별자료,https://www.water.or.kr/kor/realtime/sumun/ajaxProc.do,DATA5,1,M1,2024-09-27,2024-09-30,01_raw/KWater/mywater_period/M1/group1/DATA5/2024-09-27_2024-09-30.json,253056,c3e37c8b107250a007e3846dbff1619c893b62c3015b19ed98a3aa4352cbc85d,27,576,N
2026-09-29T12:19:31Z,K-water,MyWater(water.or.kr) 댐/보 기간별자료,https://www.water.or.kr/kor/realtime/sumun/ajaxProc.do,DATA3,2,H1,2023-06-20,2023-07-19,01_raw/KWater/mywater_period/H1/group2/DATA3/2023-06-20_2023-07-19.json,147675,fbcebfb5edaab42f1ed5fe1b0c41950d3e7a6d02e6d4d43e538cbbfdea3c9dae,14,720,N
2026-09-29T12:19:32Z,K-water,MyWater(water.or.kr) 댐/보 기간별자료,https://www.water.or.kr/kor/realtime/sumun/ajaxProc.do,DATA6,1,M1,2024-06-21,2024-06-27,01_raw/KWater/mywater_period/M1/group1/DATA6/2024-06-21_2024-06-27.json,457058,640d2d2d90acbb8c22a112cac950d038516573743a7201937788b7c2a08c37fd,27,1008,N
2026-09-29T12:19:35Z,K-water,MyWater(water.or.kr) 댐/보 기간별자료,https://www.water.or.kr/kor/realtime/sumun/ajaxProc.do,DATA3,2,H1,2023-07-20,2023-08-18,01_raw/KWater/mywater_period/H1/group2/DATA3/2023-07-20_2023-08-18.json,145157,9d55f819a43e02c5c32a735ac4283ca8e52d830bc111788179c8af1e5e541b6f,14,720,N
2026-09-29T12:19:37Z,K-water,MyWater(water.or.kr) 댐/보 기간별자료,https://www.water.or.kr/kor/realtime/sumun/ajaxProc.do,DATA6,1,M1,2024-06-28,2024-07-04,01_raw/KWater/mywater_period/M1/group1/DATA6/2024-06-28_2024-07-04.json,452066,9562b38a6b4b0090194b0c7ae513ca00945ed252849aae032776d3ccb976bab8,27,1008,N
2026-09-29T12:19:38Z,K-water,MyWater(water.or.kr) 댐/보 기간별자료,https://www.water.or.kr/kor/realtime/sumun/ajaxProc.do,DATA3,2,H1,2023-08-19,2023-09-17,01_raw/KWater/mywater_period/H1/group2/DATA3/2023-08-19_2023-09-17.json,146514,b5424730047314a410725bf815953bd91bd132778ee11314480c6054e3a1b7c5,14,720,N
2026-09-29T12:19:41Z,K-water,MyWater(water.or.kr) 댐/보 기간별자료,https://www.water.or.kr/kor/realtime/sumun/ajaxProc.do,DATA3,2,H1,2023-09-18,2023-10-17,01_raw/KWater/mywater_period/H1/group2/DATA3/2023-09-18_2023-10-17.json,144832,6a86c37515188a91d9873826ebf361f538a98010ab0bf8d7f6f94892db8fdbb9,14,720,N
2026-09-29T12:19:41Z,K-water,MyWater(water.or.kr) 댐/보 기간별자료,https://www.water.or.kr/kor/realtime/sumun/ajaxProc.do,DATA6,1,M1,2024-07-05,2024-07-11,01_raw/KWater/mywater_period/M1/group1/DATA6/2024-07-05_2024-07-11.json,459057,b68d1097a9bb2097e56e604c050f67472291073eded9b7d655b0346722eb50fe,27,1008,N
2026-09-29T12:19:44Z,K-water,MyWater(water.or.kr) 댐/보 기간별자료,https://www.water.or.kr/kor/realtime/sumun/ajaxProc.do,DATA3,2,H1,2023-10-18,2023-11-16,01_raw/KWater/mywater_period/H1/group2/DATA3/2023-10-18_2023-11-16.json,144355,6ba39822e2a810676cd9d8a6bdde358f8467140862d1fb87e82e341863fbcc07,14,720,N
2026-09-29T12:19:46Z,K-water,MyWater(water.or.kr) 댐/보 기간별자료,https://www.water.or.kr/kor/realtime/sumun/ajaxProc.do,DATA6,1,M1,2024-07-12,2024-07-18,01_raw/KWater/mywater_period/M1/group1/DATA6/2024-07-12_2024-07-18.json,467302,f90fb39c209bec16f9d967b5b994a8e8f1b52ac10e83e30e2548a87d77532b7a,27,1008,N
2026-09-29T12:19:48Z,K-water,MyWater(water.or.kr) 댐/보 기간별자료,https://www.water.or.kr/kor/realtime/sumun/ajaxProc.do,DATA3,2,H1,2023-11-17,2023-12-16,01_raw/KWater/mywater_period/H1/group2/DATA3/2023-11-17_2023-12-16.json,144842,d12ce9d922a616e99ab65838cef7f9fa889733b78ebe8fd654040d951a170b9b,14,720,N
2026-09-29T12:19:51Z,K-water,MyWater(water.or.kr) 댐/보 기간별자료,https://www.water.or.kr/kor/realtime/sumun/ajaxProc.do,DATA3,2,H1,2023-12-17,2024-01-15,01_raw/KWater/mywater_period/H1/group2/DATA3/2023-12-17_2024-01-15.json,143863,dce5919563a2eb1062f777e8f0049b6e5c4ca91d274ad778e3ee652170e42acf,14,720,N
2026-09-29T12:19:50Z,K-water,MyWater(water.or.kr) 댐/보 기간별자료,https://www.water.or.kr/kor/realtime/sumun/ajaxProc.do,DATA6,1,M1,2024-07-19,2024-07-25,01_raw/KWater/mywater_period/M1/group1/DATA6/2024-07-19_2024-07-25.json,462162,667b926c340f680450d51a9217b6eae366c4860583e3b12ff84503e926a4d733,27,1008,N
2026-09-29T12:19:54Z,K-water,MyWater(water.or.kr) 댐/보 기간별자료,https://www.water.or.kr/kor/realtime/sumun/ajaxProc.do,DATA3,2,H1,2024-01-16,2024-02-14,01_raw/KWater/mywater_period/H1/group2/DATA3/2024-01-16_2024-02-14.json,145110,8353400a299d2922afda6d4c78325b1bc105782c37cc04600ad91c6c35b07b35,14,720,N
2026-09-29T12:19:55Z,K-water,MyWater(water.or.kr) 댐/보 기간별자료,https://www.water.or.kr/kor/realtime/sumun/ajaxProc.do,DATA6,1,M1,2024-07-26,2024-08-01,01_raw/KWater/mywater_period/M1/group1/DATA6/2024-07-26_2024-08-01.json,458468,309f40fde8da6710d1b1c92581c5b4f1d3528dc18e6c41a58227946851e797c7,27,1008,N
2026-09-29T12:19:58Z,K-water,MyWater(water.or.kr) 댐/보 기간별자료,https://www.water.or.kr/kor/realtime/sumun/ajaxProc.do,DATA3,2,H1,2024-02-15,2024-03-15,01_raw/KWater/mywater_period/H1/group2/DATA3/2024-02-15_2024-03-15.json,145589,024a8755c25863b419e75d69312af3a639db2968ac79dd7c398240073dba0ddf,14,720,N
2026-09-29T12:20:01Z,K-water,MyWater(water.or.kr) 댐/보 기간별자료,https://www.water.or.kr/kor/realtime/sumun/ajaxProc.do,DATA3,2,H1,2024-03-16,2024-04-14,01_raw/KWater/mywater_period/H1/group2/DATA3/2024-03-16_2024-04-14.json,144944,66843f41899f356fc80cd8634a012e4991cc973de683adf769613c7624cedb5c,14,720,N
2026-09-29T12:20:00Z,K-water,MyWater(water.or.kr) 댐/보 기간별자료,https://www.water.or.kr/kor/realtime/sumun/ajaxProc.do,DATA6,1,M1,2024-08-02,2024-08-08,01_raw/KWater/mywater_period/M1/group1/DATA6/2024-08-02_2024-08-08.json,451251,f0b672d34e87f526a343be307211753a0966d2bcdcae3833c63d798280b3a266,27,1008,N
2026-09-29T12:20:04Z,K-water,MyWater(water.or.kr) 댐/보 기간별자료,https://www.water.or.kr/kor/realtime/sumun/ajaxProc.do,DATA3,2,H1,2024-04-15,2024-05-14,01_raw/KWater/mywater_period/H1/group2/DATA3/2024-04-15_2024-05-14.json,145512,681ffd179f93c1b09eb5a020e5d0d508b31ac3666c09b35db9dde4edd527ba66,14,720,N
2026-09-29T12:20:05Z,K-water,MyWater(water.or.kr) 댐/보 기간별자료,https://www.water.or.kr/kor/realtime/sumun/ajaxProc.do,DATA6,1,M1,2024-08-09,2024-08-15,01_raw/KWater/mywater_period/M1/group1/DATA6/2024-08-09_2024-08-15.json,448992,f408fd226e0309b9696ebd9352eb79d02a44f54eaa69f69736d05343edf7b0fb,27,1008,N
2026-09-29T12:20:07Z,K-water,MyWater(water.or.kr) 댐/보 기간별자료,https://www.water.or.kr/kor/realtime/sumun/ajaxProc.do,DATA3,2,H1,2024-05-15,2024-06-13,01_raw/KWater/mywater_period/H1/group2/DATA3/2024-05-15_2024-06-13.json,144221,27f7533c7e74dfdd14199cb42e3fedf83319b7eedd57e3630a7af01efa4434c1,14,720,N
2026-09-29T12:20:11Z,K-water,MyWater(water.or.kr) 댐/보 기간별자료,https://www.water.or.kr/kor/realtime/sumun/ajaxProc.do,DATA3,2,H1,2024-06-14,2024-07-13,01_raw/KWater/mywater_period/H1/group2/DATA3/2024-06-14_2024-07-13.json,145972,5c5c3585c7df001315eb586e709d94dc69be8969d16bafe63181ea00609cf04a,14,720,N
2026-09-29T12:20:10Z,K-water,MyWater(water.or.kr) 댐/보 기간별자료,https://www.water.or.kr/kor/realtime/sumun/ajaxProc.do,DATA6,1,M1,2024-08-16,2024-08-22,01_raw/KWater/mywater_period/M1/group1/DATA6/2024-08-16_2024-08-22.json,452551,c37c73b0407477c2a88f5fe87222b3529b201fcb101016158bf7728f9462b3ce,27,1008,N
2026-09-29T12:20:14Z,K-water,MyWater(water.or.kr) 댐/보 기간별자료,https://www.water.or.kr/kor/realtime/sumun/ajaxProc.do,DATA3,2,H1,2024-07-14,2024-08-12,01_raw/KWater/mywater_period/H1/group2/DATA3/2024-07-14_2024-08-12.json,145200,5297ebfe7bb3322527a8f3912647b87288cd1c171ddc8a41102644efb611aa83,14,720,N
2026-09-29T12:20:14Z,K-water,MyWater(water.or.kr) 댐/보 기간별자료,https://www.water.or.kr/kor/realtime/sumun/ajaxProc.do,DATA6,1,M1,2024-08-23,2024-08-29,01_raw/KWater/mywater_period/M1/group1/DATA6/2024-08-23_2024-08-29.json,451427,216729c6ff41edcaf8b46eee41414d376354fade6b0704fec8c87d3dfa31efde,27,1008,N
2026-09-29T12:20:18Z,K-water,MyWater(water.or.kr) 댐/보 기간별자료,https://www.water.or.kr/kor/realtime/sumun/ajaxProc.do,DATA3,2,H1,2024-08-13,2024-09-11,01_raw/KWater/mywater_period/H1/group2/DATA3/2024-08-13_2024-09-11.json,145525,3b50bca56a0dd7f7bf84b42afed295c43aab34e629a24275ac5123e8381c1c88,14,720,N
2026-09-29T12:20:20Z,K-water,MyWater(water.or.kr) 댐/보 기간별자료,https://www.water.or.kr/kor/realtime/sumun/ajaxProc.do,DATA6,1,M1,2024-08-30,2024-09-05,01_raw/KWater/mywater_period/M1/group1/DATA6/2024-08-30_2024-09-05.json,450084,e32b625d59ceb855c94a9702daedb2f3970a08dcdcd0690a8b6dac0f0e33ce93,27,1008,N
2026-09-29T12:20:21Z,K-water,MyWater(water.or.kr) 댐/보 기간별자료,https://www.water.or.kr/kor/realtime/sumun/ajaxProc.do,DATA3,2,H1,2024-09-12,2024-10-11,01_raw/KWater/mywater_period/H1/group2/DATA3/2024-09-12_2024-10-11.json,145903,2c57b052fdf02d7ec4db0a40e8b69183c6b67bc86c846af42157d3828df56c9a,14,720,N
2026-09-29T12:20:25Z,K-water,MyWater(water.or.kr) 댐/보 기간별자료,https://www.water.or.kr/kor/realtime/sumun/ajaxProc.do,DATA3,2,H1,2024-10-12,2024-11-10,01_raw/KWater/mywater_period/H1/group2/DATA3/2024-10-12_2024-11-10.json,145550,f75cc87c35642fbea6093b4359f6b2955d2e15867e3122cc7631c93dbb8e8324,14,720,N
2026-09-29T12:20:24Z,K-water,MyWater(water.or.kr) 댐/보 기간별자료,https://www.water.or.kr/kor/realtime/sumun/ajaxProc.do,DATA6,1,M1,2024-09-06,2024-09-12,01_raw/KWater/mywater_period/M1/group1/DATA6/2024-09-06_2024-09-12.json,448375,4b155ef4376aa65931eba20b055b57229f2a5a39f35230b403b600c8f3c3026e,27,1008,N
2026-09-29T12:20:29Z,K-water,MyWater(water.or.kr) 댐/보 기간별자료,https://www.water.or.kr/kor/realtime/sumun/ajaxProc.do,DATA3,2,H1,2024-11-11,2024-12-10,01_raw/KWater/mywater_period/H1/group2/DATA3/2024-11-11_2024-12-10.json,144071,118208106fb37929e7d471b4134d592e70bc917de456598e685fedcc53593e51,14,720,N
2026-09-29T12:20:29Z,K-water,MyWater(water.or.kr) 댐/보 기간별자료,https://www.water.or.kr/kor/realtime/sumun/ajaxProc.do,DATA6,1,M1,2024-09-13,2024-09-19,01_raw/KWater/mywater_period/M1/group1/DATA6/2024-09-13_2024-09-19.json,447260,29f4bb9384a980302fe6c0d3f6db25cd99bfdfc8ca069b477885727c49313caa,27,1008,N
2026-09-29T12:20:32Z,K-water,MyWater(water.or.kr) 댐/보 기간별자료,https://www.water.or.kr/kor/realtime/sumun/ajaxProc.do,DATA3,2,H1,2024-12-11,2025-01-09,01_raw/KWater/mywater_period/H1/group2/DATA3/2024-12-11_2025-01-09.json,143910,bfc63f4fc97f558d9330a337f816188fd7db609302598b25da3502d45afae36a,14,720,N
2026-09-29T12:20:33Z,K-water,MyWater(water.or.kr) 댐/보 기간별자료,https://www.water.or.kr/kor/realtime/sumun/ajaxProc.do,DATA6,1,M1,2024-09-20,2024-09-26,01_raw/KWater/mywater_period/M1/group1/DATA6/2024-09-20_2024-09-26.json,450523,1521fc1f15c994899295c08737f2a44d68aec4420c9d92fdf062cd57b49b6138,27,1008,N
2026-09-29T12:20:36Z,K-water,MyWater(water.or.kr) 댐/보 기간별자료,https://www.water.or.kr/kor/realtime/sumun/ajaxProc.do,DATA3,2,H1,2025-01-10,2025-02-08,01_raw/KWater/mywater_period/H1/group2/DATA3/2025-01-10_2025-02-08.json,144448,d2e56d2a120bb8f89609cb639ab06efd779242978fb256532ef6a55828d56a5d,14,720,N
2026-09-29T12:20:38Z,K-water,MyWater(water.or.kr) 댐/보 기간별자료,https://www.water.or.kr/kor/realtime/sumun/ajaxProc.do,DATA6,1,M1,2024-09-27,2024-09-30,01_raw/KWater/mywater_period/M1/group1/DATA6/2024-09-27_2024-09-30.json,261422,349521cbc142462f784f0ad7040c8a855f544d94b8b81a78404e805a3c016da8,27,576,N
2026-09-29T12:20:39Z,K-water,MyWater(water.or.kr) 댐/보 기간별자료,https://www.water.or.kr/kor/realtime/sumun/ajaxProc.do,DATA3,2,H1,2025-02-09,2025-03-10,01_raw/KWater/mywater_period/H1/group2/DATA3/2025-02-09_2025-03-10.json,144517,bf4f6a64f8d2169dd385a0affa9354f0ade6f3a5440cba3217938a96a4e9a303,14,720,N
2026-09-29T12:20:43Z,K-water,MyWater(water.or.kr) 댐/보 기간별자료,https://www.water.or.kr/kor/realtime/sumun/ajaxProc.do,DATA3,2,H1,2025-03-11,2025-04-09,01_raw/KWater/mywater_period/H1/group2/DATA3/2025-03-11_2025-04-09.json,144405,e32a6c93a8cc206f26dfe5b1c549f346a97cb424f56e85fbdc000f01915dc0c6,14,720,N
2026-09-29T12:20:42Z,K-water,MyWater(water.or.kr) 댐/보 기간별자료,https://www.water.or.kr/kor/realtime/sumun/ajaxProc.do,DATA1,1,M1,2025-06-21,2025-06-27,01_raw/KWater/mywater_period/M1/group1/DATA1/2025-06-21_2025-06-27.json,490564,29da4671dcad16847b47afbeadbe6beb02aaa0982384ab9635a6b9d51d206038,27,1008,N
2026-09-29T12:20:47Z,K-water,MyWater(water.or.kr) 댐/보 기간별자료,https://www.water.or.kr/kor/realtime/sumun/ajaxProc.do,DATA3,2,H1,2025-04-10,2025-05-09,01_raw/KWater/mywater_period/H1/group2/DATA3/2025-04-10_2025-05-09.json,145173,735e0d59a9463596fac57e5ac99b3d1c2b958272c1153249afd8c35a4a84c77e,14,720,N
2026-09-29T12:20:50Z,K-water,MyWater(water.or.kr) 댐/보 기간별자료,https://www.water.or.kr/kor/realtime/sumun/ajaxProc.do,DATA3,2,H1,2025-05-10,2025-06-08,01_raw/KWater/mywater_period/H1/group2/DATA3/2025-05-10_2025-06-08.json,144390,badd4df4ede4486c23d2734c21c4ea03a8b1d3e1a32a1810eeebce2464787cf0,14,720,N
2026-09-29T12:20:54Z,K-water,MyWater(water.or.kr) 댐/보 기간별자료,https://www.water.or.kr/kor/realtime/sumun/ajaxProc.do,DATA3,2,H1,2025-06-09,2025-07-08,01_raw/KWater/mywater_period/H1/group2/DATA3/2025-06-09_2025-07-08.json,145107,fb9e333c039c7b448d6f77762f86b6dd8f8cc22aaea5162783765d7079eadf9a,14,720,N
2026-09-29T12:20:50Z,K-water,MyWater(water.or.kr) 댐/보 기간별자료,https://www.water.or.kr/kor/realtime/sumun/ajaxProc.do,DATA1,1,M1,2025-06-28,2025-07-04,01_raw/KWater/mywater_period/M1/group1/DATA1/2025-06-28_2025-07-04.json,490448,59e4365d3c8fc8ef9b1fd676b0bf43f8960a7a1fc60b4c62e0b7338abfe0a053,27,1008,N
2026-09-29T12:20:57Z,K-water,MyWater(water.or.kr) 댐/보 기간별자료,https://www.water.or.kr/kor/realtime/sumun/ajaxProc.do,DATA3,2,H1,2025-07-09,2025-08-07,01_raw/KWater/mywater_period/H1/group2/DATA3/2025-07-09_2025-08-07.json,146080,d5d3ddb6f7d852579d1ea99bb940144e27feb458c179fe8f227b7857bea24f54,14,720,N
2026-09-29T12:21:00Z,K-water,MyWater(water.or.kr) 댐/보 기간별자료,https://www.water.or.kr/kor/realtime/sumun/ajaxProc.do,DATA3,2,H1,2025-08-08,2025-09-06,01_raw/KWater/mywater_period/H1/group2/DATA3/2025-08-08_2025-09-06.json,144860,8b226b56b2ceb48d7af125f90a951610b61a0cc17b65293d83c4927e3ebc7dc2,14,720,N
2026-09-29T12:20:57Z,K-water,MyWater(water.or.kr) 댐/보 기간별자료,https://www.water.or.kr/kor/realtime/sumun/ajaxProc.do,DATA1,1,M1,2025-07-05,2025-07-11,01_raw/KWater/mywater_period/M1/group1/DATA1/2025-07-05_2025-07-11.json,490246,38889a7c18f58e0b78b9b8317f6792b73faa5cacc49741d5e2d1209f1adb4c5b,27,1008,N
2026-09-29T12:21:03Z,K-water,MyWater(water.or.kr) 댐/보 기간별자료,https://www.water.or.kr/kor/realtime/sumun/ajaxProc.do,DATA3,2,H1,2025-09-07,2025-10-06,01_raw/KWater/mywater_period/H1/group2/DATA3/2025-09-07_2025-10-06.json,146155,bddc628e4ca755ea243d0aea2b11975d09ed6bb4fb74592226b5e7c856d19fe7,14,720,N
2026-09-29T12:21:06Z,K-water,MyWater(water.or.kr) 댐/보 기간별자료,https://www.water.or.kr/kor/realtime/sumun/ajaxProc.do,DATA3,2,H1,2025-10-07,2025-11-05,01_raw/KWater/mywater_period/H1/group2/DATA3/2025-10-07_2025-11-05.json,145698,caebbbab5545d60b05085ccf17497d6f75d40eb3f589aa2ff4eea6d1be1110ea,14,720,N
2026-09-29T12:21:04Z,K-water,MyWater(water.or.kr) 댐/보 기간별자료,https://www.water.or.kr/kor/realtime/sumun/ajaxProc.do,DATA1,1,M1,2025-07-12,2025-07-18,01_raw/KWater/mywater_period/M1/group1/DATA1/2025-07-12_2025-07-18.json,489608,7153535797aa032bfc9af34c9efa07ef87c3b1b7cfb200ede460325b9c37d3a8,27,1008,N
2026-09-29T12:21:09Z,K-water,MyWater(water.or.kr) 댐/보 기간별자료,https://www.water.or.kr/kor/realtime/sumun/ajaxProc.do,DATA3,2,H1,2025-11-06,2025-12-05,01_raw/KWater/mywater_period/H1/group2/DATA3/2025-11-06_2025-12-05.json,143943,ffb0111dc2021a8437642c0bec46a5e3d5259380b44a1ceb59f834a0f5304176,14,720,N
2026-09-29T12:21:12Z,K-water,MyWater(water.or.kr) 댐/보 기간별자료,https://www.water.or.kr/kor/realtime/sumun/ajaxProc.do,DATA3,2,H1,2025-12-06,2026-01-04,01_raw/KWater/mywater_period/H1/group2/DATA3/2025-12-06_2026-01-04.json,144052,3dc82e26a6757df54944ec2bbe4df87caba47d7688d477e3386d562d39bb1c57,14,720,N
2026-09-29T12:21:16Z,K-water,MyWater(water.or.kr) 댐/보 기간별자료,https://www.water.or.kr/kor/realtime/sumun/ajaxProc.do,DATA3,2,H1,2026-01-05,2026-02-03,01_raw/KWater/mywater_period/H1/group2/DATA3/2026-01-05_2026-02-03.json,143665,cd9428e73470d92b363ff94b44745bc5710056da287f9c7ba4a401ab75823060,14,720,N
2026-09-29T12:21:12Z,K-water,MyWater(water.or.kr) 댐/보 기간별자료,https://www.water.or.kr/kor/realtime/sumun/ajaxProc.do,DATA1,1,M1,2025-07-19,2025-07-25,01_raw/KWater/mywater_period/M1/group1/DATA1/2025-07-19_2025-07-25.json,490468,9be5b9402445251333e28cc56f90edff85cc0eb14dacb2f0eaa2cb27eeedd0ba,27,1008,N
2026-09-29T12:21:19Z,K-water,MyWater(water.or.kr) 댐/보 기간별자료,https://www.water.or.kr/kor/realtime/sumun/ajaxProc.do,DATA3,2,H1,2026-02-04,2026-03-05,01_raw/KWater/mywater_period/H1/group2/DATA3/2026-02-04_2026-03-05.json,144469,47c92262d9933a2c575f1e67f47e4ec28870f40869916e36140ed64a683e4324,14,720,N
2026-09-29T12:21:22Z,K-water,MyWater(water.or.kr) 댐/보 기간별자료,https://www.water.or.kr/kor/realtime/sumun/ajaxProc.do,DATA3,2,H1,2026-03-06,2026-04-04,01_raw/KWater/mywater_period/H1/group2/DATA3/2026-03-06_2026-04-04.json,144585,4b36fea91b35323e1f0a117d07653d8143aff334c27e4b891b789edbc1ab98f8,14,720,N
2026-09-29T12:21:19Z,K-water,MyWater(water.or.kr) 댐/보 기간별자료,https://www.water.or.kr/kor/realtime/sumun/ajaxProc.do,DATA1,1,M1,2025-07-26,2025-08-01,01_raw/KWater/mywater_period/M1/group1/DATA1/2025-07-26_2025-08-01.json,490569,d7592692b75ada7b58b366b1a11ea2e5d4dd65795568186c765deadf8bbaa854,27,1008,N
2026-09-29T12:21:25Z,K-water,MyWater(water.or.kr) 댐/보 기간별자료,https://www.water.or.kr/kor/realtime/sumun/ajaxProc.do,DATA3,2,H1,2026-04-05,2026-05-04,01_raw/KWater/mywater_period/H1/group2/DATA3/2026-04-05_2026-05-04.json,144631,be19b06ffffe80d078aea8e69607eb086c5764687c4088464108aca47e57ef0b,14,720,N
2026-09-29T12:21:28Z,K-water,MyWater(water.or.kr) 댐/보 기간별자료,https://www.water.or.kr/kor/realtime/sumun/ajaxProc.do,DATA3,2,H1,2026-05-05,2026-06-03,01_raw/KWater/mywater_period/H1/group2/DATA3/2026-05-05_2026-06-03.json,144874,c905aca95b3c1510c52789729c78e2c1b3ee602aa05803951c04be2a5b647399,14,720,N
2026-09-29T12:21:26Z,K-water,MyWater(water.or.kr) 댐/보 기간별자료,https://www.water.or.kr/kor/realtime/sumun/ajaxProc.do,DATA1,1,M1,2025-08-02,2025-08-08,01_raw/KWater/mywater_period/M1/group1/DATA1/2025-08-02_2025-08-08.json,491061,b3ae8428fa0c16305355ab4d85b1a248c115eb0c4827c4077aadfbd0426744e6,27,1008,N
2026-09-29T12:21:32Z,K-water,MyWater(water.or.kr) 댐/보 기간별자료,https://www.water.or.kr/kor/realtime/sumun/ajaxProc.do,DATA3,2,H1,2026-06-04,2026-07-03,01_raw/KWater/mywater_period/H1/group2/DATA3/2026-06-04_2026-07-03.json,144768,d604bf08a9ec8171c41fa9bf56103346b96c677e8a5df3d33bd3464a3bc73654,14,720,N
2026-09-29T12:21:35Z,K-water,MyWater(water.or.kr) 댐/보 기간별자료,https://www.water.or.kr/kor/realtime/sumun/ajaxProc.do,DATA3,2,H1,2026-07-04,2026-08-02,01_raw/KWater/mywater_period/H1/group2/DATA3/2026-07-04_2026-08-02.json,144685,8237246d7cdcfe8e938e0ddd4b9e16dc1ab9d8474beacaa8a6924498f3ce7c7a,14,720,N
2026-09-29T12:21:32Z,K-water,MyWater(water.or.kr) 댐/보 기간별자료,https://www.water.or.kr/kor/realtime/sumun/ajaxProc.do,DATA1,1,M1,2025-08-09,2025-08-15,01_raw/KWater/mywater_period/M1/group1/DATA1/2025-08-09_2025-08-15.json,490511,22e052cba4b3e8ba1b74b9a1817a564220d676385859fe47da3dc65dd478666f,27,1008,N
2026-09-29T12:21:38Z,K-water,MyWater(water.or.kr) 댐/보 기간별자료,https://www.water.or.kr/kor/realtime/sumun/ajaxProc.do,DATA3,2,H1,2026-08-03,2026-09-01,01_raw/KWater/mywater_period/H1/group2/DATA3/2026-08-03_2026-09-01.json,146282,97eb78391af44f2b05523e57609f97c280ca536ab6347b7b833ad2db4b71196f,14,720,N
2026-09-29T12:21:41Z,K-water,MyWater(water.or.kr) 댐/보 기간별자료,https://www.water.or.kr/kor/realtime/sumun/ajaxProc.do,DATA3,2,H1,2026-09-02,2026-09-28,01_raw/KWater/mywater_period/H1/group2/DATA3/2026-09-02_2026-09-28.json,130274,cc6ab64fdf90e8d8c68f4812bc00738590cae9b2ff620af56a8e47355a61eea4,14,648,N
2026-09-29T12:21:44Z,K-water,MyWater(water.or.kr) 댐/보 기간별자료,https://www.water.or.kr/kor/realtime/sumun/ajaxProc.do,DATA4,2,H1,2021-01-01,2021-01-30,01_raw/KWater/mywater_period/H1/group2/DATA4/2021-01-01_2021-01-30.json,167337,5298ac0940957c687134e12a0defd2235b7245a321b023682a0ed9b018778327,14,720,N
2026-09-29T12:21:40Z,K-water,MyWater(water.or.kr) 댐/보 기간별자료,https://www.water.or.kr/kor/realtime/sumun/ajaxProc.do,DATA1,1,M1,2025-08-16,2025-08-22,01_raw/KWater/mywater_period/M1/group1/DATA1/2025-08-16_2025-08-22.json,490647,52ca767483af0252501f25643d96961430cb02e29d70a4db2224adb8b15d1791,27,1008,N
2026-09-29T12:21:47Z,K-water,MyWater(water.or.kr) 댐/보 기간별자료,https://www.water.or.kr/kor/realtime/sumun/ajaxProc.do,DATA4,2,H1,2021-01-31,2021-03-01,01_raw/KWater/mywater_period/H1/group2/DATA4/2021-01-31_2021-03-01.json,167306,93f88796b78097f794519cdf176543fa435b630bc12a468373242ffec9da31ba,14,720,N
2026-09-29T12:21:50Z,K-water,MyWater(water.or.kr) 댐/보 기간별자료,https://www.water.or.kr/kor/realtime/sumun/ajaxProc.do,DATA4,2,H1,2021-03-02,2021-03-31,01_raw/KWater/mywater_period/H1/group2/DATA4/2021-03-02_2021-03-31.json,170102,73046b4f376f502c44f7bb4175826e5c7f9d8a5bd24215d97d375923e56f28db,14,720,N
2026-09-29T12:21:47Z,K-water,MyWater(water.or.kr) 댐/보 기간별자료,https://www.water.or.kr/kor/realtime/sumun/ajaxProc.do,DATA1,1,M1,2025-08-23,2025-08-29,01_raw/KWater/mywater_period/M1/group1/DATA1/2025-08-23_2025-08-29.json,491005,7641338f455c64925e14a7ea5e91cbd1dbd9b0dc03b6b78f291365e3d5d3d1b7,27,1008,N
2026-09-29T12:21:53Z,K-water,MyWater(water.or.kr) 댐/보 기간별자료,https://www.water.or.kr/kor/realtime/sumun/ajaxProc.do,DATA4,2,H1,2021-04-01,2021-04-30,01_raw/KWater/mywater_period/H1/group2/DATA4/2021-04-01_2021-04-30.json,169479,9eeb87c95bd345e54ba88d238bf625a37b214c43d4f524379cf8897ca8e14fe8,14,720,N
2026-09-29T12:21:56Z,K-water,MyWater(water.or.kr) 댐/보 기간별자료,https://www.water.or.kr/kor/realtime/sumun/ajaxProc.do,DATA4,2,H1,2021-05-01,2021-05-30,01_raw/KWater/mywater_period/H1/group2/DATA4/2021-05-01_2021-05-30.json,168765,6951a34df97d7f4bb4e3038ea98774b91bc2e9d402f5bff304e5c4f42e1450b7,14,720,N
2026-09-29T12:21:55Z,K-water,MyWater(water.or.kr) 댐/보 기간별자료,https://www.water.or.kr/kor/realtime/sumun/ajaxProc.do,DATA1,1,M1,2025-08-30,2025-09-05,01_raw/KWater/mywater_period/M1/group1/DATA1/2025-08-30_2025-09-05.json,491988,05ec96486468fa87db25bee8b5cb02e106311c017cdf9d1632cb5c7b07ccb948,27,1008,N
2026-09-29T12:22:00Z,K-water,MyWater(water.or.kr) 댐/보 기간별자료,https://www.water.or.kr/kor/realtime/sumun/ajaxProc.do,DATA4,2,H1,2021-05-31,2021-06-29,01_raw/KWater/mywater_period/H1/group2/DATA4/2021-05-31_2021-06-29.json,168323,e0a0d8eab1a621649977672ce025fb6af3fd27a1c8cc15a614ab29b32324fb7d,14,720,N
2026-09-29T12:22:03Z,K-water,MyWater(water.or.kr) 댐/보 기간별자료,https://www.water.or.kr/kor/realtime/sumun/ajaxProc.do,DATA4,2,H1,2021-06-30,2021-07-29,01_raw/KWater/mywater_period/H1/group2/DATA4/2021-06-30_2021-07-29.json,169457,04fd49dc882048a28b11c303742cf8de346471c7b0ab6f7df15de4614f54a4c0,14,720,N
2026-09-29T12:22:06Z,K-water,MyWater(water.or.kr) 댐/보 기간별자료,https://www.water.or.kr/kor/realtime/sumun/ajaxProc.do,DATA4,2,H1,2021-07-30,2021-08-28,01_raw/KWater/mywater_period/H1/group2/DATA4/2021-07-30_2021-08-28.json,171132,a4bca7d55dca8a1fca9cf169ab3f1baa99ae502905577645b3ca89721c346ae2,14,720,N
2026-09-29T12:22:02Z,K-water,MyWater(water.or.kr) 댐/보 기간별자료,https://www.water.or.kr/kor/realtime/sumun/ajaxProc.do,DATA1,1,M1,2025-09-06,2025-09-12,01_raw/KWater/mywater_period/M1/group1/DATA1/2025-09-06_2025-09-12.json,491905,e573661ec29fd0529dd182a18584a6e5dc3f27ed5cb3dbe3fe462c3c96499ebc,27,1008,N
2026-09-29T12:22:09Z,K-water,MyWater(water.or.kr) 댐/보 기간별자료,https://www.water.or.kr/kor/realtime/sumun/ajaxProc.do,DATA4,2,H1,2021-08-29,2021-09-27,01_raw/KWater/mywater_period/H1/group2/DATA4/2021-08-29_2021-09-27.json,168437,5f59e009495138aca96147d303ac0702f11d93335a516a12c08a6ff3c1485437,14,720,N
2026-09-29T12:22:12Z,K-water,MyWater(water.or.kr) 댐/보 기간별자료,https://www.water.or.kr/kor/realtime/sumun/ajaxProc.do,DATA4,2,H1,2021-09-28,2021-10-27,01_raw/KWater/mywater_period/H1/group2/DATA4/2021-09-28_2021-10-27.json,168498,eb0dbed94ede6b340e023ac8d73a7960817fbbbacfc7c7aca7ce0ba30f636587,14,720,N
2026-09-29T12:22:10Z,K-water,MyWater(water.or.kr) 댐/보 기간별자료,https://www.water.or.kr/kor/realtime/sumun/ajaxProc.do,DATA1,1,M1,2025-09-13,2025-09-19,01_raw/KWater/mywater_period/M1/group1/DATA1/2025-09-13_2025-09-19.json,492089,334c9fdb143c43c3a19b7b0fb98aef4f6b93386fe8c971975d2e42658e197659,27,1008,N
2026-09-29T12:22:16Z,K-water,MyWater(water.or.kr) 댐/보 기간별자료,https://www.water.or.kr/kor/realtime/sumun/ajaxProc.do,DATA4,2,H1,2021-10-28,2021-11-26,01_raw/KWater/mywater_period/H1/group2/DATA4/2021-10-28_2021-11-26.json,167486,fac984c727d1bb5342cf89cf21034f7e9bdff39be1f8ab6bff89eda49f6ee788,14,720,N
2026-09-29T12:22:19Z,K-water,MyWater(water.or.kr) 댐/보 기간별자료,https://www.water.or.kr/kor/realtime/sumun/ajaxProc.do,DATA4,2,H1,2021-11-27,2021-12-26,01_raw/KWater/mywater_period/H1/group2/DATA4/2021-11-27_2021-12-26.json,166923,3dc6b238a7e2ca9e20a1fa23796b8f425daf04502040be2057688bf5deed4746,14,720,N
2026-09-29T12:22:17Z,K-water,MyWater(water.or.kr) 댐/보 기간별자료,https://www.water.or.kr/kor/realtime/sumun/ajaxProc.do,DATA1,1,M1,2025-09-20,2025-09-26,01_raw/KWater/mywater_period/M1/group1/DATA1/2025-09-20_2025-09-26.json,491694,12da753b4caacbf2466b99db78f34796b836e46d517ca84afa9859fe8136b301,27,1008,N
2026-09-29T12:22:23Z,K-water,MyWater(water.or.kr) 댐/보 기간별자료,https://www.water.or.kr/kor/realtime/sumun/ajaxProc.do,DATA4,2,H1,2021-12-27,2022-01-25,01_raw/KWater/mywater_period/H1/group2/DATA4/2021-12-27_2022-01-25.json,166809,dd173658fa8a43ec1969acd893a84ddb7874a04ccd1c0c5054bcf715ae4939d1,14,720,N
2026-09-29T12:22:25Z,K-water,MyWater(water.or.kr) 댐/보 기간별자료,https://www.water.or.kr/kor/realtime/sumun/ajaxProc.do,DATA1,1,M1,2025-09-27,2025-09-30,01_raw/KWater/mywater_period/M1/group1/DATA1/2025-09-27_2025-09-30.json,284825,6a7d8f03c90f7cfae8a48fccebf97d064871f7f96aaed30cd96f4890033820cb,27,576,N
2026-09-29T12:22:26Z,K-water,MyWater(water.or.kr) 댐/보 기간별자료,https://www.water.or.kr/kor/realtime/sumun/ajaxProc.do,DATA4,2,H1,2022-01-26,2022-02-24,01_raw/KWater/mywater_period/H1/group2/DATA4/2022-01-26_2022-02-24.json,165328,e906baafcfec311325e62a54c64cbcc1ca1871c87eb545d6d41a9b246457ac98,14,720,N
2026-09-29T12:22:30Z,K-water,MyWater(water.or.kr) 댐/보 기간별자료,https://www.water.or.kr/kor/realtime/sumun/ajaxProc.do,DATA4,2,H1,2022-02-25,2022-03-26,01_raw/KWater/mywater_period/H1/group2/DATA4/2022-02-25_2022-03-26.json,166341,1b87a597bbdb0c9626bbf1f77e2dd7e05bbab80ff34ce727e2cde29ae6667dc6,14,720,N
2026-09-29T12:22:30Z,K-water,MyWater(water.or.kr) 댐/보 기간별자료,https://www.water.or.kr/kor/realtime/sumun/ajaxProc.do,DATA2,1,M1,2025-06-21,2025-06-27,01_raw/KWater/mywater_period/M1/group1/DATA2/2025-06-21_2025-06-27.json,479741,7028229339dcb1bfdf5a9c9932063d51082de4dbdd42053394fbaa3b4b6035c9,27,1008,N
2026-09-29T12:22:33Z,K-water,MyWater(water.or.kr) 댐/보 기간별자료,https://www.water.or.kr/kor/realtime/sumun/ajaxProc.do,DATA4,2,H1,2022-03-27,2022-04-25,01_raw/KWater/mywater_period/H1/group2/DATA4/2022-03-27_2022-04-25.json,166949,cd02ba6b7594670633d315090799fe062d75b01fb0f84a55a0c8b97587e02e21,14,720,N
2026-09-29T12:22:35Z,K-water,MyWater(water.or.kr) 댐/보 기간별자료,https://www.water.or.kr/kor/realtime/sumun/ajaxProc.do,DATA2,1,M1,2025-06-28,2025-07-04,01_raw/KWater/mywater_period/M1/group1/DATA2/2025-06-28_2025-07-04.json,480608,36d4e53696bd843d5692d06623a85c56be91ce3dfc7d023bbf9500dc8aac71ef,27,1008,N
2026-09-29T12:22:37Z,K-water,MyWater(water.or.kr) 댐/보 기간별자료,https://www.water.or.kr/kor/realtime/sumun/ajaxProc.do,DATA4,2,H1,2022-04-26,2022-05-25,01_raw/KWater/mywater_period/H1/group2/DATA4/2022-04-26_2022-05-25.json,166801,27413482287265c5699ddc1f2ae8d08fe9c6c4bbea959ac61e7bbee66ac1be7a,14,720,N
2026-09-29T12:22:40Z,K-water,MyWater(water.or.kr) 댐/보 기간별자료,https://www.water.or.kr/kor/realtime/sumun/ajaxProc.do,DATA4,2,H1,2022-05-26,2022-06-24,01_raw/KWater/mywater_period/H1/group2/DATA4/2022-05-26_2022-06-24.json,165755,c14111569acd091b032d9a7a78418f41375487cab6616038c15dd6524bd032e9,14,720,N
2026-09-29T12:22:40Z,K-water,MyWater(water.or.kr) 댐/보 기간별자료,https://www.water.or.kr/kor/realtime/sumun/ajaxProc.do,DATA2,1,M1,2025-07-05,2025-07-11,01_raw/KWater/mywater_period/M1/group1/DATA2/2025-07-05_2025-07-11.json,480019,8001b1cf82f0674211758a3228024a3c814e99b74f019ce36377b65cf244f5a0,27,1008,N
2026-09-29T12:22:43Z,K-water,MyWater(water.or.kr) 댐/보 기간별자료,https://www.water.or.kr/kor/realtime/sumun/ajaxProc.do,DATA4,2,H1,2022-06-25,2022-07-24,01_raw/KWater/mywater_period/H1/group2/DATA4/2022-06-25_2022-07-24.json,168781,52980f5d6b42afd80cdaf00c82a043d1e28fa314d189b90d7a20cb504a27fe05,14,720,N
2026-09-29T12:22:45Z,K-water,MyWater(water.or.kr) 댐/보 기간별자료,https://www.water.or.kr/kor/realtime/sumun/ajaxProc.do,DATA2,1,M1,2025-07-12,2025-07-18,01_raw/KWater/mywater_period/M1/group1/DATA2/2025-07-12_2025-07-18.json,480069,b58b2d0e75aa6666afee5370aecab626074fcc6916bdcdb149e53f5289e0be46,27,1008,N
2026-09-29T12:22:47Z,K-water,MyWater(water.or.kr) 댐/보 기간별자료,https://www.water.or.kr/kor/realtime/sumun/ajaxProc.do,DATA4,2,H1,2022-07-25,2022-08-23,01_raw/KWater/mywater_period/H1/group2/DATA4/2022-07-25_2022-08-23.json,168193,b4dc817c25b843bd710339071b6858188a0dcfe52bf1e6c3a74f6c45e28bf724,14,720,N
2026-09-29T12:22:51Z,K-water,MyWater(water.or.kr) 댐/보 기간별자료,https://www.water.or.kr/kor/realtime/sumun/ajaxProc.do,DATA4,2,H1,2022-08-24,2022-09-22,01_raw/KWater/mywater_period/H1/group2/DATA4/2022-08-24_2022-09-22.json,170099,31bc6823e339ac28cb1d7a296062722926f4762054d113c5239b1e347d9b0e1b,14,720,N
2026-09-29T12:22:50Z,K-water,MyWater(water.or.kr) 댐/보 기간별자료,https://www.water.or.kr/kor/realtime/sumun/ajaxProc.do,DATA2,1,M1,2025-07-19,2025-07-25,01_raw/KWater/mywater_period/M1/group1/DATA2/2025-07-19_2025-07-25.json,483002,2dea66fa5f85e45365865f6d4bfaf9602b1822fdd7f92e6ee90c96bd5958931d,27,1008,N
2026-09-29T12:22:54Z,K-water,MyWater(water.or.kr) 댐/보 기간별자료,https://www.water.or.kr/kor/realtime/sumun/ajaxProc.do,DATA4,2,H1,2022-09-23,2022-10-22,01_raw/KWater/mywater_period/H1/group2/DATA4/2022-09-23_2022-10-22.json,166278,5d7a4762ebc7f99b628d2bbb594ddb3313739e72f927d45267a69008a07c4447,14,720,N
2026-09-29T12:22:55Z,K-water,MyWater(water.or.kr) 댐/보 기간별자료,https://www.water.or.kr/kor/realtime/sumun/ajaxProc.do,DATA2,1,M1,2025-07-26,2025-08-01,01_raw/KWater/mywater_period/M1/group1/DATA2/2025-07-26_2025-08-01.json,482796,33d1b25e1f731d301a55842d6008182ec02ff624c402a4d31e59bbfdee79f040,27,1008,N
2026-09-29T12:22:58Z,K-water,MyWater(water.or.kr) 댐/보 기간별자료,https://www.water.or.kr/kor/realtime/sumun/ajaxProc.do,DATA4,2,H1,2022-10-23,2022-11-21,01_raw/KWater/mywater_period/H1/group2/DATA4/2022-10-23_2022-11-21.json,165998,e049d9efc5320f2459cab16ff0c9a3aeff90335325a14fa643c06fa675193d4a,14,720,N
2026-09-29T12:23:00Z,K-water,MyWater(water.or.kr) 댐/보 기간별자료,https://www.water.or.kr/kor/realtime/sumun/ajaxProc.do,DATA2,1,M1,2025-08-02,2025-08-08,01_raw/KWater/mywater_period/M1/group1/DATA2/2025-08-02_2025-08-08.json,482762,ba1129da9e1f09fff17da9b5a4fb775ade34dc80c610d31ae2e7401eadde7b5b,27,1008,N
2026-09-29T12:23:01Z,K-water,MyWater(water.or.kr) 댐/보 기간별자료,https://www.water.or.kr/kor/realtime/sumun/ajaxProc.do,DATA4,2,H1,2022-11-22,2022-12-21,01_raw/KWater/mywater_period/H1/group2/DATA4/2022-11-22_2022-12-21.json,167208,03f2001c4e816712f9df3aefe59125f3968aaab73a2483b73d962a5972c7f9ab,14,720,N
2026-09-29T12:23:05Z,K-water,MyWater(water.or.kr) 댐/보 기간별자료,https://www.water.or.kr/kor/realtime/sumun/ajaxProc.do,DATA4,2,H1,2022-12-22,2023-01-20,01_raw/KWater/mywater_period/H1/group2/DATA4/2022-12-22_2023-01-20.json,167023,2d45f59ad8a0ff19174ed82ae29fc6eae3561348991a32b5480117e2c3e09b4a,14,720,N
2026-09-29T12:23:04Z,K-water,MyWater(water.or.kr) 댐/보 기간별자료,https://www.water.or.kr/kor/realtime/sumun/ajaxProc.do,DATA2,1,M1,2025-08-09,2025-08-15,01_raw/KWater/mywater_period/M1/group1/DATA2/2025-08-09_2025-08-15.json,482205,6ad8a5657015dcb3284901b0974b37584692bf482653745d403b604da934dd4c,27,1008,N
2026-09-29T12:23:08Z,K-water,MyWater(water.or.kr) 댐/보 기간별자료,https://www.water.or.kr/kor/realtime/sumun/ajaxProc.do,DATA4,2,H1,2023-01-21,2023-02-19,01_raw/KWater/mywater_period/H1/group2/DATA4/2023-01-21_2023-02-19.json,167376,5eb9cad5ac23977802ee309248df17259ebf709eaf64c3301edb69f01e4bee0a,14,720,N
2026-09-29T12:23:08Z,K-water,MyWater(water.or.kr) 댐/보 기간별자료,https://www.water.or.kr/kor/realtime/sumun/ajaxProc.do,DATA2,1,M1,2025-08-16,2025-08-22,01_raw/KWater/mywater_period/M1/group1/DATA2/2025-08-16_2025-08-22.json,482911,c7202615ddd86fba16a61dfd1db9f6f71874e0d72368a03d203262686162b9c2,27,1008,N
2026-09-29T12:23:11Z,K-water,MyWater(water.or.kr) 댐/보 기간별자료,https://www.water.or.kr/kor/realtime/sumun/ajaxProc.do,DATA4,2,H1,2023-02-20,2023-03-21,01_raw/KWater/mywater_period/H1/group2/DATA4/2023-02-20_2023-03-21.json,165973,1865dda8892ac9319a22057b258b510a1d3c8947329cf43f492a0368ae184643,14,720,N
2026-09-29T12:23:13Z,K-water,MyWater(water.or.kr) 댐/보 기간별자료,https://www.water.or.kr/kor/realtime/sumun/ajaxProc.do,DATA2,1,M1,2025-08-23,2025-08-29,01_raw/KWater/mywater_period/M1/group1/DATA2/2025-08-23_2025-08-29.json,481976,187edf7ac29e7af255ddfce0ac06419b4ce7a691f26fd955dd2eecbfe72e342d,27,1008,N
2026-09-29T12:23:15Z,K-water,MyWater(water.or.kr) 댐/보 기간별자료,https://www.water.or.kr/kor/realtime/sumun/ajaxProc.do,DATA4,2,H1,2023-03-22,2023-04-20,01_raw/KWater/mywater_period/H1/group2/DATA4/2023-03-22_2023-04-20.json,167287,dcd614321756f6d14cf3567935a312698cf2186647ebf876c0cf72cbc5e602df,14,720,N
2026-09-29T12:23:18Z,K-water,MyWater(water.or.kr) 댐/보 기간별자료,https://www.water.or.kr/kor/realtime/sumun/ajaxProc.do,DATA4,2,H1,2023-04-21,2023-05-20,01_raw/KWater/mywater_period/H1/group2/DATA4/2023-04-21_2023-05-20.json,167115,8dffb51d28f436e99803ff41a422e23075c209396a5d8d59e742f4a308f16b47,14,720,N
2026-09-29T12:23:18Z,K-water,MyWater(water.or.kr) 댐/보 기간별자료,https://www.water.or.kr/kor/realtime/sumun/ajaxProc.do,DATA2,1,M1,2025-08-30,2025-09-05,01_raw/KWater/mywater_period/M1/group1/DATA2/2025-08-30_2025-09-05.json,482288,ab81e8d6f66aad5f803b34975ca8b92220c1f8854302111a52c5329009928940,27,1008,N
2026-09-29T12:23:21Z,K-water,MyWater(water.or.kr) 댐/보 기간별자료,https://www.water.or.kr/kor/realtime/sumun/ajaxProc.do,DATA4,2,H1,2023-05-21,2023-06-19,01_raw/KWater/mywater_period/H1/group2/DATA4/2023-05-21_2023-06-19.json,166981,a3e461d222be7e5bac7d401b67b58174c37e2183d468c90fbe42da05c96876fc,14,720,N
2026-09-29T12:23:22Z,K-water,MyWater(water.or.kr) 댐/보 기간별자료,https://www.water.or.kr/kor/realtime/sumun/ajaxProc.do,DATA2,1,M1,2025-09-06,2025-09-12,01_raw/KWater/mywater_period/M1/group1/DATA2/2025-09-06_2025-09-12.json,482372,58b4f364adb4ba030f2fe6eb80b466ffabd1963fb3b5cf81f3e0944713cf81f9,27,1008,N
2026-09-29T12:23:24Z,K-water,MyWater(water.or.kr) 댐/보 기간별자료,https://www.water.or.kr/kor/realtime/sumun/ajaxProc.do,DATA4,2,H1,2023-06-20,2023-07-19,01_raw/KWater/mywater_period/H1/group2/DATA4/2023-06-20_2023-07-19.json,172659,57038e566d665c34e3effa17b3db0159bda3fa014b621fe7f61690863efaf995,14,720,N
2026-09-29T12:23:26Z,K-water,MyWater(water.or.kr) 댐/보 기간별자료,https://www.water.or.kr/kor/realtime/sumun/ajaxProc.do,DATA2,1,M1,2025-09-13,2025-09-19,01_raw/KWater/mywater_period/M1/group1/DATA2/2025-09-13_2025-09-19.json,482708,805104b0fdfd136220d89fb4e0fe81b4194f1ab7c582ea59206bb950f1526e39,27,1008,N
2026-09-29T12:23:28Z,K-water,MyWater(water.or.kr) 댐/보 기간별자료,https://www.water.or.kr/kor/realtime/sumun/ajaxProc.do,DATA4,2,H1,2023-07-20,2023-08-18,01_raw/KWater/mywater_period/H1/group2/DATA4/2023-07-20_2023-08-18.json,168141,fbc04392b73cbfb9bf38896c347311f07fadc250422efa884a289c516ee45e5e,14,720,N
2026-09-29T12:23:31Z,K-water,MyWater(water.or.kr) 댐/보 기간별자료,https://www.water.or.kr/kor/realtime/sumun/ajaxProc.do,DATA4,2,H1,2023-08-19,2023-09-17,01_raw/KWater/mywater_period/H1/group2/DATA4/2023-08-19_2023-09-17.json,170856,7b703418a2e1991281cb3c8f16d97531d7843e10558a897dbcd4ada24f77d3c9,14,720,N
2026-09-29T12:23:31Z,K-water,MyWater(water.or.kr) 댐/보 기간별자료,https://www.water.or.kr/kor/realtime/sumun/ajaxProc.do,DATA2,1,M1,2025-09-20,2025-09-26,01_raw/KWater/mywater_period/M1/group1/DATA2/2025-09-20_2025-09-26.json,483207,ec7f3e70652affcb411fa6e9804353d8cd140aa64df518f31203d5dae241e560,27,1008,N
2026-09-29T12:23:35Z,K-water,MyWater(water.or.kr) 댐/보 기간별자료,https://www.water.or.kr/kor/realtime/sumun/ajaxProc.do,DATA4,2,H1,2023-09-18,2023-10-17,01_raw/KWater/mywater_period/H1/group2/DATA4/2023-09-18_2023-10-17.json,168719,113502cddd355235a9d988e58638f06c186ae4bed778957b33ec5bc095255ea0,14,720,N
2026-09-29T12:23:35Z,K-water,MyWater(water.or.kr) 댐/보 기간별자료,https://www.water.or.kr/kor/realtime/sumun/ajaxProc.do,DATA2,1,M1,2025-09-27,2025-09-30,01_raw/KWater/mywater_period/M1/group1/DATA2/2025-09-27_2025-09-30.json,280390,3479726f6362b479c1dbdaf01dc1860562c0f5ba0b0524cafd63ac84799ebbf2,27,576,N
2026-09-29T12:23:38Z,K-water,MyWater(water.or.kr) 댐/보 기간별자료,https://www.water.or.kr/kor/realtime/sumun/ajaxProc.do,DATA4,2,H1,2023-10-18,2023-11-16,01_raw/KWater/mywater_period/H1/group2/DATA4/2023-10-18_2023-11-16.json,165529,6a0d102ea5454cc305c1922003225eb8ee3fae13e11dae654125964abe168d10,14,720,N
2026-09-29T12:23:39Z,K-water,MyWater(water.or.kr) 댐/보 기간별자료,https://www.water.or.kr/kor/realtime/sumun/ajaxProc.do,DATA3,1,M1,2025-06-21,2025-06-27,01_raw/KWater/mywater_period/M1/group1/DATA3/2025-06-21_2025-06-27.json,369332,f55669110d9d3de0b2861d975d76ef5c8fe490cf3999b8a8ad5b8d9b5f1be7e5,27,1008,N
2026-09-29T12:23:41Z,K-water,MyWater(water.or.kr) 댐/보 기간별자료,https://www.water.or.kr/kor/realtime/sumun/ajaxProc.do,DATA4,2,H1,2023-11-17,2023-12-16,01_raw/KWater/mywater_period/H1/group2/DATA4/2023-11-17_2023-12-16.json,168053,4c81f5a38360e5a48623555d0802427ea632b6e0856bc53b79e087b3f8abab62,14,720,N
2026-09-29T12:23:43Z,K-water,MyWater(water.or.kr) 댐/보 기간별자료,https://www.water.or.kr/kor/realtime/sumun/ajaxProc.do,DATA3,1,M1,2025-06-28,2025-07-04,01_raw/KWater/mywater_period/M1/group1/DATA3/2025-06-28_2025-07-04.json,362741,96414ff633c83de4cbc1a7275d6094eef49427b85a55110f996a7421aea69402,27,1008,N
2026-09-29T12:23:45Z,K-water,MyWater(water.or.kr) 댐/보 기간별자료,https://www.water.or.kr/kor/realtime/sumun/ajaxProc.do,DATA4,2,H1,2023-12-17,2024-01-15,01_raw/KWater/mywater_period/H1/group2/DATA4/2023-12-17_2024-01-15.json,167771,6cf1471c382805633efbb92f555039d93a9911f5154df0998bc666f11e83990d,14,720,N
2026-09-29T12:23:47Z,K-water,MyWater(water.or.kr) 댐/보 기간별자료,https://www.water.or.kr/kor/realtime/sumun/ajaxProc.do,DATA3,1,M1,2025-07-05,2025-07-11,01_raw/KWater/mywater_period/M1/group1/DATA3/2025-07-05_2025-07-11.json,362263,9a79435e329b18605f445174b9926be74100a3e420b4bcc4459849304b9364df,27,1008,N
2026-09-29T12:23:48Z,K-water,MyWater(water.or.kr) 댐/보 기간별자료,https://www.water.or.kr/kor/realtime/sumun/ajaxProc.do,DATA4,2,H1,2024-01-16,2024-02-14,01_raw/KWater/mywater_period/H1/group2/DATA4/2024-01-16_2024-02-14.json,168490,70ff89220c3fb920f5f1d4e32dcc0a1c9c4c797393752d77167ab2adb804b679,14,720,N
2026-09-29T12:23:52Z,K-water,MyWater(water.or.kr) 댐/보 기간별자료,https://www.water.or.kr/kor/realtime/sumun/ajaxProc.do,DATA4,2,H1,2024-02-15,2024-03-15,01_raw/KWater/mywater_period/H1/group2/DATA4/2024-02-15_2024-03-15.json,171837,e8a8d2289c531e4515349af0def37c820c0ae1e90eae43738459bad5250c2893,14,720,N
2026-09-29T12:23:51Z,K-water,MyWater(water.or.kr) 댐/보 기간별자료,https://www.water.or.kr/kor/realtime/sumun/ajaxProc.do,DATA3,1,M1,2025-07-12,2025-07-18,01_raw/KWater/mywater_period/M1/group1/DATA3/2025-07-12_2025-07-18.json,374708,9d23954493c032be26d2c1a62e869fe689820b5d9b00b673d192f92aad4165f4,27,1008,N
2026-09-29T12:23:55Z,K-water,MyWater(water.or.kr) 댐/보 기간별자료,https://www.water.or.kr/kor/realtime/sumun/ajaxProc.do,DATA4,2,H1,2024-03-16,2024-04-14,01_raw/KWater/mywater_period/H1/group2/DATA4/2024-03-16_2024-04-14.json,170990,911aff458a918b717fc6012363e3d7f78d1e39f547e559cbdb785edcc37a18c0,14,720,N
2026-09-29T12:23:55Z,K-water,MyWater(water.or.kr) 댐/보 기간별자료,https://www.water.or.kr/kor/realtime/sumun/ajaxProc.do,DATA3,1,M1,2025-07-19,2025-07-25,01_raw/KWater/mywater_period/M1/group1/DATA3/2025-07-19_2025-07-25.json,367466,69c3cf5b670c8ab579140c865429544785d70057540ddd5f87e37b485556e69d,27,1008,N
2026-09-29T12:23:58Z,K-water,MyWater(water.or.kr) 댐/보 기간별자료,https://www.water.or.kr/kor/realtime/sumun/ajaxProc.do,DATA4,2,H1,2024-04-15,2024-05-14,01_raw/KWater/mywater_period/H1/group2/DATA4/2024-04-15_2024-05-14.json,169495,9a8474f1291c3f040112f122d216c85bd73da9cb0797fda4b633f86ebe24521b,14,720,N
2026-09-29T12:23:59Z,K-water,MyWater(water.or.kr) 댐/보 기간별자료,https://www.water.or.kr/kor/realtime/sumun/ajaxProc.do,DATA3,1,M1,2025-07-26,2025-08-01,01_raw/KWater/mywater_period/M1/group1/DATA3/2025-07-26_2025-08-01.json,362046,20faaabe4ee73d8c0cd918aea5dbab58c3cb42b52395960646e9817e2d2e40dc,27,1008,N
2026-09-29T12:24:02Z,K-water,MyWater(water.or.kr) 댐/보 기간별자료,https://www.water.or.kr/kor/realtime/sumun/ajaxProc.do,DATA4,2,H1,2024-05-15,2024-06-13,01_raw/KWater/mywater_period/H1/group2/DATA4/2024-05-15_2024-06-13.json,165725,47d31fcc3a9a6b5066f42bfa44c80920fbdd1d71698bdda5cf21b49f3672e75e,14,720,N
2026-09-29T12:24:03Z,K-water,MyWater(water.or.kr) 댐/보 기간별자료,https://www.water.or.kr/kor/realtime/sumun/ajaxProc.do,DATA3,1,M1,2025-08-02,2025-08-08,01_raw/KWater/mywater_period/M1/group1/DATA3/2025-08-02_2025-08-08.json,368851,7087689f7bae10d10d4618a0063ac653324c0f1d563cb6d113e1b978baafcc9b,27,1008,N
2026-09-29T12:24:05Z,K-water,MyWater(water.or.kr) 댐/보 기간별자료,https://www.water.or.kr/kor/realtime/sumun/ajaxProc.do,DATA4,2,H1,2024-06-14,2024-07-13,01_raw/KWater/mywater_period/H1/group2/DATA4/2024-06-14_2024-07-13.json,167997,beb0fa4ab1fa539119672953b66c9ec16db45ae76ffb1882d1311383d8583fc9,14,720,N
2026-09-29T12:24:07Z,K-water,MyWater(water.or.kr) 댐/보 기간별자료,https://www.water.or.kr/kor/realtime/sumun/ajaxProc.do,DATA3,1,M1,2025-08-09,2025-08-15,01_raw/KWater/mywater_period/M1/group1/DATA3/2025-08-09_2025-08-15.json,368411,7a36f7319c7e51e8b984987563ebbf9f597471e2eeff511acd616394520946e5,27,1008,N
2026-09-29T12:24:10Z,K-water,MyWater(water.or.kr) 댐/보 기간별자료,https://www.water.or.kr/kor/realtime/sumun/ajaxProc.do,DATA4,2,H1,2024-07-14,2024-08-12,01_raw/KWater/mywater_period/H1/group2/DATA4/2024-07-14_2024-08-12.json,167869,ce838361cafbb09918df0a37c1296cab3ac564ebbae0688c8f4c29083cafdabb,14,720,N
2026-09-29T12:24:12Z,K-water,MyWater(water.or.kr) 댐/보 기간별자료,https://www.water.or.kr/kor/realtime/sumun/ajaxProc.do,DATA3,1,M1,2025-08-16,2025-08-22,01_raw/KWater/mywater_period/M1/group1/DATA3/2025-08-16_2025-08-22.json,362513,81447f8d86f01f87a4e03f2a667d90527639a810da7e7d79bfd3f1fe69553785,27,1008,N
2026-09-29T12:24:13Z,K-water,MyWater(water.or.kr) 댐/보 기간별자료,https://www.water.or.kr/kor/realtime/sumun/ajaxProc.do,DATA4,2,H1,2024-08-13,2024-09-11,01_raw/KWater/mywater_period/H1/group2/DATA4/2024-08-13_2024-09-11.json,166483,e123c20a23e9f61e9f95aa0738a06ea6f24398e1564f5fbcc42c47392bc875ce,14,720,N
2026-09-29T12:24:16Z,K-water,MyWater(water.or.kr) 댐/보 기간별자료,https://www.water.or.kr/kor/realtime/sumun/ajaxProc.do,DATA3,1,M1,2025-08-23,2025-08-29,01_raw/KWater/mywater_period/M1/group1/DATA3/2025-08-23_2025-08-29.json,363354,f3193d775cac079370ee84e4a3bb252db447f401e02e1f24b3a5fad9c7f843f5,27,1008,N
2026-09-29T12:24:17Z,K-water,MyWater(water.or.kr) 댐/보 기간별자료,https://www.water.or.kr/kor/realtime/sumun/ajaxProc.do,DATA4,2,H1,2024-09-12,2024-10-11,01_raw/KWater/mywater_period/H1/group2/DATA4/2024-09-12_2024-10-11.json,168797,a4ca187a27090a5753a23ccbb03705547f33b47a7b276a7ac891b600c87c67c4,14,720,N
2026-09-29T12:24:20Z,K-water,MyWater(water.or.kr) 댐/보 기간별자료,https://www.water.or.kr/kor/realtime/sumun/ajaxProc.do,DATA3,1,M1,2025-08-30,2025-09-05,01_raw/KWater/mywater_period/M1/group1/DATA3/2025-08-30_2025-09-05.json,366621,0af6f29faf6e39faf4e7feb22e633aa93201ace13cdb2541235e1d611f5601eb,27,1008,N
2026-09-29T12:24:21Z,K-water,MyWater(water.or.kr) 댐/보 기간별자료,https://www.water.or.kr/kor/realtime/sumun/ajaxProc.do,DATA4,2,H1,2024-10-12,2024-11-10,01_raw/KWater/mywater_period/H1/group2/DATA4/2024-10-12_2024-11-10.json,170264,4b663090c678a5212924899b4726bfeddb75b4b08028d37a962ca2f6b59fb873,14,720,N
2026-09-29T12:24:24Z,K-water,MyWater(water.or.kr) 댐/보 기간별자료,https://www.water.or.kr/kor/realtime/sumun/ajaxProc.do,DATA3,1,M1,2025-09-06,2025-09-12,01_raw/KWater/mywater_period/M1/group1/DATA3/2025-09-06_2025-09-12.json,369240,c1b75b063580bf177eacdc5a4e15a49d619e8137da127de703e0b73754a24ffa,27,1008,N
2026-09-29T12:24:26Z,K-water,MyWater(water.or.kr) 댐/보 기간별자료,https://www.water.or.kr/kor/realtime/sumun/ajaxProc.do,DATA4,2,H1,2024-11-11,2024-12-10,01_raw/KWater/mywater_period/H1/group2/DATA4/2024-11-11_2024-12-10.json,165110,55486e2e41e64cccdd7ccd33906b5ef50c7f4badc821250f9012400fe98927bc,14,720,N
2026-09-29T12:24:29Z,K-water,MyWater(water.or.kr) 댐/보 기간별자료,https://www.water.or.kr/kor/realtime/sumun/ajaxProc.do,DATA4,2,H1,2024-12-11,2025-01-09,01_raw/KWater/mywater_period/H1/group2/DATA4/2024-12-11_2025-01-09.json,165142,6e86336265f1dd2eb8c3c1e7cdb7402e192dd95b2fd06dad3659f0531169713d,14,720,N
2026-09-29T12:24:28Z,K-water,MyWater(water.or.kr) 댐/보 기간별자료,https://www.water.or.kr/kor/realtime/sumun/ajaxProc.do,DATA3,1,M1,2025-09-13,2025-09-19,01_raw/KWater/mywater_period/M1/group1/DATA3/2025-09-13_2025-09-19.json,368553,7584b652db3736c86281619e62f6845da29fccfc7056b15a56b804321c894d85,27,1008,N
2026-09-29T12:24:32Z,K-water,MyWater(water.or.kr) 댐/보 기간별자료,https://www.water.or.kr/kor/realtime/sumun/ajaxProc.do,DATA4,2,H1,2025-01-10,2025-02-08,01_raw/KWater/mywater_period/H1/group2/DATA4/2025-01-10_2025-02-08.json,165152,64ff91282ad4697c9aad279318b396973f533d0e03e1abbcb731a0582226c70b,14,720,N
2026-09-29T12:24:33Z,K-water,MyWater(water.or.kr) 댐/보 기간별자료,https://www.water.or.kr/kor/realtime/sumun/ajaxProc.do,DATA3,1,M1,2025-09-20,2025-09-26,01_raw/KWater/mywater_period/M1/group1/DATA3/2025-09-20_2025-09-26.json,366654,dcfb250ca8d3e21fc333cc05cc80ad445fdeb9266e86ebff2ad8cd200bdc3bd2,27,1008,N
2026-09-29T12:24:36Z,K-water,MyWater(water.or.kr) 댐/보 기간별자료,https://www.water.or.kr/kor/realtime/sumun/ajaxProc.do,DATA4,2,H1,2025-02-09,2025-03-10,01_raw/KWater/mywater_period/H1/group2/DATA4/2025-02-09_2025-03-10.json,167250,57afd0cc49f969e7fb78f19f54544801f6a4d90050fd3c4c07c9bb6786b4f11f,14,720,N
2026-09-29T12:24:37Z,K-water,MyWater(water.or.kr) 댐/보 기간별자료,https://www.water.or.kr/kor/realtime/sumun/ajaxProc.do,DATA3,1,M1,2025-09-27,2025-09-30,01_raw/KWater/mywater_period/M1/group1/DATA3/2025-09-27_2025-09-30.json,212488,a7dc2384369992f17e535b65abf1db1b420b0e6c6e19f4cbce44b04bb1fd89d5,27,576,N
2026-09-29T12:24:39Z,K-water,MyWater(water.or.kr) 댐/보 기간별자료,https://www.water.or.kr/kor/realtime/sumun/ajaxProc.do,DATA4,2,H1,2025-03-11,2025-04-09,01_raw/KWater/mywater_period/H1/group2/DATA4/2025-03-11_2025-04-09.json,167819,575dce52c5a960362597e4f4b220e563420d9fa77c70e27deef067d05c1a6016,14,720,N
2026-09-29T12:24:40Z,K-water,MyWater(water.or.kr) 댐/보 기간별자료,https://www.water.or.kr/kor/realtime/sumun/ajaxProc.do,DATA4,1,M1,2025-06-21,2025-06-27,01_raw/KWater/mywater_period/M1/group1/DATA4/2025-06-21_2025-06-27.json,458917,58303c25054c0d4f81404a6c5edf8196eb440d1e56b9de7d61602c4cd04cbf08,27,1008,N
2026-09-29T12:24:43Z,K-water,MyWater(water.or.kr) 댐/보 기간별자료,https://www.water.or.kr/kor/realtime/sumun/ajaxProc.do,DATA4,2,H1,2025-04-10,2025-05-09,01_raw/KWater/mywater_period/H1/group2/DATA4/2025-04-10_2025-05-09.json,167181,7264e5cb69f5ada00a949abc8dd18da99d7f358331ac65b530855d1d7e41eee6,14,720,N
2026-09-29T12:24:45Z,K-water,MyWater(water.or.kr) 댐/보 기간별자료,https://www.water.or.kr/kor/realtime/sumun/ajaxProc.do,DATA4,1,M1,2025-06-28,2025-07-04,01_raw/KWater/mywater_period/M1/group1/DATA4/2025-06-28_2025-07-04.json,438130,26cbd6eb044c0b3aee5de92ee011d6af0b1b4fc67a60c4ca3da8552fcf90c74d,27,1008,N
2026-09-29T12:24:46Z,K-water,MyWater(water.or.kr) 댐/보 기간별자료,https://www.water.or.kr/kor/realtime/sumun/ajaxProc.do,DATA4,2,H1,2025-05-10,2025-06-08,01_raw/KWater/mywater_period/H1/group2/DATA4/2025-05-10_2025-06-08.json,166517,2595a571c23448811cb8ff6f96690f84d25630e93ac556a48eb79641d82c5e7e,14,720,N
2026-09-29T12:24:50Z,K-water,MyWater(water.or.kr) 댐/보 기간별자료,https://www.water.or.kr/kor/realtime/sumun/ajaxProc.do,DATA4,2,H1,2025-06-09,2025-07-08,01_raw/KWater/mywater_period/H1/group2/DATA4/2025-06-09_2025-07-08.json,166771,014c28c75b9deb6d2e48ac913a19ecbbc44e8ae3cda04622676d17fb5362913b,14,720,N
2026-09-29T12:24:49Z,K-water,MyWater(water.or.kr) 댐/보 기간별자료,https://www.water.or.kr/kor/realtime/sumun/ajaxProc.do,DATA4,1,M1,2025-07-05,2025-07-11,01_raw/KWater/mywater_period/M1/group1/DATA4/2025-07-05_2025-07-11.json,427842,6567ad5f0a988e8ff7ea7ce8a4a36db79d6e7a69076c3afffd3d194cc0a2defd,27,1008,N
2026-09-29T12:24:53Z,K-water,MyWater(water.or.kr) 댐/보 기간별자료,https://www.water.or.kr/kor/realtime/sumun/ajaxProc.do,DATA4,2,H1,2025-07-09,2025-08-07,01_raw/KWater/mywater_period/H1/group2/DATA4/2025-07-09_2025-08-07.json,168508,0f95537268d5181a1ac6c3a4bf4aee3404bd4a66271e7d6cdcdf69f24cc5883f,14,720,N
2026-09-29T12:24:54Z,K-water,MyWater(water.or.kr) 댐/보 기간별자료,https://www.water.or.kr/kor/realtime/sumun/ajaxProc.do,DATA4,1,M1,2025-07-12,2025-07-18,01_raw/KWater/mywater_period/M1/group1/DATA4/2025-07-12_2025-07-18.json,446899,26a20dbefa54126bb9c86825a65dda3177e8a010f663dff7a4325138706566f2,27,1008,N
2026-09-29T12:24:58Z,K-water,MyWater(water.or.kr) 댐/보 기간별자료,https://www.water.or.kr/kor/realtime/sumun/ajaxProc.do,DATA4,2,H1,2025-08-08,2025-09-06,01_raw/KWater/mywater_period/H1/group2/DATA4/2025-08-08_2025-09-06.json,165941,6533d9ed15bffbc07bee33679f14f5e3b564a830d702d7e7066635047ca601b4,14,720,N
2026-09-29T12:24:58Z,K-water,MyWater(water.or.kr) 댐/보 기간별자료,https://www.water.or.kr/kor/realtime/sumun/ajaxProc.do,DATA4,1,M1,2025-07-19,2025-07-25,01_raw/KWater/mywater_period/M1/group1/DATA4/2025-07-19_2025-07-25.json,463549,11da527e70ede4686c365366921ce229d924803bf62d8e42c8baffcf6b08cfaf,27,1008,N
2026-09-29T12:25:02Z,K-water,MyWater(water.or.kr) 댐/보 기간별자료,https://www.water.or.kr/kor/realtime/sumun/ajaxProc.do,DATA4,2,H1,2025-09-07,2025-10-06,01_raw/KWater/mywater_period/H1/group2/DATA4/2025-09-07_2025-10-06.json,168769,5ce4df98345543cf54500b1193f5a7c60306fa2a2b9f1690fb51fe724f0b5437,14,720,N
2026-09-29T12:25:03Z,K-water,MyWater(water.or.kr) 댐/보 기간별자료,https://www.water.or.kr/kor/realtime/sumun/ajaxProc.do,DATA4,1,M1,2025-07-26,2025-08-01,01_raw/KWater/mywater_period/M1/group1/DATA4/2025-07-26_2025-08-01.json,436817,ed14afbef809070c06b9b007ed1bab259a94343ba4ddd6928e03a3918c0fbb9e,27,1008,N
2026-09-29T12:25:07Z,K-water,MyWater(water.or.kr) 댐/보 기간별자료,https://www.water.or.kr/kor/realtime/sumun/ajaxProc.do,DATA4,2,H1,2025-10-07,2025-11-05,01_raw/KWater/mywater_period/H1/group2/DATA4/2025-10-07_2025-11-05.json,170210,facce4b3fe68f2647d0e7fe3505432c07f1fe3e44df87f594ffda481da00073b,14,720,N
2026-09-29T12:25:07Z,K-water,MyWater(water.or.kr) 댐/보 기간별자료,https://www.water.or.kr/kor/realtime/sumun/ajaxProc.do,DATA4,1,M1,2025-08-02,2025-08-08,01_raw/KWater/mywater_period/M1/group1/DATA4/2025-08-02_2025-08-08.json,447350,c9f1fff8c048818368d9946c31d77c821109e8499fcaacb7840a957c03d417b3,27,1008,N
2026-09-29T12:25:10Z,K-water,MyWater(water.or.kr) 댐/보 기간별자료,https://www.water.or.kr/kor/realtime/sumun/ajaxProc.do,DATA4,2,H1,2025-11-06,2025-12-05,01_raw/KWater/mywater_period/H1/group2/DATA4/2025-11-06_2025-12-05.json,167751,c2aa2fc5fb4a455c5e25534abca032afea13f4f05e63f70d8c181b68ab3c7761,14,720,N
2026-09-29T12:25:12Z,K-water,MyWater(water.or.kr) 댐/보 기간별자료,https://www.water.or.kr/kor/realtime/sumun/ajaxProc.do,DATA4,1,M1,2025-08-09,2025-08-15,01_raw/KWater/mywater_period/M1/group1/DATA4/2025-08-09_2025-08-15.json,449590,63ebb46a362344e82b872f2c29bb188a0697be70349e315afaadb95fa32fd51c,27,1008,N
2026-09-29T12:25:13Z,K-water,MyWater(water.or.kr) 댐/보 기간별자료,https://www.water.or.kr/kor/realtime/sumun/ajaxProc.do,DATA4,2,H1,2025-12-06,2026-01-04,01_raw/KWater/mywater_period/H1/group2/DATA4/2025-12-06_2026-01-04.json,166312,35cc624a2d3270cf18e4f39931d6b074887673f3ca9cfbec55672f0cd84d3310,14,720,N
2026-09-29T12:25:16Z,K-water,MyWater(water.or.kr) 댐/보 기간별자료,https://www.water.or.kr/kor/realtime/sumun/ajaxProc.do,DATA4,1,M1,2025-08-16,2025-08-22,01_raw/KWater/mywater_period/M1/group1/DATA4/2025-08-16_2025-08-22.json,435790,f264393ab2249add7acb6f418151f41a2027f787cd2ebb73b63d7dd44a651c0a,27,1008,N
2026-09-29T12:25:17Z,K-water,MyWater(water.or.kr) 댐/보 기간별자료,https://www.water.or.kr/kor/realtime/sumun/ajaxProc.do,DATA4,2,H1,2026-01-05,2026-02-03,01_raw/KWater/mywater_period/H1/group2/DATA4/2026-01-05_2026-02-03.json,166432,6fa1ebd9f5dfcf60bd6ed356abce52b5d64fa09fdf321717c12377432d2a5211,14,720,N
2026-09-29T12:25:21Z,K-water,MyWater(water.or.kr) 댐/보 기간별자료,https://www.water.or.kr/kor/realtime/sumun/ajaxProc.do,DATA4,2,H1,2026-02-04,2026-03-05,01_raw/KWater/mywater_period/H1/group2/DATA4/2026-02-04_2026-03-05.json,166407,16a1593ed9d55fc66f5ecbbace7e6962ddf6895061eecd9c4570e797a2827ef2,14,720,N
2026-09-29T12:25:20Z,K-water,MyWater(water.or.kr) 댐/보 기간별자료,https://www.water.or.kr/kor/realtime/sumun/ajaxProc.do,DATA4,1,M1,2025-08-23,2025-08-29,01_raw/KWater/mywater_period/M1/group1/DATA4/2025-08-23_2025-08-29.json,432724,c3cb079b0ba2527d2d514e1b9e412fa6cc7e345be278a6710c5b465998094c11,27,1008,N
2026-09-29T12:25:24Z,K-water,MyWater(water.or.kr) 댐/보 기간별자료,https://www.water.or.kr/kor/realtime/sumun/ajaxProc.do,DATA4,2,H1,2026-03-06,2026-04-04,01_raw/KWater/mywater_period/H1/group2/DATA4/2026-03-06_2026-04-04.json,166629,499446e62c6af8be6be663d6a80716528e92f03a8bb7adaab41e145965ffa9ab,14,720,N
2026-09-29T12:25:25Z,K-water,MyWater(water.or.kr) 댐/보 기간별자료,https://www.water.or.kr/kor/realtime/sumun/ajaxProc.do,DATA4,1,M1,2025-08-30,2025-09-05,01_raw/KWater/mywater_period/M1/group1/DATA4/2025-08-30_2025-09-05.json,435861,a744a06b3f7defa604b9a3aa21580c893b3cac3532b9cfd2c6ea1893bc0efa39,27,1008,N
2026-09-29T12:25:27Z,K-water,MyWater(water.or.kr) 댐/보 기간별자료,https://www.water.or.kr/kor/realtime/sumun/ajaxProc.do,DATA4,2,H1,2026-04-05,2026-05-04,01_raw/KWater/mywater_period/H1/group2/DATA4/2026-04-05_2026-05-04.json,167112,63b51dfc81e932c87098ce67454b364a424a45695d8da97f2da589725f5c933c,14,720,N
2026-09-29T12:25:29Z,K-water,MyWater(water.or.kr) 댐/보 기간별자료,https://www.water.or.kr/kor/realtime/sumun/ajaxProc.do,DATA4,1,M1,2025-09-06,2025-09-12,01_raw/KWater/mywater_period/M1/group1/DATA4/2025-09-06_2025-09-12.json,445352,e0348e64d1e7f70daaa508d64be32d12f007904e5f353d0193d62e9f7c921349,27,1008,N
2026-09-29T12:25:31Z,K-water,MyWater(water.or.kr) 댐/보 기간별자료,https://www.water.or.kr/kor/realtime/sumun/ajaxProc.do,DATA4,2,H1,2026-05-05,2026-06-03,01_raw/KWater/mywater_period/H1/group2/DATA4/2026-05-05_2026-06-03.json,166603,1e164f4ab60f689c3f3fc6a93aed368d09ec7e443f8458b8ce07eb9f9a5bb723,14,720,N
2026-09-29T12:25:34Z,K-water,MyWater(water.or.kr) 댐/보 기간별자료,https://www.water.or.kr/kor/realtime/sumun/ajaxProc.do,DATA4,2,H1,2026-06-04,2026-07-03,01_raw/KWater/mywater_period/H1/group2/DATA4/2026-06-04_2026-07-03.json,167061,69a13664bb44c343566d9980866350e463dc095bdf633233f0f9a98d7c19cadb,14,720,N
2026-09-29T12:25:33Z,K-water,MyWater(water.or.kr) 댐/보 기간별자료,https://www.water.or.kr/kor/realtime/sumun/ajaxProc.do,DATA4,1,M1,2025-09-13,2025-09-19,01_raw/KWater/mywater_period/M1/group1/DATA4/2025-09-13_2025-09-19.json,451270,188a75f56e5aab94ae6d6cdf53469879ca2e9a5563d806f1dc417c3e74c66cf8,27,1008,N
2026-09-29T12:25:37Z,K-water,MyWater(water.or.kr) 댐/보 기간별자료,https://www.water.or.kr/kor/realtime/sumun/ajaxProc.do,DATA4,2,H1,2026-07-04,2026-08-02,01_raw/KWater/mywater_period/H1/group2/DATA4/2026-07-04_2026-08-02.json,167548,84450e87dff150d9cdcb20b2435c0dd61face209fb8ecb0d9373c395b1950e14,14,720,N
2026-09-29T12:25:38Z,K-water,MyWater(water.or.kr) 댐/보 기간별자료,https://www.water.or.kr/kor/realtime/sumun/ajaxProc.do,DATA4,1,M1,2025-09-20,2025-09-26,01_raw/KWater/mywater_period/M1/group1/DATA4/2025-09-20_2025-09-26.json,450777,7b79c608bcd60d7bce5d4aa213d6af200b52f31b24e6f539e5f7a3c010586e43,27,1008,N
2026-09-29T12:25:40Z,K-water,MyWater(water.or.kr) 댐/보 기간별자료,https://www.water.or.kr/kor/realtime/sumun/ajaxProc.do,DATA4,2,H1,2026-08-03,2026-09-01,01_raw/KWater/mywater_period/H1/group2/DATA4/2026-08-03_2026-09-01.json,169248,1eb5b989b7cbcee0f1e18b9a0d14679161e0b415a5d2b193c2033caa35a9ffdd,14,720,N
2026-09-29T12:25:43Z,K-water,MyWater(water.or.kr) 댐/보 기간별자료,https://www.water.or.kr/kor/realtime/sumun/ajaxProc.do,DATA4,1,M1,2025-09-27,2025-09-30,01_raw/KWater/mywater_period/M1/group1/DATA4/2025-09-27_2025-09-30.json,258628,9e3503a78320c27b29f9601f69150df5fa5e2856fbfcf0a1a0232bbfa2ad8798,27,576,N
2026-09-29T12:25:43Z,K-water,MyWater(water.or.kr) 댐/보 기간별자료,https://www.water.or.kr/kor/realtime/sumun/ajaxProc.do,DATA4,2,H1,2026-09-02,2026-09-28,01_raw/KWater/mywater_period/H1/group2/DATA4/2026-09-02_2026-09-28.json,150386,85219eed5570dc67f2cfab43ffd8d8bd3c553a5eec6eec2e74b238f1d6ba6b75,14,648,N
2026-09-29T12:25:47Z,K-water,MyWater(water.or.kr) 댐/보 기간별자료,https://www.water.or.kr/kor/realtime/sumun/ajaxProc.do,DATA5,2,H1,2021-01-01,2021-01-30,01_raw/KWater/mywater_period/H1/group2/DATA5/2021-01-01_2021-01-30.json,163153,498c4574c6626d732374f8f843d83505da763126755c3a1ba7af5051ea4acf0a,14,720,N
2026-09-29T12:25:46Z,K-water,MyWater(water.or.kr) 댐/보 기간별자료,https://www.water.or.kr/kor/realtime/sumun/ajaxProc.do,DATA5,1,M1,2025-06-21,2025-06-27,01_raw/KWater/mywater_period/M1/group1/DATA5/2025-06-21_2025-06-27.json,452117,5d33a83723f08a3daeee766c94da1e4525f1a8c7c03b006347cb681a35b8a5e8,27,1008,N
2026-09-29T12:25:50Z,K-water,MyWater(water.or.kr) 댐/보 기간별자료,https://www.water.or.kr/kor/realtime/sumun/ajaxProc.do,DATA5,2,H1,2021-01-31,2021-03-01,01_raw/KWater/mywater_period/H1/group2/DATA5/2021-01-31_2021-03-01.json,163500,bf0b30b18bfd0c2d40071184eb22e9ca1e6c63274c350f58353d1650484dd2dc,14,720,N
2026-09-29T12:25:50Z,K-water,MyWater(water.or.kr) 댐/보 기간별자료,https://www.water.or.kr/kor/realtime/sumun/ajaxProc.do,DATA5,1,M1,2025-06-28,2025-07-04,01_raw/KWater/mywater_period/M1/group1/DATA5/2025-06-28_2025-07-04.json,430099,0b583aa0b3023478a3c03414129f7235a93663d322e1941ddb117cd7b27ee709,27,1008,N
2026-09-29T12:25:53Z,K-water,MyWater(water.or.kr) 댐/보 기간별자료,https://www.water.or.kr/kor/realtime/sumun/ajaxProc.do,DATA5,2,H1,2021-03-02,2021-03-31,01_raw/KWater/mywater_period/H1/group2/DATA5/2021-03-02_2021-03-31.json,166550,5d1cc5bee4a09e12c10c8970024d9defe5bc6c0d50f418a30abd0786b35efe9a,14,720,N
2026-09-29T12:25:55Z,K-water,MyWater(water.or.kr) 댐/보 기간별자료,https://www.water.or.kr/kor/realtime/sumun/ajaxProc.do,DATA5,1,M1,2025-07-05,2025-07-11,01_raw/KWater/mywater_period/M1/group1/DATA5/2025-07-05_2025-07-11.json,419992,9cee84dda0bac776a787d4c3d76b3201478b1c1b460f5ef34c72779163c22596,27,1008,N
2026-09-29T12:25:56Z,K-water,MyWater(water.or.kr) 댐/보 기간별자료,https://www.water.or.kr/kor/realtime/sumun/ajaxProc.do,DATA5,2,H1,2021-04-01,2021-04-30,01_raw/KWater/mywater_period/H1/group2/DATA5/2021-04-01_2021-04-30.json,166010,a31cd5ec07504abfb866821c441f6a28480cb4e3806203a924d4cc60ad46fa89,14,720,N
2026-09-29T12:26:00Z,K-water,MyWater(water.or.kr) 댐/보 기간별자료,https://www.water.or.kr/kor/realtime/sumun/ajaxProc.do,DATA5,2,H1,2021-05-01,2021-05-30,01_raw/KWater/mywater_period/H1/group2/DATA5/2021-05-01_2021-05-30.json,164614,93d603845b653f11eb569c1a3c3ec828a5b38525425d530dd07988adbb7650ce,14,720,N
2026-09-29T12:25:59Z,K-water,MyWater(water.or.kr) 댐/보 기간별자료,https://www.water.or.kr/kor/realtime/sumun/ajaxProc.do,DATA5,1,M1,2025-07-12,2025-07-18,01_raw/KWater/mywater_period/M1/group1/DATA5/2025-07-12_2025-07-18.json,440481,2480c5b4b3a5f17deafd4e404ef9ea2adca3b6675047c1841442c79baf903365,27,1008,N
2026-09-29T12:26:03Z,K-water,MyWater(water.or.kr) 댐/보 기간별자료,https://www.water.or.kr/kor/realtime/sumun/ajaxProc.do,DATA5,2,H1,2021-05-31,2021-06-29,01_raw/KWater/mywater_period/H1/group2/DATA5/2021-05-31_2021-06-29.json,163442,95fe35e66955f3a15164efda5d72ce6397fb415b946fd60f1241f8deb529efd4,14,720,N
2026-09-29T12:26:03Z,K-water,MyWater(water.or.kr) 댐/보 기간별자료,https://www.water.or.kr/kor/realtime/sumun/ajaxProc.do,DATA5,1,M1,2025-07-19,2025-07-25,01_raw/KWater/mywater_period/M1/group1/DATA5/2025-07-19_2025-07-25.json,456369,0a1f7eca80d98d94438052d3db233ffbc4bd4c678e623f871f715044ef98ebd1,27,1008,N
2026-09-29T12:26:06Z,K-water,MyWater(water.or.kr) 댐/보 기간별자료,https://www.water.or.kr/kor/realtime/sumun/ajaxProc.do,DATA5,2,H1,2021-06-30,2021-07-29,01_raw/KWater/mywater_period/H1/group2/DATA5/2021-06-30_2021-07-29.json,166526,f398eead68e8e7ff39c521e3917d53cc101b29512100f37fc95a4326115d3bc3,14,720,N
2026-09-29T12:26:08Z,K-water,MyWater(water.or.kr) 댐/보 기간별자료,https://www.water.or.kr/kor/realtime/sumun/ajaxProc.do,DATA5,1,M1,2025-07-26,2025-08-01,01_raw/KWater/mywater_period/M1/group1/DATA5/2025-07-26_2025-08-01.json,426882,ebcdc9c11e91be7c3b5f88d17f5af1fc2df7e823caf70786a16f94e50bf33c7a,27,1008,N
2026-09-29T12:26:09Z,K-water,MyWater(water.or.kr) 댐/보 기간별자료,https://www.water.or.kr/kor/realtime/sumun/ajaxProc.do,DATA5,2,H1,2021-07-30,2021-08-28,01_raw/KWater/mywater_period/H1/group2/DATA5/2021-07-30_2021-08-28.json,167930,6792b60b6307420a0a245a65da55d1be94a53b90fd4878b4bf8fa4d1a38b9fc7,14,720,N
2026-09-29T12:26:12Z,K-water,MyWater(water.or.kr) 댐/보 기간별자료,https://www.water.or.kr/kor/realtime/sumun/ajaxProc.do,DATA5,2,H1,2021-08-29,2021-09-27,01_raw/KWater/mywater_period/H1/group2/DATA5/2021-08-29_2021-09-27.json,166260,b6437fb695bdebdbddd336d8ca1f63a96b76381bbb73e011e9bc7801087541d4,14,720,N
2026-09-29T12:26:12Z,K-water,MyWater(water.or.kr) 댐/보 기간별자료,https://www.water.or.kr/kor/realtime/sumun/ajaxProc.do,DATA5,1,M1,2025-08-02,2025-08-08,01_raw/KWater/mywater_period/M1/group1/DATA5/2025-08-02_2025-08-08.json,437273,6fdbb458ddf0d3ced34a478cffa291c65b7e019954d7d5ca06cb73acf8a6c35a,27,1008,N
2026-09-29T12:26:16Z,K-water,MyWater(water.or.kr) 댐/보 기간별자료,https://www.water.or.kr/kor/realtime/sumun/ajaxProc.do,DATA5,2,H1,2021-09-28,2021-10-27,01_raw/KWater/mywater_period/H1/group2/DATA5/2021-09-28_2021-10-27.json,165093,9ad234e8599036d59b3c90ee00cc4af6a55b4b7d457e63a023e1957c36658b92,14,720,N
2026-09-29T12:26:16Z,K-water,MyWater(water.or.kr) 댐/보 기간별자료,https://www.water.or.kr/kor/realtime/sumun/ajaxProc.do,DATA5,1,M1,2025-08-09,2025-08-15,01_raw/KWater/mywater_period/M1/group1/DATA5/2025-08-09_2025-08-15.json,441606,5c14328a55f90e49cb8a641fc98c91f536a2555e4dec6d08db2b66136051370d,27,1008,N
2026-09-29T12:26:20Z,K-water,MyWater(water.or.kr) 댐/보 기간별자료,https://www.water.or.kr/kor/realtime/sumun/ajaxProc.do,DATA5,2,H1,2021-10-28,2021-11-26,01_raw/KWater/mywater_period/H1/group2/DATA5/2021-10-28_2021-11-26.json,162559,b1067b15ed82f546892e918ce6abbfd725a31239e1406d0f5fe96193f4535520,14,720,N
2026-09-29T12:26:21Z,K-water,MyWater(water.or.kr) 댐/보 기간별자료,https://www.water.or.kr/kor/realtime/sumun/ajaxProc.do,DATA5,1,M1,2025-08-16,2025-08-22,01_raw/KWater/mywater_period/M1/group1/DATA5/2025-08-16_2025-08-22.json,426284,b25565c4b0d10a2e998aa9ac25d4d125bee5bdc911204667c60f9d3b4c00ccc9,27,1008,N
2026-09-29T12:26:23Z,K-water,MyWater(water.or.kr) 댐/보 기간별자료,https://www.water.or.kr/kor/realtime/sumun/ajaxProc.do,DATA5,2,H1,2021-11-27,2021-12-26,01_raw/KWater/mywater_period/H1/group2/DATA5/2021-11-27_2021-12-26.json,162913,d372b7c543341bce65195a1dcb8f3983a8fe86f9ca9de60f57b27cbebfc9c21d,14,720,N
2026-09-29T12:26:26Z,K-water,MyWater(water.or.kr) 댐/보 기간별자료,https://www.water.or.kr/kor/realtime/sumun/ajaxProc.do,DATA5,2,H1,2021-12-27,2022-01-25,01_raw/KWater/mywater_period/H1/group2/DATA5/2021-12-27_2022-01-25.json,161797,7ed71b5c8070b1d7f2d7e66e0a75fefdef0ddfe8885b53b614bfbd3b7dcb1a27,14,720,N
2026-09-29T12:26:25Z,K-water,MyWater(water.or.kr) 댐/보 기간별자료,https://www.water.or.kr/kor/realtime/sumun/ajaxProc.do,DATA5,1,M1,2025-08-23,2025-08-29,01_raw/KWater/mywater_period/M1/group1/DATA5/2025-08-23_2025-08-29.json,423684,4a3ead89657cf9f2798b7dc22e35e4d1c3d89ee169237eedfede3f00c9c5be53,27,1008,N
2026-09-29T12:26:29Z,K-water,MyWater(water.or.kr) 댐/보 기간별자료,https://www.water.or.kr/kor/realtime/sumun/ajaxProc.do,DATA5,2,H1,2022-01-26,2022-02-24,01_raw/KWater/mywater_period/H1/group2/DATA5/2022-01-26_2022-02-24.json,160341,83750adb7176675c3790239b4c4dec32cc2abfb4eadc817143023000f353eb2a,14,720,N
2026-09-29T12:26:30Z,K-water,MyWater(water.or.kr) 댐/보 기간별자료,https://www.water.or.kr/kor/realtime/sumun/ajaxProc.do,DATA5,1,M1,2025-08-30,2025-09-05,01_raw/KWater/mywater_period/M1/group1/DATA5/2025-08-30_2025-09-05.json,428069,0a1af22cb50308d2ac399c4c51750bc951d57eb84366bb9875c139ed09a41617,27,1008,N
2026-09-29T12:26:32Z,K-water,MyWater(water.or.kr) 댐/보 기간별자료,https://www.water.or.kr/kor/realtime/sumun/ajaxProc.do,DATA5,2,H1,2022-02-25,2022-03-26,01_raw/KWater/mywater_period/H1/group2/DATA5/2022-02-25_2022-03-26.json,161522,ef106f118d51e97a4f05e20b6cfb850c213f944e26322ed0aefa2994b6c5f9f2,14,720,N
2026-09-29T12:26:34Z,K-water,MyWater(water.or.kr) 댐/보 기간별자료,https://www.water.or.kr/kor/realtime/sumun/ajaxProc.do,DATA5,1,M1,2025-09-06,2025-09-12,01_raw/KWater/mywater_period/M1/group1/DATA5/2025-09-06_2025-09-12.json,437806,e99b75ae5562176be48e3307c2fa795b13a11e38e1aa7bd6de2965a046a8bd33,27,1008,N
2026-09-29T12:26:35Z,K-water,MyWater(water.or.kr) 댐/보 기간별자료,https://www.water.or.kr/kor/realtime/sumun/ajaxProc.do,DATA5,2,H1,2022-03-27,2022-04-25,01_raw/KWater/mywater_period/H1/group2/DATA5/2022-03-27_2022-04-25.json,162892,171f3de0983b0f2772b7bb58d699c4d663b69c98c1410002e2b4766447847334,14,720,N
2026-09-29T12:26:39Z,K-water,MyWater(water.or.kr) 댐/보 기간별자료,https://www.water.or.kr/kor/realtime/sumun/ajaxProc.do,DATA5,2,H1,2022-04-26,2022-05-25,01_raw/KWater/mywater_period/H1/group2/DATA5/2022-04-26_2022-05-25.json,162758,a30506a8eee15fe124fdc103dc9ee833459ce688a5ac7344720e89b0b056a4fd,14,720,N
2026-09-29T12:26:39Z,K-water,MyWater(water.or.kr) 댐/보 기간별자료,https://www.water.or.kr/kor/realtime/sumun/ajaxProc.do,DATA5,1,M1,2025-09-13,2025-09-19,01_raw/KWater/mywater_period/M1/group1/DATA5/2025-09-13_2025-09-19.json,444557,df144dd9736cbc0dfce465d18bbd43f13e3c22dfd2a7645c4a56bd7ad3144446,27,1008,N
2026-09-29T12:26:43Z,K-water,MyWater(water.or.kr) 댐/보 기간별자료,https://www.water.or.kr/kor/realtime/sumun/ajaxProc.do,DATA5,2,H1,2022-05-26,2022-06-24,01_raw/KWater/mywater_period/H1/group2/DATA5/2022-05-26_2022-06-24.json,161163,dee8decca91ea24ef196285c682cf8736f074c43dafcb0d8e3ecad47b500f49e,14,720,N
2026-09-29T12:26:43Z,K-water,MyWater(water.or.kr) 댐/보 기간별자료,https://www.water.or.kr/kor/realtime/sumun/ajaxProc.do,DATA5,1,M1,2025-09-20,2025-09-26,01_raw/KWater/mywater_period/M1/group1/DATA5/2025-09-20_2025-09-26.json,444562,813be05ad914840bf3e0e15c835b27c2b1c0edaaf0be2f056d399884ba6e0e3a,27,1008,N
2026-09-29T12:26:46Z,K-water,MyWater(water.or.kr) 댐/보 기간별자료,https://www.water.or.kr/kor/realtime/sumun/ajaxProc.do,DATA5,2,H1,2022-06-25,2022-07-24,01_raw/KWater/mywater_period/H1/group2/DATA5/2022-06-25_2022-07-24.json,164189,60db1572e9e7d8ca8769e5a8507d0a71bac048768fefaa1a1af88878577f972a,14,720,N
2026-09-29T12:26:47Z,K-water,MyWater(water.or.kr) 댐/보 기간별자료,https://www.water.or.kr/kor/realtime/sumun/ajaxProc.do,DATA5,1,M1,2025-09-27,2025-09-30,01_raw/KWater/mywater_period/M1/group1/DATA5/2025-09-27_2025-09-30.json,254868,6f0a10ad531c25218788d1a951886077200f02f83e4b38fe1cc7277d655f7764,27,576,N
2026-09-29T12:26:49Z,K-water,MyWater(water.or.kr) 댐/보 기간별자료,https://www.water.or.kr/kor/realtime/sumun/ajaxProc.do,DATA5,2,H1,2022-07-25,2022-08-23,01_raw/KWater/mywater_period/H1/group2/DATA5/2022-07-25_2022-08-23.json,163435,50ed28b145041bf5376c2a6fce7ce247cba20c5d151b3de9ad36094a1be1ab1a,14,720,N
2026-09-29T12:26:52Z,K-water,MyWater(water.or.kr) 댐/보 기간별자료,https://www.water.or.kr/kor/realtime/sumun/ajaxProc.do,DATA5,2,H1,2022-08-24,2022-09-22,01_raw/KWater/mywater_period/H1/group2/DATA5/2022-08-24_2022-09-22.json,166915,356a574d0aa22a357d425d057668b907ab947accca07ecf4be25309b2519fe48,14,720,N
2026-09-29T12:26:51Z,K-water,MyWater(water.or.kr) 댐/보 기간별자료,https://www.water.or.kr/kor/realtime/sumun/ajaxProc.do,DATA6,1,M1,2025-06-21,2025-06-27,01_raw/KWater/mywater_period/M1/group1/DATA6/2025-06-21_2025-06-27.json,452060,5ac0605825d245e944e9d170dc34449551b1af953ad4c7fb755e545318305191,27,1008,N
2026-09-29T12:26:55Z,K-water,MyWater(water.or.kr) 댐/보 기간별자료,https://www.water.or.kr/kor/realtime/sumun/ajaxProc.do,DATA5,2,H1,2022-09-23,2022-10-22,01_raw/KWater/mywater_period/H1/group2/DATA5/2022-09-23_2022-10-22.json,161277,ebd38c2962b10a576efb40e987f34f9c1ca6aaf454e0d656f7a25b928956eae5,14,720,N
2026-09-29T12:26:55Z,K-water,MyWater(water.or.kr) 댐/보 기간별자료,https://www.water.or.kr/kor/realtime/sumun/ajaxProc.do,DATA6,1,M1,2025-06-28,2025-07-04,01_raw/KWater/mywater_period/M1/group1/DATA6/2025-06-28_2025-07-04.json,451555,53cb0a46bab9015d86739b328661c6c39b97e6187a88f3980e075f9e665d43bf,27,1008,N
2026-09-29T12:26:58Z,K-water,MyWater(water.or.kr) 댐/보 기간별자료,https://www.water.or.kr/kor/realtime/sumun/ajaxProc.do,DATA5,2,H1,2022-10-23,2022-11-21,01_raw/KWater/mywater_period/H1/group2/DATA5/2022-10-23_2022-11-21.json,160258,ec852fce3591b98dba20ca1ba8813bcb51879240c43ffde30ce602605205ea46,14,720,N
2026-09-29T12:26:59Z,K-water,MyWater(water.or.kr) 댐/보 기간별자료,https://www.water.or.kr/kor/realtime/sumun/ajaxProc.do,DATA6,1,M1,2025-07-05,2025-07-11,01_raw/KWater/mywater_period/M1/group1/DATA6/2025-07-05_2025-07-11.json,451119,a4998319e924baa35c3616769adde16fe4da0852d6662236696520656fe8f652,27,1008,N
2026-09-29T12:27:01Z,K-water,MyWater(water.or.kr) 댐/보 기간별자료,https://www.water.or.kr/kor/realtime/sumun/ajaxProc.do,DATA5,2,H1,2022-11-22,2022-12-21,01_raw/KWater/mywater_period/H1/group2/DATA5/2022-11-22_2022-12-21.json,161685,0920b5e3408ce1ae496c38b3cdb696455cc9ced4634098478139d20288f112e4,14,720,N
2026-09-29T12:27:03Z,K-water,MyWater(water.or.kr) 댐/보 기간별자료,https://www.water.or.kr/kor/realtime/sumun/ajaxProc.do,DATA6,1,M1,2025-07-12,2025-07-18,01_raw/KWater/mywater_period/M1/group1/DATA6/2025-07-12_2025-07-18.json,450189,4ad6da19846820f42fb27f29b4473efac763a72f10fa1bd0313580087b7cbc9b,27,1008,N
2026-09-29T12:27:04Z,K-water,MyWater(water.or.kr) 댐/보 기간별자료,https://www.water.or.kr/kor/realtime/sumun/ajaxProc.do,DATA5,2,H1,2022-12-22,2023-01-20,01_raw/KWater/mywater_period/H1/group2/DATA5/2022-12-22_2023-01-20.json,162050,7f2c84418f5532cb77444facffd19ecc27a7b8218a04590799fb0c7f45786b78,14,720,N
2026-09-29T12:27:07Z,K-water,MyWater(water.or.kr) 댐/보 기간별자료,https://www.water.or.kr/kor/realtime/sumun/ajaxProc.do,DATA5,2,H1,2023-01-21,2023-02-19,01_raw/KWater/mywater_period/H1/group2/DATA5/2023-01-21_2023-02-19.json,161377,5de2b465cb07ed0ee0aa3e2f9a6d2e0c3bf45f01af2bcd498b30db141d081d83,14,720,N
2026-09-29T12:27:07Z,K-water,MyWater(water.or.kr) 댐/보 기간별자료,https://www.water.or.kr/kor/realtime/sumun/ajaxProc.do,DATA6,1,M1,2025-07-19,2025-07-25,01_raw/KWater/mywater_period/M1/group1/DATA6/2025-07-19_2025-07-25.json,451224,89968988df522be487b7a599397996f296a056446cf44cc8493d5898fdac2601,27,1008,N
2026-09-29T12:27:11Z,K-water,MyWater(water.or.kr) 댐/보 기간별자료,https://www.water.or.kr/kor/realtime/sumun/ajaxProc.do,DATA5,2,H1,2023-02-20,2023-03-21,01_raw/KWater/mywater_period/H1/group2/DATA5/2023-02-20_2023-03-21.json,160503,d365f1dc2b3c4061a7180b0878c0774c00c7eea72589b7b1130c63dc7ae01b18,14,720,N
2026-09-29T12:27:13Z,K-water,MyWater(water.or.kr) 댐/보 기간별자료,https://www.water.or.kr/kor/realtime/sumun/ajaxProc.do,DATA6,1,M1,2025-07-26,2025-08-01,01_raw/KWater/mywater_period/M1/group1/DATA6/2025-07-26_2025-08-01.json,450783,dc227b76905ab1f51de116042c1cadd5d87649a2d80ffd5b22cc087754116fd4,27,1008,N
2026-09-29T12:27:14Z,K-water,MyWater(water.or.kr) 댐/보 기간별자료,https://www.water.or.kr/kor/realtime/sumun/ajaxProc.do,DATA5,2,H1,2023-03-22,2023-04-20,01_raw/KWater/mywater_period/H1/group2/DATA5/2023-03-22_2023-04-20.json,162971,c160bb365f437458757af0dd29b0851d385d85d14321fd4bab4f9e3854bb094b,14,720,N
2026-09-29T12:27:17Z,K-water,MyWater(water.or.kr) 댐/보 기간별자료,https://www.water.or.kr/kor/realtime/sumun/ajaxProc.do,DATA5,2,H1,2023-04-21,2023-05-20,01_raw/KWater/mywater_period/H1/group2/DATA5/2023-04-21_2023-05-20.json,164025,bf8790e006f8a389ee28a687b673e30bff92e4c86d1ec8361a9ce27712c316fb,14,720,N
2026-09-29T12:27:17Z,K-water,MyWater(water.or.kr) 댐/보 기간별자료,https://www.water.or.kr/kor/realtime/sumun/ajaxProc.do,DATA6,1,M1,2025-08-02,2025-08-08,01_raw/KWater/mywater_period/M1/group1/DATA6/2025-08-02_2025-08-08.json,455452,5ba2d235a5ff4750bbf943ce5598752b56c87a9209cd31702200e415eb273191,27,1008,N
2026-09-29T12:27:20Z,K-water,MyWater(water.or.kr) 댐/보 기간별자료,https://www.water.or.kr/kor/realtime/sumun/ajaxProc.do,DATA5,2,H1,2023-05-21,2023-06-19,01_raw/KWater/mywater_period/H1/group2/DATA5/2023-05-21_2023-06-19.json,163382,840a089f25cda1592d34626cb983918e317916aff4f512abfc43eb753f5449f6,14,720,N
2026-09-29T12:27:21Z,K-water,MyWater(water.or.kr) 댐/보 기간별자료,https://www.water.or.kr/kor/realtime/sumun/ajaxProc.do,DATA6,1,M1,2025-08-09,2025-08-15,01_raw/KWater/mywater_period/M1/group1/DATA6/2025-08-09_2025-08-15.json,453859,f2b9ca89f99329f9b39e9f3e2264c923bb98638b87bbfa3988c0bee5413689eb,27,1008,N
2026-09-29T12:27:23Z,K-water,MyWater(water.or.kr) 댐/보 기간별자료,https://www.water.or.kr/kor/realtime/sumun/ajaxProc.do,DATA5,2,H1,2023-06-20,2023-07-19,01_raw/KWater/mywater_period/H1/group2/DATA5/2023-06-20_2023-07-19.json,170039,a0090a8339e8c0c3b3c0916be51d2e59e2c88a146475933b616e084d4bf08178,14,720,N
2026-09-29T12:27:25Z,K-water,MyWater(water.or.kr) 댐/보 기간별자료,https://www.water.or.kr/kor/realtime/sumun/ajaxProc.do,DATA6,1,M1,2025-08-16,2025-08-22,01_raw/KWater/mywater_period/M1/group1/DATA6/2025-08-16_2025-08-22.json,453181,caddcca062197082f18ec953b201aa04a731b376c53b06f9de56eba628e4f268,27,1008,N
2026-09-29T12:27:26Z,K-water,MyWater(water.or.kr) 댐/보 기간별자료,https://www.water.or.kr/kor/realtime/sumun/ajaxProc.do,DATA5,2,H1,2023-07-20,2023-08-18,01_raw/KWater/mywater_period/H1/group2/DATA5/2023-07-20_2023-08-18.json,165743,921cf09d1be4295b206f3ab385a4db6469b1b92a12c12c548d54dcf942b8b6b6,14,720,N
2026-09-29T12:27:29Z,K-water,MyWater(water.or.kr) 댐/보 기간별자료,https://www.water.or.kr/kor/realtime/sumun/ajaxProc.do,DATA5,2,H1,2023-08-19,2023-09-17,01_raw/KWater/mywater_period/H1/group2/DATA5/2023-08-19_2023-09-17.json,168513,d591b45595b86ffb49ee413e5168c4e10dfcf597ab7f61ff037b9c6521c3f204,14,720,N
2026-09-29T12:27:32Z,K-water,MyWater(water.or.kr) 댐/보 기간별자료,https://www.water.or.kr/kor/realtime/sumun/ajaxProc.do,DATA5,2,H1,2023-09-18,2023-10-17,01_raw/KWater/mywater_period/H1/group2/DATA5/2023-09-18_2023-10-17.json,166004,aa476ac0c0046a1ebef4bb0cceb7339962722d49df08e6cdc4c4d69ac41b14ca,14,720,N
2026-09-29T12:27:29Z,K-water,MyWater(water.or.kr) 댐/보 기간별자료,https://www.water.or.kr/kor/realtime/sumun/ajaxProc.do,DATA6,1,M1,2025-08-23,2025-08-29,01_raw/KWater/mywater_period/M1/group1/DATA6/2025-08-23_2025-08-29.json,451035,268db074d1bbbdb68be1ffa18fc9e6ef649a1bcc37ff15d7f2f913ce88686891,27,1008,N
2026-09-29T12:27:35Z,K-water,MyWater(water.or.kr) 댐/보 기간별자료,https://www.water.or.kr/kor/realtime/sumun/ajaxProc.do,DATA5,2,H1,2023-10-18,2023-11-16,01_raw/KWater/mywater_period/H1/group2/DATA5/2023-10-18_2023-11-16.json,161675,bc9c5ff46d531d2f28ecb1a5bd812fd6b0abff8c7964bfcfc79fbdc384a38860,14,720,N
2026-09-29T12:27:36Z,K-water,MyWater(water.or.kr) 댐/보 기간별자료,https://www.water.or.kr/kor/realtime/sumun/ajaxProc.do,DATA6,1,M1,2025-08-30,2025-09-05,01_raw/KWater/mywater_period/M1/group1/DATA6/2025-08-30_2025-09-05.json,449350,67cb83ed7653a81baff58e3bebfbe87f10b976b985a484cb8208580b6c367aa9,27,1008,N
2026-09-29T12:27:38Z,K-water,MyWater(water.or.kr) 댐/보 기간별자료,https://www.water.or.kr/kor/realtime/sumun/ajaxProc.do,DATA5,2,H1,2023-11-17,2023-12-16,01_raw/KWater/mywater_period/H1/group2/DATA5/2023-11-17_2023-12-16.json,163349,f9f708cd8e9eea7635f60d6c2889d09434b74c6abb4e90811bca826ac41b4e8a,14,720,N
2026-09-29T12:27:40Z,K-water,MyWater(water.or.kr) 댐/보 기간별자료,https://www.water.or.kr/kor/realtime/sumun/ajaxProc.do,DATA6,1,M1,2025-09-06,2025-09-12,01_raw/KWater/mywater_period/M1/group1/DATA6/2025-09-06_2025-09-12.json,448983,42e44a6f3e28d3ad900e7c81529f923cabc9f5efa5ed2201b82882ee94b46f9e,27,1008,N
2026-09-29T12:27:41Z,K-water,MyWater(water.or.kr) 댐/보 기간별자료,https://www.water.or.kr/kor/realtime/sumun/ajaxProc.do,DATA5,2,H1,2023-12-17,2024-01-15,01_raw/KWater/mywater_period/H1/group2/DATA5/2023-12-17_2024-01-15.json,163716,c002f53592666467138646bc9cae056b516e1f10a17d184abebda4b5dcad3262,14,720,N
2026-09-29T12:27:44Z,K-water,MyWater(water.or.kr) 댐/보 기간별자료,https://www.water.or.kr/kor/realtime/sumun/ajaxProc.do,DATA6,1,M1,2025-09-13,2025-09-19,01_raw/KWater/mywater_period/M1/group1/DATA6/2025-09-13_2025-09-19.json,449937,2fda604e36fb060a6c302580ae181d8224c8eb5eaa1e125f0180d777d9da21b0,27,1008,N
2026-09-29T12:27:45Z,K-water,MyWater(water.or.kr) 댐/보 기간별자료,https://www.water.or.kr/kor/realtime/sumun/ajaxProc.do,DATA5,2,H1,2024-01-16,2024-02-14,01_raw/KWater/mywater_period/H1/group2/DATA5/2024-01-16_2024-02-14.json,164991,153a389c1cf516932970677584ff97168339ace4487d61801ad82e6781ffee0f,14,720,N
2026-09-29T12:27:48Z,K-water,MyWater(water.or.kr) 댐/보 기간별자료,https://www.water.or.kr/kor/realtime/sumun/ajaxProc.do,DATA5,2,H1,2024-02-15,2024-03-15,01_raw/KWater/mywater_period/H1/group2/DATA5/2024-02-15_2024-03-15.json,169163,26f0295d6b23c21e8586db3d41012fc4253bf3a3e4ef616847ee2e6d5fa7ada8,14,720,N
2026-09-29T12:27:48Z,K-water,MyWater(water.or.kr) 댐/보 기간별자료,https://www.water.or.kr/kor/realtime/sumun/ajaxProc.do,DATA6,1,M1,2025-09-20,2025-09-26,01_raw/KWater/mywater_period/M1/group1/DATA6/2025-09-20_2025-09-26.json,449481,a8d06c979952faeb95367ee6d5a1258bc0b35421feee08c93fb3698c3111967b,27,1008,N
2026-09-29T12:27:51Z,K-water,MyWater(water.or.kr) 댐/보 기간별자료,https://www.water.or.kr/kor/realtime/sumun/ajaxProc.do,DATA5,2,H1,2024-03-16,2024-04-14,01_raw/KWater/mywater_period/H1/group2/DATA5/2024-03-16_2024-04-14.json,168708,637172e40e8ce9b2465aaf30e3e2a614916f6c71a52366650ea4aa0c7ec47458,14,720,N
2026-09-29T12:27:51Z,K-water,MyWater(water.or.kr) 댐/보 기간별자료,https://www.water.or.kr/kor/realtime/sumun/ajaxProc.do,DATA6,1,M1,2025-09-27,2025-09-30,01_raw/KWater/mywater_period/M1/group1/DATA6/2025-09-27_2025-09-30.json,261100,1ba7b8760efb1294074e843dcc6cedb79e75446a059144adab0191c35066ab14,27,576,N
2026-09-29T12:27:54Z,K-water,MyWater(water.or.kr) 댐/보 기간별자료,https://www.water.or.kr/kor/realtime/sumun/ajaxProc.do,DATA5,2,H1,2024-04-15,2024-05-14,01_raw/KWater/mywater_period/H1/group2/DATA5/2024-04-15_2024-05-14.json,165841,154c4b884a57219dd1194c7e22ee360b24e3fa02a98071d042a376f7db93a4cd,14,720,N
2026-09-29T12:27:57Z,K-water,MyWater(water.or.kr) 댐/보 기간별자료,https://www.water.or.kr/kor/realtime/sumun/ajaxProc.do,DATA5,2,H1,2024-05-15,2024-06-13,01_raw/KWater/mywater_period/H1/group2/DATA5/2024-05-15_2024-06-13.json,162455,b9a73546882fdaeadcaaf25a6c2225824c8160fbb69b754a9d5cf3683f2d2057,14,720,N
2026-09-29T12:28:00Z,K-water,MyWater(water.or.kr) 댐/보 기간별자료,https://www.water.or.kr/kor/realtime/sumun/ajaxProc.do,DATA5,2,H1,2024-06-14,2024-07-13,01_raw/KWater/mywater_period/H1/group2/DATA5/2024-06-14_2024-07-13.json,165448,9c518c574bbd841577df7c3db171c621d6822099c7e3d83affcd4aa4c30f0ff5,14,720,N
2026-09-29T12:28:03Z,K-water,MyWater(water.or.kr) 댐/보 기간별자료,https://www.water.or.kr/kor/realtime/sumun/ajaxProc.do,DATA5,2,H1,2024-07-14,2024-08-12,01_raw/KWater/mywater_period/H1/group2/DATA5/2024-07-14_2024-08-12.json,165203,0df59ac7d9130a7a4c02ec7252202e465206113be17cb6a99e5e13c029b7c19a,14,720,N
2026-09-29T12:28:06Z,K-water,MyWater(water.or.kr) 댐/보 기간별자료,https://www.water.or.kr/kor/realtime/sumun/ajaxProc.do,DATA5,2,H1,2024-08-13,2024-09-11,01_raw/KWater/mywater_period/H1/group2/DATA5/2024-08-13_2024-09-11.json,162355,d3d8bac7b9702ad71174db0ecc79b7c217ea369bffe0c4fe72b53d864649cfb0,14,720,N
2026-09-29T12:28:09Z,K-water,MyWater(water.or.kr) 댐/보 기간별자료,https://www.water.or.kr/kor/realtime/sumun/ajaxProc.do,DATA5,2,H1,2024-09-12,2024-10-11,01_raw/KWater/mywater_period/H1/group2/DATA5/2024-09-12_2024-10-11.json,166242,2668154af898a7ae8ff094d00f60be383f7297b73d003f0ab108a39be81a63bc,14,720,N
2026-09-29T12:28:12Z,K-water,MyWater(water.or.kr) 댐/보 기간별자료,https://www.water.or.kr/kor/realtime/sumun/ajaxProc.do,DATA5,2,H1,2024-10-12,2024-11-10,01_raw/KWater/mywater_period/H1/group2/DATA5/2024-10-12_2024-11-10.json,167088,955f6a3c7f7644238086f39179ec9e623b7c6c6d5a246ae86f6d995fe6d2c696,14,720,N
2026-09-29T12:28:15Z,K-water,MyWater(water.or.kr) 댐/보 기간별자료,https://www.water.or.kr/kor/realtime/sumun/ajaxProc.do,DATA5,2,H1,2024-11-11,2024-12-10,01_raw/KWater/mywater_period/H1/group2/DATA5/2024-11-11_2024-12-10.json,161488,a343887bb17f114fd8da336b251f1eb4ad3b5416f5d665336db661703f520b11,14,720,N
2026-09-29T12:28:18Z,K-water,MyWater(water.or.kr) 댐/보 기간별자료,https://www.water.or.kr/kor/realtime/sumun/ajaxProc.do,DATA5,2,H1,2024-12-11,2025-01-09,01_raw/KWater/mywater_period/H1/group2/DATA5/2024-12-11_2025-01-09.json,161203,e5c4fe3b25ce6a29e1d66ccf76714bc725736a3a6b882884aafd710412b6414d,14,720,N
2026-09-29T12:28:22Z,K-water,MyWater(water.or.kr) 댐/보 기간별자료,https://www.water.or.kr/kor/realtime/sumun/ajaxProc.do,DATA5,2,H1,2025-01-10,2025-02-08,01_raw/KWater/mywater_period/H1/group2/DATA5/2025-01-10_2025-02-08.json,161183,023d9ce997d464b0c0120fd6aae12af47f10cf00ad7f796cbe2e66bc39930f7d,14,720,N
2026-09-29T12:28:25Z,K-water,MyWater(water.or.kr) 댐/보 기간별자료,https://www.water.or.kr/kor/realtime/sumun/ajaxProc.do,DATA5,2,H1,2025-02-09,2025-03-10,01_raw/KWater/mywater_period/H1/group2/DATA5/2025-02-09_2025-03-10.json,161986,e721f0f22e6607820a88ead60c2d3c934954fb6615c086f5e19dd4a72f26696e,14,720,N
2026-09-29T12:28:28Z,K-water,MyWater(water.or.kr) 댐/보 기간별자료,https://www.water.or.kr/kor/realtime/sumun/ajaxProc.do,DATA5,2,H1,2025-03-11,2025-04-09,01_raw/KWater/mywater_period/H1/group2/DATA5/2025-03-11_2025-04-09.json,162700,73edfa45fd8f9bda18c90350a9ca3f6eff7e0b54916fbbb6b3a4a41a5df255d4,14,720,N
2026-09-29T12:28:31Z,K-water,MyWater(water.or.kr) 댐/보 기간별자료,https://www.water.or.kr/kor/realtime/sumun/ajaxProc.do,DATA5,2,H1,2025-04-10,2025-05-09,01_raw/KWater/mywater_period/H1/group2/DATA5/2025-04-10_2025-05-09.json,162731,1001a2ada0a1d5f21517abffbefc9d10849ee607a190fff6f351b625111243e9,14,720,N
2026-09-29T12:28:35Z,K-water,MyWater(water.or.kr) 댐/보 기간별자료,https://www.water.or.kr/kor/realtime/sumun/ajaxProc.do,DATA5,2,H1,2025-05-10,2025-06-08,01_raw/KWater/mywater_period/H1/group2/DATA5/2025-05-10_2025-06-08.json,163006,8544842ace08fdeb5b72a38110257131eeb986ede3d5bcff82a0449b59a38c67,14,720,N
2026-09-29T12:28:38Z,K-water,MyWater(water.or.kr) 댐/보 기간별자료,https://www.water.or.kr/kor/realtime/sumun/ajaxProc.do,DATA5,2,H1,2025-06-09,2025-07-08,01_raw/KWater/mywater_period/H1/group2/DATA5/2025-06-09_2025-07-08.json,164600,f0522b59b55228b83322fdd25f6702eee57beaaff12eb1669f1f99d86121e36f,14,720,N
2026-09-29T12:28:41Z,K-water,MyWater(water.or.kr) 댐/보 기간별자료,https://www.water.or.kr/kor/realtime/sumun/ajaxProc.do,DATA5,2,H1,2025-07-09,2025-08-07,01_raw/KWater/mywater_period/H1/group2/DATA5/2025-07-09_2025-08-07.json,166708,39a4a5b2d76f7bcdb6e651e63aead2750e357d34237a8ea4e82d9f645782be2a,14,720,N
2026-09-29T12:28:44Z,K-water,MyWater(water.or.kr) 댐/보 기간별자료,https://www.water.or.kr/kor/realtime/sumun/ajaxProc.do,DATA5,2,H1,2025-08-08,2025-09-06,01_raw/KWater/mywater_period/H1/group2/DATA5/2025-08-08_2025-09-06.json,163547,d226fe33529c9c69171ea9f036e9d3baa98d8876e3f87a3df258d373df6c875b,14,720,N
