file,resolution,group,variable_selector,start,end,rows,expected_rows,status,dup_SDATE_in_window,errorChk
01_raw/KWater/mywater_period/D1/group1/DATA1/2021-01-01_2021-12-31.json,D1,group1,DATA1,2021-01-01,2021-12-31,365,365,OK,0,N
01_raw/KWater/mywater_period/D1/group1/DATA1/2022-01-01_2022-12-31.json,D1,group1,DATA1,2022-01-01,2022-12-31,365,365,OK,0,N
01_raw/KWater/mywater_period/D1/group1/DATA1/2023-01-01_2023-12-31.json,D1,group1,DATA1,2023-01-01,2023-12-31,365,365,OK,0,N
01_raw/KWater/mywater_period/D1/group1/DATA1/2024-01-01_2024-12-30.json,D1,group1,DATA1,2024-01-01,2024-12-30,365,365,OK,0,N
01_raw/KWater/mywater_period/D1/group1/DATA1/2024-12-31_2025-12-30.json,D1,group1,DATA1,2024-12-31,2025-12-30,365,365,OK,0,N
01_raw/KWater/mywater_period/D1/group1/DATA1/2025-12-31_2026-09-28.json,D1,group1,DATA1,2025-12-31,2026-09-28,272,272,OK,0,N
01_raw/KWater/mywater_period/D1/group1/DATA2/2021-01-01_2021-12-31.json,D1,group1,DATA2,2021-01-01,2021-12-31,365,365,OK,0,N
01_raw/KWater/mywater_period/D1/group1/DATA2/2022-01-01_2022-12-31.json,D1,group1,DATA2,2022-01-01,2022-12-31,365,365,OK,0,N
01_raw/KWater/mywater_period/D1/group1/DATA2/2023-01-01_2023-12-31.json,D1,group1,DATA2,2023-01-01,2023-12-31,365,365,OK,0,N
01_raw/KWater/mywater_period/D1/group1/DATA2/2024-01-01_2024-12-30.json,D1,group1,DATA2,2024-01-01,2024-12-30,365,365,OK,0,N
01_raw/KWater/mywater_period/D1/group1/DATA2/2024-12-31_2025-12-30.json,D1,group1,DATA2,2024-12-31,2025-12-30,365,365,OK,0,N
01_raw/KWater/mywater_period/D1/group1/DATA2/2025-12-31_2026-09-28.json,D1,group1,DATA2,2025-12-31,2026-09-28,272,272,OK,0,N
01_raw/KWater/mywater_period/D1/group1/DATA3/2021-01-01_2021-12-31.json,D1,group1,DATA3,2021-01-01,2021-12-31,365,365,OK,0,N
01_raw/KWater/mywater_period/D1/group1/DATA3/2022-01-01_2022-12-31.json,D1,group1,DATA3,2022-01-01,2022-12-31,365,365,OK,0,N
01_raw/KWater/mywater_period/D1/group1/DATA3/2023-01-01_2023-12-31.json,D1,group1,DATA3,2023-01-01,2023-12-31,365,365,OK,0,N
01_raw/KWater/mywater_period/D1/group1/DATA3/2024-01-01_2024-12-30.json,D1,group1,DATA3,2024-01-01,2024-12-30,365,365,OK,0,N
01_raw/KWater/mywater_period/D1/group1/DATA3/2024-12-31_2025-12-30.json,D1,group1,DATA3,2024-12-31,2025-12-30,365,365,OK,0,N
01_raw/KWater/mywater_period/D1/group1/DATA3/2025-12-31_2026-09-28.json,D1,group1,DATA3,2025-12-31,2026-09-28,272,272,OK,0,N
01_raw/KWater/mywater_period/D1/group1/DATA4/2021-01-01_2021-12-31.json,D1,group1,DATA4,2021-01-01,2021-12-31,365,365,OK,0,N
01_raw/KWater/mywater_period/D1/group1/DATA4/2022-01-01_2022-12-31.json,D1,group1,DATA4,2022-01-01,2022-12-31,365,365,OK,0,N
01_raw/KWater/mywater_period/D1/group1/DATA4/2023-01-01_2023-12-31.json,D1,group1,DATA4,2023-01-01,2023-12-31,365,365,OK,0,N
01_raw/KWater/mywater_period/D1/group1/DATA4/2024-01-01_2024-12-30.json,D1,group1,DATA4,2024-01-01,2024-12-30,365,365,OK,0,N
01_raw/KWater/mywater_period/D1/group1/DATA4/2024-12-31_2025-12-30.json,D1,group1,DATA4,2024-12-31,2025-12-30,365,365,OK,0,N
01_raw/KWater/mywater_period/D1/group1/DATA4/2025-12-31_2026-09-28.json,D1,group1,DATA4,2025-12-31,2026-09-28,272,272,OK,0,N
01_raw/KWater/mywater_period/D1/group1/DATA5/2021-01-01_2021-12-31.json,D1,group1,DATA5,2021-01-01,2021-12-31,365,365,OK,0,N
01_raw/KWater/mywater_period/D1/group1/DATA5/2022-01-01_2022-12-31.json,D1,group1,DATA5,2022-01-01,2022-12-31,365,365,OK,0,N
01_raw/KWater/mywater_period/D1/group1/DATA5/2023-01-01_2023-12-31.json,D1,group1,DATA5,2023-01-01,2023-12-31,365,365,OK,0,N
01_raw/KWater/mywater_period/D1/group1/DATA5/2024-01-01_2024-12-30.json,D1,group1,DATA5,2024-01-01,2024-12-30,365,365,OK,0,N
01_raw/KWater/mywater_period/D1/group1/DATA5/2024-12-31_2025-12-30.json,D1,group1,DATA5,2024-12-31,2025-12-30,365,365,OK,0,N
01_raw/KWater/mywater_period/D1/group1/DATA5/2025-12-31_2026-09-28.json,D1,group1,DATA5,2025-12-31,2026-09-28,272,272,OK,0,N
01_raw/KWater/mywater_period/D1/group1/DATA6/2021-01-01_2021-12-31.json,D1,group1,DATA6,2021-01-01,2021-12-31,365,365,OK,0,N
01_raw/KWater/mywater_period/D1/group1/DATA6/2022-01-01_2022-12-31.json,D1,group1,DATA6,2022-01-01,2022-12-31,365,365,OK,0,N
01_raw/KWater/mywater_period/D1/group1/DATA6/2023-01-01_2023-12-31.json,D1,group1,DATA6,2023-01-01,2023-12-31,365,365,OK,0,N
01_raw/KWater/mywater_period/D1/group1/DATA6/2024-01-01_2024-12-30.json,D1,group1,DATA6,2024-01-01,2024-12-30,365,365,OK,0,N
01_raw/KWater/mywater_period/D1/group1/DATA6/2024-12-31_2025-12-30.json,D1,group1,DATA6,2024-12-31,2025-12-30,365,365,OK,0,N
01_raw/KWater/mywater_period/D1/group1/DATA6/2025-12-31_2026-09-28.json,D1,group1,DATA6,2025-12-31,2026-09-28,272,272,OK,0,N
01_raw/KWater/mywater_period/D1/group2/DATA1/2021-01-01_2021-12-31.json,D1,group2,DATA1,2021-01-01,2021-12-31,365,365,OK,0,N
01_raw/KWater/mywater_period/D1/group2/DATA1/2022-01-01_2022-12-31.json,D1,group2,DATA1,2022-01-01,2022-12-31,365,365,OK,0,N
01_raw/KWater/mywater_period/D1/group2/DATA1/2023-01-01_2023-12-31.json,D1,group2,DATA1,2023-01-01,2023-12-31,365,365,OK,0,N
01_raw/KWater/mywater_period/D1/group2/DATA1/2024-01-01_2024-12-30.json,D1,group2,DATA1,2024-01-01,2024-12-30,365,365,OK,0,N
01_raw/KWater/mywater_period/D1/group2/DATA1/2024-12-31_2025-12-30.json,D1,group2,DATA1,2024-12-31,2025-12-30,365,365,OK,0,N
01_raw/KWater/mywater_period/D1/group2/DATA1/2025-12-31_2026-09-28.json,D1,group2,DATA1,2025-12-31,2026-09-28,272,272,OK,0,N
01_raw/KWater/mywater_period/D1/group2/DATA2/2021-01-01_2021-12-31.json,D1,group2,DATA2,2021-01-01,2021-12-31,365,365,OK,0,N
01_raw/KWater/mywater_period/D1/group2/DATA2/2022-01-01_2022-12-31.json,D1,group2,DATA2,2022-01-01,2022-12-31,365,365,OK,0,N
01_raw/KWater/mywater_period/D1/group2/DATA2/2023-01-01_2023-12-31.json,D1,group2,DATA2,2023-01-01,2023-12-31,365,365,OK,0,N
01_raw/KWater/mywater_period/D1/group2/DATA2/2024-01-01_2024-12-30.json,D1,group2,DATA2,2024-01-01,2024-12-30,365,365,OK,0,N
01_raw/KWater/mywater_period/D1/group2/DATA2/2024-12-31_2025-12-30.json,D1,group2,DATA2,2024-12-31,2025-12-30,365,365,OK,0,N
01_raw/KWater/mywater_period/D1/group2/DATA2/2025-12-31_2026-09-28.json,D1,group2,DATA2,2025-12-31,2026-09-28,272,272,OK,0,N
01_raw/KWater/mywater_period/D1/group2/DATA3/2021-01-01_2021-12-31.json,D1,group2,DATA3,2021-01-01,2021-12-31,365,365,OK,0,N
01_raw/KWater/mywater_period/D1/group2/DATA3/2022-01-01_2022-12-31.json,D1,group2,DATA3,2022-01-01,2022-12-31,365,365,OK,0,N
01_raw/KWater/mywater_period/D1/group2/DATA3/2023-01-01_2023-12-31.json,D1,group2,DATA3,2023-01-01,2023-12-31,365,365,OK,0,N
01_raw/KWater/mywater_period/D1/group2/DATA3/2024-01-01_2024-12-30.json,D1,group2,DATA3,2024-01-01,2024-12-30,365,365,OK,0,N
01_raw/KWater/mywater_period/D1/group2/DATA3/2024-12-31_2025-12-30.json,D1,group2,DATA3,2024-12-31,2025-12-30,365,365,OK,0,N
01_raw/KWater/mywater_period/D1/group2/DATA3/2025-12-31_2026-09-28.json,D1,group2,DATA3,2025-12-31,2026-09-28,272,272,OK,0,N
01_raw/KWater/mywater_period/D1/group2/DATA4/2021-01-01_2021-12-31.json,D1,group2,DATA4,2021-01-01,2021-12-31,365,365,OK,0,N
01_raw/KWater/mywater_period/D1/group2/DATA4/2022-01-01_2022-12-31.json,D1,group2,DATA4,2022-01-01,2022-12-31,365,365,OK,0,N
01_raw/KWater/mywater_period/D1/group2/DATA4/2023-01-01_2023-12-31.json,D1,group2,DATA4,2023-01-01,2023-12-31,365,365,OK,0,N
01_raw/KWater/mywater_period/D1/group2/DATA4/2024-01-01_2024-12-30.json,D1,group2,DATA4,2024-01-01,2024-12-30,365,365,OK,0,N
01_raw/KWater/mywater_period/D1/group2/DATA4/2024-12-31_2025-12-30.json,D1,group2,DATA4,2024-12-31,2025-12-30,365,365,OK,0,N
01_raw/KWater/mywater_period/D1/group2/DATA4/2025-12-31_2026-09-28.json,D1,group2,DATA4,2025-12-31,2026-09-28,272,272,OK,0,N
01_raw/KWater/mywater_period/D1/group2/DATA5/2021-01-01_2021-12-31.json,D1,group2,DATA5,2021-01-01,2021-12-31,365,365,OK,0,N
01_raw/KWater/mywater_period/D1/group2/DATA5/2022-01-01_2022-12-31.json,D1,group2,DATA5,2022-01-01,2022-12-31,365,365,OK,0,N
01_raw/KWater/mywater_period/D1/group2/DATA5/2023-01-01_2023-12-31.json,D1,group2,DATA5,2023-01-01,2023-12-31,365,365,OK,0,N
01_raw/KWater/mywater_period/D1/group2/DATA5/2024-01-01_2024-12-30.json,D1,group2,DATA5,2024-01-01,2024-12-30,365,365,OK,0,N
01_raw/KWater/mywater_period/D1/group2/DATA5/2024-12-31_2025-12-30.json,D1,group2,DATA5,2024-12-31,2025-12-30,365,365,OK,0,N
01_raw/KWater/mywater_period/D1/group2/DATA5/2025-12-31_2026-09-28.json,D1,group2,DATA5,2025-12-31,2026-09-28,272,272,OK,0,N
01_raw/KWater/mywater_period/D1/group2/DATA6/2021-01-01_2021-12-31.json,D1,group2,DATA6,2021-01-01,2021-12-31,365,365,OK,0,N
01_raw/KWater/mywater_period/D1/group2/DATA6/2022-01-01_2022-12-31.json,D1,group2,DATA6,2022-01-01,2022-12-31,365,365,OK,0,N
01_raw/KWater/mywater_period/D1/group2/DATA6/2023-01-01_2023-12-31.json,D1,group2,DATA6,2023-01-01,2023-12-31,365,365,OK,0,N
01_raw/KWater/mywater_period/D1/group2/DATA6/2024-01-01_2024-12-30.json,D1,group2,DATA6,2024-01-01,2024-12-30,365,365,OK,0,N
01_raw/KWater/mywater_period/D1/group2/DATA6/2024-12-31_2025-12-30.json,D1,group2,DATA6,2024-12-31,2025-12-30,365,365,OK,0,N
01_raw/KWater/mywater_period/D1/group2/DATA6/2025-12-31_2026-09-28.json,D1,group2,DATA6,2025-12-31,2026-09-28,272,272,OK,0,N
01_raw/KWater/mywater_period/D1/group3/DATA1/2021-01-01_2021-12-31.json,D1,group3,DATA1,2021-01-01,2021-12-31,365,365,OK,0,N
01_raw/KWater/mywater_period/D1/group3/DATA1/2022-01-01_2022-12-31.json,D1,group3,DATA1,2022-01-01,2022-12-31,365,365,OK,0,N
01_raw/KWater/mywater_period/D1/group3/DATA1/2023-01-01_2023-12-31.json,D1,group3,DATA1,2023-01-01,2023-12-31,365,365,OK,0,N
01_raw/KWater/mywater_period/D1/group3/DATA1/2024-01-01_2024-12-30.json,D1,group3,DATA1,2024-01-01,2024-12-30,365,365,OK,0,N
01_raw/KWater/mywater_period/D1/group3/DATA1/2024-12-31_2025-12-30.json,D1,group3,DATA1,2024-12-31,2025-12-30,365,365,OK,0,N
01_raw/KWater/mywater_period/D1/group3/DATA1/2025-12-31_2026-09-28.json,D1,group3,DATA1,2025-12-31,2026-09-28,272,272,OK,0,N
01_raw/KWater/mywater_period/D1/group3/DATA2/2021-01-01_2021-12-31.json,D1,group3,DATA2,2021-01-01,2021-12-31,365,365,OK,0,N
01_raw/KWater/mywater_period/D1/group3/DATA2/2022-01-01_2022-12-31.json,D1,group3,DATA2,2022-01-01,2022-12-31,365,365,OK,0,N
01_raw/KWater/mywater_period/D1/group3/DATA2/2023-01-01_2023-12-31.json,D1,group3,DATA2,2023-01-01,2023-12-31,365,365,OK,0,N
01_raw/KWater/mywater_period/D1/group3/DATA2/2024-01-01_2024-12-30.json,D1,group3,DATA2,2024-01-01,2024-12-30,365,365,OK,0,N
01_raw/KWater/mywater_period/D1/group3/DATA2/2024-12-31_2025-12-30.json,D1,group3,DATA2,2024-12-31,2025-12-30,365,365,OK,0,N
01_raw/KWater/mywater_period/D1/group3/DATA2/2025-12-31_2026-09-28.json,D1,group3,DATA2,2025-12-31,2026-09-28,272,272,OK,0,N
01_raw/KWater/mywater_period/D1/group3/DATA3/2021-01-01_2021-12-31.json,D1,group3,DATA3,2021-01-01,2021-12-31,365,365,OK,0,N
01_raw/KWater/mywater_period/D1/group3/DATA3/2022-01-01_2022-12-31.json,D1,group3,DATA3,2022-01-01,2022-12-31,365,365,OK,0,N
01_raw/KWater/mywater_period/D1/group3/DATA3/2023-01-01_2023-12-31.json,D1,group3,DATA3,2023-01-01,2023-12-31,365,365,OK,0,N
01_raw/KWater/mywater_period/D1/group3/DATA3/2024-01-01_2024-12-30.json,D1,group3,DATA3,2024-01-01,2024-12-30,365,365,OK,0,N
01_raw/KWater/mywater_period/D1/group3/DATA3/2024-12-31_2025-12-30.json,D1,group3,DATA3,2024-12-31,2025-12-30,365,365,OK,0,N
01_raw/KWater/mywater_period/D1/group3/DATA3/2025-12-31_2026-09-28.json,D1,group3,DATA3,2025-12-31,2026-09-28,272,272,OK,0,N
01_raw/KWater/mywater_period/D1/group3/DATA4/2021-01-01_2021-12-31.json,D1,group3,DATA4,2021-01-01,2021-12-31,365,365,OK,0,N
01_raw/KWater/mywater_period/D1/group3/DATA4/2022-01-01_2022-12-31.json,D1,group3,DATA4,2022-01-01,2022-12-31,365,365,OK,0,N
01_raw/KWater/mywater_period/D1/group3/DATA4/2023-01-01_2023-12-31.json,D1,group3,DATA4,2023-01-01,2023-12-31,365,365,OK,0,N
01_raw/KWater/mywater_period/D1/group3/DATA4/2024-01-01_2024-12-30.json,D1,group3,DATA4,2024-01-01,2024-12-30,365,365,OK,0,N
01_raw/KWater/mywater_period/D1/group3/DATA4/2024-12-31_2025-12-30.json,D1,group3,DATA4,2024-12-31,2025-12-30,365,365,OK,0,N
01_raw/KWater/mywater_period/D1/group3/DATA4/2025-12-31_2026-09-28.json,D1,group3,DATA4,2025-12-31,2026-09-28,272,272,OK,0,N
01_raw/KWater/mywater_period/D1/group3/DATA5/2021-01-01_2021-12-31.json,D1,group3,DATA5,2021-01-01,2021-12-31,365,365,OK,0,N
01_raw/KWater/mywater_period/D1/group3/DATA5/2022-01-01_2022-12-31.json,D1,group3,DATA5,2022-01-01,2022-12-31,365,365,OK,0,N
01_raw/KWater/mywater_period/D1/group3/DATA5/2023-01-01_2023-12-31.json,D1,group3,DATA5,2023-01-01,2023-12-31,365,365,OK,0,N
01_raw/KWater/mywater_period/D1/group3/DATA5/2024-01-01_2024-12-30.json,D1,group3,DATA5,2024-01-01,2024-12-30,365,365,OK,0,N
01_raw/KWater/mywater_period/D1/group3/DATA5/2024-12-31_2025-12-30.json,D1,group3,DATA5,2024-12-31,2025-12-30,365,365,OK,0,N
01_raw/KWater/mywater_period/D1/group3/DATA5/2025-12-31_2026-09-28.json,D1,group3,DATA5,2025-12-31,2026-09-28,272,272,OK,0,N
01_raw/KWater/mywater_period/D1/group3/DATA6/2021-01-01_2021-12-31.json,D1,group3,DATA6,2021-01-01,2021-12-31,365,365,OK,0,N
01_raw/KWater/mywater_period/D1/group3/DATA6/2022-01-01_2022-12-31.json,D1,group3,DATA6,2022-01-01,2022-12-31,365,365,OK,0,N
01_raw/KWater/mywater_period/D1/group3/DATA6/2023-01-01_2023-12-31.json,D1,group3,DATA6,2023-01-01,2023-12-31,365,365,OK,0,N
01_raw/KWater/mywater_period/D1/group3/DATA6/2024-01-01_2024-12-30.json,D1,group3,DATA6,2024-01-01,2024-12-30,365,365,OK,0,N
01_raw/KWater/mywater_period/D1/group3/DATA6/2024-12-31_2025-12-30.json,D1,group3,DATA6,2024-12-31,2025-12-30,365,365,OK,0,N
01_raw/KWater/mywater_period/D1/group3/DATA6/2025-12-31_2026-09-28.json,D1,group3,DATA6,2025-12-31,2026-09-28,272,272,OK,0,N
01_raw/KWater/mywater_period/H1/group1/DATA1/2021-01-01_2021-01-30.json,H1,group1,DATA1,2021-01-01,2021-01-30,720,720,OK,0,N
01_raw/KWater/mywater_period/H1/group1/DATA1/2021-01-31_2021-03-01.json,H1,group1,DATA1,2021-01-31,2021-03-01,720,720,OK,0,N
01_raw/KWater/mywater_period/H1/group1/DATA1/2021-03-02_2021-03-31.json,H1,group1,DATA1,2021-03-02,2021-03-31,720,720,OK,0,N
01_raw/KWater/mywater_period/H1/group1/DATA1/2021-04-01_2021-04-30.json,H1,group1,DATA1,2021-04-01,2021-04-30,720,720,OK,0,N
01_raw/KWater/mywater_period/H1/group1/DATA1/2021-05-01_2021-05-30.json,H1,group1,DATA1,2021-05-01,2021-05-30,720,720,OK,0,N
01_raw/KWater/mywater_period/H1/group1/DATA1/2021-05-31_2021-06-29.json,H1,group1,DATA1,2021-05-31,2021-06-29,720,720,OK,0,N
01_raw/KWater/mywater_period/H1/group1/DATA1/2021-06-30_2021-07-29.json,H1,group1,DATA1,2021-06-30,2021-07-29,720,720,OK,0,N
01_raw/KWater/mywater_period/H1/group1/DATA1/2021-07-30_2021-08-28.json,H1,group1,DATA1,2021-07-30,2021-08-28,720,720,OK,0,N
01_raw/KWater/mywater_period/H1/group1/DATA1/2021-08-29_2021-09-27.json,H1,group1,DATA1,2021-08-29,2021-09-27,720,720,OK,0,N
01_raw/KWater/mywater_period/H1/group1/DATA1/2021-09-28_2021-10-27.json,H1,group1,DATA1,2021-09-28,2021-10-27,720,720,OK,0,N
01_raw/KWater/mywater_period/H1/group1/DATA1/2021-10-28_2021-11-26.json,H1,group1,DATA1,2021-10-28,2021-11-26,720,720,OK,0,N
01_raw/KWater/mywater_period/H1/group1/DATA1/2021-11-27_2021-12-26.json,H1,group1,DATA1,2021-11-27,2021-12-26,720,720,OK,0,N
01_raw/KWater/mywater_period/H1/group1/DATA1/2021-12-27_2022-01-25.json,H1,group1,DATA1,2021-12-27,2022-01-25,720,720,OK,0,N
01_raw/KWater/mywater_period/H1/group1/DATA1/2022-01-26_2022-02-24.json,H1,group1,DATA1,2022-01-26,2022-02-24,720,720,OK,0,N
01_raw/KWater/mywater_period/H1/group1/DATA1/2022-02-25_2022-03-26.json,H1,group1,DATA1,2022-02-25,2022-03-26,720,720,OK,0,N
01_raw/KWater/mywater_period/H1/group1/DATA1/2022-03-27_2022-04-25.json,H1,group1,DATA1,2022-03-27,2022-04-25,720,720,OK,0,N
01_raw/KWater/mywater_period/H1/group1/DATA1/2022-04-26_2022-05-25.json,H1,group1,DATA1,2022-04-26,2022-05-25,720,720,OK,0,N
01_raw/KWater/mywater_period/H1/group1/DATA1/2022-05-26_2022-06-24.json,H1,group1,DATA1,2022-05-26,2022-06-24,720,720,OK,0,N
01_raw/KWater/mywater_period/H1/group1/DATA1/2022-06-25_2022-07-24.json,H1,group1,DATA1,2022-06-25,2022-07-24,720,720,OK,0,N
01_raw/KWater/mywater_period/H1/group1/DATA1/2022-07-25_2022-08-23.json,H1,group1,DATA1,2022-07-25,2022-08-23,720,720,OK,0,N
01_raw/KWater/mywater_period/H1/group1/DATA1/2022-08-24_2022-09-22.json,H1,group1,DATA1,2022-08-24,2022-09-22,720,720,OK,0,N
01_raw/KWater/mywater_period/H1/group1/DATA1/2022-09-23_2022-10-22.json,H1,group1,DATA1,2022-09-23,2022-10-22,720,720,OK,0,N
01_raw/KWater/mywater_period/H1/group1/DATA1/2022-10-23_2022-11-21.json,H1,group1,DATA1,2022-10-23,2022-11-21,720,720,OK,0,N
01_raw/KWater/mywater_period/H1/group1/DATA1/2022-11-22_2022-12-21.json,H1,group1,DATA1,2022-11-22,2022-12-21,720,720,OK,0,N
01_raw/KWater/mywater_period/H1/group1/DATA1/2022-12-22_2023-01-20.json,H1,group1,DATA1,2022-12-22,2023-01-20,720,720,OK,0,N
01_raw/KWater/mywater_period/H1/group1/DATA1/2023-01-21_2023-02-19.json,H1,group1,DATA1,2023-01-21,2023-02-19,720,720,OK,0,N
01_raw/KWater/mywater_period/H1/group1/DATA1/2023-02-20_2023-03-21.json,H1,group1,DATA1,2023-02-20,2023-03-21,720,720,OK,0,N
01_raw/KWater/mywater_period/H1/group1/DATA1/2023-03-22_2023-04-20.json,H1,group1,DATA1,2023-03-22,2023-04-20,720,720,OK,0,N
01_raw/KWater/mywater_period/H1/group1/DATA1/2023-04-21_2023-05-20.json,H1,group1,DATA1,2023-04-21,2023-05-20,720,720,OK,0,N
01_raw/KWater/mywater_period/H1/group1/DATA1/2023-05-21_2023-06-19.json,H1,group1,DATA1,2023-05-21,2023-06-19,720,720,OK,0,N
01_raw/KWater/mywater_period/H1/group1/DATA1/2023-06-20_2023-07-19.json,H1,group1,DATA1,2023-06-20,2023-07-19,720,720,OK,0,N
01_raw/KWater/mywater_period/H1/group1/DATA1/2023-07-20_2023-08-18.json,H1,group1,DATA1,2023-07-20,2023-08-18,720,720,OK,0,N
01_raw/KWater/mywater_period/H1/group1/DATA1/2023-08-19_2023-09-17.json,H1,group1,DATA1,2023-08-19,2023-09-17,720,720,OK,0,N
01_raw/KWater/mywater_period/H1/group1/DATA1/2023-09-18_2023-10-17.json,H1,group1,DATA1,2023-09-18,2023-10-17,720,720,OK,0,N
01_raw/KWater/mywater_period/H1/group1/DATA1/2023-10-18_2023-11-16.json,H1,group1,DATA1,2023-10-18,2023-11-16,720,720,OK,0,N
01_raw/KWater/mywater_period/H1/group1/DATA1/2023-11-17_2023-12-16.json,H1,group1,DATA1,2023-11-17,2023-12-16,720,720,OK,0,N
01_raw/KWater/mywater_period/H1/group1/DATA1/2023-12-17_2024-01-15.json,H1,group1,DATA1,2023-12-17,2024-01-15,720,720,OK,0,N
01_raw/KWater/mywater_period/H1/group1/DATA1/2024-01-16_2024-02-14.json,H1,group1,DATA1,2024-01-16,2024-02-14,720,720,OK,0,N
01_raw/KWater/mywater_period/H1/group1/DATA1/2024-02-15_2024-03-15.json,H1,group1,DATA1,2024-02-15,2024-03-15,720,720,OK,0,N
01_raw/KWater/mywater_period/H1/group1/DATA1/2024-03-16_2024-04-14.json,H1,group1,DATA1,2024-03-16,2024-04-14,720,720,OK,0,N
01_raw/KWater/mywater_period/H1/group1/DATA1/2024-04-15_2024-05-14.json,H1,group1,DATA1,2024-04-15,2024-05-14,720,720,OK,0,N
01_raw/KWater/mywater_period/H1/group1/DATA1/2024-05-15_2024-06-13.json,H1,group1,DATA1,2024-05-15,2024-06-13,720,720,OK,0,N
01_raw/KWater/mywater_period/H1/group1/DATA1/2024-06-14_2024-07-13.json,H1,group1,DATA1,2024-06-14,2024-07-13,720,720,OK,0,N
01_raw/KWater/mywater_period/H1/group1/DATA1/2024-07-14_2024-08-12.json,H1,group1,DATA1,2024-07-14,2024-08-12,720,720,OK,0,N
01_raw/KWater/mywater_period/H1/group1/DATA1/2024-08-13_2024-09-11.json,H1,group1,DATA1,2024-08-13,2024-09-11,720,720,OK,0,N
01_raw/KWater/mywater_period/H1/group1/DATA1/2024-09-12_2024-10-11.json,H1,group1,DATA1,2024-09-12,2024-10-11,720,720,OK,0,N
01_raw/KWater/mywater_period/H1/group1/DATA1/2024-10-12_2024-11-10.json,H1,group1,DATA1,2024-10-12,2024-11-10,720,720,OK,0,N
01_raw/KWater/mywater_period/H1/group1/DATA1/2024-11-11_2024-12-10.json,H1,group1,DATA1,2024-11-11,2024-12-10,720,720,OK,0,N
01_raw/KWater/mywater_period/H1/group1/DATA1/2024-12-11_2025-01-09.json,H1,group1,DATA1,2024-12-11,2025-01-09,720,720,OK,0,N
01_raw/KWater/mywater_period/H1/group1/DATA1/2025-01-10_2025-02-08.json,H1,group1,DATA1,2025-01-10,2025-02-08,720,720,OK,0,N
01_raw/KWater/mywater_period/H1/group1/DATA1/2025-02-09_2025-03-10.json,H1,group1,DATA1,2025-02-09,2025-03-10,720,720,OK,0,N
01_raw/KWater/mywater_period/H1/group1/DATA1/2025-03-11_2025-04-09.json,H1,group1,DATA1,2025-03-11,2025-04-09,720,720,OK,0,N
01_raw/KWater/mywater_period/H1/group1/DATA1/2025-04-10_2025-05-09.json,H1,group1,DATA1,2025-04-10,2025-05-09,720,720,OK,0,N
01_raw/KWater/mywater_period/H1/group1/DATA1/2025-05-10_2025-06-08.json,H1,group1,DATA1,2025-05-10,2025-06-08,720,720,OK,0,N
01_raw/KWater/mywater_period/H1/group1/DATA1/2025-06-09_2025-07-08.json,H1,group1,DATA1,2025-06-09,2025-07-08,720,720,OK,0,N
01_raw/KWater/mywater_period/H1/group1/DATA1/2025-07-09_2025-08-07.json,H1,group1,DATA1,2025-07-09,2025-08-07,720,720,OK,0,N
01_raw/KWater/mywater_period/H1/group1/DATA1/2025-08-08_2025-09-06.json,H1,group1,DATA1,2025-08-08,2025-09-06,720,720,OK,0,N
01_raw/KWater/mywater_period/H1/group1/DATA1/2025-09-07_2025-10-06.json,H1,group1,DATA1,2025-09-07,2025-10-06,720,720,OK,0,N
01_raw/KWater/mywater_period/H1/group1/DATA1/2025-10-07_2025-11-05.json,H1,group1,DATA1,2025-10-07,2025-11-05,720,720,OK,0,N
01_raw/KWater/mywater_period/H1/group1/DATA1/2025-11-06_2025-12-05.json,H1,group1,DATA1,2025-11-06,2025-12-05,720,720,OK,0,N
01_raw/KWater/mywater_period/H1/group1/DATA1/2025-12-06_2026-01-04.json,H1,group1,DATA1,2025-12-06,2026-01-04,720,720,OK,0,N
01_raw/KWater/mywater_period/H1/group1/DATA1/2026-01-05_2026-02-03.json,H1,group1,DATA1,2026-01-05,2026-02-03,720,720,OK,0,N
01_raw/KWater/mywater_period/H1/group1/DATA1/2026-02-04_2026-03-05.json,H1,group1,DATA1,2026-02-04,2026-03-05,720,720,OK,0,N
01_raw/KWater/mywater_period/H1/group1/DATA1/2026-03-06_2026-04-04.json,H1,group1,DATA1,2026-03-06,2026-04-04,720,720,OK,0,N
01_raw/KWater/mywater_period/H1/group1/DATA1/2026-04-05_2026-05-04.json,H1,group1,DATA1,2026-04-05,2026-05-04,720,720,OK,0,N
01_raw/KWater/mywater_period/H1/group1/DATA1/2026-05-05_2026-06-03.json,H1,group1,DATA1,2026-05-05,2026-06-03,720,720,OK,0,N
01_raw/KWater/mywater_period/H1/group1/DATA1/2026-06-04_2026-07-03.json,H1,group1,DATA1,2026-06-04,2026-07-03,720,720,OK,0,N
01_raw/KWater/mywater_period/H1/group1/DATA1/2026-07-04_2026-08-02.json,H1,group1,DATA1,2026-07-04,2026-08-02,720,720,OK,0,N
01_raw/KWater/mywater_period/H1/group1/DATA1/2026-08-03_2026-09-01.json,H1,group1,DATA1,2026-08-03,2026-09-01,720,720,OK,0,N
01_raw/KWater/mywater_period/H1/group1/DATA1/2026-09-02_2026-09-28.json,H1,group1,DATA1,2026-09-02,2026-09-28,648,648,OK,0,N
01_raw/KWater/mywater_period/H1/group1/DATA2/2021-01-01_2021-01-30.json,H1,group1,DATA2,2021-01-01,2021-01-30,720,720,OK,0,N
01_raw/KWater/mywater_period/H1/group1/DATA2/2021-01-31_2021-03-01.json,H1,group1,DATA2,2021-01-31,2021-03-01,720,720,OK,0,N
01_raw/KWater/mywater_period/H1/group1/DATA2/2021-03-02_2021-03-31.json,H1,group1,DATA2,2021-03-02,2021-03-31,720,720,OK,0,N
01_raw/KWater/mywater_period/H1/group1/DATA2/2021-04-01_2021-04-30.json,H1,group1,DATA2,2021-04-01,2021-04-30,720,720,OK,0,N
01_raw/KWater/mywater_period/H1/group1/DATA2/2021-05-01_2021-05-30.json,H1,group1,DATA2,2021-05-01,2021-05-30,720,720,OK,0,N
01_raw/KWater/mywater_period/H1/group1/DATA2/2021-05-31_2021-06-29.json,H1,group1,DATA2,2021-05-31,2021-06-29,720,720,OK,0,N
01_raw/KWater/mywater_period/H1/group1/DATA2/2021-06-30_2021-07-29.json,H1,group1,DATA2,2021-06-30,2021-07-29,720,720,OK,0,N
01_raw/KWater/mywater_period/H1/group1/DATA2/2021-07-30_2021-08-28.json,H1,group1,DATA2,2021-07-30,2021-08-28,720,720,OK,0,N
01_raw/KWater/mywater_period/H1/group1/DATA2/2021-08-29_2021-09-27.json,H1,group1,DATA2,2021-08-29,2021-09-27,720,720,OK,0,N
01_raw/KWater/mywater_period/H1/group1/DATA2/2021-09-28_2021-10-27.json,H1,group1,DATA2,2021-09-28,2021-10-27,720,720,OK,0,N
01_raw/KWater/mywater_period/H1/group1/DATA2/2021-10-28_2021-11-26.json,H1,group1,DATA2,2021-10-28,2021-11-26,720,720,OK,0,N
01_raw/KWater/mywater_period/H1/group1/DATA2/2021-11-27_2021-12-26.json,H1,group1,DATA2,2021-11-27,2021-12-26,720,720,OK,0,N
01_raw/KWater/mywater_period/H1/group1/DATA2/2021-12-27_2022-01-25.json,H1,group1,DATA2,2021-12-27,2022-01-25,720,720,OK,0,N
01_raw/KWater/mywater_period/H1/group1/DATA2/2022-01-26_2022-02-24.json,H1,group1,DATA2,2022-01-26,2022-02-24,720,720,OK,0,N
01_raw/KWater/mywater_period/H1/group1/DATA2/2022-02-25_2022-03-26.json,H1,group1,DATA2,2022-02-25,2022-03-26,720,720,OK,0,N
01_raw/KWater/mywater_period/H1/group1/DATA2/2022-03-27_2022-04-25.json,H1,group1,DATA2,2022-03-27,2022-04-25,720,720,OK,0,N
01_raw/KWater/mywater_period/H1/group1/DATA2/2022-04-26_2022-05-25.json,H1,group1,DATA2,2022-04-26,2022-05-25,720,720,OK,0,N
01_raw/KWater/mywater_period/H1/group1/DATA2/2022-05-26_2022-06-24.json,H1,group1,DATA2,2022-05-26,2022-06-24,720,720,OK,0,N
01_raw/KWater/mywater_period/H1/group1/DATA2/2022-06-25_2022-07-24.json,H1,group1,DATA2,2022-06-25,2022-07-24,720,720,OK,0,N
01_raw/KWater/mywater_period/H1/group1/DATA2/2022-07-25_2022-08-23.json,H1,group1,DATA2,2022-07-25,2022-08-23,720,720,OK,0,N
01_raw/KWater/mywater_period/H1/group1/DATA2/2022-08-24_2022-09-22.json,H1,group1,DATA2,2022-08-24,2022-09-22,720,720,OK,0,N
01_raw/KWater/mywater_period/H1/group1/DATA2/2022-09-23_2022-10-22.json,H1,group1,DATA2,2022-09-23,2022-10-22,720,720,OK,0,N
01_raw/KWater/mywater_period/H1/group1/DATA2/2022-10-23_2022-11-21.json,H1,group1,DATA2,2022-10-23,2022-11-21,720,720,OK,0,N
01_raw/KWater/mywater_period/H1/group1/DATA2/2022-11-22_2022-12-21.json,H1,group1,DATA2,2022-11-22,2022-12-21,720,720,OK,0,N
01_raw/KWater/mywater_period/H1/group1/DATA2/2022-12-22_2023-01-20.json,H1,group1,DATA2,2022-12-22,2023-01-20,720,720,OK,0,N
01_raw/KWater/mywater_period/H1/group1/DATA2/2023-01-21_2023-02-19.json,H1,group1,DATA2,2023-01-21,2023-02-19,720,720,OK,0,N
01_raw/KWater/mywater_period/H1/group1/DATA2/2023-02-20_2023-03-21.json,H1,group1,DATA2,2023-02-20,2023-03-21,720,720,OK,0,N
01_raw/KWater/mywater_period/H1/group1/DATA2/2023-03-22_2023-04-20.json,H1,group1,DATA2,2023-03-22,2023-04-20,720,720,OK,0,N
01_raw/KWater/mywater_period/H1/group1/DATA2/2023-04-21_2023-05-20.json,H1,group1,DATA2,2023-04-21,2023-05-20,720,720,OK,0,N
01_raw/KWater/mywater_period/H1/group1/DATA2/2023-05-21_2023-06-19.json,H1,group1,DATA2,2023-05-21,2023-06-19,720,720,OK,0,N
01_raw/KWater/mywater_period/H1/group1/DATA2/2023-06-20_2023-07-19.json,H1,group1,DATA2,2023-06-20,2023-07-19,720,720,OK,0,N
01_raw/KWater/mywater_period/H1/group1/DATA2/2023-07-20_2023-08-18.json,H1,group1,DATA2,2023-07-20,2023-08-18,720,720,OK,0,N
01_raw/KWater/mywater_period/H1/group1/DATA2/2023-08-19_2023-09-17.json,H1,group1,DATA2,2023-08-19,2023-09-17,720,720,OK,0,N
01_raw/KWater/mywater_period/H1/group1/DATA2/2023-09-18_2023-10-17.json,H1,group1,DATA2,2023-09-18,2023-10-17,720,720,OK,0,N
01_raw/KWater/mywater_period/H1/group1/DATA2/2023-10-18_2023-11-16.json,H1,group1,DATA2,2023-10-18,2023-11-16,720,720,OK,0,N
01_raw/KWater/mywater_period/H1/group1/DATA2/2023-11-17_2023-12-16.json,H1,group1,DATA2,2023-11-17,2023-12-16,720,720,OK,0,N
01_raw/KWater/mywater_period/H1/group1/DATA2/2023-12-17_2024-01-15.json,H1,group1,DATA2,2023-12-17,2024-01-15,720,720,OK,0,N
01_raw/KWater/mywater_period/H1/group1/DATA2/2024-01-16_2024-02-14.json,H1,group1,DATA2,2024-01-16,2024-02-14,720,720,OK,0,N
01_raw/KWater/mywater_period/H1/group1/DATA2/2024-02-15_2024-03-15.json,H1,group1,DATA2,2024-02-15,2024-03-15,720,720,OK,0,N
01_raw/KWater/mywater_period/H1/group1/DATA2/2024-03-16_2024-04-14.json,H1,group1,DATA2,2024-03-16,2024-04-14,720,720,OK,0,N
01_raw/KWater/mywater_period/H1/group1/DATA2/2024-04-15_2024-05-14.json,H1,group1,DATA2,2024-04-15,2024-05-14,720,720,OK,0,N
01_raw/KWater/mywater_period/H1/group1/DATA2/2024-05-15_2024-06-13.json,H1,group1,DATA2,2024-05-15,2024-06-13,720,720,OK,0,N
01_raw/KWater/mywater_period/H1/group1/DATA2/2024-06-14_2024-07-13.json,H1,group1,DATA2,2024-06-14,2024-07-13,720,720,OK,0,N
01_raw/KWater/mywater_period/H1/group1/DATA2/2024-07-14_2024-08-12.json,H1,group1,DATA2,2024-07-14,2024-08-12,720,720,OK,0,N
01_raw/KWater/mywater_period/H1/group1/DATA2/2024-08-13_2024-09-11.json,H1,group1,DATA2,2024-08-13,2024-09-11,720,720,OK,0,N
01_raw/KWater/mywater_period/H1/group1/DATA2/2024-09-12_2024-10-11.json,H1,group1,DATA2,2024-09-12,2024-10-11,720,720,OK,0,N
01_raw/KWater/mywater_period/H1/group1/DATA2/2024-10-12_2024-11-10.json,H1,group1,DATA2,2024-10-12,2024-11-10,720,720,OK,0,N
01_raw/KWater/mywater_period/H1/group1/DATA2/2024-11-11_2024-12-10.json,H1,group1,DATA2,2024-11-11,2024-12-10,720,720,OK,0,N
01_raw/KWater/mywater_period/H1/group1/DATA2/2024-12-11_2025-01-09.json,H1,group1,DATA2,2024-12-11,2025-01-09,720,720,OK,0,N
01_raw/KWater/mywater_period/H1/group1/DATA2/2025-01-10_2025-02-08.json,H1,group1,DATA2,2025-01-10,2025-02-08,720,720,OK,0,N
01_raw/KWater/mywater_period/H1/group1/DATA2/2025-02-09_2025-03-10.json,H1,group1,DATA2,2025-02-09,2025-03-10,720,720,OK,0,N
01_raw/KWater/mywater_period/H1/group1/DATA2/2025-03-11_2025-04-09.json,H1,group1,DATA2,2025-03-11,2025-04-09,720,720,OK,0,N
01_raw/KWater/mywater_period/H1/group1/DATA2/2025-04-10_2025-05-09.json,H1,group1,DATA2,2025-04-10,2025-05-09,720,720,OK,0,N
01_raw/KWater/mywater_period/H1/group1/DATA2/2025-05-10_2025-06-08.json,H1,group1,DATA2,2025-05-10,2025-06-08,720,720,OK,0,N
01_raw/KWater/mywater_period/H1/group1/DATA2/2025-06-09_2025-07-08.json,H1,group1,DATA2,2025-06-09,2025-07-08,720,720,OK,0,N
01_raw/KWater/mywater_period/H1/group1/DATA2/2025-07-09_2025-08-07.json,H1,group1,DATA2,2025-07-09,2025-08-07,720,720,OK,0,N
01_raw/KWater/mywater_period/H1/group1/DATA2/2025-08-08_2025-09-06.json,H1,group1,DATA2,2025-08-08,2025-09-06,720,720,OK,0,N
01_raw/KWater/mywater_period/H1/group1/DATA2/2025-09-07_2025-10-06.json,H1,group1,DATA2,2025-09-07,2025-10-06,720,720,OK,0,N
01_raw/KWater/mywater_period/H1/group1/DATA2/2025-10-07_2025-11-05.json,H1,group1,DATA2,2025-10-07,2025-11-05,720,720,OK,0,N
01_raw/KWater/mywater_period/H1/group1/DATA2/2025-11-06_2025-12-05.json,H1,group1,DATA2,2025-11-06,2025-12-05,720,720,OK,0,N
01_raw/KWater/mywater_period/H1/group1/DATA2/2025-12-06_2026-01-04.json,H1,group1,DATA2,2025-12-06,2026-01-04,720,720,OK,0,N
01_raw/KWater/mywater_period/H1/group1/DATA2/2026-01-05_2026-02-03.json,H1,group1,DATA2,2026-01-05,2026-02-03,720,720,OK,0,N
01_raw/KWater/mywater_period/H1/group1/DATA2/2026-02-04_2026-03-05.json,H1,group1,DATA2,2026-02-04,2026-03-05,720,720,OK,0,N
01_raw/KWater/mywater_period/H1/group1/DATA2/2026-03-06_2026-04-04.json,H1,group1,DATA2,2026-03-06,2026-04-04,720,720,OK,0,N
01_raw/KWater/mywater_period/H1/group1/DATA2/2026-04-05_2026-05-04.json,H1,group1,DATA2,2026-04-05,2026-05-04,720,720,OK,0,N
01_raw/KWater/mywater_period/H1/group1/DATA2/2026-05-05_2026-06-03.json,H1,group1,DATA2,2026-05-05,2026-06-03,720,720,OK,0,N
01_raw/KWater/mywater_period/H1/group1/DATA2/2026-06-04_2026-07-03.json,H1,group1,DATA2,2026-06-04,2026-07-03,720,720,OK,0,N
01_raw/KWater/mywater_period/H1/group1/DATA2/2026-07-04_2026-08-02.json,H1,group1,DATA2,2026-07-04,2026-08-02,720,720,OK,0,N
01_raw/KWater/mywater_period/H1/group1/DATA2/2026-08-03_2026-09-01.json,H1,group1,DATA2,2026-08-03,2026-09-01,720,720,OK,0,N
01_raw/KWater/mywater_period/H1/group1/DATA2/2026-09-02_2026-09-28.json,H1,group1,DATA2,2026-09-02,2026-09-28,648,648,OK,0,N
01_raw/KWater/mywater_period/H1/group1/DATA3/2021-01-01_2021-01-30.json,H1,group1,DATA3,2021-01-01,2021-01-30,720,720,OK,0,N
01_raw/KWater/mywater_period/H1/group1/DATA3/2021-01-31_2021-03-01.json,H1,group1,DATA3,2021-01-31,2021-03-01,720,720,OK,0,N
01_raw/KWater/mywater_period/H1/group1/DATA3/2021-03-02_2021-03-31.json,H1,group1,DATA3,2021-03-02,2021-03-31,720,720,OK,0,N
01_raw/KWater/mywater_period/H1/group1/DATA3/2021-04-01_2021-04-30.json,H1,group1,DATA3,2021-04-01,2021-04-30,720,720,OK,0,N
01_raw/KWater/mywater_period/H1/group1/DATA3/2021-05-01_2021-05-30.json,H1,group1,DATA3,2021-05-01,2021-05-30,720,720,OK,0,N
01_raw/KWater/mywater_period/H1/group1/DATA3/2021-05-31_2021-06-29.json,H1,group1,DATA3,2021-05-31,2021-06-29,720,720,OK,0,N
01_raw/KWater/mywater_period/H1/group1/DATA3/2021-06-30_2021-07-29.json,H1,group1,DATA3,2021-06-30,2021-07-29,720,720,OK,0,N
01_raw/KWater/mywater_period/H1/group1/DATA3/2021-07-30_2021-08-28.json,H1,group1,DATA3,2021-07-30,2021-08-28,720,720,OK,0,N
01_raw/KWater/mywater_period/H1/group1/DATA3/2021-08-29_2021-09-27.json,H1,group1,DATA3,2021-08-29,2021-09-27,720,720,OK,0,N
01_raw/KWater/mywater_period/H1/group1/DATA3/2021-09-28_2021-10-27.json,H1,group1,DATA3,2021-09-28,2021-10-27,720,720,OK,0,N
01_raw/KWater/mywater_period/H1/group1/DATA3/2021-10-28_2021-11-26.json,H1,group1,DATA3,2021-10-28,2021-11-26,720,720,OK,0,N
01_raw/KWater/mywater_period/H1/group1/DATA3/2021-11-27_2021-12-26.json,H1,group1,DATA3,2021-11-27,2021-12-26,720,720,OK,0,N
01_raw/KWater/mywater_period/H1/group1/DATA3/2021-12-27_2022-01-25.json,H1,group1,DATA3,2021-12-27,2022-01-25,720,720,OK,0,N
01_raw/KWater/mywater_period/H1/group1/DATA3/2022-01-26_2022-02-24.json,H1,group1,DATA3,2022-01-26,2022-02-24,720,720,OK,0,N
01_raw/KWater/mywater_period/H1/group1/DATA3/2022-02-25_2022-03-26.json,H1,group1,DATA3,2022-02-25,2022-03-26,720,720,OK,0,N
01_raw/KWater/mywater_period/H1/group1/DATA3/2022-03-27_2022-04-25.json,H1,group1,DATA3,2022-03-27,2022-04-25,720,720,OK,0,N
01_raw/KWater/mywater_period/H1/group1/DATA3/2022-04-26_2022-05-25.json,H1,group1,DATA3,2022-04-26,2022-05-25,720,720,OK,0,N
01_raw/KWater/mywater_period/H1/group1/DATA3/2022-05-26_2022-06-24.json,H1,group1,DATA3,2022-05-26,2022-06-24,720,720,OK,0,N
01_raw/KWater/mywater_period/H1/group1/DATA3/2022-06-25_2022-07-24.json,H1,group1,DATA3,2022-06-25,2022-07-24,720,720,OK,0,N
01_raw/KWater/mywater_period/H1/group1/DATA3/2022-07-25_2022-08-23.json,H1,group1,DATA3,2022-07-25,2022-08-23,720,720,OK,0,N
01_raw/KWater/mywater_period/H1/group1/DATA3/2022-08-24_2022-09-22.json,H1,group1,DATA3,2022-08-24,2022-09-22,720,720,OK,0,N
01_raw/KWater/mywater_period/H1/group1/DATA3/2022-09-23_2022-10-22.json,H1,group1,DATA3,2022-09-23,2022-10-22,720,720,OK,0,N
01_raw/KWater/mywater_period/H1/group1/DATA3/2022-10-23_2022-11-21.json,H1,group1,DATA3,2022-10-23,2022-11-21,720,720,OK,0,N
01_raw/KWater/mywater_period/H1/group1/DATA3/2022-11-22_2022-12-21.json,H1,group1,DATA3,2022-11-22,2022-12-21,720,720,OK,0,N
01_raw/KWater/mywater_period/H1/group1/DATA3/2022-12-22_2023-01-20.json,H1,group1,DATA3,2022-12-22,2023-01-20,720,720,OK,0,N
01_raw/KWater/mywater_period/H1/group1/DATA3/2023-01-21_2023-02-19.json,H1,group1,DATA3,2023-01-21,2023-02-19,720,720,OK,0,N
01_raw/KWater/mywater_period/H1/group1/DATA3/2023-02-20_2023-03-21.json,H1,group1,DATA3,2023-02-20,2023-03-21,720,720,OK,0,N
01_raw/KWater/mywater_period/H1/group1/DATA3/2023-03-22_2023-04-20.json,H1,group1,DATA3,2023-03-22,2023-04-20,720,720,OK,0,N
01_raw/KWater/mywater_period/H1/group1/DATA3/2023-04-21_2023-05-20.json,H1,group1,DATA3,2023-04-21,2023-05-20,720,720,OK,0,N
01_raw/KWater/mywater_period/H1/group1/DATA3/2023-05-21_2023-06-19.json,H1,group1,DATA3,2023-05-21,2023-06-19,720,720,OK,0,N
01_raw/KWater/mywater_period/H1/group1/DATA3/2023-06-20_2023-07-19.json,H1,group1,DATA3,2023-06-20,2023-07-19,720,720,OK,0,N
01_raw/KWater/mywater_period/H1/group1/DATA3/2023-07-20_2023-08-18.json,H1,group1,DATA3,2023-07-20,2023-08-18,720,720,OK,0,N
01_raw/KWater/mywater_period/H1/group1/DATA3/2023-08-19_2023-09-17.json,H1,group1,DATA3,2023-08-19,2023-09-17,720,720,OK,0,N
01_raw/KWater/mywater_period/H1/group1/DATA3/2023-09-18_2023-10-17.json,H1,group1,DATA3,2023-09-18,2023-10-17,720,720,OK,0,N
01_raw/KWater/mywater_period/H1/group1/DATA3/2023-10-18_2023-11-16.json,H1,group1,DATA3,2023-10-18,2023-11-16,720,720,OK,0,N
01_raw/KWater/mywater_period/H1/group1/DATA3/2023-11-17_2023-12-16.json,H1,group1,DATA3,2023-11-17,2023-12-16,720,720,OK,0,N
01_raw/KWater/mywater_period/H1/group1/DATA3/2023-12-17_2024-01-15.json,H1,group1,DATA3,2023-12-17,2024-01-15,720,720,OK,0,N
01_raw/KWater/mywater_period/H1/group1/DATA3/2024-01-16_2024-02-14.json,H1,group1,DATA3,2024-01-16,2024-02-14,720,720,OK,0,N
01_raw/KWater/mywater_period/H1/group1/DATA3/2024-02-15_2024-03-15.json,H1,group1,DATA3,2024-02-15,2024-03-15,720,720,OK,0,N
01_raw/KWater/mywater_period/H1/group1/DATA3/2024-03-16_2024-04-14.json,H1,group1,DATA3,2024-03-16,2024-04-14,720,720,OK,0,N
01_raw/KWater/mywater_period/H1/group1/DATA3/2024-04-15_2024-05-14.json,H1,group1,DATA3,2024-04-15,2024-05-14,720,720,OK,0,N
01_raw/KWater/mywater_period/H1/group1/DATA3/2024-05-15_2024-06-13.json,H1,group1,DATA3,2024-05-15,2024-06-13,720,720,OK,0,N
01_raw/KWater/mywater_period/H1/group1/DATA3/2024-06-14_2024-07-13.json,H1,group1,DATA3,2024-06-14,2024-07-13,720,720,OK,0,N
01_raw/KWater/mywater_period/H1/group1/DATA3/2024-07-14_2024-08-12.json,H1,group1,DATA3,2024-07-14,2024-08-12,720,720,OK,0,N
01_raw/KWater/mywater_period/H1/group1/DATA3/2024-08-13_2024-09-11.json,H1,group1,DATA3,2024-08-13,2024-09-11,720,720,OK,0,N
01_raw/KWater/mywater_period/H1/group1/DATA3/2024-09-12_2024-10-11.json,H1,group1,DATA3,2024-09-12,2024-10-11,720,720,OK,0,N
01_raw/KWater/mywater_period/H1/group1/DATA3/2024-10-12_2024-11-10.json,H1,group1,DATA3,2024-10-12,2024-11-10,720,720,OK,0,N
01_raw/KWater/mywater_period/H1/group1/DATA3/2024-11-11_2024-12-10.json,H1,group1,DATA3,2024-11-11,2024-12-10,720,720,OK,0,N
01_raw/KWater/mywater_period/H1/group1/DATA3/2024-12-11_2025-01-09.json,H1,group1,DATA3,2024-12-11,2025-01-09,720,720,OK,0,N
01_raw/KWater/mywater_period/H1/group1/DATA3/2025-01-10_2025-02-08.json,H1,group1,DATA3,2025-01-10,2025-02-08,720,720,OK,0,N
01_raw/KWater/mywater_period/H1/group1/DATA3/2025-02-09_2025-03-10.json,H1,group1,DATA3,2025-02-09,2025-03-10,720,720,OK,0,N
01_raw/KWater/mywater_period/H1/group1/DATA3/2025-03-11_2025-04-09.json,H1,group1,DATA3,2025-03-11,2025-04-09,720,720,OK,0,N
01_raw/KWater/mywater_period/H1/group1/DATA3/2025-04-10_2025-05-09.json,H1,group1,DATA3,2025-04-10,2025-05-09,720,720,OK,0,N
01_raw/KWater/mywater_period/H1/group1/DATA3/2025-05-10_2025-06-08.json,H1,group1,DATA3,2025-05-10,2025-06-08,720,720,OK,0,N
01_raw/KWater/mywater_period/H1/group1/DATA3/2025-06-09_2025-07-08.json,H1,group1,DATA3,2025-06-09,2025-07-08,720,720,OK,0,N
01_raw/KWater/mywater_period/H1/group1/DATA3/2025-07-09_2025-08-07.json,H1,group1,DATA3,2025-07-09,2025-08-07,720,720,OK,0,N
01_raw/KWater/mywater_period/H1/group1/DATA3/2025-08-08_2025-09-06.json,H1,group1,DATA3,2025-08-08,2025-09-06,720,720,OK,0,N
01_raw/KWater/mywater_period/H1/group1/DATA3/2025-09-07_2025-10-06.json,H1,group1,DATA3,2025-09-07,2025-10-06,720,720,OK,0,N
01_raw/KWater/mywater_period/H1/group1/DATA3/2025-10-07_2025-11-05.json,H1,group1,DATA3,2025-10-07,2025-11-05,720,720,OK,0,N
01_raw/KWater/mywater_period/H1/group1/DATA3/2025-11-06_2025-12-05.json,H1,group1,DATA3,2025-11-06,2025-12-05,720,720,OK,0,N
01_raw/KWater/mywater_period/H1/group1/DATA3/2025-12-06_2026-01-04.json,H1,group1,DATA3,2025-12-06,2026-01-04,720,720,OK,0,N
01_raw/KWater/mywater_period/H1/group1/DATA3/2026-01-05_2026-02-03.json,H1,group1,DATA3,2026-01-05,2026-02-03,720,720,OK,0,N
01_raw/KWater/mywater_period/H1/group1/DATA3/2026-02-04_2026-03-05.json,H1,group1,DATA3,2026-02-04,2026-03-05,720,720,OK,0,N
01_raw/KWater/mywater_period/H1/group1/DATA3/2026-03-06_2026-04-04.json,H1,group1,DATA3,2026-03-06,2026-04-04,720,720,OK,0,N
01_raw/KWater/mywater_period/H1/group1/DATA3/2026-04-05_2026-05-04.json,H1,group1,DATA3,2026-04-05,2026-05-04,720,720,OK,0,N
01_raw/KWater/mywater_period/H1/group1/DATA3/2026-05-05_2026-06-03.json,H1,group1,DATA3,2026-05-05,2026-06-03,720,720,OK,0,N
01_raw/KWater/mywater_period/H1/group1/DATA3/2026-06-04_2026-07-03.json,H1,group1,DATA3,2026-06-04,2026-07-03,720,720,OK,0,N
01_raw/KWater/mywater_period/H1/group1/DATA3/2026-07-04_2026-08-02.json,H1,group1,DATA3,2026-07-04,2026-08-02,720,720,OK,0,N
01_raw/KWater/mywater_period/H1/group1/DATA3/2026-08-03_2026-09-01.json,H1,group1,DATA3,2026-08-03,2026-09-01,720,720,OK,0,N
01_raw/KWater/mywater_period/H1/group1/DATA3/2026-09-02_2026-09-28.json,H1,group1,DATA3,2026-09-02,2026-09-28,648,648,OK,0,N
01_raw/KWater/mywater_period/H1/group1/DATA4/2021-01-01_2021-01-30.json,H1,group1,DATA4,2021-01-01,2021-01-30,720,720,OK,0,N
01_raw/KWater/mywater_period/H1/group1/DATA4/2021-01-31_2021-03-01.json,H1,group1,DATA4,2021-01-31,2021-03-01,720,720,OK,0,N
01_raw/KWater/mywater_period/H1/group1/DATA4/2021-03-02_2021-03-31.json,H1,group1,DATA4,2021-03-02,2021-03-31,720,720,OK,0,N
01_raw/KWater/mywater_period/H1/group1/DATA4/2021-04-01_2021-04-30.json,H1,group1,DATA4,2021-04-01,2021-04-30,720,720,OK,0,N
01_raw/KWater/mywater_period/H1/group1/DATA4/2021-05-01_2021-05-30.json,H1,group1,DATA4,2021-05-01,2021-05-30,720,720,OK,0,N
01_raw/KWater/mywater_period/H1/group1/DATA4/2021-05-31_2021-06-29.json,H1,group1,DATA4,2021-05-31,2021-06-29,720,720,OK,0,N
01_raw/KWater/mywater_period/H1/group1/DATA4/2021-06-30_2021-07-29.json,H1,group1,DATA4,2021-06-30,2021-07-29,720,720,OK,0,N
01_raw/KWater/mywater_period/H1/group1/DATA4/2021-07-30_2021-08-28.json,H1,group1,DATA4,2021-07-30,2021-08-28,720,720,OK,0,N
01_raw/KWater/mywater_period/H1/group1/DATA4/2021-08-29_2021-09-27.json,H1,group1,DATA4,2021-08-29,2021-09-27,720,720,OK,0,N
01_raw/KWater/mywater_period/H1/group1/DATA4/2021-09-28_2021-10-27.json,H1,group1,DATA4,2021-09-28,2021-10-27,720,720,OK,0,N
01_raw/KWater/mywater_period/H1/group1/DATA4/2021-10-28_2021-11-26.json,H1,group1,DATA4,2021-10-28,2021-11-26,720,720,OK,0,N
01_raw/KWater/mywater_period/H1/group1/DATA4/2021-11-27_2021-12-26.json,H1,group1,DATA4,2021-11-27,2021-12-26,720,720,OK,0,N
01_raw/KWater/mywater_period/H1/group1/DATA4/2021-12-27_2022-01-25.json,H1,group1,DATA4,2021-12-27,2022-01-25,720,720,OK,0,N
01_raw/KWater/mywater_period/H1/group1/DATA4/2022-01-26_2022-02-24.json,H1,group1,DATA4,2022-01-26,2022-02-24,720,720,OK,0,N
01_raw/KWater/mywater_period/H1/group1/DATA4/2022-02-25_2022-03-26.json,H1,group1,DATA4,2022-02-25,2022-03-26,720,720,OK,0,N
01_raw/KWater/mywater_period/H1/group1/DATA4/2022-03-27_2022-04-25.json,H1,group1,DATA4,2022-03-27,2022-04-25,720,720,OK,0,N
01_raw/KWater/mywater_period/H1/group1/DATA4/2022-04-26_2022-05-25.json,H1,group1,DATA4,2022-04-26,2022-05-25,720,720,OK,0,N
01_raw/KWater/mywater_period/H1/group1/DATA4/2022-05-26_2022-06-24.json,H1,group1,DATA4,2022-05-26,2022-06-24,720,720,OK,0,N
01_raw/KWater/mywater_period/H1/group1/DATA4/2022-06-25_2022-07-24.json,H1,group1,DATA4,2022-06-25,2022-07-24,720,720,OK,0,N
01_raw/KWater/mywater_period/H1/group1/DATA4/2022-07-25_2022-08-23.json,H1,group1,DATA4,2022-07-25,2022-08-23,720,720,OK,0,N
01_raw/KWater/mywater_period/H1/group1/DATA4/2022-08-24_2022-09-22.json,H1,group1,DATA4,2022-08-24,2022-09-22,720,720,OK,0,N
01_raw/KWater/mywater_period/H1/group1/DATA4/2022-09-23_2022-10-22.json,H1,group1,DATA4,2022-09-23,2022-10-22,720,720,OK,0,N
01_raw/KWater/mywater_period/H1/group1/DATA4/2022-10-23_2022-11-21.json,H1,group1,DATA4,2022-10-23,2022-11-21,720,720,OK,0,N
01_raw/KWater/mywater_period/H1/group1/DATA4/2022-11-22_2022-12-21.json,H1,group1,DATA4,2022-11-22,2022-12-21,720,720,OK,0,N
01_raw/KWater/mywater_period/H1/group1/DATA4/2022-12-22_2023-01-20.json,H1,group1,DATA4,2022-12-22,2023-01-20,720,720,OK,0,N
01_raw/KWater/mywater_period/H1/group1/DATA4/2023-01-21_2023-02-19.json,H1,group1,DATA4,2023-01-21,2023-02-19,720,720,OK,0,N
01_raw/KWater/mywater_period/H1/group1/DATA4/2023-02-20_2023-03-21.json,H1,group1,DATA4,2023-02-20,2023-03-21,720,720,OK,0,N
01_raw/KWater/mywater_period/H1/group1/DATA4/2023-03-22_2023-04-20.json,H1,group1,DATA4,2023-03-22,2023-04-20,720,720,OK,0,N
01_raw/KWater/mywater_period/H1/group1/DATA4/2023-04-21_2023-05-20.json,H1,group1,DATA4,2023-04-21,2023-05-20,720,720,OK,0,N
01_raw/KWater/mywater_period/H1/group1/DATA4/2023-05-21_2023-06-19.json,H1,group1,DATA4,2023-05-21,2023-06-19,720,720,OK,0,N
01_raw/KWater/mywater_period/H1/group1/DATA4/2023-06-20_2023-07-19.json,H1,group1,DATA4,2023-06-20,2023-07-19,720,720,OK,0,N
01_raw/KWater/mywater_period/H1/group1/DATA4/2023-07-20_2023-08-18.json,H1,group1,DATA4,2023-07-20,2023-08-18,720,720,OK,0,N
01_raw/KWater/mywater_period/H1/group1/DATA4/2023-08-19_2023-09-17.json,H1,group1,DATA4,2023-08-19,2023-09-17,720,720,OK,0,N
01_raw/KWater/mywater_period/H1/group1/DATA4/2023-09-18_2023-10-17.json,H1,group1,DATA4,2023-09-18,2023-10-17,720,720,OK,0,N
01_raw/KWater/mywater_period/H1/group1/DATA4/2023-10-18_2023-11-16.json,H1,group1,DATA4,2023-10-18,2023-11-16,720,720,OK,0,N
01_raw/KWater/mywater_period/H1/group1/DATA4/2023-11-17_2023-12-16.json,H1,group1,DATA4,2023-11-17,2023-12-16,720,720,OK,0,N
01_raw/KWater/mywater_period/H1/group1/DATA4/2023-12-17_2024-01-15.json,H1,group1,DATA4,2023-12-17,2024-01-15,720,720,OK,0,N
01_raw/KWater/mywater_period/H1/group1/DATA4/2024-01-16_2024-02-14.json,H1,group1,DATA4,2024-01-16,2024-02-14,720,720,OK,0,N
01_raw/KWater/mywater_period/H1/group1/DATA4/2024-02-15_2024-03-15.json,H1,group1,DATA4,2024-02-15,2024-03-15,720,720,OK,0,N
01_raw/KWater/mywater_period/H1/group1/DATA4/2024-03-16_2024-04-14.json,H1,group1,DATA4,2024-03-16,2024-04-14,720,720,OK,0,N
01_raw/KWater/mywater_period/H1/group1/DATA4/2024-04-15_2024-05-14.json,H1,group1,DATA4,2024-04-15,2024-05-14,720,720,OK,0,N
01_raw/KWater/mywater_period/H1/group1/DATA4/2024-05-15_2024-06-13.json,H1,group1,DATA4,2024-05-15,2024-06-13,720,720,OK,0,N
01_raw/KWater/mywater_period/H1/group1/DATA4/2024-06-14_2024-07-13.json,H1,group1,DATA4,2024-06-14,2024-07-13,720,720,OK,0,N
01_raw/KWater/mywater_period/H1/group1/DATA4/2024-07-14_2024-08-12.json,H1,group1,DATA4,2024-07-14,2024-08-12,720,720,OK,0,N
01_raw/KWater/mywater_period/H1/group1/DATA4/2024-08-13_2024-09-11.json,H1,group1,DATA4,2024-08-13,2024-09-11,720,720,OK,0,N
01_raw/KWater/mywater_period/H1/group1/DATA4/2024-09-12_2024-10-11.json,H1,group1,DATA4,2024-09-12,2024-10-11,720,720,OK,0,N
01_raw/KWater/mywater_period/H1/group1/DATA4/2024-10-12_2024-11-10.json,H1,group1,DATA4,2024-10-12,2024-11-10,720,720,OK,0,N
01_raw/KWater/mywater_period/H1/group1/DATA4/2024-11-11_2024-12-10.json,H1,group1,DATA4,2024-11-11,2024-12-10,720,720,OK,0,N
01_raw/KWater/mywater_period/H1/group1/DATA4/2024-12-11_2025-01-09.json,H1,group1,DATA4,2024-12-11,2025-01-09,720,720,OK,0,N
01_raw/KWater/mywater_period/H1/group1/DATA4/2025-01-10_2025-02-08.json,H1,group1,DATA4,2025-01-10,2025-02-08,720,720,OK,0,N
01_raw/KWater/mywater_period/H1/group1/DATA4/2025-02-09_2025-03-10.json,H1,group1,DATA4,2025-02-09,2025-03-10,720,720,OK,0,N
01_raw/KWater/mywater_period/H1/group1/DATA4/2025-03-11_2025-04-09.json,H1,group1,DATA4,2025-03-11,2025-04-09,720,720,OK,0,N
01_raw/KWater/mywater_period/H1/group1/DATA4/2025-04-10_2025-05-09.json,H1,group1,DATA4,2025-04-10,2025-05-09,720,720,OK,0,N
01_raw/KWater/mywater_period/H1/group1/DATA4/2025-05-10_2025-06-08.json,H1,group1,DATA4,2025-05-10,2025-06-08,720,720,OK,0,N
01_raw/KWater/mywater_period/H1/group1/DATA4/2025-06-09_2025-07-08.json,H1,group1,DATA4,2025-06-09,2025-07-08,720,720,OK,0,N
01_raw/KWater/mywater_period/H1/group1/DATA4/2025-07-09_2025-08-07.json,H1,group1,DATA4,2025-07-09,2025-08-07,720,720,OK,0,N
01_raw/KWater/mywater_period/H1/group1/DATA4/2025-08-08_2025-09-06.json,H1,group1,DATA4,2025-08-08,2025-09-06,720,720,OK,0,N
01_raw/KWater/mywater_period/H1/group1/DATA4/2025-09-07_2025-10-06.json,H1,group1,DATA4,2025-09-07,2025-10-06,720,720,OK,0,N
01_raw/KWater/mywater_period/H1/group1/DATA4/2025-10-07_2025-11-05.json,H1,group1,DATA4,2025-10-07,2025-11-05,720,720,OK,0,N
01_raw/KWater/mywater_period/H1/group1/DATA4/2025-11-06_2025-12-05.json,H1,group1,DATA4,2025-11-06,2025-12-05,720,720,OK,0,N
01_raw/KWater/mywater_period/H1/group1/DATA4/2025-12-06_2026-01-04.json,H1,group1,DATA4,2025-12-06,2026-01-04,720,720,OK,0,N
01_raw/KWater/mywater_period/H1/group1/DATA4/2026-01-05_2026-02-03.json,H1,group1,DATA4,2026-01-05,2026-02-03,720,720,OK,0,N
01_raw/KWater/mywater_period/H1/group1/DATA4/2026-02-04_2026-03-05.json,H1,group1,DATA4,2026-02-04,2026-03-05,720,720,OK,0,N
01_raw/KWater/mywater_period/H1/group1/DATA4/2026-03-06_2026-04-04.json,H1,group1,DATA4,2026-03-06,2026-04-04,720,720,OK,0,N
01_raw/KWater/mywater_period/H1/group1/DATA4/2026-04-05_2026-05-04.json,H1,group1,DATA4,2026-04-05,2026-05-04,720,720,OK,0,N
01_raw/KWater/mywater_period/H1/group1/DATA4/2026-05-05_2026-06-03.json,H1,group1,DATA4,2026-05-05,2026-06-03,720,720,OK,0,N
01_raw/KWater/mywater_period/H1/group1/DATA4/2026-06-04_2026-07-03.json,H1,group1,DATA4,2026-06-04,2026-07-03,720,720,OK,0,N
01_raw/KWater/mywater_period/H1/group1/DATA4/2026-07-04_2026-08-02.json,H1,group1,DATA4,2026-07-04,2026-08-02,720,720,OK,0,N
01_raw/KWater/mywater_period/H1/group1/DATA4/2026-08-03_2026-09-01.json,H1,group1,DATA4,2026-08-03,2026-09-01,720,720,OK,0,N
01_raw/KWater/mywater_period/H1/group1/DATA4/2026-09-02_2026-09-28.json,H1,group1,DATA4,2026-09-02,2026-09-28,648,648,OK,0,N
01_raw/KWater/mywater_period/H1/group1/DATA5/2021-01-01_2021-01-30.json,H1,group1,DATA5,2021-01-01,2021-01-30,720,720,OK,0,N
01_raw/KWater/mywater_period/H1/group1/DATA5/2021-01-31_2021-03-01.json,H1,group1,DATA5,2021-01-31,2021-03-01,720,720,OK,0,N
01_raw/KWater/mywater_period/H1/group1/DATA5/2021-03-02_2021-03-31.json,H1,group1,DATA5,2021-03-02,2021-03-31,720,720,OK,0,N
01_raw/KWater/mywater_period/H1/group1/DATA5/2021-04-01_2021-04-30.json,H1,group1,DATA5,2021-04-01,2021-04-30,720,720,OK,0,N
01_raw/KWater/mywater_period/H1/group1/DATA5/2021-05-01_2021-05-30.json,H1,group1,DATA5,2021-05-01,2021-05-30,720,720,OK,0,N
01_raw/KWater/mywater_period/H1/group1/DATA5/2021-05-31_2021-06-29.json,H1,group1,DATA5,2021-05-31,2021-06-29,720,720,OK,0,N
01_raw/KWater/mywater_period/H1/group1/DATA5/2021-06-30_2021-07-29.json,H1,group1,DATA5,2021-06-30,2021-07-29,720,720,OK,0,N
01_raw/KWater/mywater_period/H1/group1/DATA5/2021-07-30_2021-08-28.json,H1,group1,DATA5,2021-07-30,2021-08-28,720,720,OK,0,N
01_raw/KWater/mywater_period/H1/group1/DATA5/2021-08-29_2021-09-27.json,H1,group1,DATA5,2021-08-29,2021-09-27,720,720,OK,0,N
01_raw/KWater/mywater_period/H1/group1/DATA5/2021-09-28_2021-10-27.json,H1,group1,DATA5,2021-09-28,2021-10-27,720,720,OK,0,N
01_raw/KWater/mywater_period/H1/group1/DATA5/2021-10-28_2021-11-26.json,H1,group1,DATA5,2021-10-28,2021-11-26,720,720,OK,0,N
01_raw/KWater/mywater_period/H1/group1/DATA5/2021-11-27_2021-12-26.json,H1,group1,DATA5,2021-11-27,2021-12-26,720,720,OK,0,N
01_raw/KWater/mywater_period/H1/group1/DATA5/2021-12-27_2022-01-25.json,H1,group1,DATA5,2021-12-27,2022-01-25,720,720,OK,0,N
01_raw/KWater/mywater_period/H1/group1/DATA5/2022-01-26_2022-02-24.json,H1,group1,DATA5,2022-01-26,2022-02-24,720,720,OK,0,N
01_raw/KWater/mywater_period/H1/group1/DATA5/2022-02-25_2022-03-26.json,H1,group1,DATA5,2022-02-25,2022-03-26,720,720,OK,0,N
01_raw/KWater/mywater_period/H1/group1/DATA5/2022-03-27_2022-04-25.json,H1,group1,DATA5,2022-03-27,2022-04-25,720,720,OK,0,N
01_raw/KWater/mywater_period/H1/group1/DATA5/2022-04-26_2022-05-25.json,H1,group1,DATA5,2022-04-26,2022-05-25,720,720,OK,0,N
01_raw/KWater/mywater_period/H1/group1/DATA5/2022-05-26_2022-06-24.json,H1,group1,DATA5,2022-05-26,2022-06-24,720,720,OK,0,N
01_raw/KWater/mywater_period/H1/group1/DATA5/2022-06-25_2022-07-24.json,H1,group1,DATA5,2022-06-25,2022-07-24,720,720,OK,0,N
01_raw/KWater/mywater_period/H1/group1/DATA5/2022-07-25_2022-08-23.json,H1,group1,DATA5,2022-07-25,2022-08-23,720,720,OK,0,N
01_raw/KWater/mywater_period/H1/group1/DATA5/2022-08-24_2022-09-22.json,H1,group1,DATA5,2022-08-24,2022-09-22,720,720,OK,0,N
01_raw/KWater/mywater_period/H1/group1/DATA5/2022-09-23_2022-10-22.json,H1,group1,DATA5,2022-09-23,2022-10-22,720,720,OK,0,N
01_raw/KWater/mywater_period/H1/group1/DATA5/2022-10-23_2022-11-21.json,H1,group1,DATA5,2022-10-23,2022-11-21,720,720,OK,0,N
01_raw/KWater/mywater_period/H1/group1/DATA5/2022-11-22_2022-12-21.json,H1,group1,DATA5,2022-11-22,2022-12-21,720,720,OK,0,N
01_raw/KWater/mywater_period/H1/group1/DATA5/2022-12-22_2023-01-20.json,H1,group1,DATA5,2022-12-22,2023-01-20,720,720,OK,0,N
01_raw/KWater/mywater_period/H1/group1/DATA5/2023-01-21_2023-02-19.json,H1,group1,DATA5,2023-01-21,2023-02-19,720,720,OK,0,N
01_raw/KWater/mywater_period/H1/group1/DATA5/2023-02-20_2023-03-21.json,H1,group1,DATA5,2023-02-20,2023-03-21,720,720,OK,0,N
01_raw/KWater/mywater_period/H1/group1/DATA5/2023-03-22_2023-04-20.json,H1,group1,DATA5,2023-03-22,2023-04-20,720,720,OK,0,N
01_raw/KWater/mywater_period/H1/group1/DATA5/2023-04-21_2023-05-20.json,H1,group1,DATA5,2023-04-21,2023-05-20,720,720,OK,0,N
01_raw/KWater/mywater_period/H1/group1/DATA5/2023-05-21_2023-06-19.json,H1,group1,DATA5,2023-05-21,2023-06-19,720,720,OK,0,N
01_raw/KWater/mywater_period/H1/group1/DATA5/2023-06-20_2023-07-19.json,H1,group1,DATA5,2023-06-20,2023-07-19,720,720,OK,0,N
01_raw/KWater/mywater_period/H1/group1/DATA5/2023-07-20_2023-08-18.json,H1,group1,DATA5,2023-07-20,2023-08-18,720,720,OK,0,N
01_raw/KWater/mywater_period/H1/group1/DATA5/2023-08-19_2023-09-17.json,H1,group1,DATA5,2023-08-19,2023-09-17,720,720,OK,0,N
01_raw/KWater/mywater_period/H1/group1/DATA5/2023-09-18_2023-10-17.json,H1,group1,DATA5,2023-09-18,2023-10-17,720,720,OK,0,N
01_raw/KWater/mywater_period/H1/group1/DATA5/2023-10-18_2023-11-16.json,H1,group1,DATA5,2023-10-18,2023-11-16,720,720,OK,0,N
01_raw/KWater/mywater_period/H1/group1/DATA5/2023-11-17_2023-12-16.json,H1,group1,DATA5,2023-11-17,2023-12-16,720,720,OK,0,N
01_raw/KWater/mywater_period/H1/group1/DATA5/2023-12-17_2024-01-15.json,H1,group1,DATA5,2023-12-17,2024-01-15,720,720,OK,0,N
01_raw/KWater/mywater_period/H1/group1/DATA5/2024-01-16_2024-02-14.json,H1,group1,DATA5,2024-01-16,2024-02-14,720,720,OK,0,N
01_raw/KWater/mywater_period/H1/group1/DATA5/2024-02-15_2024-03-15.json,H1,group1,DATA5,2024-02-15,2024-03-15,720,720,OK,0,N
01_raw/KWater/mywater_period/H1/group1/DATA5/2024-03-16_2024-04-14.json,H1,group1,DATA5,2024-03-16,2024-04-14,720,720,OK,0,N
01_raw/KWater/mywater_period/H1/group1/DATA5/2024-04-15_2024-05-14.json,H1,group1,DATA5,2024-04-15,2024-05-14,720,720,OK,0,N
01_raw/KWater/mywater_period/H1/group1/DATA5/2024-05-15_2024-06-13.json,H1,group1,DATA5,2024-05-15,2024-06-13,720,720,OK,0,N
01_raw/KWater/mywater_period/H1/group1/DATA5/2024-06-14_2024-07-13.json,H1,group1,DATA5,2024-06-14,2024-07-13,720,720,OK,0,N
01_raw/KWater/mywater_period/H1/group1/DATA5/2024-07-14_2024-08-12.json,H1,group1,DATA5,2024-07-14,2024-08-12,720,720,OK,0,N
01_raw/KWater/mywater_period/H1/group1/DATA5/2024-08-13_2024-09-11.json,H1,group1,DATA5,2024-08-13,2024-09-11,720,720,OK,0,N
01_raw/KWater/mywater_period/H1/group1/DATA5/2024-09-12_2024-10-11.json,H1,group1,DATA5,2024-09-12,2024-10-11,720,720,OK,0,N
01_raw/KWater/mywater_period/H1/group1/DATA5/2024-10-12_2024-11-10.json,H1,group1,DATA5,2024-10-12,2024-11-10,720,720,OK,0,N
01_raw/KWater/mywater_period/H1/group1/DATA5/2024-11-11_2024-12-10.json,H1,group1,DATA5,2024-11-11,2024-12-10,720,720,OK,0,N
01_raw/KWater/mywater_period/H1/group1/DATA5/2024-12-11_2025-01-09.json,H1,group1,DATA5,2024-12-11,2025-01-09,720,720,OK,0,N
01_raw/KWater/mywater_period/H1/group1/DATA5/2025-01-10_2025-02-08.json,H1,group1,DATA5,2025-01-10,2025-02-08,720,720,OK,0,N
01_raw/KWater/mywater_period/H1/group1/DATA5/2025-02-09_2025-03-10.json,H1,group1,DATA5,2025-02-09,2025-03-10,720,720,OK,0,N
01_raw/KWater/mywater_period/H1/group1/DATA5/2025-03-11_2025-04-09.json,H1,group1,DATA5,2025-03-11,2025-04-09,720,720,OK,0,N
01_raw/KWater/mywater_period/H1/group1/DATA5/2025-04-10_2025-05-09.json,H1,group1,DATA5,2025-04-10,2025-05-09,720,720,OK,0,N
01_raw/KWater/mywater_period/H1/group1/DATA5/2025-05-10_2025-06-08.json,H1,group1,DATA5,2025-05-10,2025-06-08,720,720,OK,0,N
01_raw/KWater/mywater_period/H1/group1/DATA5/2025-06-09_2025-07-08.json,H1,group1,DATA5,2025-06-09,2025-07-08,720,720,OK,0,N
01_raw/KWater/mywater_period/H1/group1/DATA5/2025-07-09_2025-08-07.json,H1,group1,DATA5,2025-07-09,2025-08-07,720,720,OK,0,N
01_raw/KWater/mywater_period/H1/group1/DATA5/2025-08-08_2025-09-06.json,H1,group1,DATA5,2025-08-08,2025-09-06,720,720,OK,0,N
01_raw/KWater/mywater_period/H1/group1/DATA5/2025-09-07_2025-10-06.json,H1,group1,DATA5,2025-09-07,2025-10-06,720,720,OK,0,N
01_raw/KWater/mywater_period/H1/group1/DATA5/2025-10-07_2025-11-05.json,H1,group1,DATA5,2025-10-07,2025-11-05,720,720,OK,0,N
01_raw/KWater/mywater_period/H1/group1/DATA5/2025-11-06_2025-12-05.json,H1,group1,DATA5,2025-11-06,2025-12-05,720,720,OK,0,N
01_raw/KWater/mywater_period/H1/group1/DATA5/2025-12-06_2026-01-04.json,H1,group1,DATA5,2025-12-06,2026-01-04,720,720,OK,0,N
01_raw/KWater/mywater_period/H1/group1/DATA5/2026-01-05_2026-02-03.json,H1,group1,DATA5,2026-01-05,2026-02-03,720,720,OK,0,N
01_raw/KWater/mywater_period/H1/group1/DATA5/2026-02-04_2026-03-05.json,H1,group1,DATA5,2026-02-04,2026-03-05,720,720,OK,0,N
01_raw/KWater/mywater_period/H1/group1/DATA5/2026-03-06_2026-04-04.json,H1,group1,DATA5,2026-03-06,2026-04-04,720,720,OK,0,N
01_raw/KWater/mywater_period/H1/group1/DATA5/2026-04-05_2026-05-04.json,H1,group1,DATA5,2026-04-05,2026-05-04,720,720,OK,0,N
01_raw/KWater/mywater_period/H1/group1/DATA5/2026-05-05_2026-06-03.json,H1,group1,DATA5,2026-05-05,2026-06-03,720,720,OK,0,N
01_raw/KWater/mywater_period/H1/group1/DATA5/2026-06-04_2026-07-03.json,H1,group1,DATA5,2026-06-04,2026-07-03,720,720,OK,0,N
01_raw/KWater/mywater_period/H1/group1/DATA5/2026-07-04_2026-08-02.json,H1,group1,DATA5,2026-07-04,2026-08-02,720,720,OK,0,N
01_raw/KWater/mywater_period/H1/group1/DATA5/2026-08-03_2026-09-01.json,H1,group1,DATA5,2026-08-03,2026-09-01,720,720,OK,0,N
01_raw/KWater/mywater_period/H1/group1/DATA5/2026-09-02_2026-09-28.json,H1,group1,DATA5,2026-09-02,2026-09-28,648,648,OK,0,N
01_raw/KWater/mywater_period/H1/group1/DATA6/2021-01-01_2021-01-30.json,H1,group1,DATA6,2021-01-01,2021-01-30,720,720,OK,0,N
01_raw/KWater/mywater_period/H1/group1/DATA6/2021-01-31_2021-03-01.json,H1,group1,DATA6,2021-01-31,2021-03-01,720,720,OK,0,N
01_raw/KWater/mywater_period/H1/group1/DATA6/2021-03-02_2021-03-31.json,H1,group1,DATA6,2021-03-02,2021-03-31,720,720,OK,0,N
01_raw/KWater/mywater_period/H1/group1/DATA6/2021-04-01_2021-04-30.json,H1,group1,DATA6,2021-04-01,2021-04-30,720,720,OK,0,N
01_raw/KWater/mywater_period/H1/group1/DATA6/2021-05-01_2021-05-30.json,H1,group1,DATA6,2021-05-01,2021-05-30,720,720,OK,0,N
01_raw/KWater/mywater_period/H1/group1/DATA6/2021-05-31_2021-06-29.json,H1,group1,DATA6,2021-05-31,2021-06-29,720,720,OK,0,N
01_raw/KWater/mywater_period/H1/group1/DATA6/2021-06-30_2021-07-29.json,H1,group1,DATA6,2021-06-30,2021-07-29,720,720,OK,0,N
01_raw/KWater/mywater_period/H1/group1/DATA6/2021-07-30_2021-08-28.json,H1,group1,DATA6,2021-07-30,2021-08-28,720,720,OK,0,N
01_raw/KWater/mywater_period/H1/group1/DATA6/2021-08-29_2021-09-27.json,H1,group1,DATA6,2021-08-29,2021-09-27,720,720,OK,0,N
01_raw/KWater/mywater_period/H1/group1/DATA6/2021-09-28_2021-10-27.json,H1,group1,DATA6,2021-09-28,2021-10-27,720,720,OK,0,N
01_raw/KWater/mywater_period/H1/group1/DATA6/2021-10-28_2021-11-26.json,H1,group1,DATA6,2021-10-28,2021-11-26,720,720,OK,0,N
01_raw/KWater/mywater_period/H1/group1/DATA6/2021-11-27_2021-12-26.json,H1,group1,DATA6,2021-11-27,2021-12-26,720,720,OK,0,N
01_raw/KWater/mywater_period/H1/group1/DATA6/2021-12-27_2022-01-25.json,H1,group1,DATA6,2021-12-27,2022-01-25,720,720,OK,0,N
01_raw/KWater/mywater_period/H1/group1/DATA6/2022-01-26_2022-02-24.json,H1,group1,DATA6,2022-01-26,2022-02-24,720,720,OK,0,N
01_raw/KWater/mywater_period/H1/group1/DATA6/2022-02-25_2022-03-26.json,H1,group1,DATA6,2022-02-25,2022-03-26,720,720,OK,0,N
01_raw/KWater/mywater_period/H1/group1/DATA6/2022-03-27_2022-04-25.json,H1,group1,DATA6,2022-03-27,2022-04-25,720,720,OK,0,N
01_raw/KWater/mywater_period/H1/group1/DATA6/2022-04-26_2022-05-25.json,H1,group1,DATA6,2022-04-26,2022-05-25,720,720,OK,0,N
01_raw/KWater/mywater_period/H1/group1/DATA6/2022-05-26_2022-06-24.json,H1,group1,DATA6,2022-05-26,2022-06-24,720,720,OK,0,N
01_raw/KWater/mywater_period/H1/group1/DATA6/2022-06-25_2022-07-24.json,H1,group1,DATA6,2022-06-25,2022-07-24,720,720,OK,0,N
01_raw/KWater/mywater_period/H1/group1/DATA6/2022-07-25_2022-08-23.json,H1,group1,DATA6,2022-07-25,2022-08-23,720,720,OK,0,N
01_raw/KWater/mywater_period/H1/group1/DATA6/2022-08-24_2022-09-22.json,H1,group1,DATA6,2022-08-24,2022-09-22,720,720,OK,0,N
01_raw/KWater/mywater_period/H1/group1/DATA6/2022-09-23_2022-10-22.json,H1,group1,DATA6,2022-09-23,2022-10-22,720,720,OK,0,N
01_raw/KWater/mywater_period/H1/group1/DATA6/2022-10-23_2022-11-21.json,H1,group1,DATA6,2022-10-23,2022-11-21,720,720,OK,0,N
01_raw/KWater/mywater_period/H1/group1/DATA6/2022-11-22_2022-12-21.json,H1,group1,DATA6,2022-11-22,2022-12-21,720,720,OK,0,N
01_raw/KWater/mywater_period/H1/group1/DATA6/2022-12-22_2023-01-20.json,H1,group1,DATA6,2022-12-22,2023-01-20,720,720,OK,0,N
01_raw/KWater/mywater_period/H1/group1/DATA6/2023-01-21_2023-02-19.json,H1,group1,DATA6,2023-01-21,2023-02-19,720,720,OK,0,N
01_raw/KWater/mywater_period/H1/group1/DATA6/2023-02-20_2023-03-21.json,H1,group1,DATA6,2023-02-20,2023-03-21,720,720,OK,0,N
01_raw/KWater/mywater_period/H1/group1/DATA6/2023-03-22_2023-04-20.json,H1,group1,DATA6,2023-03-22,2023-04-20,720,720,OK,0,N
01_raw/KWater/mywater_period/H1/group1/DATA6/2023-04-21_2023-05-20.json,H1,group1,DATA6,2023-04-21,2023-05-20,720,720,OK,0,N
01_raw/KWater/mywater_period/H1/group1/DATA6/2023-05-21_2023-06-19.json,H1,group1,DATA6,2023-05-21,2023-06-19,720,720,OK,0,N
01_raw/KWater/mywater_period/H1/group1/DATA6/2023-06-20_2023-07-19.json,H1,group1,DATA6,2023-06-20,2023-07-19,720,720,OK,0,N
01_raw/KWater/mywater_period/H1/group1/DATA6/2023-07-20_2023-08-18.json,H1,group1,DATA6,2023-07-20,2023-08-18,720,720,OK,0,N
01_raw/KWater/mywater_period/H1/group1/DATA6/2023-08-19_2023-09-17.json,H1,group1,DATA6,2023-08-19,2023-09-17,720,720,OK,0,N
01_raw/KWater/mywater_period/H1/group1/DATA6/2023-09-18_2023-10-17.json,H1,group1,DATA6,2023-09-18,2023-10-17,720,720,OK,0,N
01_raw/KWater/mywater_period/H1/group1/DATA6/2023-10-18_2023-11-16.json,H1,group1,DATA6,2023-10-18,2023-11-16,720,720,OK,0,N
01_raw/KWater/mywater_period/H1/group1/DATA6/2023-11-17_2023-12-16.json,H1,group1,DATA6,2023-11-17,2023-12-16,720,720,OK,0,N
01_raw/KWater/mywater_period/H1/group1/DATA6/2023-12-17_2024-01-15.json,H1,group1,DATA6,2023-12-17,2024-01-15,720,720,OK,0,N
01_raw/KWater/mywater_period/H1/group1/DATA6/2024-01-16_2024-02-14.json,H1,group1,DATA6,2024-01-16,2024-02-14,720,720,OK,0,N
01_raw/KWater/mywater_period/H1/group1/DATA6/2024-02-15_2024-03-15.json,H1,group1,DATA6,2024-02-15,2024-03-15,720,720,OK,0,N
01_raw/KWater/mywater_period/H1/group1/DATA6/2024-03-16_2024-04-14.json,H1,group1,DATA6,2024-03-16,2024-04-14,720,720,OK,0,N
01_raw/KWater/mywater_period/H1/group1/DATA6/2024-04-15_2024-05-14.json,H1,group1,DATA6,2024-04-15,2024-05-14,720,720,OK,0,N
01_raw/KWater/mywater_period/H1/group1/DATA6/2024-05-15_2024-06-13.json,H1,group1,DATA6,2024-05-15,2024-06-13,720,720,OK,0,N
01_raw/KWater/mywater_period/H1/group1/DATA6/2024-06-14_2024-07-13.json,H1,group1,DATA6,2024-06-14,2024-07-13,720,720,OK,0,N
01_raw/KWater/mywater_period/H1/group1/DATA6/2024-07-14_2024-08-12.json,H1,group1,DATA6,2024-07-14,2024-08-12,720,720,OK,0,N
01_raw/KWater/mywater_period/H1/group1/DATA6/2024-08-13_2024-09-11.json,H1,group1,DATA6,2024-08-13,2024-09-11,720,720,OK,0,N
01_raw/KWater/mywater_period/H1/group1/DATA6/2024-09-12_2024-10-11.json,H1,group1,DATA6,2024-09-12,2024-10-11,720,720,OK,0,N
01_raw/KWater/mywater_period/H1/group1/DATA6/2024-10-12_2024-11-10.json,H1,group1,DATA6,2024-10-12,2024-11-10,720,720,OK,0,N
01_raw/KWater/mywater_period/H1/group1/DATA6/2024-11-11_2024-12-10.json,H1,group1,DATA6,2024-11-11,2024-12-10,720,720,OK,0,N
01_raw/KWater/mywater_period/H1/group1/DATA6/2024-12-11_2025-01-09.json,H1,group1,DATA6,2024-12-11,2025-01-09,720,720,OK,0,N
01_raw/KWater/mywater_period/H1/group1/DATA6/2025-01-10_2025-02-08.json,H1,group1,DATA6,2025-01-10,2025-02-08,720,720,OK,0,N
01_raw/KWater/mywater_period/H1/group1/DATA6/2025-02-09_2025-03-10.json,H1,group1,DATA6,2025-02-09,2025-03-10,720,720,OK,0,N
01_raw/KWater/mywater_period/H1/group1/DATA6/2025-03-11_2025-04-09.json,H1,group1,DATA6,2025-03-11,2025-04-09,720,720,OK,0,N
01_raw/KWater/mywater_period/H1/group1/DATA6/2025-04-10_2025-05-09.json,H1,group1,DATA6,2025-04-10,2025-05-09,720,720,OK,0,N
01_raw/KWater/mywater_period/H1/group1/DATA6/2025-05-10_2025-06-08.json,H1,group1,DATA6,2025-05-10,2025-06-08,720,720,OK,0,N
01_raw/KWater/mywater_period/H1/group1/DATA6/2025-06-09_2025-07-08.json,H1,group1,DATA6,2025-06-09,2025-07-08,720,720,OK,0,N
01_raw/KWater/mywater_period/H1/group1/DATA6/2025-07-09_2025-08-07.json,H1,group1,DATA6,2025-07-09,2025-08-07,720,720,OK,0,N
01_raw/KWater/mywater_period/H1/group1/DATA6/2025-08-08_2025-09-06.json,H1,group1,DATA6,2025-08-08,2025-09-06,720,720,OK,0,N
01_raw/KWater/mywater_period/H1/group1/DATA6/2025-09-07_2025-10-06.json,H1,group1,DATA6,2025-09-07,2025-10-06,720,720,OK,0,N
01_raw/KWater/mywater_period/H1/group1/DATA6/2025-10-07_2025-11-05.json,H1,group1,DATA6,2025-10-07,2025-11-05,720,720,OK,0,N
01_raw/KWater/mywater_period/H1/group1/DATA6/2025-11-06_2025-12-05.json,H1,group1,DATA6,2025-11-06,2025-12-05,720,720,OK,0,N
01_raw/KWater/mywater_period/H1/group1/DATA6/2025-12-06_2026-01-04.json,H1,group1,DATA6,2025-12-06,2026-01-04,720,720,OK,0,N
01_raw/KWater/mywater_period/H1/group1/DATA6/2026-01-05_2026-02-03.json,H1,group1,DATA6,2026-01-05,2026-02-03,720,720,OK,0,N
01_raw/KWater/mywater_period/H1/group1/DATA6/2026-02-04_2026-03-05.json,H1,group1,DATA6,2026-02-04,2026-03-05,720,720,OK,0,N
01_raw/KWater/mywater_period/H1/group1/DATA6/2026-03-06_2026-04-04.json,H1,group1,DATA6,2026-03-06,2026-04-04,720,720,OK,0,N
01_raw/KWater/mywater_period/H1/group1/DATA6/2026-04-05_2026-05-04.json,H1,group1,DATA6,2026-04-05,2026-05-04,720,720,OK,0,N
01_raw/KWater/mywater_period/H1/group1/DATA6/2026-05-05_2026-06-03.json,H1,group1,DATA6,2026-05-05,2026-06-03,720,720,OK,0,N
01_raw/KWater/mywater_period/H1/group1/DATA6/2026-06-04_2026-07-03.json,H1,group1,DATA6,2026-06-04,2026-07-03,720,720,OK,0,N
01_raw/KWater/mywater_period/H1/group1/DATA6/2026-07-04_2026-08-02.json,H1,group1,DATA6,2026-07-04,2026-08-02,720,720,OK,0,N
01_raw/KWater/mywater_period/H1/group1/DATA6/2026-08-03_2026-09-01.json,H1,group1,DATA6,2026-08-03,2026-09-01,720,720,OK,0,N
01_raw/KWater/mywater_period/H1/group1/DATA6/2026-09-02_2026-09-28.json,H1,group1,DATA6,2026-09-02,2026-09-28,648,648,OK,0,N
01_raw/KWater/mywater_period/H1/group2/DATA1/2021-01-01_2021-01-30.json,H1,group2,DATA1,2021-01-01,2021-01-30,720,720,OK,0,N
01_raw/KWater/mywater_period/H1/group2/DATA1/2021-01-31_2021-03-01.json,H1,group2,DATA1,2021-01-31,2021-03-01,720,720,OK,0,N
01_raw/KWater/mywater_period/H1/group2/DATA1/2021-03-02_2021-03-31.json,H1,group2,DATA1,2021-03-02,2021-03-31,720,720,OK,0,N
01_raw/KWater/mywater_period/H1/group2/DATA1/2021-04-01_2021-04-30.json,H1,group2,DATA1,2021-04-01,2021-04-30,720,720,OK,0,N
01_raw/KWater/mywater_period/H1/group2/DATA1/2021-05-01_2021-05-30.json,H1,group2,DATA1,2021-05-01,2021-05-30,720,720,OK,0,N
01_raw/KWater/mywater_period/H1/group2/DATA1/2021-05-31_2021-06-29.json,H1,group2,DATA1,2021-05-31,2021-06-29,720,720,OK,0,N
01_raw/KWater/mywater_period/H1/group2/DATA1/2021-06-30_2021-07-29.json,H1,group2,DATA1,2021-06-30,2021-07-29,720,720,OK,0,N
01_raw/KWater/mywater_period/H1/group2/DATA1/2021-07-30_2021-08-28.json,H1,group2,DATA1,2021-07-30,2021-08-28,720,720,OK,0,N
01_raw/KWater/mywater_period/H1/group2/DATA1/2021-08-29_2021-09-27.json,H1,group2,DATA1,2021-08-29,2021-09-27,720,720,OK,0,N
01_raw/KWater/mywater_period/H1/group2/DATA1/2021-09-28_2021-10-27.json,H1,group2,DATA1,2021-09-28,2021-10-27,720,720,OK,0,N
01_raw/KWater/mywater_period/H1/group2/DATA1/2021-10-28_2021-11-26.json,H1,group2,DATA1,2021-10-28,2021-11-26,720,720,OK,0,N
01_raw/KWater/mywater_period/H1/group2/DATA1/2021-11-27_2021-12-26.json,H1,group2,DATA1,2021-11-27,2021-12-26,720,720,OK,0,N
01_raw/KWater/mywater_period/H1/group2/DATA1/2021-12-27_2022-01-25.json,H1,group2,DATA1,2021-12-27,2022-01-25,720,720,OK,0,N
01_raw/KWater/mywater_period/H1/group2/DATA1/2022-01-26_2022-02-24.json,H1,group2,DATA1,2022-01-26,2022-02-24,720,720,OK,0,N
01_raw/KWater/mywater_period/H1/group2/DATA1/2022-02-25_2022-03-26.json,H1,group2,DATA1,2022-02-25,2022-03-26,720,720,OK,0,N
01_raw/KWater/mywater_period/H1/group2/DATA1/2022-03-27_2022-04-25.json,H1,group2,DATA1,2022-03-27,2022-04-25,720,720,OK,0,N
01_raw/KWater/mywater_period/H1/group2/DATA1/2022-04-26_2022-05-25.json,H1,group2,DATA1,2022-04-26,2022-05-25,720,720,OK,0,N
01_raw/KWater/mywater_period/H1/group2/DATA1/2022-05-26_2022-06-24.json,H1,group2,DATA1,2022-05-26,2022-06-24,720,720,OK,0,N
01_raw/KWater/mywater_period/H1/group2/DATA1/2022-06-25_2022-07-24.json,H1,group2,DATA1,2022-06-25,2022-07-24,720,720,OK,0,N
01_raw/KWater/mywater_period/H1/group2/DATA1/2022-07-25_2022-08-23.json,H1,group2,DATA1,2022-07-25,2022-08-23,720,720,OK,0,N
01_raw/KWater/mywater_period/H1/group2/DATA1/2022-08-24_2022-09-22.json,H1,group2,DATA1,2022-08-24,2022-09-22,720,720,OK,0,N
01_raw/KWater/mywater_period/H1/group2/DATA1/2022-09-23_2022-10-22.json,H1,group2,DATA1,2022-09-23,2022-10-22,720,720,OK,0,N
01_raw/KWater/mywater_period/H1/group2/DATA1/2022-10-23_2022-11-21.json,H1,group2,DATA1,2022-10-23,2022-11-21,720,720,OK,0,N
01_raw/KWater/mywater_period/H1/group2/DATA1/2022-11-22_2022-12-21.json,H1,group2,DATA1,2022-11-22,2022-12-21,720,720,OK,0,N
01_raw/KWater/mywater_period/H1/group2/DATA1/2022-12-22_2023-01-20.json,H1,group2,DATA1,2022-12-22,2023-01-20,720,720,OK,0,N
01_raw/KWater/mywater_period/H1/group2/DATA1/2023-01-21_2023-02-19.json,H1,group2,DATA1,2023-01-21,2023-02-19,720,720,OK,0,N
01_raw/KWater/mywater_period/H1/group2/DATA1/2023-02-20_2023-03-21.json,H1,group2,DATA1,2023-02-20,2023-03-21,720,720,OK,0,N
01_raw/KWater/mywater_period/H1/group2/DATA1/2023-03-22_2023-04-20.json,H1,group2,DATA1,2023-03-22,2023-04-20,720,720,OK,0,N
01_raw/KWater/mywater_period/H1/group2/DATA1/2023-04-21_2023-05-20.json,H1,group2,DATA1,2023-04-21,2023-05-20,720,720,OK,0,N
01_raw/KWater/mywater_period/H1/group2/DATA1/2023-05-21_2023-06-19.json,H1,group2,DATA1,2023-05-21,2023-06-19,720,720,OK,0,N
01_raw/KWater/mywater_period/H1/group2/DATA1/2023-06-20_2023-07-19.json,H1,group2,DATA1,2023-06-20,2023-07-19,720,720,OK,0,N
01_raw/KWater/mywater_period/H1/group2/DATA1/2023-07-20_2023-08-18.json,H1,group2,DATA1,2023-07-20,2023-08-18,720,720,OK,0,N
01_raw/KWater/mywater_period/H1/group2/DATA1/2023-08-19_2023-09-17.json,H1,group2,DATA1,2023-08-19,2023-09-17,720,720,OK,0,N
01_raw/KWater/mywater_period/H1/group2/DATA1/2023-09-18_2023-10-17.json,H1,group2,DATA1,2023-09-18,2023-10-17,720,720,OK,0,N
01_raw/KWater/mywater_period/H1/group2/DATA1/2023-10-18_2023-11-16.json,H1,group2,DATA1,2023-10-18,2023-11-16,720,720,OK,0,N
01_raw/KWater/mywater_period/H1/group2/DATA1/2023-11-17_2023-12-16.json,H1,group2,DATA1,2023-11-17,2023-12-16,720,720,OK,0,N
01_raw/KWater/mywater_period/H1/group2/DATA1/2023-12-17_2024-01-15.json,H1,group2,DATA1,2023-12-17,2024-01-15,720,720,OK,0,N
01_raw/KWater/mywater_period/H1/group2/DATA1/2024-01-16_2024-02-14.json,H1,group2,DATA1,2024-01-16,2024-02-14,720,720,OK,0,N
01_raw/KWater/mywater_period/H1/group2/DATA1/2024-02-15_2024-03-15.json,H1,group2,DATA1,2024-02-15,2024-03-15,720,720,OK,0,N
01_raw/KWater/mywater_period/H1/group2/DATA1/2024-03-16_2024-04-14.json,H1,group2,DATA1,2024-03-16,2024-04-14,720,720,OK,0,N
01_raw/KWater/mywater_period/H1/group2/DATA1/2024-04-15_2024-05-14.json,H1,group2,DATA1,2024-04-15,2024-05-14,720,720,OK,0,N
01_raw/KWater/mywater_period/H1/group2/DATA1/2024-05-15_2024-06-13.json,H1,group2,DATA1,2024-05-15,2024-06-13,720,720,OK,0,N
01_raw/KWater/mywater_period/H1/group2/DATA1/2024-06-14_2024-07-13.json,H1,group2,DATA1,2024-06-14,2024-07-13,720,720,OK,0,N
01_raw/KWater/mywater_period/H1/group2/DATA1/2024-07-14_2024-08-12.json,H1,group2,DATA1,2024-07-14,2024-08-12,720,720,OK,0,N
01_raw/KWater/mywater_period/H1/group2/DATA1/2024-08-13_2024-09-11.json,H1,group2,DATA1,2024-08-13,2024-09-11,720,720,OK,0,N
01_raw/KWater/mywater_period/H1/group2/DATA1/2024-09-12_2024-10-11.json,H1,group2,DATA1,2024-09-12,2024-10-11,720,720,OK,0,N
01_raw/KWater/mywater_period/H1/group2/DATA1/2024-10-12_2024-11-10.json,H1,group2,DATA1,2024-10-12,2024-11-10,720,720,OK,0,N
01_raw/KWater/mywater_period/H1/group2/DATA1/2024-11-11_2024-12-10.json,H1,group2,DATA1,2024-11-11,2024-12-10,720,720,OK,0,N
01_raw/KWater/mywater_period/H1/group2/DATA1/2024-12-11_2025-01-09.json,H1,group2,DATA1,2024-12-11,2025-01-09,720,720,OK,0,N
01_raw/KWater/mywater_period/H1/group2/DATA1/2025-01-10_2025-02-08.json,H1,group2,DATA1,2025-01-10,2025-02-08,720,720,OK,0,N
01_raw/KWater/mywater_period/H1/group2/DATA1/2025-02-09_2025-03-10.json,H1,group2,DATA1,2025-02-09,2025-03-10,720,720,OK,0,N
01_raw/KWater/mywater_period/H1/group2/DATA1/2025-03-11_2025-04-09.json,H1,group2,DATA1,2025-03-11,2025-04-09,720,720,OK,0,N
01_raw/KWater/mywater_period/H1/group2/DATA1/2025-04-10_2025-05-09.json,H1,group2,DATA1,2025-04-10,2025-05-09,720,720,OK,0,N
01_raw/KWater/mywater_period/H1/group2/DATA1/2025-05-10_2025-06-08.json,H1,group2,DATA1,2025-05-10,2025-06-08,720,720,OK,0,N
01_raw/KWater/mywater_period/H1/group2/DATA1/2025-06-09_2025-07-08.json,H1,group2,DATA1,2025-06-09,2025-07-08,720,720,OK,0,N
01_raw/KWater/mywater_period/H1/group2/DATA1/2025-07-09_2025-08-07.json,H1,group2,DATA1,2025-07-09,2025-08-07,720,720,OK,0,N
01_raw/KWater/mywater_period/H1/group2/DATA1/2025-08-08_2025-09-06.json,H1,group2,DATA1,2025-08-08,2025-09-06,720,720,OK,0,N
01_raw/KWater/mywater_period/H1/group2/DATA1/2025-09-07_2025-10-06.json,H1,group2,DATA1,2025-09-07,2025-10-06,720,720,OK,0,N
01_raw/KWater/mywater_period/H1/group2/DATA1/2025-10-07_2025-11-05.json,H1,group2,DATA1,2025-10-07,2025-11-05,720,720,OK,0,N
01_raw/KWater/mywater_period/H1/group2/DATA1/2025-11-06_2025-12-05.json,H1,group2,DATA1,2025-11-06,2025-12-05,720,720,OK,0,N
01_raw/KWater/mywater_period/H1/group2/DATA1/2025-12-06_2026-01-04.json,H1,group2,DATA1,2025-12-06,2026-01-04,720,720,OK,0,N
01_raw/KWater/mywater_period/H1/group2/DATA1/2026-01-05_2026-02-03.json,H1,group2,DATA1,2026-01-05,2026-02-03,720,720,OK,0,N
01_raw/KWater/mywater_period/H1/group2/DATA1/2026-02-04_2026-03-05.json,H1,group2,DATA1,2026-02-04,2026-03-05,720,720,OK,0,N
01_raw/KWater/mywater_period/H1/group2/DATA1/2026-03-06_2026-04-04.json,H1,group2,DATA1,2026-03-06,2026-04-04,720,720,OK,0,N
01_raw/KWater/mywater_period/H1/group2/DATA1/2026-04-05_2026-05-04.json,H1,group2,DATA1,2026-04-05,2026-05-04,720,720,OK,0,N
01_raw/KWater/mywater_period/H1/group2/DATA1/2026-05-05_2026-06-03.json,H1,group2,DATA1,2026-05-05,2026-06-03,720,720,OK,0,N
01_raw/KWater/mywater_period/H1/group2/DATA1/2026-06-04_2026-07-03.json,H1,group2,DATA1,2026-06-04,2026-07-03,720,720,OK,0,N
01_raw/KWater/mywater_period/H1/group2/DATA1/2026-07-04_2026-08-02.json,H1,group2,DATA1,2026-07-04,2026-08-02,720,720,OK,0,N
01_raw/KWater/mywater_period/H1/group2/DATA1/2026-08-03_2026-09-01.json,H1,group2,DATA1,2026-08-03,2026-09-01,720,720,OK,0,N
01_raw/KWater/mywater_period/H1/group2/DATA1/2026-09-02_2026-09-28.json,H1,group2,DATA1,2026-09-02,2026-09-28,648,648,OK,0,N
01_raw/KWater/mywater_period/H1/group2/DATA2/2021-01-01_2021-01-30.json,H1,group2,DATA2,2021-01-01,2021-01-30,720,720,OK,0,N
01_raw/KWater/mywater_period/H1/group2/DATA2/2021-01-31_2021-03-01.json,H1,group2,DATA2,2021-01-31,2021-03-01,720,720,OK,0,N
01_raw/KWater/mywater_period/H1/group2/DATA2/2021-03-02_2021-03-31.json,H1,group2,DATA2,2021-03-02,2021-03-31,720,720,OK,0,N
01_raw/KWater/mywater_period/H1/group2/DATA2/2021-04-01_2021-04-30.json,H1,group2,DATA2,2021-04-01,2021-04-30,720,720,OK,0,N
01_raw/KWater/mywater_period/H1/group2/DATA2/2021-05-01_2021-05-30.json,H1,group2,DATA2,2021-05-01,2021-05-30,720,720,OK,0,N
01_raw/KWater/mywater_period/H1/group2/DATA2/2021-05-31_2021-06-29.json,H1,group2,DATA2,2021-05-31,2021-06-29,720,720,OK,0,N
01_raw/KWater/mywater_period/H1/group2/DATA2/2021-06-30_2021-07-29.json,H1,group2,DATA2,2021-06-30,2021-07-29,720,720,OK,0,N
01_raw/KWater/mywater_period/H1/group2/DATA2/2021-07-30_2021-08-28.json,H1,group2,DATA2,2021-07-30,2021-08-28,720,720,OK,0,N
01_raw/KWater/mywater_period/H1/group2/DATA2/2021-08-29_2021-09-27.json,H1,group2,DATA2,2021-08-29,2021-09-27,720,720,OK,0,N
01_raw/KWater/mywater_period/H1/group2/DATA2/2021-09-28_2021-10-27.json,H1,group2,DATA2,2021-09-28,2021-10-27,720,720,OK,0,N
01_raw/KWater/mywater_period/H1/group2/DATA2/2021-10-28_2021-11-26.json,H1,group2,DATA2,2021-10-28,2021-11-26,720,720,OK,0,N
01_raw/KWater/mywater_period/H1/group2/DATA2/2021-11-27_2021-12-26.json,H1,group2,DATA2,2021-11-27,2021-12-26,720,720,OK,0,N
01_raw/KWater/mywater_period/H1/group2/DATA2/2021-12-27_2022-01-25.json,H1,group2,DATA2,2021-12-27,2022-01-25,720,720,OK,0,N
01_raw/KWater/mywater_period/H1/group2/DATA2/2022-01-26_2022-02-24.json,H1,group2,DATA2,2022-01-26,2022-02-24,720,720,OK,0,N
01_raw/KWater/mywater_period/H1/group2/DATA2/2022-02-25_2022-03-26.json,H1,group2,DATA2,2022-02-25,2022-03-26,720,720,OK,0,N
01_raw/KWater/mywater_period/H1/group2/DATA2/2022-03-27_2022-04-25.json,H1,group2,DATA2,2022-03-27,2022-04-25,720,720,OK,0,N
01_raw/KWater/mywater_period/H1/group2/DATA2/2022-04-26_2022-05-25.json,H1,group2,DATA2,2022-04-26,2022-05-25,720,720,OK,0,N
01_raw/KWater/mywater_period/H1/group2/DATA2/2022-05-26_2022-06-24.json,H1,group2,DATA2,2022-05-26,2022-06-24,720,720,OK,0,N
01_raw/KWater/mywater_period/H1/group2/DATA2/2022-06-25_2022-07-24.json,H1,group2,DATA2,2022-06-25,2022-07-24,720,720,OK,0,N
01_raw/KWater/mywater_period/H1/group2/DATA2/2022-07-25_2022-08-23.json,H1,group2,DATA2,2022-07-25,2022-08-23,720,720,OK,0,N
01_raw/KWater/mywater_period/H1/group2/DATA2/2022-08-24_2022-09-22.json,H1,group2,DATA2,2022-08-24,2022-09-22,720,720,OK,0,N
01_raw/KWater/mywater_period/H1/group2/DATA2/2022-09-23_2022-10-22.json,H1,group2,DATA2,2022-09-23,2022-10-22,720,720,OK,0,N
01_raw/KWater/mywater_period/H1/group2/DATA2/2022-10-23_2022-11-21.json,H1,group2,DATA2,2022-10-23,2022-11-21,720,720,OK,0,N
01_raw/KWater/mywater_period/H1/group2/DATA2/2022-11-22_2022-12-21.json,H1,group2,DATA2,2022-11-22,2022-12-21,720,720,OK,0,N
01_raw/KWater/mywater_period/H1/group2/DATA2/2022-12-22_2023-01-20.json,H1,group2,DATA2,2022-12-22,2023-01-20,720,720,OK,0,N
01_raw/KWater/mywater_period/H1/group2/DATA2/2023-01-21_2023-02-19.json,H1,group2,DATA2,2023-01-21,2023-02-19,720,720,OK,0,N
01_raw/KWater/mywater_period/H1/group2/DATA2/2023-02-20_2023-03-21.json,H1,group2,DATA2,2023-02-20,2023-03-21,720,720,OK,0,N
01_raw/KWater/mywater_period/H1/group2/DATA2/2023-03-22_2023-04-20.json,H1,group2,DATA2,2023-03-22,2023-04-20,720,720,OK,0,N
01_raw/KWater/mywater_period/H1/group2/DATA2/2023-04-21_2023-05-20.json,H1,group2,DATA2,2023-04-21,2023-05-20,720,720,OK,0,N
01_raw/KWater/mywater_period/H1/group2/DATA2/2023-05-21_2023-06-19.json,H1,group2,DATA2,2023-05-21,2023-06-19,720,720,OK,0,N
01_raw/KWater/mywater_period/H1/group2/DATA2/2023-06-20_2023-07-19.json,H1,group2,DATA2,2023-06-20,2023-07-19,720,720,OK,0,N
01_raw/KWater/mywater_period/H1/group2/DATA2/2023-07-20_2023-08-18.json,H1,group2,DATA2,2023-07-20,2023-08-18,720,720,OK,0,N
01_raw/KWater/mywater_period/H1/group2/DATA2/2023-08-19_2023-09-17.json,H1,group2,DATA2,2023-08-19,2023-09-17,720,720,OK,0,N
01_raw/KWater/mywater_period/H1/group2/DATA2/2023-09-18_2023-10-17.json,H1,group2,DATA2,2023-09-18,2023-10-17,720,720,OK,0,N
01_raw/KWater/mywater_period/H1/group2/DATA2/2023-10-18_2023-11-16.json,H1,group2,DATA2,2023-10-18,2023-11-16,720,720,OK,0,N
01_raw/KWater/mywater_period/H1/group2/DATA2/2023-11-17_2023-12-16.json,H1,group2,DATA2,2023-11-17,2023-12-16,720,720,OK,0,N
01_raw/KWater/mywater_period/H1/group2/DATA2/2023-12-17_2024-01-15.json,H1,group2,DATA2,2023-12-17,2024-01-15,720,720,OK,0,N
01_raw/KWater/mywater_period/H1/group2/DATA2/2024-01-16_2024-02-14.json,H1,group2,DATA2,2024-01-16,2024-02-14,720,720,OK,0,N
01_raw/KWater/mywater_period/H1/group2/DATA2/2024-02-15_2024-03-15.json,H1,group2,DATA2,2024-02-15,2024-03-15,720,720,OK,0,N
01_raw/KWater/mywater_period/H1/group2/DATA2/2024-03-16_2024-04-14.json,H1,group2,DATA2,2024-03-16,2024-04-14,720,720,OK,0,N
01_raw/KWater/mywater_period/H1/group2/DATA2/2024-04-15_2024-05-14.json,H1,group2,DATA2,2024-04-15,2024-05-14,720,720,OK,0,N
01_raw/KWater/mywater_period/H1/group2/DATA2/2024-05-15_2024-06-13.json,H1,group2,DATA2,2024-05-15,2024-06-13,720,720,OK,0,N
01_raw/KWater/mywater_period/H1/group2/DATA2/2024-06-14_2024-07-13.json,H1,group2,DATA2,2024-06-14,2024-07-13,720,720,OK,0,N
01_raw/KWater/mywater_period/H1/group2/DATA2/2024-07-14_2024-08-12.json,H1,group2,DATA2,2024-07-14,2024-08-12,720,720,OK,0,N
01_raw/KWater/mywater_period/H1/group2/DATA2/2024-08-13_2024-09-11.json,H1,group2,DATA2,2024-08-13,2024-09-11,720,720,OK,0,N
01_raw/KWater/mywater_period/H1/group2/DATA2/2024-09-12_2024-10-11.json,H1,group2,DATA2,2024-09-12,2024-10-11,720,720,OK,0,N
01_raw/KWater/mywater_period/H1/group2/DATA2/2024-10-12_2024-11-10.json,H1,group2,DATA2,2024-10-12,2024-11-10,720,720,OK,0,N
01_raw/KWater/mywater_period/H1/group2/DATA2/2024-11-11_2024-12-10.json,H1,group2,DATA2,2024-11-11,2024-12-10,720,720,OK,0,N
01_raw/KWater/mywater_period/H1/group2/DATA2/2024-12-11_2025-01-09.json,H1,group2,DATA2,2024-12-11,2025-01-09,720,720,OK,0,N
01_raw/KWater/mywater_period/H1/group2/DATA2/2025-01-10_2025-02-08.json,H1,group2,DATA2,2025-01-10,2025-02-08,720,720,OK,0,N
01_raw/KWater/mywater_period/H1/group2/DATA2/2025-02-09_2025-03-10.json,H1,group2,DATA2,2025-02-09,2025-03-10,720,720,OK,0,N
01_raw/KWater/mywater_period/H1/group2/DATA2/2025-03-11_2025-04-09.json,H1,group2,DATA2,2025-03-11,2025-04-09,720,720,OK,0,N
01_raw/KWater/mywater_period/H1/group2/DATA2/2025-04-10_2025-05-09.json,H1,group2,DATA2,2025-04-10,2025-05-09,720,720,OK,0,N
01_raw/KWater/mywater_period/H1/group2/DATA2/2025-05-10_2025-06-08.json,H1,group2,DATA2,2025-05-10,2025-06-08,720,720,OK,0,N
01_raw/KWater/mywater_period/H1/group2/DATA2/2025-06-09_2025-07-08.json,H1,group2,DATA2,2025-06-09,2025-07-08,720,720,OK,0,N
01_raw/KWater/mywater_period/H1/group2/DATA2/2025-07-09_2025-08-07.json,H1,group2,DATA2,2025-07-09,2025-08-07,720,720,OK,0,N
01_raw/KWater/mywater_period/H1/group2/DATA2/2025-08-08_2025-09-06.json,H1,group2,DATA2,2025-08-08,2025-09-06,720,720,OK,0,N
01_raw/KWater/mywater_period/H1/group2/DATA2/2025-09-07_2025-10-06.json,H1,group2,DATA2,2025-09-07,2025-10-06,720,720,OK,0,N
01_raw/KWater/mywater_period/H1/group2/DATA2/2025-10-07_2025-11-05.json,H1,group2,DATA2,2025-10-07,2025-11-05,720,720,OK,0,N
01_raw/KWater/mywater_period/H1/group2/DATA2/2025-11-06_2025-12-05.json,H1,group2,DATA2,2025-11-06,2025-12-05,720,720,OK,0,N
01_raw/KWater/mywater_period/H1/group2/DATA2/2025-12-06_2026-01-04.json,H1,group2,DATA2,2025-12-06,2026-01-04,720,720,OK,0,N
01_raw/KWater/mywater_period/H1/group2/DATA2/2026-01-05_2026-02-03.json,H1,group2,DATA2,2026-01-05,2026-02-03,720,720,OK,0,N
01_raw/KWater/mywater_period/H1/group2/DATA2/2026-02-04_2026-03-05.json,H1,group2,DATA2,2026-02-04,2026-03-05,720,720,OK,0,N
01_raw/KWater/mywater_period/H1/group2/DATA2/2026-03-06_2026-04-04.json,H1,group2,DATA2,2026-03-06,2026-04-04,720,720,OK,0,N
01_raw/KWater/mywater_period/H1/group2/DATA2/2026-04-05_2026-05-04.json,H1,group2,DATA2,2026-04-05,2026-05-04,720,720,OK,0,N
01_raw/KWater/mywater_period/H1/group2/DATA2/2026-05-05_2026-06-03.json,H1,group2,DATA2,2026-05-05,2026-06-03,720,720,OK,0,N
01_raw/KWater/mywater_period/H1/group2/DATA2/2026-06-04_2026-07-03.json,H1,group2,DATA2,2026-06-04,2026-07-03,720,720,OK,0,N
01_raw/KWater/mywater_period/H1/group2/DATA2/2026-07-04_2026-08-02.json,H1,group2,DATA2,2026-07-04,2026-08-02,720,720,OK,0,N
01_raw/KWater/mywater_period/H1/group2/DATA2/2026-08-03_2026-09-01.json,H1,group2,DATA2,2026-08-03,2026-09-01,720,720,OK,0,N
01_raw/KWater/mywater_period/H1/group2/DATA2/2026-09-02_2026-09-28.json,H1,group2,DATA2,2026-09-02,2026-09-28,648,648,OK,0,N
01_raw/KWater/mywater_period/H1/group2/DATA3/2021-01-01_2021-01-30.json,H1,group2,DATA3,2021-01-01,2021-01-30,720,720,OK,0,N
01_raw/KWater/mywater_period/H1/group2/DATA3/2021-01-31_2021-03-01.json,H1,group2,DATA3,2021-01-31,2021-03-01,720,720,OK,0,N
01_raw/KWater/mywater_period/H1/group2/DATA3/2021-03-02_2021-03-31.json,H1,group2,DATA3,2021-03-02,2021-03-31,720,720,OK,0,N
01_raw/KWater/mywater_period/H1/group2/DATA3/2021-04-01_2021-04-30.json,H1,group2,DATA3,2021-04-01,2021-04-30,720,720,OK,0,N
01_raw/KWater/mywater_period/H1/group2/DATA3/2021-05-01_2021-05-30.json,H1,group2,DATA3,2021-05-01,2021-05-30,720,720,OK,0,N
01_raw/KWater/mywater_period/H1/group2/DATA3/2021-05-31_2021-06-29.json,H1,group2,DATA3,2021-05-31,2021-06-29,720,720,OK,0,N
01_raw/KWater/mywater_period/H1/group2/DATA3/2021-06-30_2021-07-29.json,H1,group2,DATA3,2021-06-30,2021-07-29,720,720,OK,0,N
01_raw/KWater/mywater_period/H1/group2/DATA3/2021-07-30_2021-08-28.json,H1,group2,DATA3,2021-07-30,2021-08-28,720,720,OK,0,N
01_raw/KWater/mywater_period/H1/group2/DATA3/2021-08-29_2021-09-27.json,H1,group2,DATA3,2021-08-29,2021-09-27,720,720,OK,0,N
01_raw/KWater/mywater_period/H1/group2/DATA3/2021-09-28_2021-10-27.json,H1,group2,DATA3,2021-09-28,2021-10-27,720,720,OK,0,N
01_raw/KWater/mywater_period/H1/group2/DATA3/2021-10-28_2021-11-26.json,H1,group2,DATA3,2021-10-28,2021-11-26,720,720,OK,0,N
01_raw/KWater/mywater_period/H1/group2/DATA3/2021-11-27_2021-12-26.json,H1,group2,DATA3,2021-11-27,2021-12-26,720,720,OK,0,N
01_raw/KWater/mywater_period/H1/group2/DATA3/2021-12-27_2022-01-25.json,H1,group2,DATA3,2021-12-27,2022-01-25,720,720,OK,0,N
01_raw/KWater/mywater_period/H1/group2/DATA3/2022-01-26_2022-02-24.json,H1,group2,DATA3,2022-01-26,2022-02-24,720,720,OK,0,N
01_raw/KWater/mywater_period/H1/group2/DATA3/2022-02-25_2022-03-26.json,H1,group2,DATA3,2022-02-25,2022-03-26,720,720,OK,0,N
01_raw/KWater/mywater_period/H1/group2/DATA3/2022-03-27_2022-04-25.json,H1,group2,DATA3,2022-03-27,2022-04-25,720,720,OK,0,N
01_raw/KWater/mywater_period/H1/group2/DATA3/2022-04-26_2022-05-25.json,H1,group2,DATA3,2022-04-26,2022-05-25,720,720,OK,0,N
01_raw/KWater/mywater_period/H1/group2/DATA3/2022-05-26_2022-06-24.json,H1,group2,DATA3,2022-05-26,2022-06-24,720,720,OK,0,N
01_raw/KWater/mywater_period/H1/group2/DATA3/2022-06-25_2022-07-24.json,H1,group2,DATA3,2022-06-25,2022-07-24,720,720,OK,0,N
01_raw/KWater/mywater_period/H1/group2/DATA3/2022-07-25_2022-08-23.json,H1,group2,DATA3,2022-07-25,2022-08-23,720,720,OK,0,N
01_raw/KWater/mywater_period/H1/group2/DATA3/2022-08-24_2022-09-22.json,H1,group2,DATA3,2022-08-24,2022-09-22,720,720,OK,0,N
01_raw/KWater/mywater_period/H1/group2/DATA3/2022-09-23_2022-10-22.json,H1,group2,DATA3,2022-09-23,2022-10-22,720,720,OK,0,N
01_raw/KWater/mywater_period/H1/group2/DATA3/2022-10-23_2022-11-21.json,H1,group2,DATA3,2022-10-23,2022-11-21,720,720,OK,0,N
01_raw/KWater/mywater_period/H1/group2/DATA3/2022-11-22_2022-12-21.json,H1,group2,DATA3,2022-11-22,2022-12-21,720,720,OK,0,N
01_raw/KWater/mywater_period/H1/group2/DATA3/2022-12-22_2023-01-20.json,H1,group2,DATA3,2022-12-22,2023-01-20,720,720,OK,0,N
01_raw/KWater/mywater_period/H1/group2/DATA3/2023-01-21_2023-02-19.json,H1,group2,DATA3,2023-01-21,2023-02-19,720,720,OK,0,N
01_raw/KWater/mywater_period/H1/group2/DATA3/2023-02-20_2023-03-21.json,H1,group2,DATA3,2023-02-20,2023-03-21,720,720,OK,0,N
01_raw/KWater/mywater_period/H1/group2/DATA3/2023-03-22_2023-04-20.json,H1,group2,DATA3,2023-03-22,2023-04-20,720,720,OK,0,N
01_raw/KWater/mywater_period/H1/group2/DATA3/2023-04-21_2023-05-20.json,H1,group2,DATA3,2023-04-21,2023-05-20,720,720,OK,0,N
01_raw/KWater/mywater_period/H1/group2/DATA3/2023-05-21_2023-06-19.json,H1,group2,DATA3,2023-05-21,2023-06-19,720,720,OK,0,N
01_raw/KWater/mywater_period/H1/group2/DATA3/2023-06-20_2023-07-19.json,H1,group2,DATA3,2023-06-20,2023-07-19,720,720,OK,0,N
01_raw/KWater/mywater_period/H1/group2/DATA3/2023-07-20_2023-08-18.json,H1,group2,DATA3,2023-07-20,2023-08-18,720,720,OK,0,N
01_raw/KWater/mywater_period/H1/group2/DATA3/2023-08-19_2023-09-17.json,H1,group2,DATA3,2023-08-19,2023-09-17,720,720,OK,0,N
01_raw/KWater/mywater_period/H1/group2/DATA3/2023-09-18_2023-10-17.json,H1,group2,DATA3,2023-09-18,2023-10-17,720,720,OK,0,N
01_raw/KWater/mywater_period/H1/group2/DATA3/2023-10-18_2023-11-16.json,H1,group2,DATA3,2023-10-18,2023-11-16,720,720,OK,0,N
01_raw/KWater/mywater_period/H1/group2/DATA3/2023-11-17_2023-12-16.json,H1,group2,DATA3,2023-11-17,2023-12-16,720,720,OK,0,N
01_raw/KWater/mywater_period/H1/group2/DATA3/2023-12-17_2024-01-15.json,H1,group2,DATA3,2023-12-17,2024-01-15,720,720,OK,0,N
01_raw/KWater/mywater_period/H1/group2/DATA3/2024-01-16_2024-02-14.json,H1,group2,DATA3,2024-01-16,2024-02-14,720,720,OK,0,N
01_raw/KWater/mywater_period/H1/group2/DATA3/2024-02-15_2024-03-15.json,H1,group2,DATA3,2024-02-15,2024-03-15,720,720,OK,0,N
01_raw/KWater/mywater_period/H1/group2/DATA3/2024-03-16_2024-04-14.json,H1,group2,DATA3,2024-03-16,2024-04-14,720,720,OK,0,N
01_raw/KWater/mywater_period/H1/group2/DATA3/2024-04-15_2024-05-14.json,H1,group2,DATA3,2024-04-15,2024-05-14,720,720,OK,0,N
01_raw/KWater/mywater_period/H1/group2/DATA3/2024-05-15_2024-06-13.json,H1,group2,DATA3,2024-05-15,2024-06-13,720,720,OK,0,N
01_raw/KWater/mywater_period/H1/group2/DATA3/2024-06-14_2024-07-13.json,H1,group2,DATA3,2024-06-14,2024-07-13,720,720,OK,0,N
01_raw/KWater/mywater_period/H1/group2/DATA3/2024-07-14_2024-08-12.json,H1,group2,DATA3,2024-07-14,2024-08-12,720,720,OK,0,N
01_raw/KWater/mywater_period/H1/group2/DATA3/2024-08-13_2024-09-11.json,H1,group2,DATA3,2024-08-13,2024-09-11,720,720,OK,0,N
01_raw/KWater/mywater_period/H1/group2/DATA3/2024-09-12_2024-10-11.json,H1,group2,DATA3,2024-09-12,2024-10-11,720,720,OK,0,N
01_raw/KWater/mywater_period/H1/group2/DATA3/2024-10-12_2024-11-10.json,H1,group2,DATA3,2024-10-12,2024-11-10,720,720,OK,0,N
01_raw/KWater/mywater_period/H1/group2/DATA3/2024-11-11_2024-12-10.json,H1,group2,DATA3,2024-11-11,2024-12-10,720,720,OK,0,N
01_raw/KWater/mywater_period/H1/group2/DATA3/2024-12-11_2025-01-09.json,H1,group2,DATA3,2024-12-11,2025-01-09,720,720,OK,0,N
01_raw/KWater/mywater_period/H1/group2/DATA3/2025-01-10_2025-02-08.json,H1,group2,DATA3,2025-01-10,2025-02-08,720,720,OK,0,N
01_raw/KWater/mywater_period/H1/group2/DATA3/2025-02-09_2025-03-10.json,H1,group2,DATA3,2025-02-09,2025-03-10,720,720,OK,0,N
01_raw/KWater/mywater_period/H1/group2/DATA3/2025-03-11_2025-04-09.json,H1,group2,DATA3,2025-03-11,2025-04-09,720,720,OK,0,N
01_raw/KWater/mywater_period/H1/group2/DATA3/2025-04-10_2025-05-09.json,H1,group2,DATA3,2025-04-10,2025-05-09,720,720,OK,0,N
01_raw/KWater/mywater_period/H1/group2/DATA3/2025-05-10_2025-06-08.json,H1,group2,DATA3,2025-05-10,2025-06-08,720,720,OK,0,N
01_raw/KWater/mywater_period/H1/group2/DATA3/2025-06-09_2025-07-08.json,H1,group2,DATA3,2025-06-09,2025-07-08,720,720,OK,0,N
01_raw/KWater/mywater_period/H1/group2/DATA3/2025-07-09_2025-08-07.json,H1,group2,DATA3,2025-07-09,2025-08-07,720,720,OK,0,N
01_raw/KWater/mywater_period/H1/group2/DATA3/2025-08-08_2025-09-06.json,H1,group2,DATA3,2025-08-08,2025-09-06,720,720,OK,0,N
01_raw/KWater/mywater_period/H1/group2/DATA3/2025-09-07_2025-10-06.json,H1,group2,DATA3,2025-09-07,2025-10-06,720,720,OK,0,N
01_raw/KWater/mywater_period/H1/group2/DATA3/2025-10-07_2025-11-05.json,H1,group2,DATA3,2025-10-07,2025-11-05,720,720,OK,0,N
01_raw/KWater/mywater_period/H1/group2/DATA3/2025-11-06_2025-12-05.json,H1,group2,DATA3,2025-11-06,2025-12-05,720,720,OK,0,N
01_raw/KWater/mywater_period/H1/group2/DATA3/2025-12-06_2026-01-04.json,H1,group2,DATA3,2025-12-06,2026-01-04,720,720,OK,0,N
01_raw/KWater/mywater_period/H1/group2/DATA3/2026-01-05_2026-02-03.json,H1,group2,DATA3,2026-01-05,2026-02-03,720,720,OK,0,N
01_raw/KWater/mywater_period/H1/group2/DATA3/2026-02-04_2026-03-05.json,H1,group2,DATA3,2026-02-04,2026-03-05,720,720,OK,0,N
01_raw/KWater/mywater_period/H1/group2/DATA3/2026-03-06_2026-04-04.json,H1,group2,DATA3,2026-03-06,2026-04-04,720,720,OK,0,N
01_raw/KWater/mywater_period/H1/group2/DATA3/2026-04-05_2026-05-04.json,H1,group2,DATA3,2026-04-05,2026-05-04,720,720,OK,0,N
01_raw/KWater/mywater_period/H1/group2/DATA3/2026-05-05_2026-06-03.json,H1,group2,DATA3,2026-05-05,2026-06-03,720,720,OK,0,N
01_raw/KWater/mywater_period/H1/group2/DATA3/2026-06-04_2026-07-03.json,H1,group2,DATA3,2026-06-04,2026-07-03,720,720,OK,0,N
01_raw/KWater/mywater_period/H1/group2/DATA3/2026-07-04_2026-08-02.json,H1,group2,DATA3,2026-07-04,2026-08-02,720,720,OK,0,N
01_raw/KWater/mywater_period/H1/group2/DATA3/2026-08-03_2026-09-01.json,H1,group2,DATA3,2026-08-03,2026-09-01,720,720,OK,0,N
01_raw/KWater/mywater_period/H1/group2/DATA3/2026-09-02_2026-09-28.json,H1,group2,DATA3,2026-09-02,2026-09-28,648,648,OK,0,N
01_raw/KWater/mywater_period/H1/group2/DATA4/2021-01-01_2021-01-30.json,H1,group2,DATA4,2021-01-01,2021-01-30,720,720,OK,0,N
01_raw/KWater/mywater_period/H1/group2/DATA4/2021-01-31_2021-03-01.json,H1,group2,DATA4,2021-01-31,2021-03-01,720,720,OK,0,N
01_raw/KWater/mywater_period/H1/group2/DATA4/2021-03-02_2021-03-31.json,H1,group2,DATA4,2021-03-02,2021-03-31,720,720,OK,0,N
01_raw/KWater/mywater_period/H1/group2/DATA4/2021-04-01_2021-04-30.json,H1,group2,DATA4,2021-04-01,2021-04-30,720,720,OK,0,N
01_raw/KWater/mywater_period/H1/group2/DATA4/2021-05-01_2021-05-30.json,H1,group2,DATA4,2021-05-01,2021-05-30,720,720,OK,0,N
01_raw/KWater/mywater_period/H1/group2/DATA4/2021-05-31_2021-06-29.json,H1,group2,DATA4,2021-05-31,2021-06-29,720,720,OK,0,N
01_raw/KWater/mywater_period/H1/group2/DATA4/2021-06-30_2021-07-29.json,H1,group2,DATA4,2021-06-30,2021-07-29,720,720,OK,0,N
01_raw/KWater/mywater_period/H1/group2/DATA4/2021-07-30_2021-08-28.json,H1,group2,DATA4,2021-07-30,2021-08-28,720,720,OK,0,N
01_raw/KWater/mywater_period/H1/group2/DATA4/2021-08-29_2021-09-27.json,H1,group2,DATA4,2021-08-29,2021-09-27,720,720,OK,0,N
01_raw/KWater/mywater_period/H1/group2/DATA4/2021-09-28_2021-10-27.json,H1,group2,DATA4,2021-09-28,2021-10-27,720,720,OK,0,N
01_raw/KWater/mywater_period/H1/group2/DATA4/2021-10-28_2021-11-26.json,H1,group2,DATA4,2021-10-28,2021-11-26,720,720,OK,0,N
01_raw/KWater/mywater_period/H1/group2/DATA4/2021-11-27_2021-12-26.json,H1,group2,DATA4,2021-11-27,2021-12-26,720,720,OK,0,N
01_raw/KWater/mywater_period/H1/group2/DATA4/2021-12-27_2022-01-25.json,H1,group2,DATA4,2021-12-27,2022-01-25,720,720,OK,0,N
01_raw/KWater/mywater_period/H1/group2/DATA4/2022-01-26_2022-02-24.json,H1,group2,DATA4,2022-01-26,2022-02-24,720,720,OK,0,N
01_raw/KWater/mywater_period/H1/group2/DATA4/2022-02-25_2022-03-26.json,H1,group2,DATA4,2022-02-25,2022-03-26,720,720,OK,0,N
01_raw/KWater/mywater_period/H1/group2/DATA4/2022-03-27_2022-04-25.json,H1,group2,DATA4,2022-03-27,2022-04-25,720,720,OK,0,N
01_raw/KWater/mywater_period/H1/group2/DATA4/2022-04-26_2022-05-25.json,H1,group2,DATA4,2022-04-26,2022-05-25,720,720,OK,0,N
01_raw/KWater/mywater_period/H1/group2/DATA4/2022-05-26_2022-06-24.json,H1,group2,DATA4,2022-05-26,2022-06-24,720,720,OK,0,N
01_raw/KWater/mywater_period/H1/group2/DATA4/2022-06-25_2022-07-24.json,H1,group2,DATA4,2022-06-25,2022-07-24,720,720,OK,0,N
01_raw/KWater/mywater_period/H1/group2/DATA4/2022-07-25_2022-08-23.json,H1,group2,DATA4,2022-07-25,2022-08-23,720,720,OK,0,N
01_raw/KWater/mywater_period/H1/group2/DATA4/2022-08-24_2022-09-22.json,H1,group2,DATA4,2022-08-24,2022-09-22,720,720,OK,0,N
01_raw/KWater/mywater_period/H1/group2/DATA4/2022-09-23_2022-10-22.json,H1,group2,DATA4,2022-09-23,2022-10-22,720,720,OK,0,N
01_raw/KWater/mywater_period/H1/group2/DATA4/2022-10-23_2022-11-21.json,H1,group2,DATA4,2022-10-23,2022-11-21,720,720,OK,0,N
01_raw/KWater/mywater_period/H1/group2/DATA4/2022-11-22_2022-12-21.json,H1,group2,DATA4,2022-11-22,2022-12-21,720,720,OK,0,N
01_raw/KWater/mywater_period/H1/group2/DATA4/2022-12-22_2023-01-20.json,H1,group2,DATA4,2022-12-22,2023-01-20,720,720,OK,0,N
01_raw/KWater/mywater_period/H1/group2/DATA4/2023-01-21_2023-02-19.json,H1,group2,DATA4,2023-01-21,2023-02-19,720,720,OK,0,N
01_raw/KWater/mywater_period/H1/group2/DATA4/2023-02-20_2023-03-21.json,H1,group2,DATA4,2023-02-20,2023-03-21,720,720,OK,0,N
01_raw/KWater/mywater_period/H1/group2/DATA4/2023-03-22_2023-04-20.json,H1,group2,DATA4,2023-03-22,2023-04-20,720,720,OK,0,N
01_raw/KWater/mywater_period/H1/group2/DATA4/2023-04-21_2023-05-20.json,H1,group2,DATA4,2023-04-21,2023-05-20,720,720,OK,0,N
01_raw/KWater/mywater_period/H1/group2/DATA4/2023-05-21_2023-06-19.json,H1,group2,DATA4,2023-05-21,2023-06-19,720,720,OK,0,N
01_raw/KWater/mywater_period/H1/group2/DATA4/2023-06-20_2023-07-19.json,H1,group2,DATA4,2023-06-20,2023-07-19,720,720,OK,0,N
01_raw/KWater/mywater_period/H1/group2/DATA4/2023-07-20_2023-08-18.json,H1,group2,DATA4,2023-07-20,2023-08-18,720,720,OK,0,N
01_raw/KWater/mywater_period/H1/group2/DATA4/2023-08-19_2023-09-17.json,H1,group2,DATA4,2023-08-19,2023-09-17,720,720,OK,0,N
01_raw/KWater/mywater_period/H1/group2/DATA4/2023-09-18_2023-10-17.json,H1,group2,DATA4,2023-09-18,2023-10-17,720,720,OK,0,N
01_raw/KWater/mywater_period/H1/group2/DATA4/2023-10-18_2023-11-16.json,H1,group2,DATA4,2023-10-18,2023-11-16,720,720,OK,0,N
01_raw/KWater/mywater_period/H1/group2/DATA4/2023-11-17_2023-12-16.json,H1,group2,DATA4,2023-11-17,2023-12-16,720,720,OK,0,N
01_raw/KWater/mywater_period/H1/group2/DATA4/2023-12-17_2024-01-15.json,H1,group2,DATA4,2023-12-17,2024-01-15,720,720,OK,0,N
01_raw/KWater/mywater_period/H1/group2/DATA4/2024-01-16_2024-02-14.json,H1,group2,DATA4,2024-01-16,2024-02-14,720,720,OK,0,N
01_raw/KWater/mywater_period/H1/group2/DATA4/2024-02-15_2024-03-15.json,H1,group2,DATA4,2024-02-15,2024-03-15,720,720,OK,0,N
01_raw/KWater/mywater_period/H1/group2/DATA4/2024-03-16_2024-04-14.json,H1,group2,DATA4,2024-03-16,2024-04-14,720,720,OK,0,N
01_raw/KWater/mywater_period/H1/group2/DATA4/2024-04-15_2024-05-14.json,H1,group2,DATA4,2024-04-15,2024-05-14,720,720,OK,0,N
01_raw/KWater/mywater_period/H1/group2/DATA4/2024-05-15_2024-06-13.json,H1,group2,DATA4,2024-05-15,2024-06-13,720,720,OK,0,N
01_raw/KWater/mywater_period/H1/group2/DATA4/2024-06-14_2024-07-13.json,H1,group2,DATA4,2024-06-14,2024-07-13,720,720,OK,0,N
01_raw/KWater/mywater_period/H1/group2/DATA4/2024-07-14_2024-08-12.json,H1,group2,DATA4,2024-07-14,2024-08-12,720,720,OK,0,N
01_raw/KWater/mywater_period/H1/group2/DATA4/2024-08-13_2024-09-11.json,H1,group2,DATA4,2024-08-13,2024-09-11,720,720,OK,0,N
01_raw/KWater/mywater_period/H1/group2/DATA4/2024-09-12_2024-10-11.json,H1,group2,DATA4,2024-09-12,2024-10-11,720,720,OK,0,N
01_raw/KWater/mywater_period/H1/group2/DATA4/2024-10-12_2024-11-10.json,H1,group2,DATA4,2024-10-12,2024-11-10,720,720,OK,0,N
01_raw/KWater/mywater_period/H1/group2/DATA4/2024-11-11_2024-12-10.json,H1,group2,DATA4,2024-11-11,2024-12-10,720,720,OK,0,N
01_raw/KWater/mywater_period/H1/group2/DATA4/2024-12-11_2025-01-09.json,H1,group2,DATA4,2024-12-11,2025-01-09,720,720,OK,0,N
01_raw/KWater/mywater_period/H1/group2/DATA4/2025-01-10_2025-02-08.json,H1,group2,DATA4,2025-01-10,2025-02-08,720,720,OK,0,N
01_raw/KWater/mywater_period/H1/group2/DATA4/2025-02-09_2025-03-10.json,H1,group2,DATA4,2025-02-09,2025-03-10,720,720,OK,0,N
01_raw/KWater/mywater_period/H1/group2/DATA4/2025-03-11_2025-04-09.json,H1,group2,DATA4,2025-03-11,2025-04-09,720,720,OK,0,N
01_raw/KWater/mywater_period/H1/group2/DATA4/2025-04-10_2025-05-09.json,H1,group2,DATA4,2025-04-10,2025-05-09,720,720,OK,0,N
01_raw/KWater/mywater_period/H1/group2/DATA4/2025-05-10_2025-06-08.json,H1,group2,DATA4,2025-05-10,2025-06-08,720,720,OK,0,N
01_raw/KWater/mywater_period/H1/group2/DATA4/2025-06-09_2025-07-08.json,H1,group2,DATA4,2025-06-09,2025-07-08,720,720,OK,0,N
01_raw/KWater/mywater_period/H1/group2/DATA4/2025-07-09_2025-08-07.json,H1,group2,DATA4,2025-07-09,2025-08-07,720,720,OK,0,N
01_raw/KWater/mywater_period/H1/group2/DATA4/2025-08-08_2025-09-06.json,H1,group2,DATA4,2025-08-08,2025-09-06,720,720,OK,0,N
01_raw/KWater/mywater_period/H1/group2/DATA4/2025-09-07_2025-10-06.json,H1,group2,DATA4,2025-09-07,2025-10-06,720,720,OK,0,N
01_raw/KWater/mywater_period/H1/group2/DATA4/2025-10-07_2025-11-05.json,H1,group2,DATA4,2025-10-07,2025-11-05,720,720,OK,0,N
01_raw/KWater/mywater_period/H1/group2/DATA4/2025-11-06_2025-12-05.json,H1,group2,DATA4,2025-11-06,2025-12-05,720,720,OK,0,N
01_raw/KWater/mywater_period/H1/group2/DATA4/2025-12-06_2026-01-04.json,H1,group2,DATA4,2025-12-06,2026-01-04,720,720,OK,0,N
01_raw/KWater/mywater_period/H1/group2/DATA4/2026-01-05_2026-02-03.json,H1,group2,DATA4,2026-01-05,2026-02-03,720,720,OK,0,N
01_raw/KWater/mywater_period/H1/group2/DATA4/2026-02-04_2026-03-05.json,H1,group2,DATA4,2026-02-04,2026-03-05,720,720,OK,0,N
01_raw/KWater/mywater_period/H1/group2/DATA4/2026-03-06_2026-04-04.json,H1,group2,DATA4,2026-03-06,2026-04-04,720,720,OK,0,N
01_raw/KWater/mywater_period/H1/group2/DATA4/2026-04-05_2026-05-04.json,H1,group2,DATA4,2026-04-05,2026-05-04,720,720,OK,0,N
01_raw/KWater/mywater_period/H1/group2/DATA4/2026-05-05_2026-06-03.json,H1,group2,DATA4,2026-05-05,2026-06-03,720,720,OK,0,N
01_raw/KWater/mywater_period/H1/group2/DATA4/2026-06-04_2026-07-03.json,H1,group2,DATA4,2026-06-04,2026-07-03,720,720,OK,0,N
01_raw/KWater/mywater_period/H1/group2/DATA4/2026-07-04_2026-08-02.json,H1,group2,DATA4,2026-07-04,2026-08-02,720,720,OK,0,N
01_raw/KWater/mywater_period/H1/group2/DATA4/2026-08-03_2026-09-01.json,H1,group2,DATA4,2026-08-03,2026-09-01,720,720,OK,0,N
01_raw/KWater/mywater_period/H1/group2/DATA4/2026-09-02_2026-09-28.json,H1,group2,DATA4,2026-09-02,2026-09-28,648,648,OK,0,N
01_raw/KWater/mywater_period/H1/group2/DATA5/2021-01-01_2021-01-30.json,H1,group2,DATA5,2021-01-01,2021-01-30,720,720,OK,0,N
01_raw/KWater/mywater_period/H1/group2/DATA5/2021-01-31_2021-03-01.json,H1,group2,DATA5,2021-01-31,2021-03-01,720,720,OK,0,N
01_raw/KWater/mywater_period/H1/group2/DATA5/2021-03-02_2021-03-31.json,H1,group2,DATA5,2021-03-02,2021-03-31,720,720,OK,0,N
01_raw/KWater/mywater_period/H1/group2/DATA5/2021-04-01_2021-04-30.json,H1,group2,DATA5,2021-04-01,2021-04-30,720,720,OK,0,N
01_raw/KWater/mywater_period/H1/group2/DATA5/2021-05-01_2021-05-30.json,H1,group2,DATA5,2021-05-01,2021-05-30,720,720,OK,0,N
01_raw/KWater/mywater_period/H1/group2/DATA5/2021-05-31_2021-06-29.json,H1,group2,DATA5,2021-05-31,2021-06-29,720,720,OK,0,N
01_raw/KWater/mywater_period/H1/group2/DATA5/2021-06-30_2021-07-29.json,H1,group2,DATA5,2021-06-30,2021-07-29,720,720,OK,0,N
01_raw/KWater/mywater_period/H1/group2/DATA5/2021-07-30_2021-08-28.json,H1,group2,DATA5,2021-07-30,2021-08-28,720,720,OK,0,N
01_raw/KWater/mywater_period/H1/group2/DATA5/2021-08-29_2021-09-27.json,H1,group2,DATA5,2021-08-29,2021-09-27,720,720,OK,0,N
01_raw/KWater/mywater_period/H1/group2/DATA5/2021-09-28_2021-10-27.json,H1,group2,DATA5,2021-09-28,2021-10-27,720,720,OK,0,N
01_raw/KWater/mywater_period/H1/group2/DATA5/2021-10-28_2021-11-26.json,H1,group2,DATA5,2021-10-28,2021-11-26,720,720,OK,0,N
01_raw/KWater/mywater_period/H1/group2/DATA5/2021-11-27_2021-12-26.json,H1,group2,DATA5,2021-11-27,2021-12-26,720,720,OK,0,N
01_raw/KWater/mywater_period/H1/group2/DATA5/2021-12-27_2022-01-25.json,H1,group2,DATA5,2021-12-27,2022-01-25,720,720,OK,0,N
01_raw/KWater/mywater_period/H1/group2/DATA5/2022-01-26_2022-02-24.json,H1,group2,DATA5,2022-01-26,2022-02-24,720,720,OK,0,N
01_raw/KWater/mywater_period/H1/group2/DATA5/2022-02-25_2022-03-26.json,H1,group2,DATA5,2022-02-25,2022-03-26,720,720,OK,0,N
01_raw/KWater/mywater_period/H1/group2/DATA5/2022-03-27_2022-04-25.json,H1,group2,DATA5,2022-03-27,2022-04-25,720,720,OK,0,N
01_raw/KWater/mywater_period/H1/group2/DATA5/2022-04-26_2022-05-25.json,H1,group2,DATA5,2022-04-26,2022-05-25,720,720,OK,0,N
01_raw/KWater/mywater_period/H1/group2/DATA5/2022-05-26_2022-06-24.json,H1,group2,DATA5,2022-05-26,2022-06-24,720,720,OK,0,N
01_raw/KWater/mywater_period/H1/group2/DATA5/2022-06-25_2022-07-24.json,H1,group2,DATA5,2022-06-25,2022-07-24,720,720,OK,0,N
01_raw/KWater/mywater_period/H1/group2/DATA5/2022-07-25_2022-08-23.json,H1,group2,DATA5,2022-07-25,2022-08-23,720,720,OK,0,N
01_raw/KWater/mywater_period/H1/group2/DATA5/2022-08-24_2022-09-22.json,H1,group2,DATA5,2022-08-24,2022-09-22,720,720,OK,0,N
01_raw/KWater/mywater_period/H1/group2/DATA5/2022-09-23_2022-10-22.json,H1,group2,DATA5,2022-09-23,2022-10-22,720,720,OK,0,N
01_raw/KWater/mywater_period/H1/group2/DATA5/2022-10-23_2022-11-21.json,H1,group2,DATA5,2022-10-23,2022-11-21,720,720,OK,0,N
01_raw/KWater/mywater_period/H1/group2/DATA5/2022-11-22_2022-12-21.json,H1,group2,DATA5,2022-11-22,2022-12-21,720,720,OK,0,N
01_raw/KWater/mywater_period/H1/group2/DATA5/2022-12-22_2023-01-20.json,H1,group2,DATA5,2022-12-22,2023-01-20,720,720,OK,0,N
01_raw/KWater/mywater_period/H1/group2/DATA5/2023-01-21_2023-02-19.json,H1,group2,DATA5,2023-01-21,2023-02-19,720,720,OK,0,N
01_raw/KWater/mywater_period/H1/group2/DATA5/2023-02-20_2023-03-21.json,H1,group2,DATA5,2023-02-20,2023-03-21,720,720,OK,0,N
01_raw/KWater/mywater_period/H1/group2/DATA5/2023-03-22_2023-04-20.json,H1,group2,DATA5,2023-03-22,2023-04-20,720,720,OK,0,N
01_raw/KWater/mywater_period/H1/group2/DATA5/2023-04-21_2023-05-20.json,H1,group2,DATA5,2023-04-21,2023-05-20,720,720,OK,0,N
01_raw/KWater/mywater_period/H1/group2/DATA5/2023-05-21_2023-06-19.json,H1,group2,DATA5,2023-05-21,2023-06-19,720,720,OK,0,N
01_raw/KWater/mywater_period/H1/group2/DATA5/2023-06-20_2023-07-19.json,H1,group2,DATA5,2023-06-20,2023-07-19,720,720,OK,0,N
01_raw/KWater/mywater_period/H1/group2/DATA5/2023-07-20_2023-08-18.json,H1,group2,DATA5,2023-07-20,2023-08-18,720,720,OK,0,N
01_raw/KWater/mywater_period/H1/group2/DATA5/2023-08-19_2023-09-17.json,H1,group2,DATA5,2023-08-19,2023-09-17,720,720,OK,0,N
01_raw/KWater/mywater_period/H1/group2/DATA5/2023-09-18_2023-10-17.json,H1,group2,DATA5,2023-09-18,2023-10-17,720,720,OK,0,N
01_raw/KWater/mywater_period/H1/group2/DATA5/2023-10-18_2023-11-16.json,H1,group2,DATA5,2023-10-18,2023-11-16,720,720,OK,0,N
01_raw/KWater/mywater_period/H1/group2/DATA5/2023-11-17_2023-12-16.json,H1,group2,DATA5,2023-11-17,2023-12-16,720,720,OK,0,N
01_raw/KWater/mywater_period/H1/group2/DATA5/2023-12-17_2024-01-15.json,H1,group2,DATA5,2023-12-17,2024-01-15,720,720,OK,0,N
01_raw/KWater/mywater_period/H1/group2/DATA5/2024-01-16_2024-02-14.json,H1,group2,DATA5,2024-01-16,2024-02-14,720,720,OK,0,N
01_raw/KWater/mywater_period/H1/group2/DATA5/2024-02-15_2024-03-15.json,H1,group2,DATA5,2024-02-15,2024-03-15,720,720,OK,0,N
01_raw/KWater/mywater_period/H1/group2/DATA5/2024-03-16_2024-04-14.json,H1,group2,DATA5,2024-03-16,2024-04-14,720,720,OK,0,N
01_raw/KWater/mywater_period/H1/group2/DATA5/2024-04-15_2024-05-14.json,H1,group2,DATA5,2024-04-15,2024-05-14,720,720,OK,0,N
01_raw/KWater/mywater_period/H1/group2/DATA5/2024-05-15_2024-06-13.json,H1,group2,DATA5,2024-05-15,2024-06-13,720,720,OK,0,N
01_raw/KWater/mywater_period/H1/group2/DATA5/2024-06-14_2024-07-13.json,H1,group2,DATA5,2024-06-14,2024-07-13,720,720,OK,0,N
01_raw/KWater/mywater_period/H1/group2/DATA5/2024-07-14_2024-08-12.json,H1,group2,DATA5,2024-07-14,2024-08-12,720,720,OK,0,N
01_raw/KWater/mywater_period/H1/group2/DATA5/2024-08-13_2024-09-11.json,H1,group2,DATA5,2024-08-13,2024-09-11,720,720,OK,0,N
01_raw/KWater/mywater_period/H1/group2/DATA5/2024-09-12_2024-10-11.json,H1,group2,DATA5,2024-09-12,2024-10-11,720,720,OK,0,N
01_raw/KWater/mywater_period/H1/group2/DATA5/2024-10-12_2024-11-10.json,H1,group2,DATA5,2024-10-12,2024-11-10,720,720,OK,0,N
01_raw/KWater/mywater_period/H1/group2/DATA5/2024-11-11_2024-12-10.json,H1,group2,DATA5,2024-11-11,2024-12-10,720,720,OK,0,N
01_raw/KWater/mywater_period/H1/group2/DATA5/2024-12-11_2025-01-09.json,H1,group2,DATA5,2024-12-11,2025-01-09,720,720,OK,0,N
01_raw/KWater/mywater_period/H1/group2/DATA5/2025-01-10_2025-02-08.json,H1,group2,DATA5,2025-01-10,2025-02-08,720,720,OK,0,N
01_raw/KWater/mywater_period/H1/group2/DATA5/2025-02-09_2025-03-10.json,H1,group2,DATA5,2025-02-09,2025-03-10,720,720,OK,0,N
01_raw/KWater/mywater_period/H1/group2/DATA5/2025-03-11_2025-04-09.json,H1,group2,DATA5,2025-03-11,2025-04-09,720,720,OK,0,N
01_raw/KWater/mywater_period/H1/group2/DATA5/2025-04-10_2025-05-09.json,H1,group2,DATA5,2025-04-10,2025-05-09,720,720,OK,0,N
01_raw/KWater/mywater_period/H1/group2/DATA5/2025-05-10_2025-06-08.json,H1,group2,DATA5,2025-05-10,2025-06-08,720,720,OK,0,N
01_raw/KWater/mywater_period/H1/group2/DATA5/2025-06-09_2025-07-08.json,H1,group2,DATA5,2025-06-09,2025-07-08,720,720,OK,0,N
01_raw/KWater/mywater_period/H1/group2/DATA5/2025-07-09_2025-08-07.json,H1,group2,DATA5,2025-07-09,2025-08-07,720,720,OK,0,N
01_raw/KWater/mywater_period/H1/group2/DATA5/2025-08-08_2025-09-06.json,H1,group2,DATA5,2025-08-08,2025-09-06,720,720,OK,0,N
01_raw/KWater/mywater_period/H1/group2/DATA5/2025-09-07_2025-10-06.json,H1,group2,DATA5,2025-09-07,2025-10-06,720,720,OK,0,N
01_raw/KWater/mywater_period/H1/group2/DATA5/2025-10-07_2025-11-05.json,H1,group2,DATA5,2025-10-07,2025-11-05,720,720,OK,0,N
01_raw/KWater/mywater_period/H1/group2/DATA5/2025-11-06_2025-12-05.json,H1,group2,DATA5,2025-11-06,2025-12-05,720,720,OK,0,N
01_raw/KWater/mywater_period/H1/group2/DATA5/2025-12-06_2026-01-04.json,H1,group2,DATA5,2025-12-06,2026-01-04,720,720,OK,0,N
01_raw/KWater/mywater_period/H1/group2/DATA5/2026-01-05_2026-02-03.json,H1,group2,DATA5,2026-01-05,2026-02-03,720,720,OK,0,N
01_raw/KWater/mywater_period/H1/group2/DATA5/2026-02-04_2026-03-05.json,H1,group2,DATA5,2026-02-04,2026-03-05,720,720,OK,0,N
01_raw/KWater/mywater_period/H1/group2/DATA5/2026-03-06_2026-04-04.json,H1,group2,DATA5,2026-03-06,2026-04-04,720,720,OK,0,N
01_raw/KWater/mywater_period/H1/group2/DATA5/2026-04-05_2026-05-04.json,H1,group2,DATA5,2026-04-05,2026-05-04,720,720,OK,0,N
01_raw/KWater/mywater_period/H1/group2/DATA5/2026-05-05_2026-06-03.json,H1,group2,DATA5,2026-05-05,2026-06-03,720,720,OK,0,N
01_raw/KWater/mywater_period/H1/group2/DATA5/2026-06-04_2026-07-03.json,H1,group2,DATA5,2026-06-04,2026-07-03,720,720,OK,0,N
01_raw/KWater/mywater_period/H1/group2/DATA5/2026-07-04_2026-08-02.json,H1,group2,DATA5,2026-07-04,2026-08-02,720,720,OK,0,N
01_raw/KWater/mywater_period/H1/group2/DATA5/2026-08-03_2026-09-01.json,H1,group2,DATA5,2026-08-03,2026-09-01,720,720,OK,0,N
01_raw/KWater/mywater_period/H1/group2/DATA5/2026-09-02_2026-09-28.json,H1,group2,DATA5,2026-09-02,2026-09-28,648,648,OK,0,N
01_raw/KWater/mywater_period/H1/group2/DATA6/2021-01-01_2021-01-30.json,H1,group2,DATA6,2021-01-01,2021-01-30,720,720,OK,0,N
01_raw/KWater/mywater_period/H1/group2/DATA6/2021-01-31_2021-03-01.json,H1,group2,DATA6,2021-01-31,2021-03-01,720,720,OK,0,N
01_raw/KWater/mywater_period/H1/group2/DATA6/2021-03-02_2021-03-31.json,H1,group2,DATA6,2021-03-02,2021-03-31,720,720,OK,0,N
01_raw/KWater/mywater_period/H1/group2/DATA6/2021-04-01_2021-04-30.json,H1,group2,DATA6,2021-04-01,2021-04-30,720,720,OK,0,N
01_raw/KWater/mywater_period/H1/group2/DATA6/2021-05-01_2021-05-30.json,H1,group2,DATA6,2021-05-01,2021-05-30,720,720,OK,0,N
01_raw/KWater/mywater_period/H1/group2/DATA6/2021-05-31_2021-06-29.json,H1,group2,DATA6,2021-05-31,2021-06-29,720,720,OK,0,N
01_raw/KWater/mywater_period/H1/group2/DATA6/2021-06-30_2021-07-29.json,H1,group2,DATA6,2021-06-30,2021-07-29,720,720,OK,0,N
01_raw/KWater/mywater_period/H1/group2/DATA6/2021-07-30_2021-08-28.json,H1,group2,DATA6,2021-07-30,2021-08-28,720,720,OK,0,N
01_raw/KWater/mywater_period/H1/group2/DATA6/2021-08-29_2021-09-27.json,H1,group2,DATA6,2021-08-29,2021-09-27,720,720,OK,0,N
01_raw/KWater/mywater_period/H1/group2/DATA6/2021-09-28_2021-10-27.json,H1,group2,DATA6,2021-09-28,2021-10-27,720,720,OK,0,N
01_raw/KWater/mywater_period/H1/group2/DATA6/2021-10-28_2021-11-26.json,H1,group2,DATA6,2021-10-28,2021-11-26,720,720,OK,0,N
01_raw/KWater/mywater_period/H1/group2/DATA6/2021-11-27_2021-12-26.json,H1,group2,DATA6,2021-11-27,2021-12-26,720,720,OK,0,N
01_raw/KWater/mywater_period/H1/group2/DATA6/2021-12-27_2022-01-25.json,H1,group2,DATA6,2021-12-27,2022-01-25,720,720,OK,0,N
01_raw/KWater/mywater_period/H1/group2/DATA6/2022-01-26_2022-02-24.json,H1,group2,DATA6,2022-01-26,2022-02-24,720,720,OK,0,N
01_raw/KWater/mywater_period/H1/group2/DATA6/2022-02-25_2022-03-26.json,H1,group2,DATA6,2022-02-25,2022-03-26,720,720,OK,0,N
01_raw/KWater/mywater_period/H1/group2/DATA6/2022-03-27_2022-04-25.json,H1,group2,DATA6,2022-03-27,2022-04-25,720,720,OK,0,N
01_raw/KWater/mywater_period/H1/group2/DATA6/2022-04-26_2022-05-25.json,H1,group2,DATA6,2022-04-26,2022-05-25,720,720,OK,0,N
01_raw/KWater/mywater_period/H1/group2/DATA6/2022-05-26_2022-06-24.json,H1,group2,DATA6,2022-05-26,2022-06-24,720,720,OK,0,N
01_raw/KWater/mywater_period/H1/group2/DATA6/2022-06-25_2022-07-24.json,H1,group2,DATA6,2022-06-25,2022-07-24,720,720,OK,0,N
01_raw/KWater/mywater_period/H1/group2/DATA6/2022-07-25_2022-08-23.json,H1,group2,DATA6,2022-07-25,2022-08-23,720,720,OK,0,N
01_raw/KWater/mywater_period/H1/group2/DATA6/2022-08-24_2022-09-22.json,H1,group2,DATA6,2022-08-24,2022-09-22,720,720,OK,0,N
01_raw/KWater/mywater_period/H1/group2/DATA6/2022-09-23_2022-10-22.json,H1,group2,DATA6,2022-09-23,2022-10-22,720,720,OK,0,N
01_raw/KWater/mywater_period/H1/group2/DATA6/2022-10-23_2022-11-21.json,H1,group2,DATA6,2022-10-23,2022-11-21,720,720,OK,0,N
01_raw/KWater/mywater_period/H1/group2/DATA6/2022-11-22_2022-12-21.json,H1,group2,DATA6,2022-11-22,2022-12-21,720,720,OK,0,N
01_raw/KWater/mywater_period/H1/group2/DATA6/2022-12-22_2023-01-20.json,H1,group2,DATA6,2022-12-22,2023-01-20,720,720,OK,0,N
01_raw/KWater/mywater_period/H1/group2/DATA6/2023-01-21_2023-02-19.json,H1,group2,DATA6,2023-01-21,2023-02-19,720,720,OK,0,N
01_raw/KWater/mywater_period/H1/group2/DATA6/2023-02-20_2023-03-21.json,H1,group2,DATA6,2023-02-20,2023-03-21,720,720,OK,0,N
01_raw/KWater/mywater_period/H1/group2/DATA6/2023-03-22_2023-04-20.json,H1,group2,DATA6,2023-03-22,2023-04-20,720,720,OK,0,N
01_raw/KWater/mywater_period/H1/group2/DATA6/2023-04-21_2023-05-20.json,H1,group2,DATA6,2023-04-21,2023-05-20,720,720,OK,0,N
01_raw/KWater/mywater_period/H1/group2/DATA6/2023-05-21_2023-06-19.json,H1,group2,DATA6,2023-05-21,2023-06-19,720,720,OK,0,N
01_raw/KWater/mywater_period/H1/group2/DATA6/2023-06-20_2023-07-19.json,H1,group2,DATA6,2023-06-20,2023-07-19,720,720,OK,0,N
01_raw/KWater/mywater_period/H1/group2/DATA6/2023-07-20_2023-08-18.json,H1,group2,DATA6,2023-07-20,2023-08-18,720,720,OK,0,N
01_raw/KWater/mywater_period/H1/group2/DATA6/2023-08-19_2023-09-17.json,H1,group2,DATA6,2023-08-19,2023-09-17,720,720,OK,0,N
01_raw/KWater/mywater_period/H1/group2/DATA6/2023-09-18_2023-10-17.json,H1,group2,DATA6,2023-09-18,2023-10-17,720,720,OK,0,N
01_raw/KWater/mywater_period/H1/group2/DATA6/2023-10-18_2023-11-16.json,H1,group2,DATA6,2023-10-18,2023-11-16,720,720,OK,0,N
01_raw/KWater/mywater_period/H1/group2/DATA6/2023-11-17_2023-12-16.json,H1,group2,DATA6,2023-11-17,2023-12-16,720,720,OK,0,N
01_raw/KWater/mywater_period/H1/group2/DATA6/2023-12-17_2024-01-15.json,H1,group2,DATA6,2023-12-17,2024-01-15,720,720,OK,0,N
01_raw/KWater/mywater_period/H1/group2/DATA6/2024-01-16_2024-02-14.json,H1,group2,DATA6,2024-01-16,2024-02-14,720,720,OK,0,N
01_raw/KWater/mywater_period/H1/group2/DATA6/2024-02-15_2024-03-15.json,H1,group2,DATA6,2024-02-15,2024-03-15,720,720,OK,0,N
01_raw/KWater/mywater_period/H1/group2/DATA6/2024-03-16_2024-04-14.json,H1,group2,DATA6,2024-03-16,2024-04-14,720,720,OK,0,N
01_raw/KWater/mywater_period/H1/group2/DATA6/2024-04-15_2024-05-14.json,H1,group2,DATA6,2024-04-15,2024-05-14,720,720,OK,0,N
01_raw/KWater/mywater_period/H1/group2/DATA6/2024-05-15_2024-06-13.json,H1,group2,DATA6,2024-05-15,2024-06-13,720,720,OK,0,N
01_raw/KWater/mywater_period/H1/group2/DATA6/2024-06-14_2024-07-13.json,H1,group2,DATA6,2024-06-14,2024-07-13,720,720,OK,0,N
01_raw/KWater/mywater_period/H1/group2/DATA6/2024-07-14_2024-08-12.json,H1,group2,DATA6,2024-07-14,2024-08-12,720,720,OK,0,N
01_raw/KWater/mywater_period/H1/group2/DATA6/2024-08-13_2024-09-11.json,H1,group2,DATA6,2024-08-13,2024-09-11,720,720,OK,0,N
01_raw/KWater/mywater_period/H1/group3/DATA1/2021-01-01_2021-01-30.json,H1,group3,DATA1,2021-01-01,2021-01-30,721,720,ROWS_DIFF(+1),0,N
01_raw/KWater/mywater_period/H1/group3/DATA1/2021-01-31_2021-03-01.json,H1,group3,DATA1,2021-01-31,2021-03-01,720,720,OK,0,N
01_raw/KWater/mywater_period/H1/group3/DATA1/2021-03-02_2021-03-31.json,H1,group3,DATA1,2021-03-02,2021-03-31,720,720,OK,0,N
01_raw/KWater/mywater_period/M1/group1/DATA1/2021-06-21_2021-06-27.json,M1,group1,DATA1,2021-06-21,2021-06-27,1008,1008,OK,0,N
01_raw/KWater/mywater_period/M1/group1/DATA1/2021-06-28_2021-07-04.json,M1,group1,DATA1,2021-06-28,2021-07-04,1008,1008,OK,0,N
01_raw/KWater/mywater_period/M1/group1/DATA1/2021-07-05_2021-07-11.json,M1,group1,DATA1,2021-07-05,2021-07-11,1008,1008,OK,0,N
01_raw/KWater/mywater_period/M1/group1/DATA1/2021-07-12_2021-07-18.json,M1,group1,DATA1,2021-07-12,2021-07-18,1008,1008,OK,0,N
01_raw/KWater/mywater_period/M1/group1/DATA1/2021-07-19_2021-07-25.json,M1,group1,DATA1,2021-07-19,2021-07-25,1008,1008,OK,0,N
01_raw/KWater/mywater_period/M1/group1/DATA1/2021-07-26_2021-08-01.json,M1,group1,DATA1,2021-07-26,2021-08-01,1008,1008,OK,0,N
01_raw/KWater/mywater_period/M1/group1/DATA1/2021-08-02_2021-08-08.json,M1,group1,DATA1,2021-08-02,2021-08-08,1008,1008,OK,0,N
01_raw/KWater/mywater_period/M1/group1/DATA1/2021-08-09_2021-08-15.json,M1,group1,DATA1,2021-08-09,2021-08-15,1008,1008,OK,0,N
01_raw/KWater/mywater_period/M1/group1/DATA1/2021-08-16_2021-08-22.json,M1,group1,DATA1,2021-08-16,2021-08-22,1008,1008,OK,0,N
01_raw/KWater/mywater_period/M1/group1/DATA1/2021-08-23_2021-08-29.json,M1,group1,DATA1,2021-08-23,2021-08-29,1008,1008,OK,0,N
01_raw/KWater/mywater_period/M1/group1/DATA1/2021-08-30_2021-09-05.json,M1,group1,DATA1,2021-08-30,2021-09-05,1008,1008,OK,0,N
01_raw/KWater/mywater_period/M1/group1/DATA1/2021-09-06_2021-09-12.json,M1,group1,DATA1,2021-09-06,2021-09-12,1008,1008,OK,0,N
01_raw/KWater/mywater_period/M1/group1/DATA1/2021-09-13_2021-09-19.json,M1,group1,DATA1,2021-09-13,2021-09-19,1008,1008,OK,0,N
01_raw/KWater/mywater_period/M1/group1/DATA1/2021-09-20_2021-09-26.json,M1,group1,DATA1,2021-09-20,2021-09-26,1008,1008,OK,0,N
01_raw/KWater/mywater_period/M1/group1/DATA1/2021-09-27_2021-09-30.json,M1,group1,DATA1,2021-09-27,2021-09-30,576,576,OK,0,N
01_raw/KWater/mywater_period/M1/group1/DATA1/2022-06-21_2022-06-27.json,M1,group1,DATA1,2022-06-21,2022-06-27,1008,1008,OK,0,N
01_raw/KWater/mywater_period/M1/group1/DATA1/2022-06-28_2022-07-04.json,M1,group1,DATA1,2022-06-28,2022-07-04,1008,1008,OK,0,N
01_raw/KWater/mywater_period/M1/group1/DATA1/2022-07-05_2022-07-11.json,M1,group1,DATA1,2022-07-05,2022-07-11,1008,1008,OK,0,N
01_raw/KWater/mywater_period/M1/group1/DATA1/2022-07-12_2022-07-18.json,M1,group1,DATA1,2022-07-12,2022-07-18,1008,1008,OK,0,N
01_raw/KWater/mywater_period/M1/group1/DATA1/2022-07-19_2022-07-25.json,M1,group1,DATA1,2022-07-19,2022-07-25,1008,1008,OK,0,N
01_raw/KWater/mywater_period/M1/group1/DATA1/2022-07-26_2022-08-01.json,M1,group1,DATA1,2022-07-26,2022-08-01,1008,1008,OK,0,N
01_raw/KWater/mywater_period/M1/group1/DATA1/2022-08-02_2022-08-08.json,M1,group1,DATA1,2022-08-02,2022-08-08,1008,1008,OK,0,N
01_raw/KWater/mywater_period/M1/group1/DATA1/2022-08-09_2022-08-15.json,M1,group1,DATA1,2022-08-09,2022-08-15,1008,1008,OK,0,N
01_raw/KWater/mywater_period/M1/group1/DATA1/2022-08-16_2022-08-22.json,M1,group1,DATA1,2022-08-16,2022-08-22,1008,1008,OK,0,N
01_raw/KWater/mywater_period/M1/group1/DATA1/2022-08-23_2022-08-29.json,M1,group1,DATA1,2022-08-23,2022-08-29,1008,1008,OK,0,N
01_raw/KWater/mywater_period/M1/group1/DATA1/2022-08-30_2022-09-05.json,M1,group1,DATA1,2022-08-30,2022-09-05,1008,1008,OK,0,N
01_raw/KWater/mywater_period/M1/group1/DATA1/2022-09-06_2022-09-12.json,M1,group1,DATA1,2022-09-06,2022-09-12,1008,1008,OK,0,N
01_raw/KWater/mywater_period/M1/group1/DATA1/2022-09-13_2022-09-19.json,M1,group1,DATA1,2022-09-13,2022-09-19,1008,1008,OK,0,N
01_raw/KWater/mywater_period/M1/group1/DATA1/2022-09-20_2022-09-26.json,M1,group1,DATA1,2022-09-20,2022-09-26,1008,1008,OK,0,N
01_raw/KWater/mywater_period/M1/group1/DATA1/2022-09-27_2022-09-30.json,M1,group1,DATA1,2022-09-27,2022-09-30,576,576,OK,0,N
01_raw/KWater/mywater_period/M1/group1/DATA1/2023-06-21_2023-06-27.json,M1,group1,DATA1,2023-06-21,2023-06-27,1008,1008,OK,0,N
01_raw/KWater/mywater_period/M1/group1/DATA1/2023-06-28_2023-07-04.json,M1,group1,DATA1,2023-06-28,2023-07-04,1008,1008,OK,0,N
01_raw/KWater/mywater_period/M1/group1/DATA1/2023-07-05_2023-07-11.json,M1,group1,DATA1,2023-07-05,2023-07-11,1008,1008,OK,0,N
01_raw/KWater/mywater_period/M1/group1/DATA1/2023-07-12_2023-07-18.json,M1,group1,DATA1,2023-07-12,2023-07-18,1008,1008,OK,0,N
01_raw/KWater/mywater_period/M1/group1/DATA1/2023-07-19_2023-07-25.json,M1,group1,DATA1,2023-07-19,2023-07-25,1008,1008,OK,0,N
01_raw/KWater/mywater_period/M1/group1/DATA1/2023-07-26_2023-08-01.json,M1,group1,DATA1,2023-07-26,2023-08-01,1008,1008,OK,0,N
01_raw/KWater/mywater_period/M1/group1/DATA1/2023-08-02_2023-08-08.json,M1,group1,DATA1,2023-08-02,2023-08-08,1008,1008,OK,0,N
01_raw/KWater/mywater_period/M1/group1/DATA1/2023-08-09_2023-08-15.json,M1,group1,DATA1,2023-08-09,2023-08-15,1008,1008,OK,0,N
01_raw/KWater/mywater_period/M1/group1/DATA1/2023-08-16_2023-08-22.json,M1,group1,DATA1,2023-08-16,2023-08-22,1008,1008,OK,0,N
01_raw/KWater/mywater_period/M1/group1/DATA1/2023-08-23_2023-08-29.json,M1,group1,DATA1,2023-08-23,2023-08-29,1008,1008,OK,0,N
01_raw/KWater/mywater_period/M1/group1/DATA1/2023-08-30_2023-09-05.json,M1,group1,DATA1,2023-08-30,2023-09-05,1008,1008,OK,0,N
01_raw/KWater/mywater_period/M1/group1/DATA1/2023-09-06_2023-09-12.json,M1,group1,DATA1,2023-09-06,2023-09-12,1008,1008,OK,0,N
01_raw/KWater/mywater_period/M1/group1/DATA1/2023-09-13_2023-09-19.json,M1,group1,DATA1,2023-09-13,2023-09-19,1008,1008,OK,0,N
01_raw/KWater/mywater_period/M1/group1/DATA1/2023-09-20_2023-09-26.json,M1,group1,DATA1,2023-09-20,2023-09-26,1008,1008,OK,0,N
01_raw/KWater/mywater_period/M1/group1/DATA1/2023-09-27_2023-09-30.json,M1,group1,DATA1,2023-09-27,2023-09-30,576,576,OK,0,N
01_raw/KWater/mywater_period/M1/group1/DATA1/2024-06-21_2024-06-27.json,M1,group1,DATA1,2024-06-21,2024-06-27,1008,1008,OK,0,N
01_raw/KWater/mywater_period/M1/group1/DATA1/2024-06-28_2024-07-04.json,M1,group1,DATA1,2024-06-28,2024-07-04,1008,1008,OK,0,N
01_raw/KWater/mywater_period/M1/group1/DATA1/2024-07-05_2024-07-11.json,M1,group1,DATA1,2024-07-05,2024-07-11,1008,1008,OK,0,N
01_raw/KWater/mywater_period/M1/group1/DATA1/2024-07-12_2024-07-18.json,M1,group1,DATA1,2024-07-12,2024-07-18,1008,1008,OK,0,N
01_raw/KWater/mywater_period/M1/group1/DATA1/2024-07-19_2024-07-25.json,M1,group1,DATA1,2024-07-19,2024-07-25,1008,1008,OK,0,N
01_raw/KWater/mywater_period/M1/group1/DATA1/2024-07-26_2024-08-01.json,M1,group1,DATA1,2024-07-26,2024-08-01,1008,1008,OK,0,N
01_raw/KWater/mywater_period/M1/group1/DATA1/2024-08-02_2024-08-08.json,M1,group1,DATA1,2024-08-02,2024-08-08,1008,1008,OK,0,N
01_raw/KWater/mywater_period/M1/group1/DATA1/2024-08-09_2024-08-15.json,M1,group1,DATA1,2024-08-09,2024-08-15,1008,1008,OK,0,N
01_raw/KWater/mywater_period/M1/group1/DATA1/2024-08-16_2024-08-22.json,M1,group1,DATA1,2024-08-16,2024-08-22,1008,1008,OK,0,N
01_raw/KWater/mywater_period/M1/group1/DATA1/2024-08-23_2024-08-29.json,M1,group1,DATA1,2024-08-23,2024-08-29,1008,1008,OK,0,N
01_raw/KWater/mywater_period/M1/group1/DATA1/2024-08-30_2024-09-05.json,M1,group1,DATA1,2024-08-30,2024-09-05,1008,1008,OK,0,N
01_raw/KWater/mywater_period/M1/group1/DATA1/2024-09-06_2024-09-12.json,M1,group1,DATA1,2024-09-06,2024-09-12,1008,1008,OK,0,N
01_raw/KWater/mywater_period/M1/group1/DATA1/2024-09-13_2024-09-19.json,M1,group1,DATA1,2024-09-13,2024-09-19,1008,1008,OK,0,N
01_raw/KWater/mywater_period/M1/group1/DATA1/2024-09-20_2024-09-26.json,M1,group1,DATA1,2024-09-20,2024-09-26,1008,1008,OK,0,N
01_raw/KWater/mywater_period/M1/group1/DATA1/2024-09-27_2024-09-30.json,M1,group1,DATA1,2024-09-27,2024-09-30,576,576,OK,0,N
01_raw/KWater/mywater_period/M1/group1/DATA1/2025-06-21_2025-06-27.json,M1,group1,DATA1,2025-06-21,2025-06-27,1008,1008,OK,0,N
01_raw/KWater/mywater_period/M1/group1/DATA1/2025-06-28_2025-07-04.json,M1,group1,DATA1,2025-06-28,2025-07-04,1008,1008,OK,0,N
01_raw/KWater/mywater_period/M1/group1/DATA1/2025-07-05_2025-07-11.json,M1,group1,DATA1,2025-07-05,2025-07-11,1008,1008,OK,0,N
01_raw/KWater/mywater_period/M1/group1/DATA1/2025-07-12_2025-07-18.json,M1,group1,DATA1,2025-07-12,2025-07-18,1008,1008,OK,0,N
01_raw/KWater/mywater_period/M1/group1/DATA1/2025-07-19_2025-07-25.json,M1,group1,DATA1,2025-07-19,2025-07-25,1008,1008,OK,0,N
01_raw/KWater/mywater_period/M1/group1/DATA1/2025-07-26_2025-08-01.json,M1,group1,DATA1,2025-07-26,2025-08-01,1008,1008,OK,0,N
01_raw/KWater/mywater_period/M1/group1/DATA1/2025-08-02_2025-08-08.json,M1,group1,DATA1,2025-08-02,2025-08-08,1008,1008,OK,0,N
01_raw/KWater/mywater_period/M1/group1/DATA1/2025-08-09_2025-08-15.json,M1,group1,DATA1,2025-08-09,2025-08-15,1008,1008,OK,0,N
01_raw/KWater/mywater_period/M1/group1/DATA1/2025-08-16_2025-08-22.json,M1,group1,DATA1,2025-08-16,2025-08-22,1008,1008,OK,0,N
01_raw/KWater/mywater_period/M1/group1/DATA1/2025-08-23_2025-08-29.json,M1,group1,DATA1,2025-08-23,2025-08-29,1008,1008,OK,0,N
01_raw/KWater/mywater_period/M1/group1/DATA1/2025-08-30_2025-09-05.json,M1,group1,DATA1,2025-08-30,2025-09-05,1008,1008,OK,0,N
01_raw/KWater/mywater_period/M1/group1/DATA1/2025-09-06_2025-09-12.json,M1,group1,DATA1,2025-09-06,2025-09-12,1008,1008,OK,0,N
01_raw/KWater/mywater_period/M1/group1/DATA1/2025-09-13_2025-09-19.json,M1,group1,DATA1,2025-09-13,2025-09-19,1008,1008,OK,0,N
01_raw/KWater/mywater_period/M1/group1/DATA1/2025-09-20_2025-09-26.json,M1,group1,DATA1,2025-09-20,2025-09-26,1008,1008,OK,0,N
01_raw/KWater/mywater_period/M1/group1/DATA1/2025-09-27_2025-09-30.json,M1,group1,DATA1,2025-09-27,2025-09-30,576,576,OK,0,N
01_raw/KWater/mywater_period/M1/group1/DATA2/2021-06-21_2021-06-27.json,M1,group1,DATA2,2021-06-21,2021-06-27,1008,1008,OK,0,N
01_raw/KWater/mywater_period/M1/group1/DATA2/2021-06-28_2021-07-04.json,M1,group1,DATA2,2021-06-28,2021-07-04,1008,1008,OK,0,N
01_raw/KWater/mywater_period/M1/group1/DATA2/2021-07-05_2021-07-11.json,M1,group1,DATA2,2021-07-05,2021-07-11,1008,1008,OK,0,N
01_raw/KWater/mywater_period/M1/group1/DATA2/2021-07-12_2021-07-18.json,M1,group1,DATA2,2021-07-12,2021-07-18,1008,1008,OK,0,N
01_raw/KWater/mywater_period/M1/group1/DATA2/2021-07-19_2021-07-25.json,M1,group1,DATA2,2021-07-19,2021-07-25,1008,1008,OK,0,N
01_raw/KWater/mywater_period/M1/group1/DATA2/2021-07-26_2021-08-01.json,M1,group1,DATA2,2021-07-26,2021-08-01,1008,1008,OK,0,N
01_raw/KWater/mywater_period/M1/group1/DATA2/2021-08-02_2021-08-08.json,M1,group1,DATA2,2021-08-02,2021-08-08,1008,1008,OK,0,N
01_raw/KWater/mywater_period/M1/group1/DATA2/2021-08-09_2021-08-15.json,M1,group1,DATA2,2021-08-09,2021-08-15,1008,1008,OK,0,N
01_raw/KWater/mywater_period/M1/group1/DATA2/2021-08-16_2021-08-22.json,M1,group1,DATA2,2021-08-16,2021-08-22,1008,1008,OK,0,N
01_raw/KWater/mywater_period/M1/group1/DATA2/2021-08-23_2021-08-29.json,M1,group1,DATA2,2021-08-23,2021-08-29,1008,1008,OK,0,N
01_raw/KWater/mywater_period/M1/group1/DATA2/2021-08-30_2021-09-05.json,M1,group1,DATA2,2021-08-30,2021-09-05,1008,1008,OK,0,N
01_raw/KWater/mywater_period/M1/group1/DATA2/2021-09-06_2021-09-12.json,M1,group1,DATA2,2021-09-06,2021-09-12,1008,1008,OK,0,N
01_raw/KWater/mywater_period/M1/group1/DATA2/2021-09-13_2021-09-19.json,M1,group1,DATA2,2021-09-13,2021-09-19,1008,1008,OK,0,N
01_raw/KWater/mywater_period/M1/group1/DATA2/2021-09-20_2021-09-26.json,M1,group1,DATA2,2021-09-20,2021-09-26,1008,1008,OK,0,N
01_raw/KWater/mywater_period/M1/group1/DATA2/2021-09-27_2021-09-30.json,M1,group1,DATA2,2021-09-27,2021-09-30,576,576,OK,0,N
01_raw/KWater/mywater_period/M1/group1/DATA2/2022-06-21_2022-06-27.json,M1,group1,DATA2,2022-06-21,2022-06-27,1008,1008,OK,0,N
01_raw/KWater/mywater_period/M1/group1/DATA2/2022-06-28_2022-07-04.json,M1,group1,DATA2,2022-06-28,2022-07-04,1008,1008,OK,0,N
01_raw/KWater/mywater_period/M1/group1/DATA2/2022-07-05_2022-07-11.json,M1,group1,DATA2,2022-07-05,2022-07-11,1008,1008,OK,0,N
01_raw/KWater/mywater_period/M1/group1/DATA2/2022-07-12_2022-07-18.json,M1,group1,DATA2,2022-07-12,2022-07-18,1008,1008,OK,0,N
01_raw/KWater/mywater_period/M1/group1/DATA2/2022-07-19_2022-07-25.json,M1,group1,DATA2,2022-07-19,2022-07-25,1008,1008,OK,0,N
01_raw/KWater/mywater_period/M1/group1/DATA2/2022-07-26_2022-08-01.json,M1,group1,DATA2,2022-07-26,2022-08-01,1008,1008,OK,0,N
01_raw/KWater/mywater_period/M1/group1/DATA2/2022-08-02_2022-08-08.json,M1,group1,DATA2,2022-08-02,2022-08-08,1008,1008,OK,0,N
01_raw/KWater/mywater_period/M1/group1/DATA2/2022-08-09_2022-08-15.json,M1,group1,DATA2,2022-08-09,2022-08-15,1008,1008,OK,0,N
01_raw/KWater/mywater_period/M1/group1/DATA2/2022-08-16_2022-08-22.json,M1,group1,DATA2,2022-08-16,2022-08-22,1008,1008,OK,0,N
01_raw/KWater/mywater_period/M1/group1/DATA2/2022-08-23_2022-08-29.json,M1,group1,DATA2,2022-08-23,2022-08-29,1008,1008,OK,0,N
01_raw/KWater/mywater_period/M1/group1/DATA2/2022-08-30_2022-09-05.json,M1,group1,DATA2,2022-08-30,2022-09-05,1008,1008,OK,0,N
01_raw/KWater/mywater_period/M1/group1/DATA2/2022-09-06_2022-09-12.json,M1,group1,DATA2,2022-09-06,2022-09-12,1008,1008,OK,0,N
01_raw/KWater/mywater_period/M1/group1/DATA2/2022-09-13_2022-09-19.json,M1,group1,DATA2,2022-09-13,2022-09-19,1008,1008,OK,0,N
01_raw/KWater/mywater_period/M1/group1/DATA2/2022-09-20_2022-09-26.json,M1,group1,DATA2,2022-09-20,2022-09-26,1008,1008,OK,0,N
01_raw/KWater/mywater_period/M1/group1/DATA2/2022-09-27_2022-09-30.json,M1,group1,DATA2,2022-09-27,2022-09-30,576,576,OK,0,N
01_raw/KWater/mywater_period/M1/group1/DATA2/2023-06-21_2023-06-27.json,M1,group1,DATA2,2023-06-21,2023-06-27,1008,1008,OK,0,N
01_raw/KWater/mywater_period/M1/group1/DATA2/2023-06-28_2023-07-04.json,M1,group1,DATA2,2023-06-28,2023-07-04,1008,1008,OK,0,N
01_raw/KWater/mywater_period/M1/group1/DATA2/2023-07-05_2023-07-11.json,M1,group1,DATA2,2023-07-05,2023-07-11,1008,1008,OK,0,N
01_raw/KWater/mywater_period/M1/group1/DATA2/2023-07-12_2023-07-18.json,M1,group1,DATA2,2023-07-12,2023-07-18,1008,1008,OK,0,N
01_raw/KWater/mywater_period/M1/group1/DATA2/2023-07-19_2023-07-25.json,M1,group1,DATA2,2023-07-19,2023-07-25,1008,1008,OK,0,N
01_raw/KWater/mywater_period/M1/group1/DATA2/2023-07-26_2023-08-01.json,M1,group1,DATA2,2023-07-26,2023-08-01,1008,1008,OK,0,N
01_raw/KWater/mywater_period/M1/group1/DATA2/2023-08-02_2023-08-08.json,M1,group1,DATA2,2023-08-02,2023-08-08,1008,1008,OK,0,N
01_raw/KWater/mywater_period/M1/group1/DATA2/2023-08-09_2023-08-15.json,M1,group1,DATA2,2023-08-09,2023-08-15,1008,1008,OK,0,N
01_raw/KWater/mywater_period/M1/group1/DATA2/2023-08-16_2023-08-22.json,M1,group1,DATA2,2023-08-16,2023-08-22,1008,1008,OK,0,N
01_raw/KWater/mywater_period/M1/group1/DATA2/2023-08-23_2023-08-29.json,M1,group1,DATA2,2023-08-23,2023-08-29,1008,1008,OK,0,N
01_raw/KWater/mywater_period/M1/group1/DATA2/2023-08-30_2023-09-05.json,M1,group1,DATA2,2023-08-30,2023-09-05,1008,1008,OK,0,N
01_raw/KWater/mywater_period/M1/group1/DATA2/2023-09-06_2023-09-12.json,M1,group1,DATA2,2023-09-06,2023-09-12,1008,1008,OK,0,N
01_raw/KWater/mywater_period/M1/group1/DATA2/2023-09-13_2023-09-19.json,M1,group1,DATA2,2023-09-13,2023-09-19,1008,1008,OK,0,N
01_raw/KWater/mywater_period/M1/group1/DATA2/2023-09-20_2023-09-26.json,M1,group1,DATA2,2023-09-20,2023-09-26,1008,1008,OK,0,N
01_raw/KWater/mywater_period/M1/group1/DATA2/2023-09-27_2023-09-30.json,M1,group1,DATA2,2023-09-27,2023-09-30,576,576,OK,0,N
01_raw/KWater/mywater_period/M1/group1/DATA2/2024-06-21_2024-06-27.json,M1,group1,DATA2,2024-06-21,2024-06-27,1008,1008,OK,0,N
01_raw/KWater/mywater_period/M1/group1/DATA2/2024-06-28_2024-07-04.json,M1,group1,DATA2,2024-06-28,2024-07-04,1008,1008,OK,0,N
01_raw/KWater/mywater_period/M1/group1/DATA2/2024-07-05_2024-07-11.json,M1,group1,DATA2,2024-07-05,2024-07-11,1008,1008,OK,0,N
01_raw/KWater/mywater_period/M1/group1/DATA2/2024-07-12_2024-07-18.json,M1,group1,DATA2,2024-07-12,2024-07-18,1008,1008,OK,0,N
01_raw/KWater/mywater_period/M1/group1/DATA2/2024-07-19_2024-07-25.json,M1,group1,DATA2,2024-07-19,2024-07-25,1008,1008,OK,0,N
01_raw/KWater/mywater_period/M1/group1/DATA2/2024-07-26_2024-08-01.json,M1,group1,DATA2,2024-07-26,2024-08-01,1008,1008,OK,0,N
01_raw/KWater/mywater_period/M1/group1/DATA2/2024-08-02_2024-08-08.json,M1,group1,DATA2,2024-08-02,2024-08-08,1008,1008,OK,0,N
01_raw/KWater/mywater_period/M1/group1/DATA2/2024-08-09_2024-08-15.json,M1,group1,DATA2,2024-08-09,2024-08-15,1008,1008,OK,0,N
01_raw/KWater/mywater_period/M1/group1/DATA2/2024-08-16_2024-08-22.json,M1,group1,DATA2,2024-08-16,2024-08-22,1008,1008,OK,0,N
01_raw/KWater/mywater_period/M1/group1/DATA2/2024-08-23_2024-08-29.json,M1,group1,DATA2,2024-08-23,2024-08-29,1008,1008,OK,0,N
01_raw/KWater/mywater_period/M1/group1/DATA2/2024-08-30_2024-09-05.json,M1,group1,DATA2,2024-08-30,2024-09-05,1008,1008,OK,0,N
01_raw/KWater/mywater_period/M1/group1/DATA2/2024-09-06_2024-09-12.json,M1,group1,DATA2,2024-09-06,2024-09-12,1008,1008,OK,0,N
01_raw/KWater/mywater_period/M1/group1/DATA2/2024-09-13_2024-09-19.json,M1,group1,DATA2,2024-09-13,2024-09-19,1008,1008,OK,0,N
01_raw/KWater/mywater_period/M1/group1/DATA2/2024-09-20_2024-09-26.json,M1,group1,DATA2,2024-09-20,2024-09-26,1008,1008,OK,0,N
01_raw/KWater/mywater_period/M1/group1/DATA2/2024-09-27_2024-09-30.json,M1,group1,DATA2,2024-09-27,2024-09-30,576,576,OK,0,N
01_raw/KWater/mywater_period/M1/group1/DATA2/2025-06-21_2025-06-27.json,M1,group1,DATA2,2025-06-21,2025-06-27,1008,1008,OK,0,N
01_raw/KWater/mywater_period/M1/group1/DATA2/2025-06-28_2025-07-04.json,M1,group1,DATA2,2025-06-28,2025-07-04,1008,1008,OK,0,N
01_raw/KWater/mywater_period/M1/group1/DATA2/2025-07-05_2025-07-11.json,M1,group1,DATA2,2025-07-05,2025-07-11,1008,1008,OK,0,N
01_raw/KWater/mywater_period/M1/group1/DATA2/2025-07-12_2025-07-18.json,M1,group1,DATA2,2025-07-12,2025-07-18,1008,1008,OK,0,N
01_raw/KWater/mywater_period/M1/group1/DATA2/2025-07-19_2025-07-25.json,M1,group1,DATA2,2025-07-19,2025-07-25,1008,1008,OK,0,N
01_raw/KWater/mywater_period/M1/group1/DATA2/2025-07-26_2025-08-01.json,M1,group1,DATA2,2025-07-26,2025-08-01,1008,1008,OK,0,N
01_raw/KWater/mywater_period/M1/group1/DATA2/2025-08-02_2025-08-08.json,M1,group1,DATA2,2025-08-02,2025-08-08,1008,1008,OK,0,N
01_raw/KWater/mywater_period/M1/group1/DATA2/2025-08-09_2025-08-15.json,M1,group1,DATA2,2025-08-09,2025-08-15,1008,1008,OK,0,N
01_raw/KWater/mywater_period/M1/group1/DATA2/2025-08-16_2025-08-22.json,M1,group1,DATA2,2025-08-16,2025-08-22,1008,1008,OK,0,N
01_raw/KWater/mywater_period/M1/group1/DATA2/2025-08-23_2025-08-29.json,M1,group1,DATA2,2025-08-23,2025-08-29,1008,1008,OK,0,N
01_raw/KWater/mywater_period/M1/group1/DATA2/2025-08-30_2025-09-05.json,M1,group1,DATA2,2025-08-30,2025-09-05,1008,1008,OK,0,N
01_raw/KWater/mywater_period/M1/group1/DATA2/2025-09-06_2025-09-12.json,M1,group1,DATA2,2025-09-06,2025-09-12,1008,1008,OK,0,N
01_raw/KWater/mywater_period/M1/group1/DATA2/2025-09-13_2025-09-19.json,M1,group1,DATA2,2025-09-13,2025-09-19,1008,1008,OK,0,N
01_raw/KWater/mywater_period/M1/group1/DATA2/2025-09-20_2025-09-26.json,M1,group1,DATA2,2025-09-20,2025-09-26,1008,1008,OK,0,N
01_raw/KWater/mywater_period/M1/group1/DATA2/2025-09-27_2025-09-30.json,M1,group1,DATA2,2025-09-27,2025-09-30,576,576,OK,0,N
01_raw/KWater/mywater_period/M1/group1/DATA3/2021-06-21_2021-06-27.json,M1,group1,DATA3,2021-06-21,2021-06-27,1008,1008,OK,0,N
01_raw/KWater/mywater_period/M1/group1/DATA3/2021-06-28_2021-07-04.json,M1,group1,DATA3,2021-06-28,2021-07-04,1008,1008,OK,0,N
01_raw/KWater/mywater_period/M1/group1/DATA3/2021-07-05_2021-07-11.json,M1,group1,DATA3,2021-07-05,2021-07-11,1008,1008,OK,0,N
01_raw/KWater/mywater_period/M1/group1/DATA3/2021-07-12_2021-07-18.json,M1,group1,DATA3,2021-07-12,2021-07-18,1008,1008,OK,0,N
01_raw/KWater/mywater_period/M1/group1/DATA3/2021-07-19_2021-07-25.json,M1,group1,DATA3,2021-07-19,2021-07-25,1008,1008,OK,0,N
01_raw/KWater/mywater_period/M1/group1/DATA3/2021-07-26_2021-08-01.json,M1,group1,DATA3,2021-07-26,2021-08-01,1008,1008,OK,0,N
01_raw/KWater/mywater_period/M1/group1/DATA3/2021-08-02_2021-08-08.json,M1,group1,DATA3,2021-08-02,2021-08-08,1008,1008,OK,0,N
01_raw/KWater/mywater_period/M1/group1/DATA3/2021-08-09_2021-08-15.json,M1,group1,DATA3,2021-08-09,2021-08-15,1008,1008,OK,0,N
01_raw/KWater/mywater_period/M1/group1/DATA3/2021-08-16_2021-08-22.json,M1,group1,DATA3,2021-08-16,2021-08-22,1008,1008,OK,0,N
01_raw/KWater/mywater_period/M1/group1/DATA3/2021-08-23_2021-08-29.json,M1,group1,DATA3,2021-08-23,2021-08-29,1008,1008,OK,0,N
01_raw/KWater/mywater_period/M1/group1/DATA3/2021-08-30_2021-09-05.json,M1,group1,DATA3,2021-08-30,2021-09-05,1008,1008,OK,0,N
01_raw/KWater/mywater_period/M1/group1/DATA3/2021-09-06_2021-09-12.json,M1,group1,DATA3,2021-09-06,2021-09-12,1008,1008,OK,0,N
01_raw/KWater/mywater_period/M1/group1/DATA3/2021-09-13_2021-09-19.json,M1,group1,DATA3,2021-09-13,2021-09-19,1008,1008,OK,0,N
01_raw/KWater/mywater_period/M1/group1/DATA3/2021-09-20_2021-09-26.json,M1,group1,DATA3,2021-09-20,2021-09-26,1008,1008,OK,0,N
01_raw/KWater/mywater_period/M1/group1/DATA3/2021-09-27_2021-09-30.json,M1,group1,DATA3,2021-09-27,2021-09-30,576,576,OK,0,N
01_raw/KWater/mywater_period/M1/group1/DATA3/2022-06-21_2022-06-27.json,M1,group1,DATA3,2022-06-21,2022-06-27,1008,1008,OK,0,N
01_raw/KWater/mywater_period/M1/group1/DATA3/2022-06-28_2022-07-04.json,M1,group1,DATA3,2022-06-28,2022-07-04,1008,1008,OK,0,N
01_raw/KWater/mywater_period/M1/group1/DATA3/2022-07-05_2022-07-11.json,M1,group1,DATA3,2022-07-05,2022-07-11,1008,1008,OK,0,N
01_raw/KWater/mywater_period/M1/group1/DATA3/2022-07-12_2022-07-18.json,M1,group1,DATA3,2022-07-12,2022-07-18,1008,1008,OK,0,N
01_raw/KWater/mywater_period/M1/group1/DATA3/2022-07-19_2022-07-25.json,M1,group1,DATA3,2022-07-19,2022-07-25,1008,1008,OK,0,N
01_raw/KWater/mywater_period/M1/group1/DATA3/2022-07-26_2022-08-01.json,M1,group1,DATA3,2022-07-26,2022-08-01,1008,1008,OK,0,N
01_raw/KWater/mywater_period/M1/group1/DATA3/2022-08-02_2022-08-08.json,M1,group1,DATA3,2022-08-02,2022-08-08,1008,1008,OK,0,N
01_raw/KWater/mywater_period/M1/group1/DATA3/2022-08-09_2022-08-15.json,M1,group1,DATA3,2022-08-09,2022-08-15,1008,1008,OK,0,N
01_raw/KWater/mywater_period/M1/group1/DATA3/2022-08-16_2022-08-22.json,M1,group1,DATA3,2022-08-16,2022-08-22,1008,1008,OK,0,N
01_raw/KWater/mywater_period/M1/group1/DATA3/2022-08-23_2022-08-29.json,M1,group1,DATA3,2022-08-23,2022-08-29,1008,1008,OK,0,N
01_raw/KWater/mywater_period/M1/group1/DATA3/2022-08-30_2022-09-05.json,M1,group1,DATA3,2022-08-30,2022-09-05,1008,1008,OK,0,N
01_raw/KWater/mywater_period/M1/group1/DATA3/2022-09-06_2022-09-12.json,M1,group1,DATA3,2022-09-06,2022-09-12,1008,1008,OK,0,N
01_raw/KWater/mywater_period/M1/group1/DATA3/2022-09-13_2022-09-19.json,M1,group1,DATA3,2022-09-13,2022-09-19,1008,1008,OK,0,N
01_raw/KWater/mywater_period/M1/group1/DATA3/2022-09-20_2022-09-26.json,M1,group1,DATA3,2022-09-20,2022-09-26,1008,1008,OK,0,N
01_raw/KWater/mywater_period/M1/group1/DATA3/2022-09-27_2022-09-30.json,M1,group1,DATA3,2022-09-27,2022-09-30,576,576,OK,0,N
01_raw/KWater/mywater_period/M1/group1/DATA3/2023-06-21_2023-06-27.json,M1,group1,DATA3,2023-06-21,2023-06-27,1008,1008,OK,0,N
01_raw/KWater/mywater_period/M1/group1/DATA3/2023-06-28_2023-07-04.json,M1,group1,DATA3,2023-06-28,2023-07-04,1008,1008,OK,0,N
01_raw/KWater/mywater_period/M1/group1/DATA3/2023-07-05_2023-07-11.json,M1,group1,DATA3,2023-07-05,2023-07-11,1008,1008,OK,0,N
01_raw/KWater/mywater_period/M1/group1/DATA3/2023-07-12_2023-07-18.json,M1,group1,DATA3,2023-07-12,2023-07-18,1008,1008,OK,0,N
01_raw/KWater/mywater_period/M1/group1/DATA3/2023-07-19_2023-07-25.json,M1,group1,DATA3,2023-07-19,2023-07-25,1008,1008,OK,0,N
01_raw/KWater/mywater_period/M1/group1/DATA3/2023-07-26_2023-08-01.json,M1,group1,DATA3,2023-07-26,2023-08-01,1008,1008,OK,0,N
01_raw/KWater/mywater_period/M1/group1/DATA3/2023-08-02_2023-08-08.json,M1,group1,DATA3,2023-08-02,2023-08-08,1008,1008,OK,0,N
01_raw/KWater/mywater_period/M1/group1/DATA3/2023-08-09_2023-08-15.json,M1,group1,DATA3,2023-08-09,2023-08-15,1008,1008,OK,0,N
01_raw/KWater/mywater_period/M1/group1/DATA3/2023-08-16_2023-08-22.json,M1,group1,DATA3,2023-08-16,2023-08-22,1008,1008,OK,0,N
01_raw/KWater/mywater_period/M1/group1/DATA3/2023-08-23_2023-08-29.json,M1,group1,DATA3,2023-08-23,2023-08-29,1008,1008,OK,0,N
01_raw/KWater/mywater_period/M1/group1/DATA3/2023-08-30_2023-09-05.json,M1,group1,DATA3,2023-08-30,2023-09-05,1008,1008,OK,0,N
01_raw/KWater/mywater_period/M1/group1/DATA3/2023-09-06_2023-09-12.json,M1,group1,DATA3,2023-09-06,2023-09-12,1008,1008,OK,0,N
01_raw/KWater/mywater_period/M1/group1/DATA3/2023-09-13_2023-09-19.json,M1,group1,DATA3,2023-09-13,2023-09-19,1008,1008,OK,0,N
01_raw/KWater/mywater_period/M1/group1/DATA3/2023-09-20_2023-09-26.json,M1,group1,DATA3,2023-09-20,2023-09-26,1008,1008,OK,0,N
01_raw/KWater/mywater_period/M1/group1/DATA3/2023-09-27_2023-09-30.json,M1,group1,DATA3,2023-09-27,2023-09-30,576,576,OK,0,N
01_raw/KWater/mywater_period/M1/group1/DATA3/2024-06-21_2024-06-27.json,M1,group1,DATA3,2024-06-21,2024-06-27,1008,1008,OK,0,N
01_raw/KWater/mywater_period/M1/group1/DATA3/2024-06-28_2024-07-04.json,M1,group1,DATA3,2024-06-28,2024-07-04,1008,1008,OK,0,N
01_raw/KWater/mywater_period/M1/group1/DATA3/2024-07-05_2024-07-11.json,M1,group1,DATA3,2024-07-05,2024-07-11,1008,1008,OK,0,N
01_raw/KWater/mywater_period/M1/group1/DATA3/2024-07-12_2024-07-18.json,M1,group1,DATA3,2024-07-12,2024-07-18,1008,1008,OK,0,N
01_raw/KWater/mywater_period/M1/group1/DATA3/2024-07-19_2024-07-25.json,M1,group1,DATA3,2024-07-19,2024-07-25,1008,1008,OK,0,N
01_raw/KWater/mywater_period/M1/group1/DATA3/2024-07-26_2024-08-01.json,M1,group1,DATA3,2024-07-26,2024-08-01,1008,1008,OK,0,N
01_raw/KWater/mywater_period/M1/group1/DATA3/2024-08-02_2024-08-08.json,M1,group1,DATA3,2024-08-02,2024-08-08,1008,1008,OK,0,N
01_raw/KWater/mywater_period/M1/group1/DATA3/2024-08-09_2024-08-15.json,M1,group1,DATA3,2024-08-09,2024-08-15,1008,1008,OK,0,N
01_raw/KWater/mywater_period/M1/group1/DATA3/2024-08-16_2024-08-22.json,M1,group1,DATA3,2024-08-16,2024-08-22,1008,1008,OK,0,N
01_raw/KWater/mywater_period/M1/group1/DATA3/2024-08-23_2024-08-29.json,M1,group1,DATA3,2024-08-23,2024-08-29,1008,1008,OK,0,N
01_raw/KWater/mywater_period/M1/group1/DATA3/2024-08-30_2024-09-05.json,M1,group1,DATA3,2024-08-30,2024-09-05,1008,1008,OK,0,N
01_raw/KWater/mywater_period/M1/group1/DATA3/2024-09-06_2024-09-12.json,M1,group1,DATA3,2024-09-06,2024-09-12,1008,1008,OK,0,N
01_raw/KWater/mywater_period/M1/group1/DATA3/2024-09-13_2024-09-19.json,M1,group1,DATA3,2024-09-13,2024-09-19,1008,1008,OK,0,N
01_raw/KWater/mywater_period/M1/group1/DATA3/2024-09-20_2024-09-26.json,M1,group1,DATA3,2024-09-20,2024-09-26,1008,1008,OK,0,N
01_raw/KWater/mywater_period/M1/group1/DATA3/2024-09-27_2024-09-30.json,M1,group1,DATA3,2024-09-27,2024-09-30,576,576,OK,0,N
01_raw/KWater/mywater_period/M1/group1/DATA3/2025-06-21_2025-06-27.json,M1,group1,DATA3,2025-06-21,2025-06-27,1008,1008,OK,0,N
01_raw/KWater/mywater_period/M1/group1/DATA3/2025-06-28_2025-07-04.json,M1,group1,DATA3,2025-06-28,2025-07-04,1008,1008,OK,0,N
01_raw/KWater/mywater_period/M1/group1/DATA3/2025-07-05_2025-07-11.json,M1,group1,DATA3,2025-07-05,2025-07-11,1008,1008,OK,0,N
01_raw/KWater/mywater_period/M1/group1/DATA3/2025-07-12_2025-07-18.json,M1,group1,DATA3,2025-07-12,2025-07-18,1008,1008,OK,0,N
01_raw/KWater/mywater_period/M1/group1/DATA3/2025-07-19_2025-07-25.json,M1,group1,DATA3,2025-07-19,2025-07-25,1008,1008,OK,0,N
01_raw/KWater/mywater_period/M1/group1/DATA3/2025-07-26_2025-08-01.json,M1,group1,DATA3,2025-07-26,2025-08-01,1008,1008,OK,0,N
01_raw/KWater/mywater_period/M1/group1/DATA3/2025-08-02_2025-08-08.json,M1,group1,DATA3,2025-08-02,2025-08-08,1008,1008,OK,0,N
01_raw/KWater/mywater_period/M1/group1/DATA3/2025-08-09_2025-08-15.json,M1,group1,DATA3,2025-08-09,2025-08-15,1008,1008,OK,0,N
01_raw/KWater/mywater_period/M1/group1/DATA3/2025-08-16_2025-08-22.json,M1,group1,DATA3,2025-08-16,2025-08-22,1008,1008,OK,0,N
01_raw/KWater/mywater_period/M1/group1/DATA3/2025-08-23_2025-08-29.json,M1,group1,DATA3,2025-08-23,2025-08-29,1008,1008,OK,0,N
01_raw/KWater/mywater_period/M1/group1/DATA3/2025-08-30_2025-09-05.json,M1,group1,DATA3,2025-08-30,2025-09-05,1008,1008,OK,0,N
01_raw/KWater/mywater_period/M1/group1/DATA3/2025-09-06_2025-09-12.json,M1,group1,DATA3,2025-09-06,2025-09-12,1008,1008,OK,0,N
01_raw/KWater/mywater_period/M1/group1/DATA3/2025-09-13_2025-09-19.json,M1,group1,DATA3,2025-09-13,2025-09-19,1008,1008,OK,0,N
01_raw/KWater/mywater_period/M1/group1/DATA3/2025-09-20_2025-09-26.json,M1,group1,DATA3,2025-09-20,2025-09-26,1008,1008,OK,0,N
01_raw/KWater/mywater_period/M1/group1/DATA3/2025-09-27_2025-09-30.json,M1,group1,DATA3,2025-09-27,2025-09-30,576,576,OK,0,N
01_raw/KWater/mywater_period/M1/group1/DATA4/2021-06-21_2021-06-27.json,M1,group1,DATA4,2021-06-21,2021-06-27,1008,1008,OK,0,N
01_raw/KWater/mywater_period/M1/group1/DATA4/2021-06-28_2021-07-04.json,M1,group1,DATA4,2021-06-28,2021-07-04,1008,1008,OK,0,N
01_raw/KWater/mywater_period/M1/group1/DATA4/2021-07-05_2021-07-11.json,M1,group1,DATA4,2021-07-05,2021-07-11,1008,1008,OK,0,N
01_raw/KWater/mywater_period/M1/group1/DATA4/2021-07-12_2021-07-18.json,M1,group1,DATA4,2021-07-12,2021-07-18,1008,1008,OK,0,N
01_raw/KWater/mywater_period/M1/group1/DATA4/2021-07-19_2021-07-25.json,M1,group1,DATA4,2021-07-19,2021-07-25,1008,1008,OK,0,N
01_raw/KWater/mywater_period/M1/group1/DATA4/2021-07-26_2021-08-01.json,M1,group1,DATA4,2021-07-26,2021-08-01,1008,1008,OK,0,N
01_raw/KWater/mywater_period/M1/group1/DATA4/2021-08-02_2021-08-08.json,M1,group1,DATA4,2021-08-02,2021-08-08,1008,1008,OK,0,N
01_raw/KWater/mywater_period/M1/group1/DATA4/2021-08-09_2021-08-15.json,M1,group1,DATA4,2021-08-09,2021-08-15,1008,1008,OK,0,N
01_raw/KWater/mywater_period/M1/group1/DATA4/2021-08-16_2021-08-22.json,M1,group1,DATA4,2021-08-16,2021-08-22,1008,1008,OK,0,N
01_raw/KWater/mywater_period/M1/group1/DATA4/2021-08-23_2021-08-29.json,M1,group1,DATA4,2021-08-23,2021-08-29,1008,1008,OK,0,N
01_raw/KWater/mywater_period/M1/group1/DATA4/2021-08-30_2021-09-05.json,M1,group1,DATA4,2021-08-30,2021-09-05,1008,1008,OK,0,N
01_raw/KWater/mywater_period/M1/group1/DATA4/2021-09-06_2021-09-12.json,M1,group1,DATA4,2021-09-06,2021-09-12,1008,1008,OK,0,N
01_raw/KWater/mywater_period/M1/group1/DATA4/2021-09-13_2021-09-19.json,M1,group1,DATA4,2021-09-13,2021-09-19,1008,1008,OK,0,N
01_raw/KWater/mywater_period/M1/group1/DATA4/2021-09-20_2021-09-26.json,M1,group1,DATA4,2021-09-20,2021-09-26,1008,1008,OK,0,N
01_raw/KWater/mywater_period/M1/group1/DATA4/2021-09-27_2021-09-30.json,M1,group1,DATA4,2021-09-27,2021-09-30,576,576,OK,0,N
01_raw/KWater/mywater_period/M1/group1/DATA4/2022-06-21_2022-06-27.json,M1,group1,DATA4,2022-06-21,2022-06-27,1008,1008,OK,0,N
01_raw/KWater/mywater_period/M1/group1/DATA4/2022-06-28_2022-07-04.json,M1,group1,DATA4,2022-06-28,2022-07-04,1008,1008,OK,0,N
01_raw/KWater/mywater_period/M1/group1/DATA4/2022-07-05_2022-07-11.json,M1,group1,DATA4,2022-07-05,2022-07-11,1008,1008,OK,0,N
01_raw/KWater/mywater_period/M1/group1/DATA4/2022-07-12_2022-07-18.json,M1,group1,DATA4,2022-07-12,2022-07-18,1008,1008,OK,0,N
01_raw/KWater/mywater_period/M1/group1/DATA4/2022-07-19_2022-07-25.json,M1,group1,DATA4,2022-07-19,2022-07-25,1008,1008,OK,0,N
01_raw/KWater/mywater_period/M1/group1/DATA4/2022-07-26_2022-08-01.json,M1,group1,DATA4,2022-07-26,2022-08-01,1008,1008,OK,0,N
01_raw/KWater/mywater_period/M1/group1/DATA4/2022-08-02_2022-08-08.json,M1,group1,DATA4,2022-08-02,2022-08-08,1008,1008,OK,0,N
01_raw/KWater/mywater_period/M1/group1/DATA4/2022-08-09_2022-08-15.json,M1,group1,DATA4,2022-08-09,2022-08-15,1008,1008,OK,0,N
01_raw/KWater/mywater_period/M1/group1/DATA4/2022-08-16_2022-08-22.json,M1,group1,DATA4,2022-08-16,2022-08-22,1008,1008,OK,0,N
01_raw/KWater/mywater_period/M1/group1/DATA4/2022-08-23_2022-08-29.json,M1,group1,DATA4,2022-08-23,2022-08-29,1008,1008,OK,0,N
01_raw/KWater/mywater_period/M1/group1/DATA4/2022-08-30_2022-09-05.json,M1,group1,DATA4,2022-08-30,2022-09-05,1008,1008,OK,0,N
01_raw/KWater/mywater_period/M1/group1/DATA4/2022-09-06_2022-09-12.json,M1,group1,DATA4,2022-09-06,2022-09-12,1008,1008,OK,0,N
01_raw/KWater/mywater_period/M1/group1/DATA4/2022-09-13_2022-09-19.json,M1,group1,DATA4,2022-09-13,2022-09-19,1008,1008,OK,0,N
01_raw/KWater/mywater_period/M1/group1/DATA4/2022-09-20_2022-09-26.json,M1,group1,DATA4,2022-09-20,2022-09-26,1008,1008,OK,0,N
01_raw/KWater/mywater_period/M1/group1/DATA4/2022-09-27_2022-09-30.json,M1,group1,DATA4,2022-09-27,2022-09-30,576,576,OK,0,N
01_raw/KWater/mywater_period/M1/group1/DATA4/2023-06-21_2023-06-27.json,M1,group1,DATA4,2023-06-21,2023-06-27,1008,1008,OK,0,N
01_raw/KWater/mywater_period/M1/group1/DATA4/2023-06-28_2023-07-04.json,M1,group1,DATA4,2023-06-28,2023-07-04,1008,1008,OK,0,N
01_raw/KWater/mywater_period/M1/group1/DATA4/2023-07-05_2023-07-11.json,M1,group1,DATA4,2023-07-05,2023-07-11,1008,1008,OK,0,N
01_raw/KWater/mywater_period/M1/group1/DATA4/2023-07-12_2023-07-18.json,M1,group1,DATA4,2023-07-12,2023-07-18,1008,1008,OK,0,N
01_raw/KWater/mywater_period/M1/group1/DATA4/2023-07-19_2023-07-25.json,M1,group1,DATA4,2023-07-19,2023-07-25,1008,1008,OK,0,N
01_raw/KWater/mywater_period/M1/group1/DATA4/2023-07-26_2023-08-01.json,M1,group1,DATA4,2023-07-26,2023-08-01,1008,1008,OK,0,N
01_raw/KWater/mywater_period/M1/group1/DATA4/2023-08-02_2023-08-08.json,M1,group1,DATA4,2023-08-02,2023-08-08,1008,1008,OK,0,N
01_raw/KWater/mywater_period/M1/group1/DATA4/2023-08-09_2023-08-15.json,M1,group1,DATA4,2023-08-09,2023-08-15,1008,1008,OK,0,N
01_raw/KWater/mywater_period/M1/group1/DATA4/2023-08-16_2023-08-22.json,M1,group1,DATA4,2023-08-16,2023-08-22,1008,1008,OK,0,N
01_raw/KWater/mywater_period/M1/group1/DATA4/2023-08-23_2023-08-29.json,M1,group1,DATA4,2023-08-23,2023-08-29,1008,1008,OK,0,N
01_raw/KWater/mywater_period/M1/group1/DATA4/2023-08-30_2023-09-05.json,M1,group1,DATA4,2023-08-30,2023-09-05,1008,1008,OK,0,N
01_raw/KWater/mywater_period/M1/group1/DATA4/2023-09-06_2023-09-12.json,M1,group1,DATA4,2023-09-06,2023-09-12,1008,1008,OK,0,N
01_raw/KWater/mywater_period/M1/group1/DATA4/2023-09-13_2023-09-19.json,M1,group1,DATA4,2023-09-13,2023-09-19,1008,1008,OK,0,N
01_raw/KWater/mywater_period/M1/group1/DATA4/2023-09-20_2023-09-26.json,M1,group1,DATA4,2023-09-20,2023-09-26,1008,1008,OK,0,N
01_raw/KWater/mywater_period/M1/group1/DATA4/2023-09-27_2023-09-30.json,M1,group1,DATA4,2023-09-27,2023-09-30,576,576,OK,0,N
01_raw/KWater/mywater_period/M1/group1/DATA4/2024-06-21_2024-06-27.json,M1,group1,DATA4,2024-06-21,2024-06-27,1008,1008,OK,0,N
01_raw/KWater/mywater_period/M1/group1/DATA4/2024-06-28_2024-07-04.json,M1,group1,DATA4,2024-06-28,2024-07-04,1008,1008,OK,0,N
01_raw/KWater/mywater_period/M1/group1/DATA4/2024-07-05_2024-07-11.json,M1,group1,DATA4,2024-07-05,2024-07-11,1008,1008,OK,0,N
01_raw/KWater/mywater_period/M1/group1/DATA4/2024-07-12_2024-07-18.json,M1,group1,DATA4,2024-07-12,2024-07-18,1008,1008,OK,0,N
01_raw/KWater/mywater_period/M1/group1/DATA4/2024-07-19_2024-07-25.json,M1,group1,DATA4,2024-07-19,2024-07-25,1008,1008,OK,0,N
01_raw/KWater/mywater_period/M1/group1/DATA4/2024-07-26_2024-08-01.json,M1,group1,DATA4,2024-07-26,2024-08-01,1008,1008,OK,0,N
01_raw/KWater/mywater_period/M1/group1/DATA4/2024-08-02_2024-08-08.json,M1,group1,DATA4,2024-08-02,2024-08-08,1008,1008,OK,0,N
01_raw/KWater/mywater_period/M1/group1/DATA4/2024-08-09_2024-08-15.json,M1,group1,DATA4,2024-08-09,2024-08-15,1008,1008,OK,0,N
01_raw/KWater/mywater_period/M1/group1/DATA4/2024-08-16_2024-08-22.json,M1,group1,DATA4,2024-08-16,2024-08-22,1008,1008,OK,0,N
01_raw/KWater/mywater_period/M1/group1/DATA4/2024-08-23_2024-08-29.json,M1,group1,DATA4,2024-08-23,2024-08-29,1008,1008,OK,0,N
01_raw/KWater/mywater_period/M1/group1/DATA4/2024-08-30_2024-09-05.json,M1,group1,DATA4,2024-08-30,2024-09-05,1008,1008,OK,0,N
01_raw/KWater/mywater_period/M1/group1/DATA4/2024-09-06_2024-09-12.json,M1,group1,DATA4,2024-09-06,2024-09-12,1008,1008,OK,0,N
01_raw/KWater/mywater_period/M1/group1/DATA4/2024-09-13_2024-09-19.json,M1,group1,DATA4,2024-09-13,2024-09-19,1008,1008,OK,0,N
01_raw/KWater/mywater_period/M1/group1/DATA4/2024-09-20_2024-09-26.json,M1,group1,DATA4,2024-09-20,2024-09-26,1008,1008,OK,0,N
01_raw/KWater/mywater_period/M1/group1/DATA4/2024-09-27_2024-09-30.json,M1,group1,DATA4,2024-09-27,2024-09-30,576,576,OK,0,N
01_raw/KWater/mywater_period/M1/group1/DATA4/2025-06-21_2025-06-27.json,M1,group1,DATA4,2025-06-21,2025-06-27,1008,1008,OK,0,N
01_raw/KWater/mywater_period/M1/group1/DATA4/2025-06-28_2025-07-04.json,M1,group1,DATA4,2025-06-28,2025-07-04,1008,1008,OK,0,N
01_raw/KWater/mywater_period/M1/group1/DATA4/2025-07-05_2025-07-11.json,M1,group1,DATA4,2025-07-05,2025-07-11,1008,1008,OK,0,N
01_raw/KWater/mywater_period/M1/group1/DATA4/2025-07-12_2025-07-18.json,M1,group1,DATA4,2025-07-12,2025-07-18,1008,1008,OK,0,N
01_raw/KWater/mywater_period/M1/group1/DATA4/2025-07-19_2025-07-25.json,M1,group1,DATA4,2025-07-19,2025-07-25,1008,1008,OK,0,N
01_raw/KWater/mywater_period/M1/group1/DATA4/2025-07-26_2025-08-01.json,M1,group1,DATA4,2025-07-26,2025-08-01,1008,1008,OK,0,N
01_raw/KWater/mywater_period/M1/group1/DATA4/2025-08-02_2025-08-08.json,M1,group1,DATA4,2025-08-02,2025-08-08,1008,1008,OK,0,N
01_raw/KWater/mywater_period/M1/group1/DATA4/2025-08-09_2025-08-15.json,M1,group1,DATA4,2025-08-09,2025-08-15,1008,1008,OK,0,N
01_raw/KWater/mywater_period/M1/group1/DATA4/2025-08-16_2025-08-22.json,M1,group1,DATA4,2025-08-16,2025-08-22,1008,1008,OK,0,N
01_raw/KWater/mywater_period/M1/group1/DATA4/2025-08-23_2025-08-29.json,M1,group1,DATA4,2025-08-23,2025-08-29,1008,1008,OK,0,N
01_raw/KWater/mywater_period/M1/group1/DATA4/2025-08-30_2025-09-05.json,M1,group1,DATA4,2025-08-30,2025-09-05,1008,1008,OK,0,N
01_raw/KWater/mywater_period/M1/group1/DATA4/2025-09-06_2025-09-12.json,M1,group1,DATA4,2025-09-06,2025-09-12,1008,1008,OK,0,N
01_raw/KWater/mywater_period/M1/group1/DATA4/2025-09-13_2025-09-19.json,M1,group1,DATA4,2025-09-13,2025-09-19,1008,1008,OK,0,N
01_raw/KWater/mywater_period/M1/group1/DATA4/2025-09-20_2025-09-26.json,M1,group1,DATA4,2025-09-20,2025-09-26,1008,1008,OK,0,N
01_raw/KWater/mywater_period/M1/group1/DATA4/2025-09-27_2025-09-30.json,M1,group1,DATA4,2025-09-27,2025-09-30,576,576,OK,0,N
01_raw/KWater/mywater_period/M1/group1/DATA5/2021-06-21_2021-06-27.json,M1,group1,DATA5,2021-06-21,2021-06-27,1008,1008,OK,0,N
01_raw/KWater/mywater_period/M1/group1/DATA5/2021-06-28_2021-07-04.json,M1,group1,DATA5,2021-06-28,2021-07-04,1008,1008,OK,0,N
01_raw/KWater/mywater_period/M1/group1/DATA5/2021-07-05_2021-07-11.json,M1,group1,DATA5,2021-07-05,2021-07-11,1008,1008,OK,0,N
01_raw/KWater/mywater_period/M1/group1/DATA5/2021-07-12_2021-07-18.json,M1,group1,DATA5,2021-07-12,2021-07-18,1008,1008,OK,0,N
01_raw/KWater/mywater_period/M1/group1/DATA5/2021-07-19_2021-07-25.json,M1,group1,DATA5,2021-07-19,2021-07-25,1008,1008,OK,0,N
01_raw/KWater/mywater_period/M1/group1/DATA5/2021-07-26_2021-08-01.json,M1,group1,DATA5,2021-07-26,2021-08-01,1008,1008,OK,0,N
01_raw/KWater/mywater_period/M1/group1/DATA5/2021-08-02_2021-08-08.json,M1,group1,DATA5,2021-08-02,2021-08-08,1008,1008,OK,0,N
01_raw/KWater/mywater_period/M1/group1/DATA5/2021-08-09_2021-08-15.json,M1,group1,DATA5,2021-08-09,2021-08-15,1008,1008,OK,0,N
01_raw/KWater/mywater_period/M1/group1/DATA5/2021-08-16_2021-08-22.json,M1,group1,DATA5,2021-08-16,2021-08-22,1008,1008,OK,0,N
01_raw/KWater/mywater_period/M1/group1/DATA5/2021-08-23_2021-08-29.json,M1,group1,DATA5,2021-08-23,2021-08-29,1008,1008,OK,0,N
01_raw/KWater/mywater_period/M1/group1/DATA5/2021-08-30_2021-09-05.json,M1,group1,DATA5,2021-08-30,2021-09-05,1008,1008,OK,0,N
01_raw/KWater/mywater_period/M1/group1/DATA5/2021-09-06_2021-09-12.json,M1,group1,DATA5,2021-09-06,2021-09-12,1008,1008,OK,0,N
01_raw/KWater/mywater_period/M1/group1/DATA5/2021-09-13_2021-09-19.json,M1,group1,DATA5,2021-09-13,2021-09-19,1008,1008,OK,0,N
01_raw/KWater/mywater_period/M1/group1/DATA5/2021-09-20_2021-09-26.json,M1,group1,DATA5,2021-09-20,2021-09-26,1008,1008,OK,0,N
01_raw/KWater/mywater_period/M1/group1/DATA5/2021-09-27_2021-09-30.json,M1,group1,DATA5,2021-09-27,2021-09-30,576,576,OK,0,N
01_raw/KWater/mywater_period/M1/group1/DATA5/2022-06-21_2022-06-27.json,M1,group1,DATA5,2022-06-21,2022-06-27,1008,1008,OK,0,N
01_raw/KWater/mywater_period/M1/group1/DATA5/2022-06-28_2022-07-04.json,M1,group1,DATA5,2022-06-28,2022-07-04,1008,1008,OK,0,N
01_raw/KWater/mywater_period/M1/group1/DATA5/2022-07-05_2022-07-11.json,M1,group1,DATA5,2022-07-05,2022-07-11,1008,1008,OK,0,N
01_raw/KWater/mywater_period/M1/group1/DATA5/2022-07-12_2022-07-18.json,M1,group1,DATA5,2022-07-12,2022-07-18,1008,1008,OK,0,N
01_raw/KWater/mywater_period/M1/group1/DATA5/2022-07-19_2022-07-25.json,M1,group1,DATA5,2022-07-19,2022-07-25,1008,1008,OK,0,N
01_raw/KWater/mywater_period/M1/group1/DATA5/2022-07-26_2022-08-01.json,M1,group1,DATA5,2022-07-26,2022-08-01,1008,1008,OK,0,N
01_raw/KWater/mywater_period/M1/group1/DATA5/2022-08-02_2022-08-08.json,M1,group1,DATA5,2022-08-02,2022-08-08,1008,1008,OK,0,N
01_raw/KWater/mywater_period/M1/group1/DATA5/2022-08-09_2022-08-15.json,M1,group1,DATA5,2022-08-09,2022-08-15,1008,1008,OK,0,N
01_raw/KWater/mywater_period/M1/group1/DATA5/2022-08-16_2022-08-22.json,M1,group1,DATA5,2022-08-16,2022-08-22,1008,1008,OK,0,N
01_raw/KWater/mywater_period/M1/group1/DATA5/2022-08-23_2022-08-29.json,M1,group1,DATA5,2022-08-23,2022-08-29,1008,1008,OK,0,N
01_raw/KWater/mywater_period/M1/group1/DATA5/2022-08-30_2022-09-05.json,M1,group1,DATA5,2022-08-30,2022-09-05,1008,1008,OK,0,N
01_raw/KWater/mywater_period/M1/group1/DATA5/2022-09-06_2022-09-12.json,M1,group1,DATA5,2022-09-06,2022-09-12,1008,1008,OK,0,N
01_raw/KWater/mywater_period/M1/group1/DATA5/2022-09-13_2022-09-19.json,M1,group1,DATA5,2022-09-13,2022-09-19,1008,1008,OK,0,N
01_raw/KWater/mywater_period/M1/group1/DATA5/2022-09-20_2022-09-26.json,M1,group1,DATA5,2022-09-20,2022-09-26,1008,1008,OK,0,N
01_raw/KWater/mywater_period/M1/group1/DATA5/2022-09-27_2022-09-30.json,M1,group1,DATA5,2022-09-27,2022-09-30,576,576,OK,0,N
01_raw/KWater/mywater_period/M1/group1/DATA5/2023-06-21_2023-06-27.json,M1,group1,DATA5,2023-06-21,2023-06-27,1008,1008,OK,0,N
01_raw/KWater/mywater_period/M1/group1/DATA5/2023-06-28_2023-07-04.json,M1,group1,DATA5,2023-06-28,2023-07-04,1008,1008,OK,0,N
01_raw/KWater/mywater_period/M1/group1/DATA5/2023-07-05_2023-07-11.json,M1,group1,DATA5,2023-07-05,2023-07-11,1008,1008,OK,0,N
01_raw/KWater/mywater_period/M1/group1/DATA5/2023-07-12_2023-07-18.json,M1,group1,DATA5,2023-07-12,2023-07-18,1008,1008,OK,0,N
01_raw/KWater/mywater_period/M1/group1/DATA5/2023-07-19_2023-07-25.json,M1,group1,DATA5,2023-07-19,2023-07-25,1008,1008,OK,0,N
01_raw/KWater/mywater_period/M1/group1/DATA5/2023-07-26_2023-08-01.json,M1,group1,DATA5,2023-07-26,2023-08-01,1008,1008,OK,0,N
01_raw/KWater/mywater_period/M1/group1/DATA5/2023-08-02_2023-08-08.json,M1,group1,DATA5,2023-08-02,2023-08-08,1008,1008,OK,0,N
01_raw/KWater/mywater_period/M1/group1/DATA5/2023-08-09_2023-08-15.json,M1,group1,DATA5,2023-08-09,2023-08-15,1008,1008,OK,0,N
01_raw/KWater/mywater_period/M1/group1/DATA5/2023-08-16_2023-08-22.json,M1,group1,DATA5,2023-08-16,2023-08-22,1008,1008,OK,0,N
01_raw/KWater/mywater_period/M1/group1/DATA5/2023-08-23_2023-08-29.json,M1,group1,DATA5,2023-08-23,2023-08-29,1008,1008,OK,0,N
01_raw/KWater/mywater_period/M1/group1/DATA5/2023-08-30_2023-09-05.json,M1,group1,DATA5,2023-08-30,2023-09-05,1008,1008,OK,0,N
01_raw/KWater/mywater_period/M1/group1/DATA5/2023-09-06_2023-09-12.json,M1,group1,DATA5,2023-09-06,2023-09-12,1008,1008,OK,0,N
01_raw/KWater/mywater_period/M1/group1/DATA5/2023-09-13_2023-09-19.json,M1,group1,DATA5,2023-09-13,2023-09-19,1008,1008,OK,0,N
01_raw/KWater/mywater_period/M1/group1/DATA5/2023-09-20_2023-09-26.json,M1,group1,DATA5,2023-09-20,2023-09-26,1008,1008,OK,0,N
01_raw/KWater/mywater_period/M1/group1/DATA5/2023-09-27_2023-09-30.json,M1,group1,DATA5,2023-09-27,2023-09-30,576,576,OK,0,N
01_raw/KWater/mywater_period/M1/group1/DATA5/2024-06-21_2024-06-27.json,M1,group1,DATA5,2024-06-21,2024-06-27,1008,1008,OK,0,N
01_raw/KWater/mywater_period/M1/group1/DATA5/2024-06-28_2024-07-04.json,M1,group1,DATA5,2024-06-28,2024-07-04,1008,1008,OK,0,N
01_raw/KWater/mywater_period/M1/group1/DATA5/2024-07-05_2024-07-11.json,M1,group1,DATA5,2024-07-05,2024-07-11,1008,1008,OK,0,N
01_raw/KWater/mywater_period/M1/group1/DATA5/2024-07-12_2024-07-18.json,M1,group1,DATA5,2024-07-12,2024-07-18,1008,1008,OK,0,N
01_raw/KWater/mywater_period/M1/group1/DATA5/2024-07-19_2024-07-25.json,M1,group1,DATA5,2024-07-19,2024-07-25,1008,1008,OK,0,N
01_raw/KWater/mywater_period/M1/group1/DATA5/2024-07-26_2024-08-01.json,M1,group1,DATA5,2024-07-26,2024-08-01,1008,1008,OK,0,N
01_raw/KWater/mywater_period/M1/group1/DATA5/2024-08-02_2024-08-08.json,M1,group1,DATA5,2024-08-02,2024-08-08,1008,1008,OK,0,N
01_raw/KWater/mywater_period/M1/group1/DATA5/2024-08-09_2024-08-15.json,M1,group1,DATA5,2024-08-09,2024-08-15,1008,1008,OK,0,N
01_raw/KWater/mywater_period/M1/group1/DATA5/2024-08-16_2024-08-22.json,M1,group1,DATA5,2024-08-16,2024-08-22,1008,1008,OK,0,N
01_raw/KWater/mywater_period/M1/group1/DATA5/2024-08-23_2024-08-29.json,M1,group1,DATA5,2024-08-23,2024-08-29,1008,1008,OK,0,N
01_raw/KWater/mywater_period/M1/group1/DATA5/2024-08-30_2024-09-05.json,M1,group1,DATA5,2024-08-30,2024-09-05,1008,1008,OK,0,N
01_raw/KWater/mywater_period/M1/group1/DATA5/2024-09-06_2024-09-12.json,M1,group1,DATA5,2024-09-06,2024-09-12,1008,1008,OK,0,N
01_raw/KWater/mywater_period/M1/group1/DATA5/2024-09-13_2024-09-19.json,M1,group1,DATA5,2024-09-13,2024-09-19,1008,1008,OK,0,N
01_raw/KWater/mywater_period/M1/group1/DATA5/2024-09-20_2024-09-26.json,M1,group1,DATA5,2024-09-20,2024-09-26,1008,1008,OK,0,N
01_raw/KWater/mywater_period/M1/group1/DATA5/2024-09-27_2024-09-30.json,M1,group1,DATA5,2024-09-27,2024-09-30,576,576,OK,0,N
01_raw/KWater/mywater_period/M1/group1/DATA5/2025-06-21_2025-06-27.json,M1,group1,DATA5,2025-06-21,2025-06-27,1008,1008,OK,0,N
01_raw/KWater/mywater_period/M1/group1/DATA5/2025-06-28_2025-07-04.json,M1,group1,DATA5,2025-06-28,2025-07-04,1008,1008,OK,0,N
01_raw/KWater/mywater_period/M1/group1/DATA5/2025-07-05_2025-07-11.json,M1,group1,DATA5,2025-07-05,2025-07-11,1008,1008,OK,0,N
01_raw/KWater/mywater_period/M1/group1/DATA5/2025-07-12_2025-07-18.json,M1,group1,DATA5,2025-07-12,2025-07-18,1008,1008,OK,0,N
01_raw/KWater/mywater_period/M1/group1/DATA5/2025-07-19_2025-07-25.json,M1,group1,DATA5,2025-07-19,2025-07-25,1008,1008,OK,0,N
01_raw/KWater/mywater_period/M1/group1/DATA5/2025-07-26_2025-08-01.json,M1,group1,DATA5,2025-07-26,2025-08-01,1008,1008,OK,0,N
01_raw/KWater/mywater_period/M1/group1/DATA5/2025-08-02_2025-08-08.json,M1,group1,DATA5,2025-08-02,2025-08-08,1008,1008,OK,0,N
01_raw/KWater/mywater_period/M1/group1/DATA5/2025-08-09_2025-08-15.json,M1,group1,DATA5,2025-08-09,2025-08-15,1008,1008,OK,0,N
01_raw/KWater/mywater_period/M1/group1/DATA5/2025-08-16_2025-08-22.json,M1,group1,DATA5,2025-08-16,2025-08-22,1008,1008,OK,0,N
01_raw/KWater/mywater_period/M1/group1/DATA5/2025-08-23_2025-08-29.json,M1,group1,DATA5,2025-08-23,2025-08-29,1008,1008,OK,0,N
01_raw/KWater/mywater_period/M1/group1/DATA5/2025-08-30_2025-09-05.json,M1,group1,DATA5,2025-08-30,2025-09-05,1008,1008,OK,0,N
01_raw/KWater/mywater_period/M1/group1/DATA5/2025-09-06_2025-09-12.json,M1,group1,DATA5,2025-09-06,2025-09-12,1008,1008,OK,0,N
01_raw/KWater/mywater_period/M1/group1/DATA5/2025-09-13_2025-09-19.json,M1,group1,DATA5,2025-09-13,2025-09-19,1008,1008,OK,0,N
01_raw/KWater/mywater_period/M1/group1/DATA5/2025-09-20_2025-09-26.json,M1,group1,DATA5,2025-09-20,2025-09-26,1008,1008,OK,0,N
01_raw/KWater/mywater_period/M1/group1/DATA5/2025-09-27_2025-09-30.json,M1,group1,DATA5,2025-09-27,2025-09-30,576,576,OK,0,N
01_raw/KWater/mywater_period/M1/group1/DATA6/2021-06-21_2021-06-27.json,M1,group1,DATA6,2021-06-21,2021-06-27,1008,1008,OK,0,N
01_raw/KWater/mywater_period/M1/group1/DATA6/2021-06-28_2021-07-04.json,M1,group1,DATA6,2021-06-28,2021-07-04,1008,1008,OK,0,N
01_raw/KWater/mywater_period/M1/group1/DATA6/2021-07-05_2021-07-11.json,M1,group1,DATA6,2021-07-05,2021-07-11,1008,1008,OK,0,N
01_raw/KWater/mywater_period/M1/group1/DATA6/2021-07-12_2021-07-18.json,M1,group1,DATA6,2021-07-12,2021-07-18,1008,1008,OK,0,N
01_raw/KWater/mywater_period/M1/group1/DATA6/2021-07-19_2021-07-25.json,M1,group1,DATA6,2021-07-19,2021-07-25,1008,1008,OK,0,N
01_raw/KWater/mywater_period/M1/group1/DATA6/2021-07-26_2021-08-01.json,M1,group1,DATA6,2021-07-26,2021-08-01,1008,1008,OK,0,N
01_raw/KWater/mywater_period/M1/group1/DATA6/2021-08-02_2021-08-08.json,M1,group1,DATA6,2021-08-02,2021-08-08,1008,1008,OK,0,N
01_raw/KWater/mywater_period/M1/group1/DATA6/2021-08-09_2021-08-15.json,M1,group1,DATA6,2021-08-09,2021-08-15,1008,1008,OK,0,N
01_raw/KWater/mywater_period/M1/group1/DATA6/2021-08-16_2021-08-22.json,M1,group1,DATA6,2021-08-16,2021-08-22,1008,1008,OK,0,N
01_raw/KWater/mywater_period/M1/group1/DATA6/2021-08-23_2021-08-29.json,M1,group1,DATA6,2021-08-23,2021-08-29,1008,1008,OK,0,N
01_raw/KWater/mywater_period/M1/group1/DATA6/2021-08-30_2021-09-05.json,M1,group1,DATA6,2021-08-30,2021-09-05,1008,1008,OK,0,N
01_raw/KWater/mywater_period/M1/group1/DATA6/2021-09-06_2021-09-12.json,M1,group1,DATA6,2021-09-06,2021-09-12,1008,1008,OK,0,N
01_raw/KWater/mywater_period/M1/group1/DATA6/2021-09-13_2021-09-19.json,M1,group1,DATA6,2021-09-13,2021-09-19,1008,1008,OK,0,N
01_raw/KWater/mywater_period/M1/group1/DATA6/2021-09-20_2021-09-26.json,M1,group1,DATA6,2021-09-20,2021-09-26,1008,1008,OK,0,N
01_raw/KWater/mywater_period/M1/group1/DATA6/2021-09-27_2021-09-30.json,M1,group1,DATA6,2021-09-27,2021-09-30,576,576,OK,0,N
01_raw/KWater/mywater_period/M1/group1/DATA6/2022-06-21_2022-06-27.json,M1,group1,DATA6,2022-06-21,2022-06-27,1008,1008,OK,0,N
01_raw/KWater/mywater_period/M1/group1/DATA6/2022-06-28_2022-07-04.json,M1,group1,DATA6,2022-06-28,2022-07-04,1008,1008,OK,0,N
01_raw/KWater/mywater_period/M1/group1/DATA6/2022-07-05_2022-07-11.json,M1,group1,DATA6,2022-07-05,2022-07-11,1008,1008,OK,0,N
01_raw/KWater/mywater_period/M1/group1/DATA6/2022-07-12_2022-07-18.json,M1,group1,DATA6,2022-07-12,2022-07-18,1008,1008,OK,0,N
01_raw/KWater/mywater_period/M1/group1/DATA6/2022-07-19_2022-07-25.json,M1,group1,DATA6,2022-07-19,2022-07-25,1008,1008,OK,0,N
01_raw/KWater/mywater_period/M1/group1/DATA6/2022-07-26_2022-08-01.json,M1,group1,DATA6,2022-07-26,2022-08-01,1008,1008,OK,0,N
01_raw/KWater/mywater_period/M1/group1/DATA6/2022-08-02_2022-08-08.json,M1,group1,DATA6,2022-08-02,2022-08-08,1008,1008,OK,0,N
01_raw/KWater/mywater_period/M1/group1/DATA6/2022-08-09_2022-08-15.json,M1,group1,DATA6,2022-08-09,2022-08-15,1008,1008,OK,0,N
01_raw/KWater/mywater_period/M1/group1/DATA6/2022-08-16_2022-08-22.json,M1,group1,DATA6,2022-08-16,2022-08-22,1008,1008,OK,0,N
01_raw/KWater/mywater_period/M1/group1/DATA6/2022-08-23_2022-08-29.json,M1,group1,DATA6,2022-08-23,2022-08-29,1008,1008,OK,0,N
01_raw/KWater/mywater_period/M1/group1/DATA6/2022-08-30_2022-09-05.json,M1,group1,DATA6,2022-08-30,2022-09-05,1008,1008,OK,0,N
01_raw/KWater/mywater_period/M1/group1/DATA6/2022-09-06_2022-09-12.json,M1,group1,DATA6,2022-09-06,2022-09-12,1008,1008,OK,0,N
01_raw/KWater/mywater_period/M1/group1/DATA6/2022-09-13_2022-09-19.json,M1,group1,DATA6,2022-09-13,2022-09-19,1008,1008,OK,0,N
01_raw/KWater/mywater_period/M1/group1/DATA6/2022-09-20_2022-09-26.json,M1,group1,DATA6,2022-09-20,2022-09-26,1008,1008,OK,0,N
01_raw/KWater/mywater_period/M1/group1/DATA6/2022-09-27_2022-09-30.json,M1,group1,DATA6,2022-09-27,2022-09-30,576,576,OK,0,N
01_raw/KWater/mywater_period/M1/group1/DATA6/2023-06-21_2023-06-27.json,M1,group1,DATA6,2023-06-21,2023-06-27,1008,1008,OK,0,N
01_raw/KWater/mywater_period/M1/group1/DATA6/2023-06-28_2023-07-04.json,M1,group1,DATA6,2023-06-28,2023-07-04,1008,1008,OK,0,N
01_raw/KWater/mywater_period/M1/group1/DATA6/2023-07-05_2023-07-11.json,M1,group1,DATA6,2023-07-05,2023-07-11,1008,1008,OK,0,N
01_raw/KWater/mywater_period/M1/group1/DATA6/2023-07-12_2023-07-18.json,M1,group1,DATA6,2023-07-12,2023-07-18,1008,1008,OK,0,N
01_raw/KWater/mywater_period/M1/group1/DATA6/2023-07-19_2023-07-25.json,M1,group1,DATA6,2023-07-19,2023-07-25,1008,1008,OK,0,N
01_raw/KWater/mywater_period/M1/group1/DATA6/2023-07-26_2023-08-01.json,M1,group1,DATA6,2023-07-26,2023-08-01,1008,1008,OK,0,N
01_raw/KWater/mywater_period/M1/group1/DATA6/2023-08-02_2023-08-08.json,M1,group1,DATA6,2023-08-02,2023-08-08,1008,1008,OK,0,N
01_raw/KWater/mywater_period/M1/group1/DATA6/2023-08-09_2023-08-15.json,M1,group1,DATA6,2023-08-09,2023-08-15,1008,1008,OK,0,N
01_raw/KWater/mywater_period/M1/group1/DATA6/2023-08-16_2023-08-22.json,M1,group1,DATA6,2023-08-16,2023-08-22,1008,1008,OK,0,N
01_raw/KWater/mywater_period/M1/group1/DATA6/2023-08-23_2023-08-29.json,M1,group1,DATA6,2023-08-23,2023-08-29,1008,1008,OK,0,N
01_raw/KWater/mywater_period/M1/group1/DATA6/2023-08-30_2023-09-05.json,M1,group1,DATA6,2023-08-30,2023-09-05,1008,1008,OK,0,N
01_raw/KWater/mywater_period/M1/group1/DATA6/2023-09-06_2023-09-12.json,M1,group1,DATA6,2023-09-06,2023-09-12,1008,1008,OK,0,N
01_raw/KWater/mywater_period/M1/group1/DATA6/2023-09-13_2023-09-19.json,M1,group1,DATA6,2023-09-13,2023-09-19,1008,1008,OK,0,N
01_raw/KWater/mywater_period/M1/group1/DATA6/2023-09-20_2023-09-26.json,M1,group1,DATA6,2023-09-20,2023-09-26,1008,1008,OK,0,N
01_raw/KWater/mywater_period/M1/group1/DATA6/2023-09-27_2023-09-30.json,M1,group1,DATA6,2023-09-27,2023-09-30,576,576,OK,0,N
01_raw/KWater/mywater_period/M1/group1/DATA6/2024-06-21_2024-06-27.json,M1,group1,DATA6,2024-06-21,2024-06-27,1008,1008,OK,0,N
01_raw/KWater/mywater_period/M1/group1/DATA6/2024-06-28_2024-07-04.json,M1,group1,DATA6,2024-06-28,2024-07-04,1008,1008,OK,0,N
01_raw/KWater/mywater_period/M1/group1/DATA6/2024-07-05_2024-07-11.json,M1,group1,DATA6,2024-07-05,2024-07-11,1008,1008,OK,0,N
01_raw/KWater/mywater_period/M1/group1/DATA6/2024-07-12_2024-07-18.json,M1,group1,DATA6,2024-07-12,2024-07-18,1008,1008,OK,0,N
01_raw/KWater/mywater_period/M1/group1/DATA6/2024-07-19_2024-07-25.json,M1,group1,DATA6,2024-07-19,2024-07-25,1008,1008,OK,0,N
01_raw/KWater/mywater_period/M1/group1/DATA6/2024-07-26_2024-08-01.json,M1,group1,DATA6,2024-07-26,2024-08-01,1008,1008,OK,0,N
01_raw/KWater/mywater_period/M1/group1/DATA6/2024-08-02_2024-08-08.json,M1,group1,DATA6,2024-08-02,2024-08-08,1008,1008,OK,0,N
01_raw/KWater/mywater_period/M1/group1/DATA6/2024-08-09_2024-08-15.json,M1,group1,DATA6,2024-08-09,2024-08-15,1008,1008,OK,0,N
01_raw/KWater/mywater_period/M1/group1/DATA6/2024-08-16_2024-08-22.json,M1,group1,DATA6,2024-08-16,2024-08-22,1008,1008,OK,0,N
01_raw/KWater/mywater_period/M1/group1/DATA6/2024-08-23_2024-08-29.json,M1,group1,DATA6,2024-08-23,2024-08-29,1008,1008,OK,0,N
01_raw/KWater/mywater_period/M1/group1/DATA6/2024-08-30_2024-09-05.json,M1,group1,DATA6,2024-08-30,2024-09-05,1008,1008,OK,0,N
01_raw/KWater/mywater_period/M1/group1/DATA6/2024-09-06_2024-09-12.json,M1,group1,DATA6,2024-09-06,2024-09-12,1008,1008,OK,0,N
01_raw/KWater/mywater_period/M1/group1/DATA6/2024-09-13_2024-09-19.json,M1,group1,DATA6,2024-09-13,2024-09-19,1008,1008,OK,0,N
01_raw/KWater/mywater_period/M1/group1/DATA6/2024-09-20_2024-09-26.json,M1,group1,DATA6,2024-09-20,2024-09-26,1008,1008,OK,0,N
01_raw/KWater/mywater_period/M1/group1/DATA6/2024-09-27_2024-09-30.json,M1,group1,DATA6,2024-09-27,2024-09-30,576,576,OK,0,N
01_raw/KWater/mywater_period/M1/group1/DATA6/2025-06-21_2025-06-27.json,M1,group1,DATA6,2025-06-21,2025-06-27,1008,1008,OK,0,N
01_raw/KWater/mywater_period/M1/group1/DATA6/2025-06-28_2025-07-04.json,M1,group1,DATA6,2025-06-28,2025-07-04,1008,1008,OK,0,N
01_raw/KWater/mywater_period/M1/group1/DATA6/2025-07-05_2025-07-11.json,M1,group1,DATA6,2025-07-05,2025-07-11,1008,1008,OK,0,N
01_raw/KWater/mywater_period/M1/group1/DATA6/2025-07-12_2025-07-18.json,M1,group1,DATA6,2025-07-12,2025-07-18,1008,1008,OK,0,N
01_raw/KWater/mywater_period/M1/group1/DATA6/2025-07-19_2025-07-25.json,M1,group1,DATA6,2025-07-19,2025-07-25,1008,1008,OK,0,N
01_raw/KWater/mywater_period/M1/group1/DATA6/2025-07-26_2025-08-01.json,M1,group1,DATA6,2025-07-26,2025-08-01,1008,1008,OK,0,N
01_raw/KWater/mywater_period/M1/group1/DATA6/2025-08-02_2025-08-08.json,M1,group1,DATA6,2025-08-02,2025-08-08,1008,1008,OK,0,N
01_raw/KWater/mywater_period/M1/group1/DATA6/2025-08-09_2025-08-15.json,M1,group1,DATA6,2025-08-09,2025-08-15,1008,1008,OK,0,N
01_raw/KWater/mywater_period/M1/group1/DATA6/2025-08-16_2025-08-22.json,M1,group1,DATA6,2025-08-16,2025-08-22,1008,1008,OK,0,N
01_raw/KWater/mywater_period/M1/group1/DATA6/2025-08-23_2025-08-29.json,M1,group1,DATA6,2025-08-23,2025-08-29,1008,1008,OK,0,N
01_raw/KWater/mywater_period/M1/group1/DATA6/2025-08-30_2025-09-05.json,M1,group1,DATA6,2025-08-30,2025-09-05,1008,1008,OK,0,N
01_raw/KWater/mywater_period/M1/group1/DATA6/2025-09-06_2025-09-12.json,M1,group1,DATA6,2025-09-06,2025-09-12,1008,1008,OK,0,N
01_raw/KWater/mywater_period/M1/group1/DATA6/2025-09-13_2025-09-19.json,M1,group1,DATA6,2025-09-13,2025-09-19,1008,1008,OK,0,N
01_raw/KWater/mywater_period/M1/group1/DATA6/2025-09-20_2025-09-26.json,M1,group1,DATA6,2025-09-20,2025-09-26,1008,1008,OK,0,N
01_raw/KWater/mywater_period/M1/group1/DATA6/2025-09-27_2025-09-30.json,M1,group1,DATA6,2025-09-27,2025-09-30,576,576,OK,0,N
